cliente_id,nombre_cliente,segmento_cliente,segmento_conflictivo,ciudad,ciudad_desconocida,edad,ingreso_estimado,cantidad_productos,es_multiproducto,productos,cantidad_productos_sin_saldo,saldo_depositos_conocido,saldo_deuda_conocido,saldo_tarjetas_conocido,saldo_incompleto,cupo_total_tarjetas,cantidad_consumos,tiene_consumos,consumo_total,consumo_promedio,fecha_ultimo_consumo,es_travel_lover,es_streaming_lover,es_food_lover,es_tech_lover,cantidad_lovers,lovers,lover_principal
C000001,Cliente 0001,Affluent,True,Guayaquil,False,37,5885.36,2,True,Crédito de Consumo|Tarjeta de Crédito,0,0.00,16316.25,2613.61,False,6200.00,10,True,3384.12,338.41,2026-04-16,False,False,False,True,1,Tech Lover,Tech Lover
C000002,Cliente 0002,Mass,True,Loja,False,55,651.61,2,True,Crédito Hipotecario|Tarjeta de Crédito,0,0.00,73539.54,383.89,False,800.00,5,True,211.33,42.27,2026-07-21,False,False,False,False,0,,Generalista
C000003,Cliente 0003,Affluent,False,Manta,False,31,2471.02,1,False,Tarjeta de Crédito,0,0.00,2135.69,2135.69,False,6600.00,7,True,1040.90,148.70,2026-07-17,False,False,True,False,1,Food Lover,Food Lover
C000004,Cliente 0004,Mass,False,Guayaquil,False,53,2186.70,1,False,Cuenta de Ahorros,0,3016.39,0.00,0.00,False,0.00,0,False,0.00,,,False,False,False,False,0,,Sin información transaccional
C000005,Cliente 0005,Premium,False,Manta,False,45,3223.56,2,True,Crédito de Consumo|Cuenta de Ahorros,0,9224.12,19773.56,0.00,False,0.00,0,False,0.00,,,False,False,False,False,0,,Sin información transaccional
C000006,Cliente 0006,Affluent,False,Manta,False,38,898.59,3,True,Crédito Vehicular|Crédito de Consumo|Tarjeta de Crédito,0,0.00,21375.74,823.30,False,1400.00,4,True,208.55,52.14,2025-11-18,False,False,False,False,0,,Generalista
C000007,Cliente 0007,Affluent,False,Quito,False,49,2302.95,1,False,Tarjeta de Crédito,0,0.00,1600.20,1600.20,False,6400.00,8,True,844.64,105.58,2026-06-26,True,False,True,False,2,Travel Lover|Food Lover,Travel Lover
C000008,Cliente 0008,PyME,False,Ambato,False,44,3050.52,4,True,Crédito Hipotecario|Crédito de Consumo|Cuenta Corriente|Tarjeta de Crédito,0,6341.33,63839.60,990.27,False,6200.00,12,True,2658.98,221.58,2026-07-22,False,False,True,False,1,Food Lover,Food Lover
C000009,Cliente 0009,Joven,False,Quito,False,36,350.00,4,True,Crédito de Consumo|Cuenta Corriente|Cuenta de Ahorros|Tarjeta de Crédito,0,635.24,5547.93,18.03,False,500.00,8,True,204.12,25.52,2026-07-06,False,False,False,False,0,,Generalista
C000010,Cliente 0010,Mass,False,Quito,False,45,695.13,2,True,Crédito de Consumo|Tarjeta de Crédito,0,0.00,4878.84,270.43,False,2000.00,14,True,640.95,45.78,2026-08-16,False,False,False,False,0,,Generalista
C000011,Cliente 0011,Mass,False,Guayaquil,False,36,964.58,1,False,Cuenta Corriente,0,4164.41,0.00,0.00,False,0.00,0,False,0.00,,,False,False,False,False,0,,Sin información transaccional
C000012,Cliente 0012,Mass,False,Cuenca,False,33,929.56,2,True,Crédito Hipotecario|Tarjeta de Crédito,0,0.00,45251.35,808.79,False,1400.00,7,True,299.66,42.81,2026-07-01,False,True,True,True,3,Streaming Lover|Food Lover|Tech Lover,Streaming Lover
C000013,Cliente 0013,Mass,False,Quito,False,47,720.55,3,True,Crédito Hipotecario|Cuenta Corriente|Tarjeta de Crédito,0,1660.39,75974.66,101.59,False,1500.00,5,True,225.89,45.18,2026-08-13,False,False,False,False,0,,Generalista
C000014,Cliente 0014,Mass,False,Quito,False,18,731.54,3,True,Crédito Hipotecario|Crédito de Consumo|Tarjeta de Crédito,0,0.00,70699.41,0.00,False,1500.00,5,True,209.08,41.82,2026-05-26,False,False,False,True,1,Tech Lover,Tech Lover
C000015,Cliente 0015,Mass,False,Ambato,False,61,474.67,2,True,Crédito Vehicular|Tarjeta de Crédito,0,0.00,28404.99,268.15,False,800.00,12,True,336.85,28.07,2026-08-09,False,False,False,True,1,Tech Lover,Tech Lover
C000016,Cliente 0016,Mass,False,Guayaquil,False,47,622.99,2,True,Crédito Vehicular|Tarjeta de Crédito,0,0.00,5388.69,153.13,False,800.00,8,True,514.78,64.35,2026-03-28,False,False,False,False,0,,Generalista
C000017,Cliente 0017,Mass,False,Loja,False,46,612.39,2,True,Crédito Vehicular|Tarjeta de Crédito,0,0.00,11701.54,804.20,False,1400.00,9,True,342.31,38.03,2026-07-22,True,False,False,False,1,Travel Lover,Travel Lover
C000018,Cliente 0018,Mass,False,Manta,False,42,505.61,2,True,Cuenta de Ahorros|Tarjeta de Crédito,0,1449.17,146.18,146.18,False,600.00,11,True,457.29,41.57,2026-07-19,False,True,False,False,1,Streaming Lover,Streaming Lover
C000019,Cliente 0019,Mass,True,Guayaquil,False,41,1682.29,2,True,Crédito de Consumo|Tarjeta de Crédito,0,0.00,6599.08,559.20,False,2200.00,7,True,1069.84,152.83,2025-10-07,True,False,False,False,1,Travel Lover,Travel Lover
C000020,Cliente 0020,Mass,False,Guayaquil,False,48,600.42,3,True,Crédito Hipotecario|Crédito de Consumo|Tarjeta de Crédito,0,0.00,73749.25,624.74,False,1000.00,6,True,244.25,40.71,2026-03-24,False,False,False,False,0,,Generalista
C000021,Cliente 0021,Mass,False,Quito,False,31,997.11,1,False,Tarjeta de Crédito,0,0.00,670.79,670.79,False,2200.00,5,True,501.57,100.31,2026-08-17,False,False,False,False,0,,Generalista
C000022,Cliente 0022,Mass,False,Manta,False,49,855.90,2,True,Crédito de Consumo|Cuenta de Ahorros,0,390.04,5181.31,0.00,False,0.00,0,False,0.00,,,False,False,False,False,0,,Sin información transaccional
C000023,Cliente 0023,Affluent,False,Quito,False,41,3313.83,3,True,Crédito Hipotecario|Crédito Vehicular|Cuenta de Ahorros,0,580.16,85311.52,0.00,False,0.00,0,False,0.00,,,False,False,False,False,0,,Sin información transaccional
C000024,Cliente 0024,Mass,True,Guayaquil,False,53,599.45,2,True,Cuenta Corriente|Tarjeta de Crédito,0,839.32,868.21,868.21,False,1300.00,10,True,371.89,37.19,2026-06-25,False,False,False,False,0,,Generalista
C000025,Cliente 0025,Joven,False,Manta,False,26,350.00,3,True,Crédito de Consumo|Cuenta Corriente|Tarjeta de Crédito,0,-31.96,3609.21,220.59,False,500.00,14,True,364.71,26.05,2026-08-19,True,False,False,False,1,Travel Lover,Travel Lover
C000026,Cliente 0026,Mass,False,Quito,False,18,784.00,1,False,Tarjeta de Crédito,0,0.00,1029.30,1029.30,False,1700.00,6,True,182.35,30.39,2026-08-04,False,True,False,False,1,Streaming Lover,Streaming Lover
C000027,Cliente 0027,Mass,False,Guayaquil,False,18,1471.27,2,True,Cuenta de Ahorros|Tarjeta de Crédito,0,5850.03,884.62,884.62,False,4000.00,6,True,304.86,50.81,2026-07-19,False,False,False,False,0,,Generalista
C000028,Cliente 0028,Mass,False,Loja,False,18,781.82,2,True,Crédito Vehicular|Tarjeta de Crédito,0,0.00,12079.64,229.03,False,1700.00,5,True,303.27,60.65,2026-08-09,False,False,False,False,0,,Generalista
C000029,Cliente 0029,Joven,False,Guayaquil,False,28,632.38,2,True,Cuenta de Ahorros|Tarjeta de Crédito,0,2335.50,124.73,124.73,False,1300.00,11,True,404.02,36.73,2026-08-21,False,False,True,False,1,Food Lover,Food Lover
C000030,Cliente 0030,Joven,False,Quito,False,37,1002.91,2,True,Crédito de Consumo|Tarjeta de Crédito,0,0.00,1549.10,0.00,False,2400.00,13,True,980.49,75.42,2026-08-24,False,False,False,False,0,,Generalista
C000031,Cliente 0031,Joven,False,Quito,False,48,1683.31,2,True,Crédito Vehicular|Tarjeta de Crédito,0,0.00,35564.69,2138.21,False,2300.00,11,True,1086.19,98.74,2026-05-05,False,False,True,False,1,Food Lover,Food Lover
C000032,Cliente 0032,Affluent,False,Quito,False,19,2495.57,1,False,Crédito Vehicular,0,0.00,23967.69,0.00,False,0.00,0,False,0.00,,,False,False,False,False,0,,Sin información transaccional
C000033,Cliente 0033,PyME,False,Ambato,False,45,2874.75,3,True,Crédito de Consumo|Cuenta Corriente|Cuenta de Ahorros,0,16563.77,3535.85,0.00,False,0.00,0,False,0.00,,,False,False,False,False,0,,Sin información transaccional
C000034,Cliente 0034,Premium,False,Quito,False,39,4102.36,1,False,Cuenta Corriente,0,18395.55,0.00,0.00,False,0.00,0,False,0.00,,,False,False,False,False,0,,Sin información transaccional
C000035,Cliente 0035,PyME,False,Guayaquil,False,36,2601.37,4,True,Crédito Hipotecario|Cuenta Corriente|Cuenta de Ahorros|Tarjeta de Crédito,0,4533.11,69412.68,3328.34,False,7500.00,5,True,1720.20,344.04,2026-07-25,False,False,False,False,0,,Generalista
C000036,Cliente 0036,Mass,False,Cuenca,False,18,1709.76,4,True,Crédito Hipotecario|Crédito Vehicular|Crédito de Consumo|Tarjeta de Crédito,0,0.00,80073.69,1732.13,False,4800.00,11,True,1482.92,134.81,2026-08-22,False,False,True,False,1,Food Lover,Food Lover
C000037,Cliente 0037,PyME,False,Guayaquil,False,46,2294.24,2,True,Crédito Vehicular|Crédito de Consumo,0,0.00,40324.00,0.00,False,0.00,0,False,0.00,,,False,False,False,False,0,,Sin información transaccional
C000038,Cliente 0038,Mass,False,Guayaquil,False,44,713.90,2,True,Crédito de Consumo|Tarjeta de Crédito,0,0.00,6644.45,345.44,False,1300.00,6,True,218.20,36.37,2026-08-04,False,False,False,False,0,,Generalista
C000039,Cliente 0039,PyME,False,Cuenca,False,37,3507.57,1,False,Cuenta Corriente,0,2538.48,0.00,0.00,False,0.00,0,False,0.00,,,False,False,False,False,0,,Sin información transaccional
C000040,Cliente 0040,Mass,False,Guayaquil,False,56,656.11,1,False,Cuenta Corriente,0,1972.09,0.00,0.00,False,0.00,0,False,0.00,,,False,False,False,False,0,,Sin información transaccional
C000041,Cliente 0041,Joven,False,Quito,False,42,591.95,3,True,Crédito Hipotecario|Cuenta de Ahorros|Tarjeta de Crédito,0,98.89,63808.93,632.34,False,1200.00,8,True,450.36,56.30,2026-05-18,False,False,False,False,0,,Generalista
C000042,Cliente 0042,Premium,False,Quito,False,43,7961.83,3,True,Crédito Hipotecario|Crédito de Consumo|Cuenta Corriente,0,22781.68,134979.67,0.00,False,0.00,0,False,0.00,,,False,False,False,False,0,,Sin información transaccional
C000043,Cliente 0043,Affluent,False,Quito,False,36,1339.41,2,True,Cuenta de Ahorros|Tarjeta de Crédito,0,360.47,909.98,909.98,False,2900.00,6,True,353.07,58.84,2026-05-10,False,False,False,False,0,,Generalista
C000044,Cliente 0044,Mass,False,Guayaquil,False,33,717.90,1,False,Crédito Hipotecario,0,0.00,63563.60,0.00,False,0.00,0,False,0.00,,,False,False,False,False,0,,Sin información transaccional
C000045,Cliente 0045,Mass,False,Cuenca,False,18,806.19,1,False,Tarjeta de Crédito,0,0.00,655.79,655.79,False,1800.00,8,True,430.10,53.76,2026-08-28,False,False,True,False,1,Food Lover,Food Lover
C000046,Cliente 0046,Mass,False,Cuenca,False,40,1222.90,3,True,Crédito de Consumo|Cuenta de Ahorros|Tarjeta de Crédito,0,231.01,8647.21,1452.95,False,2700.00,13,True,1786.07,137.39,2026-08-19,True,False,False,False,1,Travel Lover,Travel Lover
C000047,Cliente 0047,Mass,False,Quito,False,44,610.24,2,True,Crédito Hipotecario|Tarjeta de Crédito,0,0.00,66325.59,300.00,False,800.00,4,True,193.89,48.47,2026-01-27,False,False,False,False,0,,Generalista
C000048,Cliente 0048,Mass,False,Guayaquil,False,56,1735.56,2,True,Cuenta Corriente|Tarjeta de Crédito,0,7564.25,2003.46,2003.46,False,3800.00,13,True,1428.65,109.90,2026-04-28,False,False,False,False,0,,Generalista
C000049,Cliente 0049,Mass,False,Guayaquil,False,27,1168.89,1,False,Crédito Hipotecario,0,0.00,75545.87,0.00,False,0.00,0,False,0.00,,,False,False,False,False,0,,Sin información transaccional
C000050,Cliente 0050,Mass,True,Cuenca,False,34,760.94,2,True,Cuenta Corriente|Tarjeta de Crédito,0,1752.68,263.61,263.61,False,900.00,14,True,749.53,53.54,2026-06-27,False,False,False,True,1,Tech Lover,Tech Lover
C000051,Cliente 0051,Joven,False,Guayaquil,False,48,621.93,1,False,Tarjeta de Crédito,0,0.00,246.40,246.40,False,900.00,5,True,124.88,24.98,2025-12-31,True,False,False,False,1,Travel Lover,Travel Lover
C000052,Cliente 0052,Mass,False,Cuenca,False,47,492.23,4,True,Crédito Hipotecario|Crédito Vehicular|Cuenta de Ahorros|Tarjeta de Crédito,0,211.20,46146.48,322.65,False,700.00,6,True,210.40,35.07,2026-08-03,False,False,False,False,0,,Generalista
C000053,Cliente 0053,Affluent,False,Quito,False,31,1802.10,2,True,Crédito Hipotecario|Cuenta de Ahorros,0,3761.65,65377.52,0.00,False,0.00,0,False,0.00,,,False,False,False,False,0,,Sin información transaccional
C000054,Cliente 0054,Affluent,False,Quito,False,27,2185.19,3,True,Crédito Hipotecario|Cuenta de Ahorros|Tarjeta de Crédito,0,5639.86,109139.65,2658.23,False,6200.00,6,True,1496.04,249.34,2026-08-24,False,False,False,False,0,,Generalista
C000055,Cliente 0055,Mass,False,Quito,False,30,1880.45,1,False,Tarjeta de Crédito,0,0.00,550.76,550.76,False,4500.00,4,True,642.59,160.65,2026-07-14,True,False,False,False,1,Travel Lover,Travel Lover
C000056,Cliente 0056,Affluent,False,Ambato,False,56,2546.17,2,True,Crédito de Consumo|Cuenta de Ahorros,0,9956.65,17959.08,0.00,False,0.00,0,False,0.00,,,False,False,False,False,0,,Sin información transaccional
C000057,Cliente 0057,Mass,False,Quito,False,25,1511.91,3,True,Crédito Hipotecario|Cuenta de Ahorros|Tarjeta de Crédito,0,2463.19,91874.20,607.65,False,2600.00,4,True,286.17,71.54,2026-07-09,False,False,False,False,0,,Generalista
C000058,Cliente 0058,Affluent,False,Ambato,False,34,2848.80,4,True,Crédito Hipotecario|Crédito Vehicular|Cuenta Corriente|Tarjeta de Crédito,1,4057.82,18379.68,0.00,True,6000.00,11,True,1911.53,173.78,2026-08-09,False,False,False,False,0,,Generalista
C000059,Cliente 0059,Affluent,False,Guayaquil,False,31,2880.75,2,True,Cuenta Corriente|Tarjeta de Crédito,0,6126.79,349.88,349.88,False,7600.00,14,True,2969.50,212.11,2026-08-09,False,False,True,True,2,Food Lover|Tech Lover,Tech Lover
C000060,Cliente 0060,Premium,False,Cuenca,False,18,8409.75,1,False,Cuenta Corriente,0,7732.95,0.00,0.00,False,0.00,0,False,0.00,,,False,False,False,False,0,,Sin información transaccional
C000061,Cliente 0061,PyME,False,Quito,False,49,2806.06,1,False,Tarjeta de Crédito,0,0.00,1023.80,1023.80,False,7700.00,6,True,1145.28,190.88,2026-06-28,False,True,False,False,1,Streaming Lover,Streaming Lover
C000062,Cliente 0062,Premium,False,Quito,False,47,3540.36,3,True,Crédito Hipotecario|Crédito Vehicular|Tarjeta de Crédito,0,0.00,138077.58,576.37,False,4500.00,13,True,3840.61,295.43,2026-06-01,False,False,False,False,0,,Generalista
C000063,Cliente 0063,Mass,False,Quito,False,21,1134.37,2,True,Crédito de Consumo|Tarjeta de Crédito,0,0.00,4299.66,2039.87,False,3000.00,13,True,668.30,51.41,2026-08-14,True,True,False,False,2,Travel Lover|Streaming Lover,Travel Lover
C000064,Cliente 0064,Affluent,False,Quito,False,55,3066.82,2,True,Crédito Hipotecario|Tarjeta de Crédito,0,0.00,53405.16,5233.42,False,8100.00,10,True,2772.37,277.24,2026-07-15,False,False,False,True,1,Tech Lover,Tech Lover
C000065,Cliente 0065,Premium,False,Cuenca,False,24,6186.59,3,True,Crédito Vehicular|Crédito de Consumo|Tarjeta de Crédito,0,0.00,41088.64,3248.79,False,6800.00,8,True,2130.84,266.36,2026-04-09,False,True,False,False,1,Streaming Lover,Streaming Lover
C000066,Cliente 0066,Mass,False,Cuenca,False,18,1104.18,3,True,Crédito de Consumo|Cuenta de Ahorros|Tarjeta de Crédito,0,-100.00,4301.56,429.30,False,2100.00,13,True,777.59,59.81,2026-07-13,False,False,False,True,1,Tech Lover,Tech Lover
C000067,Cliente 0067,Joven,True,Manta,False,20,844.75,2,True,Crédito Vehicular|Tarjeta de Crédito,0,0.00,6267.36,950.38,False,2400.00,7,True,260.37,37.20,2026-08-22,True,False,False,False,1,Travel Lover,Travel Lover
C000068,Cliente 0068,Affluent,False,Quito,False,33,2180.77,2,True,Cuenta de Ahorros|Tarjeta de Crédito,0,7564.04,2451.88,2451.88,False,4700.00,7,True,745.42,106.49,2026-08-03,False,False,False,True,1,Tech Lover,Tech Lover
C000069,Cliente 0069,Mass,False,Loja,False,30,658.85,2,True,Crédito Hipotecario|Tarjeta de Crédito,0,0.00,112074.88,484.71,False,1100.00,12,True,509.43,42.45,2026-06-14,False,False,True,True,2,Food Lover|Tech Lover,Tech Lover
C000070,Cliente 0070,Premium,False,Guayaquil,False,18,7092.08,1,False,Crédito Hipotecario,0,0.00,49991.70,0.00,False,0.00,0,False,0.00,,,False,False,False,False,0,,Sin información transaccional
C000071,Cliente 0071,PyME,False,Ambato,False,37,3031.86,1,False,Cuenta Corriente,0,12333.97,0.00,0.00,False,0.00,0,False,0.00,,,False,False,False,False,0,,Sin información transaccional
C000072,Cliente 0072,Premium,False,Guayaquil,False,47,2316.76,2,True,Crédito Vehicular|Tarjeta de Crédito,0,0.00,16844.55,2205.14,False,4900.00,9,True,1607.35,178.59,2026-07-27,False,False,True,False,1,Food Lover,Food Lover
C000073,Cliente 0073,Premium,False,Quito,False,39,7344.02,3,True,Crédito Hipotecario|Crédito Vehicular|Tarjeta de Crédito,0,0.00,96161.83,4193.81,False,12300.00,12,True,8536.94,711.41,2026-08-12,False,False,False,False,0,,Generalista
C000074,Cliente 0074,Mass,False,Ambato,False,49,1221.20,2,True,Crédito Vehicular|Tarjeta de Crédito,0,0.00,19292.25,109.91,False,1500.00,12,True,1074.95,89.58,2026-08-05,False,True,False,False,1,Streaming Lover,Streaming Lover
C000075,Cliente 0075,PyME,False,Quito,False,57,3180.02,3,True,Crédito de Consumo|Cuenta Corriente|Tarjeta de Crédito,0,-100.00,13793.10,739.84,False,4600.00,14,True,2330.97,166.50,2026-08-01,True,False,False,False,1,Travel Lover,Travel Lover
C000076,Cliente 0076,Premium,False,Quito,False,47,3283.02,1,False,Crédito Vehicular,0,0.00,15941.24,0.00,False,0.00,0,False,0.00,,,False,False,False,False,0,,Sin información transaccional
C000077,Cliente 0077,Mass,False,Quito,False,29,1140.64,2,True,Cuenta Corriente|Tarjeta de Crédito,0,1366.92,845.71,845.71,False,2800.00,7,True,444.64,63.52,2026-05-26,False,False,False,True,1,Tech Lover,Tech Lover
C000078,Cliente 0078,Mass,True,Quito,False,55,680.08,1,False,Tarjeta de Crédito,0,0.00,510.37,510.37,False,1200.00,4,True,198.09,49.52,2025-05-09,False,False,False,False,0,,Generalista
C000079,Cliente 0079,Mass,False,Ambato,False,38,1077.30,2,True,Crédito Hipotecario|Tarjeta de Crédito,0,0.00,70506.28,929.83,False,1700.00,6,True,284.99,47.50,2026-05-25,False,False,False,False,0,,Generalista
C000080,Cliente 0080,Mass,False,Ambato,False,18,891.27,3,True,Crédito Hipotecario|Crédito de Consumo|Tarjeta de Crédito,0,0.00,61245.08,1357.32,False,2200.00,4,True,598.50,149.62,2025-09-30,False,False,False,False,0,,Generalista
C000081,Cliente 0081,Mass,False,Guayaquil,False,24,956.20,3,True,Crédito Hipotecario|Crédito Vehicular|Tarjeta de Crédito,0,0.00,108752.32,758.20,False,1400.00,4,True,166.06,41.52,2025-11-06,True,False,False,False,1,Travel Lover,Travel Lover
C000082,Cliente 0082,Affluent,True,Guayaquil,False,35,1462.58,4,True,Crédito Hipotecario|Cuenta Corriente|Cuenta de Ahorros|Tarjeta de Crédito,0,650.04,93753.15,365.86,False,2100.00,14,True,1465.75,104.70,2026-08-13,False,False,False,True,1,Tech Lover,Tech Lover
C000083,Cliente 0083,Mass,False,Cuenca,False,36,555.30,2,True,Crédito Hipotecario|Tarjeta de Crédito,0,0.00,69605.23,459.05,False,1300.00,5,True,181.32,36.26,2026-04-14,False,False,False,False,0,,Generalista
C000084,Cliente 0084,Premium,True,Guayaquil,False,50,4630.39,2,True,Cuenta Corriente|Tarjeta de Crédito,0,6327.50,7566.66,7566.66,False,13000.00,10,True,2814.70,281.47,2026-06-30,False,False,False,True,1,Tech Lover,Tech Lover
C000085,Cliente 0085,Mass,False,Guayaquil,False,51,2098.71,4,True,Crédito Hipotecario|Crédito de Consumo|Cuenta de Ahorros|Tarjeta de Crédito,0,3714.91,78165.02,1232.62,False,4300.00,11,True,1120.25,101.84,2026-08-28,False,False,True,False,1,Food Lover,Food Lover
C000086,Cliente 0086,Mass,False,Quito,False,36,969.86,3,True,Cuenta Corriente|Cuenta de Ahorros|Tarjeta de Crédito,0,6107.63,1207.86,1207.86,False,2900.00,13,True,646.66,49.74,2026-08-10,False,True,False,False,1,Streaming Lover,Streaming Lover
C000087,Cliente 0087,Mass,False,Guayaquil,False,47,797.22,3,True,Crédito Vehicular|Cuenta de Ahorros|Tarjeta de Crédito,0,1046.00,10984.71,201.37,False,1300.00,13,True,666.18,51.24,2026-07-10,False,True,False,False,1,Streaming Lover,Streaming Lover
C000088,Cliente 0088,Affluent,False,Guayaquil,False,49,2038.02,2,True,Crédito Hipotecario|Crédito Vehicular,0,0.00,58388.33,0.00,False,0.00,0,False,0.00,,,False,False,False,False,0,,Sin información transaccional
C000089,Cliente 0089,Premium,False,Quito,False,39,9401.64,2,True,Crédito Hipotecario|Tarjeta de Crédito,0,0.00,101330.13,7768.53,False,18400.00,13,True,10233.93,787.23,2026-08-29,True,False,False,False,1,Travel Lover,Travel Lover
C000090,Cliente 0090,Mass,False,Quito,False,30,883.43,1,False,Tarjeta de Crédito,0,0.00,753.36,753.36,False,1200.00,4,True,129.33,32.33,2026-05-26,False,False,False,False,0,,Generalista
C000091,Cliente 0091,Affluent,False,Quito,False,38,2527.20,1,False,Crédito de Consumo,0,0.00,16459.79,0.00,False,0.00,0,False,0.00,,,False,False,False,False,0,,Sin información transaccional
C000092,Cliente 0092,Mass,False,Quito,False,48,1339.39,1,False,Cuenta de Ahorros,0,2638.70,0.00,0.00,False,0.00,0,False,0.00,,,False,False,False,False,0,,Sin información transaccional
C000093,Cliente 0093,Mass,False,Ambato,False,38,1229.98,2,True,Crédito de Consumo|Tarjeta de Crédito,0,0.00,2816.65,381.54,False,1900.00,13,True,1089.23,83.79,2026-08-29,False,False,False,False,0,,Generalista
C000094,Cliente 0094,Mass,False,Cuenca,False,38,467.24,3,True,Crédito Vehicular|Cuenta Corriente|Cuenta de Ahorros,0,3048.73,24307.64,0.00,False,0.00,0,False,0.00,,,False,False,False,False,0,,Sin información transaccional
C000095,Cliente 0095,Mass,False,Quito,False,48,750.36,1,False,Crédito Vehicular,0,0.00,17876.36,0.00,False,0.00,0,False,0.00,,,False,False,False,False,0,,Sin información transaccional
C000096,Cliente 0096,Premium,False,Cuenca,False,52,3886.76,3,True,Crédito Vehicular|Crédito de Consumo|Tarjeta de Crédito,0,0.00,59601.44,3947.70,False,11600.00,14,True,4113.42,293.82,2026-07-22,False,False,True,False,1,Food Lover,Food Lover
C000097,Cliente 0097,Mass,False,Guayaquil,False,46,952.91,3,True,Crédito Hipotecario|Cuenta Corriente|Cuenta de Ahorros,0,4381.64,63088.07,0.00,False,0.00,0,False,0.00,,,False,False,False,False,0,,Sin información transaccional
C000098,Cliente 0098,Mass,False,Guayaquil,False,49,636.04,2,True,Crédito de Consumo|Cuenta Corriente,0,2241.20,2860.34,0.00,False,0.00,0,False,0.00,,,False,False,False,False,0,,Sin información transaccional
C000099,Cliente 0099,Mass,False,Guayaquil,False,18,1703.63,2,True,Crédito Hipotecario|Cuenta de Ahorros,0,5895.56,116155.48,0.00,False,0.00,0,False,0.00,,,False,False,False,False,0,,Sin información transaccional
C000100,Cliente 0100,Mass,False,Cuenca,False,46,870.10,4,True,Crédito Hipotecario|Crédito de Consumo|Cuenta Corriente|Tarjeta de Crédito,0,928.74,109802.68,473.40,False,2000.00,7,True,302.81,43.26,2026-04-30,False,False,True,False,1,Food Lover,Food Lover
C000101,Cliente 0101,Mass,True,Quito,False,34,2125.11,3,True,Crédito de Consumo|Cuenta de Ahorros|Tarjeta de Crédito,0,8088.26,8245.16,1867.42,False,3300.00,14,True,1993.32,142.38,2026-08-18,False,False,True,False,1,Food Lover,Food Lover
C000102,Cliente 0102,Mass,True,Quito,False,34,518.55,1,False,Tarjeta de Crédito,0,0.00,661.03,661.03,False,1300.00,6,True,206.74,34.46,2026-03-29,False,False,False,False,0,,Generalista
C000103,Cliente 0103,Premium,False,Guayaquil,False,42,4597.87,2,True,Cuenta de Ahorros|Tarjeta de Crédito,0,7994.75,0.00,0.00,False,6400.00,7,True,2206.17,315.17,2026-06-09,True,False,False,False,1,Travel Lover,Travel Lover
C000104,Cliente 0104,Mass,False,Quito,False,49,1507.45,1,False,Cuenta Corriente,0,2038.06,0.00,0.00,False,0.00,0,False,0.00,,,False,False,False,False,0,,Sin información transaccional
C000105,Cliente 0105,Premium,False,Guayaquil,False,40,5297.82,1,False,Crédito Hipotecario,0,0.00,60323.76,0.00,False,0.00,0,False,0.00,,,False,False,False,False,0,,Sin información transaccional
C000106,Cliente 0106,Affluent,False,Guayaquil,False,40,2414.50,2,True,Crédito de Consumo|Tarjeta de Crédito,0,0.00,6952.61,421.10,False,2700.00,9,True,1698.77,188.75,2026-07-27,False,False,True,False,1,Food Lover,Food Lover
C000107,Cliente 0107,Mass,False,Guayaquil,False,61,670.08,1,False,Crédito de Consumo,0,0.00,2312.98,0.00,False,0.00,0,False,0.00,,,False,False,False,False,0,,Sin información transaccional
C000108,Cliente 0108,PyME,False,Guayaquil,False,27,2121.18,1,False,Cuenta Corriente,0,-100.00,0.00,0.00,False,0.00,0,False,0.00,,,False,False,False,False,0,,Sin información transaccional
C000109,Cliente 0109,Affluent,False,Quito,False,48,2444.48,3,True,Crédito Hipotecario|Cuenta de Ahorros|Tarjeta de Crédito,0,5573.11,32713.68,3538.04,False,7000.00,12,True,2702.47,225.21,2026-06-17,False,True,False,False,1,Streaming Lover,Streaming Lover
C000110,Cliente 0110,Premium,False,Quito,False,35,6842.24,2,True,Crédito Vehicular|Crédito de Consumo,0,0.00,47179.43,0.00,False,0.00,0,False,0.00,,,False,False,False,False,0,,Sin información transaccional
C000111,Cliente 0111,PyME,False,Quito,False,46,2412.35,2,True,Crédito Vehicular|Cuenta de Ahorros,0,5712.80,19526.15,0.00,False,0.00,0,False,0.00,,,False,False,False,False,0,,Sin información transaccional
C000112,Cliente 0112,PyME,False,Quito,False,38,1584.01,3,True,Crédito Hipotecario|Cuenta Corriente|Tarjeta de Crédito,0,6491.52,102633.54,0.00,False,3500.00,4,True,610.80,152.70,2026-08-21,False,False,False,False,0,,Generalista
C000113,Cliente 0113,Mass,False,Guayaquil,False,65,741.54,4,True,Crédito Hipotecario|Crédito Vehicular|Crédito de Consumo|Tarjeta de Crédito,0,0.00,59518.67,453.71,False,1400.00,14,True,554.16,39.58,2026-08-16,True,False,False,False,1,Travel Lover,Travel Lover
C000114,Cliente 0114,Premium,False,Guayaquil,False,57,2243.46,3,True,Crédito de Consumo|Cuenta de Ahorros|Tarjeta de Crédito,0,8581.36,8310.14,2450.57,False,4500.00,12,True,1748.47,145.71,2026-02-07,False,False,False,True,1,Tech Lover,Tech Lover
C000115,Cliente 0115,Mass,False,Manta,False,34,1717.11,2,True,Crédito de Consumo|Tarjeta de Crédito,0,0.00,7221.82,0.00,False,4500.00,11,True,1751.12,159.19,2026-07-26,False,False,False,False,0,,Generalista
C000116,Cliente 0116,Affluent,True,Loja,False,31,2641.54,3,True,Cuenta Corriente|Cuenta de Ahorros|Tarjeta de Crédito,0,17033.49,4300.74,4300.74,False,5600.00,9,True,1439.60,159.96,2026-05-22,False,False,False,False,0,,Generalista
C000117,Cliente 0117,Affluent,False,Manta,False,47,2881.36,1,False,Crédito Vehicular,0,0.00,9430.59,0.00,False,0.00,0,False,0.00,,,False,False,False,False,0,,Sin información transaccional
C000118,Cliente 0118,Affluent,False,Guayaquil,False,32,1531.34,4,True,Crédito Hipotecario|Cuenta Corriente|Cuenta de Ahorros|Tarjeta de Crédito,0,6113.72,64653.67,278.72,False,3800.00,6,True,544.45,90.74,2026-01-12,False,False,False,False,0,,Generalista
C000119,Cliente 0119,Mass,False,Guayaquil,False,42,1054.25,2,True,Crédito de Consumo|Tarjeta de Crédito,0,0.00,3762.11,524.19,False,2000.00,8,True,404.58,50.57,2026-08-23,True,False,False,False,1,Travel Lover,Travel Lover
C000120,Cliente 0120,Affluent,False,Quito,False,18,2728.30,3,True,Crédito de Consumo|Cuenta Corriente|Tarjeta de Crédito,0,6361.81,13618.66,319.88,False,2800.00,11,True,1820.67,165.52,2026-08-16,False,False,False,False,0,,Generalista
C000121,Cliente 0121,PyME,False,Quito,False,25,2508.43,2,True,Crédito Vehicular|Tarjeta de Crédito,0,0.00,19407.97,1690.29,False,3300.00,12,True,2799.08,233.26,2026-08-12,False,False,False,False,0,,Generalista
C000122,Cliente 0122,Affluent,True,Guayaquil,False,24,1393.52,3,True,Cuenta Corriente|Cuenta de Ahorros|Tarjeta de Crédito,0,10342.02,245.07,245.07,False,2900.00,12,True,957.29,79.77,2026-08-22,False,False,False,True,1,Tech Lover,Tech Lover
C000123,Cliente 0123,Premium,False,Loja,False,18,3945.89,3,True,Crédito Vehicular|Cuenta de Ahorros|Tarjeta de Crédito,0,20060.34,27737.12,4464.95,False,8300.00,4,True,1438.27,359.57,2026-06-01,False,False,False,False,0,,Generalista
C000124,Cliente 0124,Joven,False,Guayaquil,False,56,561.33,2,True,Cuenta de Ahorros|Tarjeta de Crédito,0,1614.88,127.69,127.69,False,600.00,12,True,433.48,36.12,2026-07-22,False,False,False,True,1,Tech Lover,Tech Lover
C000125,Cliente 0125,Mass,True,Loja,False,35,935.90,3,True,Crédito Vehicular|Crédito de Consumo|Cuenta de Ahorros,0,1554.58,28741.50,0.00,False,0.00,0,False,0.00,,,False,False,False,False,0,,Sin información transaccional
C000126,Cliente 0126,Premium,False,Loja,False,51,2957.88,3,True,Crédito Hipotecario|Crédito Vehicular|Tarjeta de Crédito,0,0.00,88481.86,1248.76,False,7100.00,4,True,1085.19,271.30,2026-05-03,False,False,False,False,0,,Generalista
C000127,Cliente 0127,Premium,False,Cuenca,False,37,6218.82,1,False,Crédito de Consumo,0,0.00,29336.84,0.00,False,0.00,0,False,0.00,,,False,False,False,False,0,,Sin información transaccional
C000128,Cliente 0128,Affluent,False,Guayaquil,False,42,2200.52,2,True,Crédito Hipotecario|Tarjeta de Crédito,0,0.00,61615.33,578.52,False,6100.00,7,True,855.62,122.23,2026-07-28,False,False,False,False,0,,Generalista
C000129,Cliente 0129,Mass,False,Guayaquil,False,35,1417.06,2,True,Crédito Hipotecario|Tarjeta de Crédito,0,0.00,83817.37,744.27,False,2800.00,4,True,262.51,65.63,2026-03-26,False,False,False,True,1,Tech Lover,Tech Lover
C000130,Cliente 0130,Affluent,False,Quito,False,40,1565.48,3,True,Crédito Vehicular|Cuenta de Ahorros|Tarjeta de Crédito,0,2930.79,17514.57,164.44,False,2200.00,9,True,842.16,93.57,2026-04-24,False,False,True,False,1,Food Lover,Food Lover
C000131,Cliente 0131,Mass,False,Guayaquil,False,31,2146.75,3,True,Crédito de Consumo|Cuenta Corriente|Tarjeta de Crédito,0,4368.55,4696.82,112.64,False,3000.00,4,True,475.95,118.99,2025-11-09,False,False,True,False,1,Food Lover,Food Lover
C000132,Cliente 0132,Affluent,False,Manta,False,28,1917.03,1,False,Cuenta Corriente,0,5288.73,0.00,0.00,False,0.00,0,False,0.00,,,False,False,False,False,0,,Sin información transaccional
C000133,Cliente 0133,Affluent,False,Cuenca,False,49,1819.21,3,True,Crédito Hipotecario|Crédito Vehicular|Tarjeta de Crédito,0,0.00,50174.44,1470.61,False,5200.00,7,True,638.91,91.27,2026-08-09,False,False,True,False,1,Food Lover,Food Lover
C000134,Cliente 0134,Mass,False,Manta,False,37,568.13,4,True,Crédito Hipotecario|Crédito Vehicular|Cuenta de Ahorros|Tarjeta de Crédito,0,1892.20,94395.84,512.96,False,1400.00,12,True,380.04,31.67,2026-08-11,False,False,False,False,0,,Generalista
C000135,Cliente 0135,Premium,True,Quito,False,18,4219.85,3,True,Cuenta Corriente|Cuenta de Ahorros|Tarjeta de Crédito,0,5896.54,7602.46,7602.46,False,10400.00,10,True,2233.61,223.36,2026-07-16,False,False,False,False,0,,Generalista
C000136,Cliente 0136,Affluent,False,Quito,False,29,2702.05,2,True,Crédito de Consumo|Cuenta de Ahorros,0,528.78,779.04,0.00,False,0.00,0,False,0.00,,,False,False,False,False,0,,Sin información transaccional
C000137,Cliente 0137,Joven,False,Manta,False,56,511.61,1,False,Cuenta de Ahorros,0,618.77,0.00,0.00,False,0.00,0,False,0.00,,,False,False,False,False,0,,Sin información transaccional
C000138,Cliente 0138,Mass,False,Quito,False,54,825.89,2,True,Crédito de Consumo|Tarjeta de Crédito,0,0.00,4096.51,292.04,False,1500.00,11,True,939.50,85.41,2026-07-07,False,True,False,False,1,Streaming Lover,Streaming Lover
C000139,Cliente 0139,Affluent,False,Loja,False,74,1675.95,3,True,Crédito Hipotecario|Cuenta Corriente|Tarjeta de Crédito,0,6367.20,40579.23,925.65,False,2200.00,10,True,1070.52,107.05,2026-08-26,False,False,False,False,0,,Generalista
C000140,Cliente 0140,Mass,False,Quito,False,35,2554.25,1,False,Crédito Vehicular,0,0.00,13619.53,0.00,False,0.00,0,False,0.00,,,False,False,False,False,0,,Sin información transaccional
C000141,Cliente 0141,Affluent,False,Quito,False,51,2728.62,3,True,Crédito de Consumo|Cuenta Corriente|Tarjeta de Crédito,0,6890.39,11039.42,437.93,False,2800.00,11,True,2467.99,224.36,2026-03-16,True,False,False,False,1,Travel Lover,Travel Lover
C000142,Cliente 0142,Premium,False,Guayaquil,False,20,7922.70,4,True,Crédito Hipotecario|Crédito de Consumo|Cuenta de Ahorros|Tarjeta de Crédito,0,26966.12,56706.63,4631.88,False,12600.00,13,True,6565.37,505.03,2026-07-16,False,False,False,False,0,,Generalista
C000143,Cliente 0143,PyME,False,Guayaquil,False,26,1499.27,4,True,Crédito Vehicular|Crédito de Consumo|Cuenta Corriente|Tarjeta de Crédito,0,5401.04,22212.56,3017.19,False,3900.00,8,True,884.46,110.56,2026-04-14,False,False,False,False,0,,Generalista
C000144,Cliente 0144,Premium,False,Quito,False,42,5164.52,1,False,Crédito Vehicular,0,0.00,19791.20,0.00,False,0.00,0,False,0.00,,,False,False,False,False,0,,Sin información transaccional
C000145,Cliente 0145,Joven,False,Cuenca,False,37,1649.94,3,True,Crédito de Consumo|Cuenta de Ahorros|Tarjeta de Crédito,0,-100.00,4917.11,1105.64,False,4600.00,13,True,843.48,64.88,2026-08-12,False,False,True,False,1,Food Lover,Food Lover
C000146,Cliente 0146,Mass,True,Guayaquil,False,56,1151.49,2,True,Cuenta Corriente|Tarjeta de Crédito,0,807.55,562.43,562.43,False,2800.00,5,True,387.09,77.42,2026-06-29,False,False,False,False,0,,Generalista
C000147,Cliente 0147,Premium,False,Quito,False,59,3968.35,2,True,Crédito Hipotecario|Tarjeta de Crédito,0,0.00,18549.20,1949.43,False,8100.00,8,True,1630.28,203.78,2026-06-30,False,False,False,True,1,Tech Lover,Tech Lover
C000148,Cliente 0148,Mass,True,Loja,False,29,705.23,1,False,Cuenta de Ahorros,0,2999.44,0.00,0.00,False,0.00,0,False,0.00,,,False,False,False,False,0,,Sin información transaccional
C000149,Cliente 0149,Mass,False,Quito,False,37,1125.25,2,True,Crédito de Consumo|Tarjeta de Crédito,0,0.00,6172.02,956.45,False,2900.00,8,True,451.64,56.45,2026-05-06,False,False,True,False,1,Food Lover,Food Lover
C000150,Cliente 0150,Mass,False,Guayaquil,False,52,472.26,4,True,Crédito Hipotecario|Crédito de Consumo|Cuenta Corriente|Tarjeta de Crédito,0,-100.00,64988.27,362.94,False,800.00,7,True,167.81,23.97,2026-01-06,False,True,False,True,2,Streaming Lover|Tech Lover,Streaming Lover
C000151,Cliente 0151,Premium,True,Guayaquil,False,18,2238.32,4,True,Crédito Vehicular|Cuenta Corriente|Cuenta de Ahorros|Tarjeta de Crédito,0,8364.25,10560.86,1212.59,False,2500.00,12,True,1359.89,113.32,2026-07-01,False,False,False,False,0,,Generalista
C000152,Cliente 0152,Affluent,False,Manta,False,35,1951.46,3,True,Crédito de Consumo|Cuenta Corriente|Tarjeta de Crédito,0,5126.41,14482.40,1244.12,False,2700.00,14,True,1995.00,142.50,2026-06-28,False,True,True,False,2,Streaming Lover|Food Lover,Food Lover
C000153,Cliente 0153,PyME,True,Loja,False,48,1866.27,3,True,Cuenta Corriente|Cuenta de Ahorros|Tarjeta de Crédito,0,15424.31,0.00,0.00,False,3900.00,5,True,893.84,178.77,2026-08-18,False,False,False,False,0,,Generalista
C000154,Cliente 0154,Premium,True,Quito,False,34,2386.12,3,True,Crédito Vehicular|Cuenta Corriente|Tarjeta de Crédito,0,6409.66,16654.13,347.24,False,5800.00,8,True,1531.41,191.43,2026-08-09,True,False,False,False,1,Travel Lover,Travel Lover
C000155,Cliente 0155,Premium,False,Guayaquil,False,44,4576.61,2,True,Crédito Vehicular|Tarjeta de Crédito,0,0.00,9169.12,1422.25,False,7400.00,8,True,1910.56,238.82,2026-03-18,False,False,False,True,1,Tech Lover,Tech Lover
C000156,Cliente 0156,Joven,False,Quito,False,53,819.40,4,True,Crédito Hipotecario|Crédito de Consumo|Cuenta de Ahorros|Tarjeta de Crédito,0,1360.44,86413.30,396.49,False,1400.00,14,True,715.36,51.10,2026-07-29,True,False,False,False,1,Travel Lover,Travel Lover
C000157,Cliente 0157,Joven,False,Quito,False,50,476.96,2,True,Crédito de Consumo|Tarjeta de Crédito,0,0.00,3873.44,0.00,False,1300.00,5,True,190.59,38.12,2026-08-16,False,False,True,False,1,Food Lover,Food Lover
C000158,Cliente 0158,Premium,False,Loja,False,31,2213.43,1,False,Crédito de Consumo,0,0.00,26087.85,0.00,False,0.00,0,False,0.00,,,False,False,False,False,0,,Sin información transaccional
C000159,Cliente 0159,Joven,True,Guayaquil,False,50,675.06,1,False,Tarjeta de Crédito,0,0.00,369.69,369.69,False,1600.00,14,True,661.02,47.22,2026-08-15,False,False,True,False,1,Food Lover,Food Lover
C000160,Cliente 0160,Premium,False,Guayaquil,False,46,5649.60,2,True,Cuenta de Ahorros|Tarjeta de Crédito,0,28680.63,2910.48,2910.48,False,6900.00,8,True,1547.53,193.44,2026-07-14,False,False,True,False,1,Food Lover,Food Lover
C000161,Cliente 0161,Premium,False,Ambato,False,36,3315.29,2,True,Crédito Vehicular|Tarjeta de Crédito,0,0.00,21474.12,1030.79,False,7900.00,8,True,1206.54,150.82,2026-08-04,False,True,False,False,1,Streaming Lover,Streaming Lover
C000162,Cliente 0162,PyME,False,Ambato,False,28,2851.56,1,False,Crédito Vehicular,0,0.00,15651.47,0.00,False,0.00,0,False,0.00,,,False,False,False,False,0,,Sin información transaccional
C000163,Cliente 0163,Mass,False,Quito,False,48,838.21,3,True,Crédito Vehicular|Cuenta Corriente|Tarjeta de Crédito,0,2155.35,22598.98,219.39,False,900.00,4,True,443.58,110.90,2025-11-21,False,False,False,False,0,,Generalista
C000164,Cliente 0164,Mass,False,Cuenca,False,47,767.23,2,True,Crédito de Consumo|Tarjeta de Crédito,0,0.00,2136.97,316.54,False,2200.00,12,True,409.59,34.13,2026-08-28,False,False,True,True,2,Food Lover|Tech Lover,Tech Lover
C000165,Cliente 0165,Affluent,False,Quito,False,45,1891.00,3,True,Crédito Hipotecario|Crédito de Consumo|Tarjeta de Crédito,0,0.00,95730.57,1424.27,False,4100.00,7,True,1078.66,154.09,2026-04-12,True,False,False,False,1,Travel Lover,Travel Lover
C000166,Cliente 0166,PyME,False,Quito,False,53,4279.25,1,False,Cuenta Corriente,0,19413.16,0.00,0.00,False,0.00,0,False,0.00,,,False,False,False,False,0,,Sin información transaccional
C000167,Cliente 0167,Mass,False,Quito,False,51,752.33,3,True,Crédito Hipotecario|Crédito Vehicular|Tarjeta de Crédito,0,0.00,96860.75,264.81,False,2200.00,10,True,464.83,46.48,2026-04-06,False,False,False,False,0,,Generalista
C000168,Cliente 0168,Premium,True,Cuenca,False,54,2986.96,4,True,Crédito de Consumo|Cuenta Corriente|Cuenta de Ahorros|Tarjeta de Crédito,0,8095.70,25066.86,2913.08,False,7100.00,11,True,4205.95,382.36,2026-08-03,False,False,True,False,1,Food Lover,Food Lover
C000169,Cliente 0169,PyME,False,Quito,False,23,4894.01,1,False,Crédito Hipotecario,0,0.00,90392.84,0.00,False,0.00,0,False,0.00,,,False,False,False,False,0,,Sin información transaccional
C000170,Cliente 0170,Affluent,False,Quito,False,24,2017.19,2,True,Crédito de Consumo|Tarjeta de Crédito,0,0.00,17281.65,2520.25,False,4600.00,9,True,1200.13,133.35,2026-08-18,True,False,False,False,1,Travel Lover,Travel Lover
C000171,Cliente 0171,Mass,False,Ambato,False,28,854.99,2,True,Crédito Hipotecario|Cuenta de Ahorros,0,3964.19,94702.25,0.00,False,0.00,0,False,0.00,,,False,False,False,False,0,,Sin información transaccional
C000172,Cliente 0172,Mass,False,Quito,False,35,827.51,3,True,Crédito Vehicular|Cuenta de Ahorros|Tarjeta de Crédito,0,967.02,19170.57,760.84,False,2200.00,11,True,787.93,71.63,2026-07-19,False,False,False,False,0,,Generalista
C000173,Cliente 0173,Mass,False,Quito,False,43,1110.88,3,True,Crédito de Consumo|Cuenta de Ahorros|Tarjeta de Crédito,0,1605.33,1911.41,569.31,False,1900.00,7,True,632.87,90.41,2026-07-04,False,True,False,False,1,Streaming Lover,Streaming Lover
C000174,Cliente 0174,Mass,False,Cuenca,False,35,1247.27,1,False,Cuenta Corriente,0,2729.60,0.00,0.00,False,0.00,0,False,0.00,,,False,False,False,False,0,,Sin información transaccional
C000175,Cliente 0175,Premium,False,Cuenca,False,47,3004.56,3,True,Crédito Hipotecario|Cuenta de Ahorros|Tarjeta de Crédito,0,7396.53,70267.61,3074.46,False,8600.00,9,True,2462.51,273.61,2026-08-05,False,False,False,False,0,,Generalista
C000176,Cliente 0176,Mass,False,Guayaquil,False,39,491.22,1,False,Crédito Vehicular,0,0.00,12960.65,0.00,False,0.00,0,False,0.00,,,False,False,False,False,0,,Sin información transaccional
C000177,Cliente 0177,Affluent,False,Quito,False,32,2256.64,2,True,Cuenta de Ahorros|Tarjeta de Crédito,0,9144.92,1347.23,1347.23,False,4200.00,9,True,1298.15,144.24,2026-07-16,False,True,False,False,1,Streaming Lover,Streaming Lover
C000178,Cliente 0178,Premium,False,Quito,False,41,3750.70,3,True,Crédito Hipotecario|Crédito Vehicular|Cuenta Corriente,0,1598.34,67200.39,0.00,False,0.00,0,False,0.00,,,False,False,False,False,0,,Sin información transaccional
C000179,Cliente 0179,Affluent,False,Ambato,False,23,1926.31,4,True,Crédito Vehicular|Crédito de Consumo|Cuenta Corriente|Tarjeta de Crédito,0,1022.97,38986.00,754.83,False,4200.00,5,True,620.47,124.09,2026-06-22,False,False,False,False,0,,Generalista
C000180,Cliente 0180,Joven,False,Guayaquil,False,34,643.32,1,False,Tarjeta de Crédito,0,0.00,685.64,685.64,False,1600.00,14,True,593.47,42.39,2026-04-10,False,False,True,False,1,Food Lover,Food Lover
C000181,Cliente 0181,Affluent,False,Quito,False,36,2016.02,2,True,Crédito de Consumo|Tarjeta de Crédito,0,0.00,13597.02,0.00,False,5100.00,13,True,1807.68,139.05,2026-06-16,False,False,True,False,1,Food Lover,Food Lover
C000182,Cliente 0182,Joven,False,Manta,False,41,655.96,2,True,Crédito Hipotecario|Cuenta de Ahorros,0,-100.00,59757.56,0.00,False,0.00,0,False,0.00,,,False,False,False,False,0,,Sin información transaccional
C000183,Cliente 0183,Mass,False,Guayaquil,False,54,852.35,1,False,Tarjeta de Crédito,0,0.00,671.28,671.28,False,2400.00,12,True,807.97,67.33,2026-08-02,False,False,True,False,1,Food Lover,Food Lover
C000184,Cliente 0184,Affluent,True,Cuenca,False,27,2082.50,4,True,Crédito Hipotecario|Crédito Vehicular|Crédito de Consumo|Tarjeta de Crédito,0,0.00,95242.36,264.36,False,2900.00,13,True,1507.78,115.98,2026-08-30,False,False,True,False,1,Food Lover,Food Lover
C000185,Cliente 0185,Affluent,False,Quito,False,18,1403.69,2,True,Crédito Hipotecario|Tarjeta de Crédito,0,0.00,83977.87,1391.04,False,2400.00,4,True,229.75,57.44,2026-08-24,False,False,False,False,0,,Generalista
C000186,Cliente 0186,Premium,False,Manta,False,41,1907.37,3,True,Crédito de Consumo|Cuenta Corriente|Cuenta de Ahorros,0,7918.23,14810.60,0.00,False,0.00,0,False,0.00,,,False,False,False,False,0,,Sin información transaccional
C000187,Cliente 0187,PyME,False,Quito,False,38,2366.51,3,True,Cuenta Corriente|Cuenta de Ahorros|Tarjeta de Crédito,0,7008.76,1129.30,1129.30,False,3200.00,14,True,1932.30,138.02,2026-04-24,False,False,False,True,1,Tech Lover,Tech Lover
C000188,Cliente 0188,Joven,False,Guayaquil,False,31,914.66,3,True,Crédito Hipotecario|Crédito de Consumo|Tarjeta de Crédito,0,0.00,57770.59,1002.48,False,1200.00,8,True,754.47,94.31,2026-06-21,True,False,False,False,1,Travel Lover,Travel Lover
C000189,Cliente 0189,Premium,False,Ambato,False,26,3262.28,3,True,Crédito Vehicular|Cuenta de Ahorros|Tarjeta de Crédito,0,8543.22,17890.86,4345.73,False,9500.00,6,True,1332.15,222.03,2026-04-11,False,False,True,False,1,Food Lover,Food Lover
C000190,Cliente 0190,Joven,False,Guayaquil,False,68,481.66,3,True,Crédito Hipotecario|Crédito de Consumo|Tarjeta de Crédito,0,0.00,70390.93,172.92,False,500.00,6,True,264.72,44.12,2025-12-01,False,False,False,False,0,,Generalista
C000191,Cliente 0191,Mass,False,Cuenca,False,35,1357.34,4,True,Crédito Hipotecario|Crédito Vehicular|Cuenta Corriente|Tarjeta de Crédito,0,380.77,66900.88,1059.86,False,2200.00,13,True,1050.22,80.79,2026-07-26,True,False,True,False,2,Travel Lover|Food Lover,Travel Lover
C000192,Cliente 0192,PyME,False,Cuenca,False,42,3163.61,3,True,Crédito Hipotecario|Crédito de Consumo|Tarjeta de Crédito,0,0.00,59763.59,2781.98,False,7500.00,14,True,3424.17,244.58,2026-08-05,False,False,False,False,0,,Generalista
C000193,Cliente 0193,Affluent,False,Cuenca,False,38,2968.92,2,True,Crédito Hipotecario|Crédito de Consumo,0,0.00,118570.85,0.00,False,0.00,0,False,0.00,,,False,False,False,False,0,,Sin información transaccional
C000194,Cliente 0194,Mass,True,Cuenca,False,37,980.57,2,True,Cuenta Corriente|Tarjeta de Crédito,0,-100.00,215.53,215.53,False,1900.00,9,True,427.36,47.48,2026-07-21,False,False,True,False,1,Food Lover,Food Lover
C000195,Cliente 0195,Mass,False,Cuenca,False,51,550.60,2,True,Crédito de Consumo|Tarjeta de Crédito,0,0.00,3648.10,205.37,False,700.00,14,True,649.72,46.41,2026-07-31,False,False,False,True,1,Tech Lover,Tech Lover
C000196,Cliente 0196,Joven,False,Quito,False,50,350.53,1,False,Tarjeta de Crédito,0,0.00,0.00,0.00,False,700.00,9,True,154.46,17.16,2026-08-31,False,False,True,False,1,Food Lover,Food Lover
C000197,Cliente 0197,Mass,True,Guayaquil,False,40,1318.72,3,True,Cuenta Corriente|Cuenta de Ahorros|Tarjeta de Crédito,0,4782.63,182.90,182.90,False,2800.00,5,True,567.78,113.56,2026-06-29,False,False,False,False,0,,Generalista
C000198,Cliente 0198,Mass,False,Guayaquil,False,52,1269.30,2,True,Crédito Vehicular|Cuenta Corriente,0,6031.93,24267.54,0.00,False,0.00,0,False,0.00,,,False,False,False,False,0,,Sin información transaccional
C000199,Cliente 0199,Mass,False,Ambato,False,47,1013.70,1,False,Tarjeta de Crédito,0,0.00,976.10,976.10,False,2900.00,5,True,218.88,43.78,2026-08-28,False,False,False,False,0,,Generalista
C000200,Cliente 0200,Mass,True,Manta,False,36,1255.17,3,True,Crédito de Consumo|Cuenta de Ahorros|Tarjeta de Crédito,0,1882.75,3329.34,1006.44,False,3000.00,14,True,1239.03,88.50,2026-08-08,False,False,True,False,1,Food Lover,Food Lover
C000201,Cliente 0201,PyME,False,Cuenca,False,34,4113.93,4,True,Crédito Hipotecario|Cuenta Corriente|Cuenta de Ahorros|Tarjeta de Crédito,0,22027.69,53761.23,2476.67,False,7900.00,14,True,3841.87,274.42,2026-06-28,False,False,False,False,0,,Generalista
C000202,Cliente 0202,Mass,False,Quito,False,43,725.19,3,True,Crédito Hipotecario|Cuenta Corriente|Tarjeta de Crédito,0,2900.58,139340.98,998.32,False,2000.00,9,True,543.52,60.39,2026-08-29,False,False,False,False,0,,Generalista
C000203,Cliente 0203,Mass,False,Cuenca,False,49,1126.81,2,True,Crédito Vehicular|Crédito de Consumo,0,0.00,25310.89,0.00,False,0.00,0,False,0.00,,,False,False,False,False,0,,Sin información transaccional
C000204,Cliente 0204,PyME,False,Cuenca,False,54,1239.60,2,True,Cuenta Corriente|Tarjeta de Crédito,0,3096.46,501.76,501.76,False,3200.00,11,True,939.96,85.45,2026-08-19,False,False,False,False,0,,Generalista
C000205,Cliente 0205,Affluent,False,Loja,False,41,1908.82,3,True,Crédito Vehicular|Crédito de Consumo|Tarjeta de Crédito,0,0.00,31859.64,1431.51,False,3300.00,7,True,803.06,114.72,2026-07-06,False,False,False,True,1,Tech Lover,Tech Lover
C000206,Cliente 0206,Mass,False,Quito,False,34,1131.13,1,False,Cuenta de Ahorros,0,1060.00,0.00,0.00,False,0.00,0,False,0.00,,,False,False,False,False,0,,Sin información transaccional
C000207,Cliente 0207,Premium,False,Cuenca,False,39,3319.89,3,True,Crédito de Consumo|Cuenta de Ahorros|Tarjeta de Crédito,0,2878.58,34164.35,3194.00,False,6600.00,8,True,1003.76,125.47,2026-08-05,True,False,False,False,1,Travel Lover,Travel Lover
C000208,Cliente 0208,Joven,False,Manta,False,35,436.36,3,True,Crédito Vehicular|Crédito de Consumo|Cuenta Corriente,0,834.39,20101.84,0.00,False,0.00,0,False,0.00,,,False,False,False,False,0,,Sin información transaccional
C000209,Cliente 0209,Joven,False,Quito,False,48,931.16,2,True,Crédito Hipotecario|Tarjeta de Crédito,0,0.00,43765.66,830.76,False,1500.00,14,True,1262.58,90.18,2026-03-21,False,False,False,False,0,,Generalista
C000210,Cliente 0210,PyME,False,Quito,False,54,3174.97,2,True,Crédito de Consumo|Cuenta Corriente,0,14118.65,15179.80,0.00,False,0.00,0,False,0.00,,,False,False,False,False,0,,Sin información transaccional
C000211,Cliente 0211,Mass,False,Manta,False,37,1203.00,2,True,Crédito de Consumo|Tarjeta de Crédito,0,0.00,7941.66,783.88,False,1500.00,5,True,324.98,65.00,2026-04-19,False,False,True,False,1,Food Lover,Food Lover
C000212,Cliente 0212,Premium,True,Guayaquil,False,41,7047.97,3,True,Crédito Hipotecario|Cuenta Corriente|Tarjeta de Crédito,0,13248.82,92411.38,5787.32,False,16700.00,10,True,3392.74,339.27,2026-08-04,False,False,False,False,0,,Generalista
C000213,Cliente 0213,Affluent,False,Guayaquil,False,39,4846.13,3,True,Crédito Vehicular|Crédito de Consumo|Tarjeta de Crédito,0,0.00,33649.59,742.98,False,5900.00,11,True,4063.00,369.36,2026-07-31,False,False,False,True,1,Tech Lover,Tech Lover
C000214,Cliente 0214,Mass,False,Guayaquil,False,32,872.35,2,True,Crédito Vehicular|Tarjeta de Crédito,0,0.00,15200.48,637.38,False,2400.00,6,True,358.93,59.82,2026-08-28,False,False,False,False,0,,Generalista
C000215,Cliente 0215,Mass,False,Cuenca,False,35,826.91,3,True,Crédito Hipotecario|Cuenta Corriente|Tarjeta de Crédito,0,817.18,52814.00,241.98,False,1000.00,5,True,298.10,59.62,2026-04-17,True,False,False,False,1,Travel Lover,Travel Lover
C000216,Cliente 0216,PyME,False,Guayaquil,False,43,2895.72,2,True,Crédito de Consumo|Tarjeta de Crédito,0,0.00,15734.48,1118.53,False,3300.00,7,True,2527.45,361.06,2026-03-17,False,False,True,False,1,Food Lover,Food Lover
C000217,Cliente 0217,Affluent,False,Cuenca,False,40,1401.83,2,True,Crédito de Consumo|Tarjeta de Crédito,0,0.00,17560.90,1795.50,False,4200.00,9,True,831.10,92.34,2026-05-27,False,False,True,False,1,Food Lover,Food Lover
C000218,Cliente 0218,Joven,False,Guayaquil,False,27,567.27,3,True,Crédito Hipotecario|Crédito de Consumo|Tarjeta de Crédito,0,0.00,101405.37,477.38,False,1200.00,7,True,363.22,51.89,2026-08-31,False,True,False,False,1,Streaming Lover,Streaming Lover
C000219,Cliente 0219,PyME,False,Guayaquil,False,38,4107.32,1,False,Crédito de Consumo,0,0.00,16726.57,0.00,False,0.00,0,False,0.00,,,False,False,False,False,0,,Sin información transaccional
C000220,Cliente 0220,Mass,False,Guayaquil,False,35,713.47,3,True,Crédito Hipotecario|Cuenta de Ahorros|Tarjeta de Crédito,0,3332.88,57251.70,745.51,False,1700.00,11,True,295.82,26.89,2026-05-20,False,False,False,False,0,,Generalista
C000221,Cliente 0221,Mass,False,Guayaquil,False,46,1075.39,3,True,Crédito de Consumo|Cuenta Corriente|Tarjeta de Crédito,0,-100.00,5849.83,470.93,False,2500.00,13,True,884.53,68.04,2026-05-16,True,False,False,True,2,Travel Lover|Tech Lover,Tech Lover
C000222,Cliente 0222,Mass,False,Quito,False,45,933.02,3,True,Crédito de Consumo|Cuenta Corriente|Tarjeta de Crédito,0,2070.82,2889.88,173.51,False,1800.00,14,True,864.84,61.77,2026-08-11,False,False,False,False,0,,Generalista
C000223,Cliente 0223,Mass,False,Quito,False,44,804.31,4,True,Crédito Hipotecario|Crédito de Consumo|Cuenta de Ahorros|Tarjeta de Crédito,0,2297.38,38715.75,152.49,False,1900.00,12,True,315.31,26.28,2026-07-03,True,True,False,False,2,Travel Lover|Streaming Lover,Travel Lover
C000224,Cliente 0224,Joven,False,Quito,False,29,503.52,3,True,Crédito de Consumo|Cuenta de Ahorros|Tarjeta de Crédito,0,1099.67,3429.89,357.50,False,1000.00,14,True,509.51,36.39,2026-07-28,False,False,False,False,0,,Generalista
C000225,Cliente 0225,PyME,False,Quito,False,46,2189.29,2,True,Crédito Vehicular|Cuenta Corriente,0,2711.22,16454.81,0.00,False,0.00,0,False,0.00,,,False,False,False,False,0,,Sin información transaccional
C000226,Cliente 0226,Mass,False,Cuenca,False,42,897.82,2,True,Crédito Vehicular|Tarjeta de Crédito,0,0.00,27700.03,328.04,False,1500.00,13,True,903.70,69.52,2026-08-21,False,False,False,False,0,,Generalista
C000227,Cliente 0227,Mass,False,Cuenca,False,23,1267.59,2,True,Crédito Vehicular|Tarjeta de Crédito,0,0.00,22822.39,293.18,False,3000.00,6,True,286.31,47.72,2026-07-31,False,False,True,False,1,Food Lover,Food Lover
C000228,Cliente 0228,Affluent,False,Quito,False,31,2041.50,1,False,Crédito Hipotecario,0,0.00,71653.55,0.00,False,0.00,0,False,0.00,,,False,False,False,False,0,,Sin información transaccional
C000229,Cliente 0229,Mass,False,Manta,False,34,710.86,1,False,Cuenta de Ahorros,0,4054.64,0.00,0.00,False,0.00,0,False,0.00,,,False,False,False,False,0,,Sin información transaccional
C000230,Cliente 0230,Mass,False,Manta,False,45,722.09,2,True,Cuenta Corriente|Tarjeta de Crédito,0,355.58,1317.52,1317.52,False,2100.00,4,True,174.43,43.61,2026-06-01,True,False,False,False,1,Travel Lover,Travel Lover
C000231,Cliente 0231,Mass,False,Quito,False,23,1263.81,2,True,Crédito Vehicular|Crédito de Consumo,0,0.00,27505.24,0.00,False,0.00,0,False,0.00,,,False,False,False,False,0,,Sin información transaccional
C000232,Cliente 0232,Affluent,False,Quito,False,34,1953.34,3,True,Cuenta Corriente|Cuenta de Ahorros|Tarjeta de Crédito,0,11904.64,1368.36,1368.36,False,2900.00,11,True,1100.52,100.05,2026-08-23,False,False,True,False,1,Food Lover,Food Lover
C000233,Cliente 0233,Mass,False,Guayaquil,False,40,846.93,3,True,Crédito de Consumo|Cuenta Corriente|Tarjeta de Crédito,0,1921.01,4597.10,676.08,False,2000.00,13,True,478.58,36.81,2026-08-27,False,False,True,False,1,Food Lover,Food Lover
C000234,Cliente 0234,Joven,False,Manta,False,36,638.49,1,False,Tarjeta de Crédito,0,0.00,398.55,398.55,False,1800.00,9,True,376.52,41.84,2026-08-20,True,False,False,False,1,Travel Lover,Travel Lover
C000235,Cliente 0235,Mass,False,Guayaquil,False,21,2087.63,1,False,Crédito de Consumo,0,0.00,1535.00,0.00,False,0.00,0,False,0.00,,,False,False,False,False,0,,Sin información transaccional
C000236,Cliente 0236,Mass,False,Guayaquil,False,44,896.24,1,False,Crédito Hipotecario,0,0.00,59039.72,0.00,False,0.00,0,False,0.00,,,False,False,False,False,0,,Sin información transaccional
C000237,Cliente 0237,Premium,False,Quito,False,58,3209.19,1,False,Tarjeta de Crédito,0,0.00,2163.37,2163.37,False,8900.00,12,True,3947.42,328.95,2026-05-23,True,False,False,False,1,Travel Lover,Travel Lover
C000238,Cliente 0238,Premium,False,Quito,False,26,6381.30,4,True,Crédito Hipotecario|Crédito Vehicular|Cuenta Corriente|Tarjeta de Crédito,0,7947.39,116878.11,5627.97,False,8400.00,5,True,741.83,148.37,2026-07-13,False,False,False,False,0,,Generalista
C000239,Cliente 0239,Premium,False,Guayaquil,False,58,5326.97,2,True,Crédito Hipotecario|Tarjeta de Crédito,0,0.00,41231.99,987.95,False,5800.00,7,True,2628.76,375.54,2026-03-12,False,False,False,False,0,,Generalista
C000240,Cliente 0240,Mass,False,Guayaquil,False,22,1139.62,2,True,Crédito Vehicular|Tarjeta de Crédito,0,0.00,16956.22,287.13,False,3100.00,12,True,1158.02,96.50,2026-08-15,True,False,False,False,1,Travel Lover,Travel Lover
C000241,Cliente 0241,Affluent,False,Loja,False,34,2594.07,1,False,Cuenta de Ahorros,0,4814.54,0.00,0.00,False,0.00,0,False,0.00,,,False,False,False,False,0,,Sin información transaccional
C000242,Cliente 0242,Mass,False,Guayaquil,False,33,831.65,1,False,Cuenta Corriente,0,2424.48,0.00,0.00,False,0.00,0,False,0.00,,,False,False,False,False,0,,Sin información transaccional
C000243,Cliente 0243,PyME,False,Guayaquil,False,18,1598.36,3,True,Crédito Vehicular|Crédito de Consumo|Cuenta Corriente,0,1715.68,32492.25,0.00,False,0.00,0,False,0.00,,,False,False,False,False,0,,Sin información transaccional
C000244,Cliente 0244,Mass,True,Guayaquil,False,39,1317.44,3,True,Crédito de Consumo|Cuenta Corriente|Tarjeta de Crédito,0,5318.31,5365.72,688.16,False,2700.00,13,True,1426.02,109.69,2026-08-05,False,True,False,False,1,Streaming Lover,Streaming Lover
C000245,Cliente 0245,Mass,False,Cuenca,False,50,1227.75,1,False,Crédito de Consumo,0,0.00,4840.44,0.00,False,0.00,0,False,0.00,,,False,False,False,False,0,,Sin información transaccional
C000246,Cliente 0246,Mass,False,Quito,False,51,1268.00,2,True,Crédito Hipotecario|Tarjeta de Crédito,0,0.00,71766.93,570.39,False,1900.00,6,True,421.30,70.22,2026-04-06,True,False,False,False,1,Travel Lover,Travel Lover
C000247,Cliente 0247,Premium,False,Ambato,False,18,3485.16,3,True,Crédito Hipotecario|Crédito Vehicular|Cuenta Corriente,0,11530.63,89218.88,0.00,False,0.00,0,False,0.00,,,False,False,False,False,0,,Sin información transaccional
C000248,Cliente 0248,Affluent,False,Manta,False,27,4412.28,2,True,Cuenta Corriente|Tarjeta de Crédito,0,7100.63,4323.61,4323.61,False,9800.00,5,True,1820.50,364.10,2025-12-14,True,False,False,False,1,Travel Lover,Travel Lover
C000249,Cliente 0249,Premium,True,Manta,False,33,6269.80,2,True,Crédito Hipotecario|Tarjeta de Crédito,0,0.00,92100.94,5676.85,False,18700.00,10,True,3636.09,363.61,2026-08-14,False,False,False,False,0,,Generalista
C000250,Cliente 0250,Joven,False,Cuenca,False,44,661.63,1,False,Cuenta de Ahorros,0,-100.00,0.00,0.00,False,0.00,0,False,0.00,,,False,False,False,False,0,,Sin información transaccional
C000251,Cliente 0251,Mass,False,Manta,False,51,1535.46,2,True,Cuenta Corriente|Tarjeta de Crédito,0,8749.69,1226.19,1226.19,False,2000.00,14,True,1525.14,108.94,2026-05-28,False,False,False,True,1,Tech Lover,Tech Lover
C000252,Cliente 0252,Mass,False,Cuenca,False,46,1101.33,3,True,Crédito Vehicular|Crédito de Consumo|Tarjeta de Crédito,0,0.00,21587.52,739.97,False,3000.00,12,True,1346.20,112.18,2026-08-24,True,False,False,False,1,Travel Lover,Travel Lover
C000253,Cliente 0253,PyME,False,Guayaquil,False,18,785.98,3,True,Crédito Vehicular|Cuenta de Ahorros|Tarjeta de Crédito,0,3313.70,25724.34,155.32,False,1400.00,10,True,429.74,42.97,2026-07-18,False,False,False,False,0,,Generalista
C000254,Cliente 0254,Premium,False,Quito,False,48,5336.00,2,True,Crédito Hipotecario|Crédito Vehicular,0,0.00,48523.11,0.00,False,0.00,0,False,0.00,,,False,False,False,False,0,,Sin información transaccional
C000255,Cliente 0255,Mass,False,Cuenca,False,50,421.85,3,True,Crédito Hipotecario|Crédito de Consumo|Tarjeta de Crédito,0,0.00,59803.40,95.66,False,600.00,7,True,224.84,32.12,2026-07-18,True,False,False,False,1,Travel Lover,Travel Lover
C000256,Cliente 0256,Premium,False,Guayaquil,False,44,3492.90,2,True,Crédito Vehicular|Tarjeta de Crédito,0,0.00,28863.91,3675.92,False,5100.00,13,True,2671.95,205.53,2026-05-19,False,True,False,False,1,Streaming Lover,Streaming Lover
C000257,Cliente 0257,Mass,False,Guayaquil,False,39,651.41,3,True,Crédito de Consumo|Cuenta Corriente|Tarjeta de Crédito,0,574.64,4357.80,502.81,False,1100.00,4,True,111.06,27.77,2026-04-20,False,False,False,False,0,,Generalista
C000258,Cliente 0258,Mass,False,Quito,False,48,1405.36,2,True,Crédito de Consumo|Tarjeta de Crédito,0,0.00,5569.36,60.87,False,3300.00,12,True,1338.11,111.51,2026-04-13,False,True,False,False,1,Streaming Lover,Streaming Lover
C000259,Cliente 0259,Affluent,False,Quito,False,43,2565.52,4,True,Crédito Hipotecario|Crédito de Consumo|Cuenta Corriente|Cuenta de Ahorros,0,6237.18,58856.27,0.00,False,0.00,0,False,0.00,,,False,False,False,False,0,,Sin información transaccional
C000260,Cliente 0260,Joven,False,Guayaquil,False,32,516.73,1,False,Cuenta Corriente,0,1345.59,0.00,0.00,False,0.00,0,False,0.00,,,False,False,False,False,0,,Sin información transaccional
C000261,Cliente 0261,Affluent,False,Cuenca,False,27,1648.15,3,True,Crédito Hipotecario|Crédito Vehicular|Tarjeta de Crédito,0,0.00,118244.43,563.22,False,4700.00,6,True,1253.15,208.86,2026-02-18,False,False,False,False,0,,Generalista
C000262,Cliente 0262,Joven,False,Loja,False,36,423.69,2,True,Crédito Hipotecario|Tarjeta de Crédito,0,0.00,78196.79,413.72,False,900.00,4,True,89.01,22.25,2025-10-28,False,False,False,True,1,Tech Lover,Tech Lover
C000263,Cliente 0263,Mass,False,Quito,False,41,359.78,3,True,Crédito Hipotecario|Cuenta de Ahorros|Tarjeta de Crédito,0,267.61,68940.08,395.78,False,800.00,6,True,81.20,13.53,2026-08-21,False,False,False,True,1,Tech Lover,Tech Lover
C000264,Cliente 0264,PyME,False,Guayaquil,False,35,3886.97,1,False,Cuenta Corriente,0,209.06,0.00,0.00,False,0.00,0,False,0.00,,,False,False,False,False,0,,Sin información transaccional
C000265,Cliente 0265,PyME,False,Quito,False,41,1785.79,1,False,Cuenta Corriente,0,8020.07,0.00,0.00,False,0.00,0,False,0.00,,,False,False,False,False,0,,Sin información transaccional
C000266,Cliente 0266,Mass,False,Quito,False,37,570.01,2,True,Crédito Hipotecario|Tarjeta de Crédito,0,0.00,61038.39,361.98,False,900.00,6,True,163.21,27.20,2026-07-21,False,False,False,False,0,,Generalista
C000267,Cliente 0267,Mass,False,Manta,False,37,683.73,3,True,Crédito Hipotecario|Crédito de Consumo|Tarjeta de Crédito,0,0.00,68485.19,650.52,False,1700.00,6,True,330.49,55.08,2026-08-23,False,False,False,False,0,,Generalista
C000268,Cliente 0268,Affluent,False,Guayaquil,False,54,5040.50,3,True,Crédito Hipotecario|Cuenta de Ahorros|Tarjeta de Crédito,0,16025.65,30391.28,1681.89,False,7200.00,13,True,4040.99,310.85,2026-08-11,False,True,False,False,1,Streaming Lover,Streaming Lover
C000269,Cliente 0269,Mass,False,Cuenca,False,18,860.71,3,True,Crédito Hipotecario|Cuenta de Ahorros|Tarjeta de Crédito,0,1878.68,63711.52,57.70,False,2100.00,12,True,511.83,42.65,2026-08-21,False,False,False,False,0,,Generalista
C000270,Cliente 0270,Affluent,False,Guayaquil,False,45,3590.44,4,True,Crédito de Consumo|Cuenta Corriente|Cuenta de Ahorros|Tarjeta de Crédito,0,12305.76,7678.92,329.42,False,8500.00,9,True,3506.79,389.64,2025-10-22,False,False,False,False,0,,Generalista
C000271,Cliente 0271,PyME,False,Guayaquil,False,38,1861.81,2,True,Crédito de Consumo|Tarjeta de Crédito,0,0.00,16877.49,1004.64,False,3500.00,11,True,1406.44,127.86,2026-07-20,False,True,False,False,1,Streaming Lover,Streaming Lover
C000272,Cliente 0272,Joven,False,Guayaquil,False,28,1101.71,2,True,Crédito Hipotecario|Cuenta Corriente,0,2568.37,46950.02,0.00,False,0.00,0,False,0.00,,,False,False,False,False,0,,Sin información transaccional
C000273,Cliente 0273,Mass,False,Loja,False,37,947.93,3,True,Cuenta Corriente|Cuenta de Ahorros|Tarjeta de Crédito,0,2719.18,203.08,203.08,False,2200.00,13,True,704.26,54.17,2026-08-26,False,False,False,True,1,Tech Lover,Tech Lover
C000274,Cliente 0274,PyME,False,Quito,False,36,3106.39,2,True,Crédito Hipotecario|Tarjeta de Crédito,0,0.00,82701.38,1465.75,False,8400.00,8,True,1266.39,158.30,2026-07-14,False,False,False,False,0,,Generalista
C000275,Cliente 0275,Mass,False,Guayaquil,False,24,1452.64,3,True,Crédito Hipotecario|Cuenta Corriente|Tarjeta de Crédito,0,52.64,78278.61,2053.35,False,4300.00,12,True,1344.86,112.07,2026-06-13,False,True,False,True,2,Streaming Lover|Tech Lover,Streaming Lover
C000276,Cliente 0276,Mass,False,Quito,False,41,647.57,2,True,Crédito Vehicular|Tarjeta de Crédito,0,0.00,14949.69,179.47,False,700.00,5,True,207.90,41.58,2026-07-05,False,True,False,False,1,Streaming Lover,Streaming Lover
C000277,Cliente 0277,Affluent,False,Quito,False,43,1261.04,4,True,Crédito Hipotecario|Crédito Vehicular|Crédito de Consumo|Tarjeta de Crédito,0,0.00,124716.42,416.69,False,2500.00,9,True,527.15,58.57,2026-08-26,True,False,False,False,1,Travel Lover,Travel Lover
C000278,Cliente 0278,Mass,False,Ambato,False,31,2409.96,1,False,Cuenta de Ahorros,0,5000.41,0.00,0.00,False,0.00,0,False,0.00,,,False,False,False,False,0,,Sin información transaccional
C000279,Cliente 0279,Mass,False,Cuenca,False,45,762.11,2,True,Crédito Hipotecario|Crédito de Consumo,0,0.00,50552.37,0.00,False,0.00,0,False,0.00,,,False,False,False,False,0,,Sin información transaccional
C000280,Cliente 0280,Premium,False,Loja,False,56,3491.98,2,True,Cuenta Corriente|Tarjeta de Crédito,0,13371.13,3925.78,3925.78,False,9400.00,5,True,1238.32,247.66,2026-07-05,False,False,False,False,0,,Generalista
C000281,Cliente 0281,PyME,False,Quito,False,45,2112.72,1,False,Crédito Vehicular,0,0.00,23536.47,0.00,False,0.00,0,False,0.00,,,False,False,False,False,0,,Sin información transaccional
C000282,Cliente 0282,Mass,False,Manta,False,37,1211.62,3,True,Crédito Hipotecario|Crédito de Consumo|Tarjeta de Crédito,0,0.00,134882.83,705.81,False,2500.00,13,True,1317.41,101.34,2026-08-05,False,False,False,False,0,,Generalista
C000283,Cliente 0283,Premium,False,Cuenca,False,42,4915.73,1,False,Crédito de Consumo,0,0.00,17042.73,0.00,False,0.00,0,False,0.00,,,False,False,False,False,0,,Sin información transaccional
C000284,Cliente 0284,Premium,False,Cuenca,False,65,8694.58,3,True,Crédito Hipotecario|Cuenta Corriente|Tarjeta de Crédito,0,-100.00,133675.75,18157.12,False,22900.00,10,True,5634.25,563.42,2026-08-29,False,True,False,False,1,Streaming Lover,Streaming Lover
C000285,Cliente 0285,Mass,False,Guayaquil,False,28,841.54,4,True,Crédito Hipotecario|Crédito Vehicular|Crédito de Consumo|Tarjeta de Crédito,0,0.00,91440.47,569.18,False,1400.00,11,True,394.46,35.86,2026-07-21,False,False,True,False,1,Food Lover,Food Lover
C000286,Cliente 0286,PyME,False,Quito,False,42,1933.85,3,True,Crédito Hipotecario|Cuenta de Ahorros|Tarjeta de Crédito,0,5912.43,95093.76,2145.39,False,4400.00,5,True,322.85,64.57,2025-04-29,False,False,False,False,0,,Generalista
C000287,Cliente 0287,Premium,False,Guayaquil,False,25,3735.51,2,True,Crédito de Consumo|Tarjeta de Crédito,0,0.00,11032.26,454.10,False,4400.00,11,True,3328.41,302.58,2026-04-04,False,False,True,True,2,Food Lover|Tech Lover,Tech Lover
C000288,Cliente 0288,Mass,True,Guayaquil,False,25,658.77,4,True,Crédito Vehicular|Crédito de Consumo|Cuenta de Ahorros|Tarjeta de Crédito,0,1655.51,12258.43,31.12,False,1500.00,11,True,928.04,84.37,2026-08-28,False,False,False,False,0,,Generalista
C000289,Cliente 0289,Joven,False,Loja,False,26,545.63,1,False,Tarjeta de Crédito,0,0.00,354.87,354.87,False,600.00,11,True,446.33,40.58,2026-08-07,False,True,False,False,1,Streaming Lover,Streaming Lover
C000290,Cliente 0290,Mass,False,Ambato,False,47,1427.00,2,True,Crédito Hipotecario|Tarjeta de Crédito,0,0.00,93790.16,1501.19,False,3900.00,13,True,1574.47,121.11,2026-08-10,False,False,False,True,1,Tech Lover,Tech Lover
C000291,Cliente 0291,Mass,False,Quito,False,35,1079.76,2,True,Crédito Vehicular|Tarjeta de Crédito,0,0.00,17650.67,559.49,False,1300.00,11,True,1150.32,104.57,2026-08-22,False,True,False,False,1,Streaming Lover,Streaming Lover
C000292,Cliente 0292,Mass,False,Cuenca,False,33,366.30,2,True,Cuenta de Ahorros|Tarjeta de Crédito,0,1473.68,217.39,217.39,False,700.00,13,True,395.80,30.45,2026-07-01,False,False,False,False,0,,Generalista
C000293,Cliente 0293,Mass,False,Guayaquil,False,48,751.24,3,True,Crédito de Consumo|Cuenta Corriente|Tarjeta de Crédito,0,1115.55,5787.91,419.79,False,1800.00,8,True,387.96,48.49,2026-05-30,False,False,True,False,1,Food Lover,Food Lover
C000294,Cliente 0294,Joven,False,Guayaquil,False,42,544.70,3,True,Crédito Vehicular|Cuenta de Ahorros|Tarjeta de Crédito,0,2540.72,7405.29,385.03,False,1400.00,7,True,170.48,24.35,2026-06-28,False,False,False,False,0,,Generalista
C000295,Cliente 0295,Mass,False,Ambato,False,48,610.83,3,True,Crédito de Consumo|Cuenta Corriente|Tarjeta de Crédito,0,1360.73,5944.71,171.99,False,1100.00,4,True,95.94,23.98,2025-05-07,False,False,False,True,1,Tech Lover,Tech Lover
C000296,Cliente 0296,Premium,False,Quito,False,24,3755.33,3,True,Crédito Vehicular|Crédito de Consumo|Cuenta Corriente,0,1683.90,49709.07,0.00,False,0.00,0,False,0.00,,,False,False,False,False,0,,Sin información transaccional
C000297,Cliente 0297,Premium,False,Manta,False,23,3243.76,2,True,Crédito de Consumo|Tarjeta de Crédito,0,0.00,2435.66,1069.46,False,3500.00,10,True,3337.03,333.70,2026-07-28,False,False,True,False,1,Food Lover,Food Lover
C000298,Cliente 0298,Joven,False,Manta,False,18,785.54,1,False,Crédito Hipotecario,0,0.00,81245.93,0.00,False,0.00,0,False,0.00,,,False,False,False,False,0,,Sin información transaccional
C000299,Cliente 0299,Premium,False,Guayaquil,False,29,4386.72,4,True,Crédito de Consumo|Cuenta Corriente|Cuenta de Ahorros|Tarjeta de Crédito,0,14530.40,19009.29,2557.10,False,8100.00,14,True,5062.84,361.63,2026-08-14,True,False,False,False,1,Travel Lover,Travel Lover
C000300,Cliente 0300,Mass,False,Quito,False,34,743.79,2,True,Crédito de Consumo|Tarjeta de Crédito,0,0.00,8222.39,531.23,False,800.00,10,True,486.07,48.61,2026-08-10,False,False,False,True,1,Tech Lover,Tech Lover
C000301,Cliente 0301,Joven,False,Cuenca,False,59,365.79,2,True,Crédito Vehicular|Tarjeta de Crédito,0,0.00,25697.54,0.00,False,800.00,13,True,294.27,22.64,2026-07-29,False,False,True,False,1,Food Lover,Food Lover
C000302,Cliente 0302,Mass,False,Guayaquil,False,51,1101.08,1,False,Crédito de Consumo,0,0.00,6309.13,0.00,False,0.00,0,False,0.00,,,False,False,False,False,0,,Sin información transaccional
C000303,Cliente 0303,Affluent,False,Guayaquil,False,46,2031.33,2,True,Crédito Vehicular|Tarjeta de Crédito,0,0.00,23848.26,1777.23,False,4800.00,4,True,467.27,116.82,2026-07-08,False,False,False,False,0,,Generalista
C000304,Cliente 0304,Joven,False,Guayaquil,False,40,606.73,1,False,Tarjeta de Crédito,0,0.00,173.87,173.87,False,700.00,9,True,361.23,40.14,2026-03-25,False,False,True,False,1,Food Lover,Food Lover
C000305,Cliente 0305,Mass,False,Guayaquil,False,60,941.84,3,True,Cuenta Corriente|Cuenta de Ahorros|Tarjeta de Crédito,0,4809.59,254.19,254.19,False,1200.00,14,True,913.89,65.28,2026-07-09,False,False,True,False,1,Food Lover,Food Lover
C000306,Cliente 0306,Premium,False,Quito,False,42,3837.12,2,True,Crédito de Consumo|Tarjeta de Crédito,0,0.00,25761.11,1162.71,False,6700.00,14,True,2337.11,166.94,2026-08-30,False,False,False,False,0,,Generalista
C000307,Cliente 0307,Premium,False,Guayaquil,False,58,4532.63,2,True,Cuenta de Ahorros|Tarjeta de Crédito,0,18859.15,4128.39,4128.39,False,11100.00,4,True,1245.08,311.27,2026-07-03,False,False,False,False,0,,Generalista
C000308,Cliente 0308,Affluent,False,Guayaquil,False,35,2728.00,4,True,Crédito Hipotecario|Crédito Vehicular|Crédito de Consumo|Cuenta de Ahorros,0,5512.77,92012.92,0.00,False,0.00,0,False,0.00,,,False,False,False,False,0,,Sin información transaccional
C000309,Cliente 0309,Affluent,False,Quito,False,35,3795.65,1,False,Crédito de Consumo,0,0.00,4209.65,0.00,False,0.00,0,False,0.00,,,False,False,False,False,0,,Sin información transaccional
C000310,Cliente 0310,Mass,False,Cuenca,False,46,668.95,1,False,Crédito Hipotecario,0,0.00,75843.97,0.00,False,0.00,0,False,0.00,,,False,False,False,False,0,,Sin información transaccional
C000311,Cliente 0311,Affluent,False,Guayaquil,False,39,1966.45,3,True,Crédito Vehicular|Cuenta Corriente|Tarjeta de Crédito,0,8121.28,25431.99,284.40,False,2000.00,13,True,1842.97,141.77,2026-06-26,True,False,True,False,2,Travel Lover|Food Lover,Food Lover
C000312,Cliente 0312,Mass,True,Quito,False,21,901.93,4,True,Crédito Vehicular|Crédito de Consumo|Cuenta Corriente|Tarjeta de Crédito,0,810.79,31398.59,769.73,False,2000.00,11,True,532.40,48.40,2026-07-30,True,False,True,False,2,Travel Lover|Food Lover,Travel Lover
C000313,Cliente 0313,Mass,False,Quito,False,60,925.40,3,True,Cuenta Corriente|Cuenta de Ahorros|Tarjeta de Crédito,0,4081.71,760.90,760.90,False,2600.00,9,True,726.07,80.67,2026-04-05,False,False,False,False,0,,Generalista
C000314,Cliente 0314,Premium,False,Loja,False,18,3769.96,1,False,Cuenta Corriente,0,3296.55,0.00,0.00,False,0.00,0,False,0.00,,,False,False,False,False,0,,Sin información transaccional
C000315,Cliente 0315,Mass,False,Quito,False,33,992.60,1,False,Crédito Hipotecario,0,0.00,100333.79,0.00,False,0.00,0,False,0.00,,,False,False,False,False,0,,Sin información transaccional
C000316,Cliente 0316,Mass,False,Quito,False,34,984.58,2,True,Cuenta Corriente|Tarjeta de Crédito,0,883.53,985.53,985.53,False,1700.00,4,True,272.87,68.22,2026-07-03,False,False,False,True,1,Tech Lover,Tech Lover
C000317,Cliente 0317,Premium,False,Guayaquil,False,50,2356.15,1,False,Tarjeta de Crédito,0,0.00,2622.11,2622.11,False,6400.00,9,True,1152.35,128.04,2026-07-02,False,False,True,False,1,Food Lover,Food Lover
C000318,Cliente 0318,Mass,False,Ambato,False,42,1264.31,2,True,Cuenta de Ahorros|Tarjeta de Crédito,0,1164.43,958.63,958.63,False,2400.00,10,True,683.03,68.30,2026-08-26,True,False,False,False,1,Travel Lover,Travel Lover
C000319,Cliente 0319,Mass,False,Guayaquil,False,34,552.26,4,True,Crédito Hipotecario|Crédito Vehicular|Crédito de Consumo|Tarjeta de Crédito,0,0.00,153331.10,357.08,False,1200.00,14,True,543.17,38.80,2026-08-22,False,False,False,False,0,,Generalista
C000320,Cliente 0320,Mass,False,Guayaquil,False,22,1914.69,1,False,Tarjeta de Crédito,0,0.00,917.64,917.64,False,2400.00,5,True,1646.33,329.27,2026-03-17,False,False,False,True,1,Tech Lover,Tech Lover
C000321,Cliente 0321,Mass,False,Guayaquil,False,51,751.80,2,True,Crédito Hipotecario|Tarjeta de Crédito,0,0.00,88720.56,198.47,False,900.00,13,True,629.23,48.40,2026-06-06,False,False,True,False,1,Food Lover,Food Lover
C000322,Cliente 0322,Affluent,False,Quito,False,40,1897.67,3,True,Crédito Vehicular|Cuenta de Ahorros|Tarjeta de Crédito,0,4724.62,18722.41,1566.10,False,3200.00,14,True,1882.28,134.45,2026-08-02,True,False,False,False,1,Travel Lover,Travel Lover
C000323,Cliente 0323,Joven,False,Guayaquil,False,22,627.83,1,False,Crédito Vehicular,0,0.00,20091.71,0.00,False,0.00,0,False,0.00,,,False,False,False,False,0,,Sin información transaccional
C000324,Cliente 0324,Mass,False,Manta,False,38,719.65,2,True,Crédito de Consumo|Tarjeta de Crédito,0,0.00,8241.40,560.00,False,800.00,8,True,245.36,30.67,2026-07-25,False,False,True,False,1,Food Lover,Food Lover
C000325,Cliente 0325,Joven,False,Quito,False,35,459.53,3,True,Crédito Hipotecario|Crédito de Consumo|Tarjeta de Crédito,0,0.00,35057.15,187.20,False,900.00,8,True,157.90,19.74,2026-07-25,False,False,False,False,0,,Generalista
C000326,Cliente 0326,Affluent,False,Quito,False,39,2323.50,3,True,Crédito Hipotecario|Cuenta de Ahorros|Tarjeta de Crédito,0,4886.57,76063.00,0.00,False,3300.00,12,True,1848.81,154.07,2026-08-15,True,False,False,False,1,Travel Lover,Travel Lover
C000327,Cliente 0327,Mass,False,Cuenca,False,45,1028.70,2,True,Cuenta Corriente|Tarjeta de Crédito,0,-46.03,243.92,243.92,False,1800.00,12,True,837.20,69.77,2026-08-05,True,False,False,False,1,Travel Lover,Travel Lover
C000328,Cliente 0328,Joven,False,Cuenca,False,35,603.41,3,True,Crédito Hipotecario|Crédito Vehicular|Cuenta Corriente,0,1776.77,22146.55,0.00,False,0.00,0,False,0.00,,,False,False,False,False,0,,Sin información transaccional
C000329,Cliente 0329,Mass,False,Guayaquil,False,27,843.23,3,True,Crédito de Consumo|Cuenta Corriente|Cuenta de Ahorros,0,4411.76,2488.71,0.00,False,0.00,0,False,0.00,,,False,False,False,False,0,,Sin información transaccional
C000330,Cliente 0330,Mass,False,Quito,False,45,413.57,2,True,Crédito Vehicular|Tarjeta de Crédito,0,0.00,11095.92,464.60,False,1200.00,6,True,154.76,25.79,2026-03-06,True,False,False,False,1,Travel Lover,Travel Lover
C000331,Cliente 0331,Mass,False,Guayaquil,False,34,968.27,4,True,Crédito Vehicular|Cuenta Corriente|Cuenta de Ahorros|Tarjeta de Crédito,0,7386.89,16509.42,437.77,False,1000.00,10,True,595.25,59.52,2026-04-23,False,True,True,False,2,Streaming Lover|Food Lover,Food Lover
C000332,Cliente 0332,Affluent,False,Guayaquil,False,47,2804.31,4,True,Crédito Hipotecario|Crédito de Consumo|Cuenta de Ahorros|Tarjeta de Crédito,0,10004.66,137974.59,1475.39,False,3400.00,12,True,2702.69,225.22,2026-06-20,False,False,False,False,0,,Generalista
C000333,Cliente 0333,Premium,True,Cuenca,False,34,5129.15,3,True,Crédito Vehicular|Cuenta Corriente|Tarjeta de Crédito,0,7826.01,23986.21,6847.86,False,13900.00,9,True,1978.64,219.85,2026-07-31,False,False,False,False,0,,Generalista
C000334,Cliente 0334,Mass,False,Guayaquil,False,48,788.87,1,False,Tarjeta de Crédito,0,0.00,434.95,434.95,False,1800.00,9,True,251.02,27.89,2026-08-29,False,False,True,True,2,Food Lover|Tech Lover,Food Lover
C000335,Cliente 0335,PyME,False,Cuenca,False,43,3355.55,3,True,Crédito Vehicular|Crédito de Consumo|Tarjeta de Crédito,0,0.00,38398.07,2347.73,False,5100.00,9,True,2244.43,249.38,2026-08-24,False,False,False,True,1,Tech Lover,Tech Lover
C000336,Cliente 0336,Mass,False,Guayaquil,False,37,835.43,3,True,Crédito Hipotecario|Cuenta de Ahorros|Tarjeta de Crédito,0,1610.43,60436.35,596.10,False,1300.00,7,True,229.01,32.72,2026-07-18,False,False,False,True,1,Tech Lover,Tech Lover
C000337,Cliente 0337,Affluent,True,Quito,False,41,1778.52,2,True,Crédito de Consumo|Tarjeta de Crédito,0,0.00,12168.89,709.37,False,2400.00,9,True,802.67,89.19,2026-07-28,False,False,False,False,0,,Generalista
C000338,Cliente 0338,Mass,False,Quito,False,34,1337.42,2,True,Cuenta de Ahorros|Tarjeta de Crédito,0,3177.04,1885.98,1885.98,False,3700.00,13,True,1113.70,85.67,2026-08-29,False,True,False,False,1,Streaming Lover,Streaming Lover
C000339,Cliente 0339,Premium,False,Quito,False,38,4009.34,3,True,Cuenta Corriente|Cuenta de Ahorros|Tarjeta de Crédito,0,11111.90,1244.76,1244.76,False,9700.00,4,True,492.02,123.00,2026-06-05,False,False,False,False,0,,Generalista
C000340,Cliente 0340,Affluent,True,Guayaquil,False,40,1902.78,2,True,Crédito Vehicular|Tarjeta de Crédito,0,0.00,16905.69,573.62,False,2200.00,13,True,2284.77,175.75,2026-08-18,False,False,False,False,0,,Generalista
C000341,Cliente 0341,Mass,False,Ambato,False,31,860.36,2,True,Cuenta de Ahorros|Tarjeta de Crédito,0,1138.38,251.67,251.67,False,2400.00,4,True,150.57,37.64,2026-07-18,False,False,False,False,0,,Generalista
C000342,Cliente 0342,Mass,False,Cuenca,False,37,705.84,2,True,Cuenta Corriente|Tarjeta de Crédito,0,888.83,471.77,471.77,False,1100.00,9,True,297.17,33.02,2026-08-28,False,True,False,False,1,Streaming Lover,Streaming Lover
C000343,Cliente 0343,PyME,False,Quito,False,33,5926.01,3,True,Cuenta Corriente|Cuenta de Ahorros|Tarjeta de Crédito,0,39057.30,6375.55,6375.55,False,16600.00,7,True,2138.80,305.54,2026-08-12,False,False,False,True,1,Tech Lover,Tech Lover
C000344,Cliente 0344,PyME,False,Cuenca,False,41,4594.33,3,True,Crédito Hipotecario|Cuenta Corriente|Tarjeta de Crédito,0,8326.59,77213.00,2670.86,False,8300.00,7,True,3956.23,565.18,2026-06-06,False,False,False,False,0,,Generalista
C000345,Cliente 0345,PyME,False,Quito,False,36,1694.63,3,True,Crédito de Consumo|Cuenta Corriente|Tarjeta de Crédito,0,2896.30,17263.13,2703.95,False,4000.00,11,True,1663.16,151.20,2026-08-18,False,False,True,False,1,Food Lover,Food Lover
C000346,Cliente 0346,Mass,False,Guayaquil,False,55,1309.99,2,True,Crédito de Consumo|Tarjeta de Crédito,0,0.00,4611.70,1034.50,False,1700.00,4,True,514.22,128.56,2026-05-12,False,False,False,False,0,,Generalista
C000347,Cliente 0347,Mass,False,Guayaquil,False,40,588.77,3,True,Crédito Hipotecario|Cuenta Corriente|Tarjeta de Crédito,0,1300.39,91899.57,228.83,False,900.00,8,True,253.62,31.70,2026-08-04,False,False,False,False,0,,Generalista
C000348,Cliente 0348,Affluent,False,Guayaquil,False,43,4111.28,2,True,Cuenta Corriente|Tarjeta de Crédito,0,23375.14,1939.99,1939.99,False,6700.00,11,True,2037.37,185.22,2026-07-11,False,False,True,False,1,Food Lover,Food Lover
C000349,Cliente 0349,Mass,True,Guayaquil,False,26,1247.85,2,True,Crédito Vehicular|Tarjeta de Crédito,0,0.00,17631.89,509.68,False,2200.00,12,True,938.31,78.19,2026-08-21,False,False,True,False,1,Food Lover,Food Lover
C000350,Cliente 0350,Joven,False,Ambato,False,51,633.22,2,True,Crédito Vehicular|Cuenta de Ahorros,0,-100.00,6112.92,0.00,False,0.00,0,False,0.00,,,False,False,False,False,0,,Sin información transaccional
C000351,Cliente 0351,Mass,False,Loja,False,60,629.39,2,True,Cuenta de Ahorros|Tarjeta de Crédito,0,1810.60,72.79,72.79,False,700.00,8,True,474.62,59.33,2026-07-07,False,False,False,True,1,Tech Lover,Tech Lover
C000352,Cliente 0352,Mass,False,Cuenca,False,39,1364.83,3,True,Crédito Hipotecario|Crédito Vehicular|Cuenta de Ahorros,0,980.45,71341.13,0.00,False,0.00,0,False,0.00,,,False,False,False,False,0,,Sin información transaccional
C000353,Cliente 0353,PyME,False,Guayaquil,False,18,1420.51,1,False,Crédito de Consumo,0,0.00,12646.75,0.00,False,0.00,0,False,0.00,,,False,False,False,False,0,,Sin información transaccional
C000354,Cliente 0354,Affluent,False,Loja,False,32,1703.34,3,True,Crédito Vehicular|Cuenta Corriente|Cuenta de Ahorros,0,5687.49,16429.02,0.00,False,0.00,0,False,0.00,,,False,False,False,False,0,,Sin información transaccional
C000355,Cliente 0355,Joven,False,Guayaquil,False,40,798.77,1,False,Crédito de Consumo,0,0.00,3353.64,0.00,False,0.00,0,False,0.00,,,False,False,False,False,0,,Sin información transaccional
C000356,Cliente 0356,Mass,False,Manta,False,38,559.96,3,True,Crédito Hipotecario|Crédito de Consumo|Tarjeta de Crédito,0,0.00,112915.15,413.95,False,800.00,13,True,393.21,30.25,2026-08-12,False,False,True,False,1,Food Lover,Food Lover
C000357,Cliente 0357,Mass,False,Ambato,False,41,530.21,1,False,Tarjeta de Crédito,0,0.00,600.32,600.32,False,1300.00,5,True,185.75,37.15,2026-03-27,False,False,False,False,0,,Generalista
C000358,Cliente 0358,Premium,False,Guayaquil,False,42,2072.26,3,True,Crédito Hipotecario|Crédito Vehicular|Tarjeta de Crédito,0,0.00,93761.97,0.00,False,3600.00,11,True,1367.26,124.30,2026-08-31,False,False,True,False,1,Food Lover,Food Lover
C000359,Cliente 0359,Mass,False,Quito,False,43,851.19,3,True,Crédito Hipotecario|Crédito Vehicular|Tarjeta de Crédito,0,0.00,88145.97,774.00,False,1500.00,13,True,610.25,46.94,2026-08-25,False,False,False,False,0,,Generalista
C000360,Cliente 0360,Mass,False,Guayaquil,False,24,599.10,4,True,Crédito Hipotecario|Cuenta Corriente|Cuenta de Ahorros|Tarjeta de Crédito,0,773.33,87780.42,952.96,False,1800.00,8,True,160.64,20.08,2026-06-01,True,False,False,False,1,Travel Lover,Travel Lover
C000361,Cliente 0361,Premium,False,Guayaquil,False,55,2979.86,2,True,Crédito Vehicular|Tarjeta de Crédito,0,0.00,19422.44,1218.07,False,5500.00,14,True,2248.10,160.58,2026-08-16,True,False,False,False,1,Travel Lover,Travel Lover
C000362,Cliente 0362,Affluent,False,Guayaquil,False,47,2527.46,3,True,Crédito de Consumo|Cuenta de Ahorros|Tarjeta de Crédito,0,5647.29,8545.46,1294.05,False,5900.00,8,True,654.66,81.83,2026-06-11,False,False,False,False,0,,Generalista
C000363,Cliente 0363,Affluent,False,Guayaquil,False,42,1872.54,2,True,Crédito Vehicular|Crédito de Consumo,0,0.00,26844.95,0.00,False,0.00,0,False,0.00,,,False,False,False,False,0,,Sin información transaccional
C000364,Cliente 0364,Mass,False,Quito,False,29,1063.68,3,True,Crédito Vehicular|Crédito de Consumo|Tarjeta de Crédito,0,0.00,24341.83,196.59,False,2000.00,7,True,828.13,118.30,2026-07-20,False,False,False,False,0,,Generalista
C000365,Cliente 0365,Mass,False,Quito,False,29,1128.69,1,False,Crédito de Consumo,0,0.00,4024.88,0.00,False,0.00,0,False,0.00,,,False,False,False,False,0,,Sin información transaccional
C000366,Cliente 0366,Mass,False,Guayaquil,False,34,840.88,1,False,Crédito Hipotecario,0,0.00,76404.52,0.00,False,0.00,0,False,0.00,,,False,False,False,False,0,,Sin información transaccional
C000367,Cliente 0367,Joven,False,Quito,False,22,785.39,3,True,Crédito de Consumo|Cuenta de Ahorros|Tarjeta de Crédito,0,1278.74,3677.00,148.80,False,2200.00,14,True,849.32,60.67,2026-06-22,False,False,False,True,1,Tech Lover,Tech Lover
C000368,Cliente 0368,Mass,True,Loja,False,30,653.21,4,True,Crédito Hipotecario|Crédito de Consumo|Cuenta de Ahorros|Tarjeta de Crédito,0,1044.00,84210.64,522.73,False,900.00,9,True,414.78,46.09,2026-08-21,False,False,False,False,0,,Generalista
C000369,Cliente 0369,Affluent,False,Cuenca,False,42,2964.95,1,False,Crédito de Consumo,0,0.00,9521.71,0.00,False,0.00,0,False,0.00,,,False,False,False,False,0,,Sin información transaccional
C000370,Cliente 0370,PyME,False,Guayaquil,False,58,3180.36,2,True,Cuenta Corriente|Tarjeta de Crédito,0,11075.41,1886.26,1886.26,False,9500.00,7,True,1548.34,221.19,2026-08-26,False,True,False,False,1,Streaming Lover,Streaming Lover
C000371,Cliente 0371,Mass,False,Guayaquil,False,19,1332.89,2,True,Crédito Hipotecario|Tarjeta de Crédito,0,0.00,86751.36,334.91,False,1800.00,11,True,767.31,69.76,2026-08-21,False,False,True,False,1,Food Lover,Food Lover
C000372,Cliente 0372,Affluent,False,Guayaquil,False,40,1688.49,2,True,Cuenta Corriente|Cuenta de Ahorros,0,12692.16,0.00,0.00,False,0.00,0,False,0.00,,,False,False,False,False,0,,Sin información transaccional
C000373,Cliente 0373,Mass,False,Guayaquil,False,32,1150.24,1,False,Crédito de Consumo,0,0.00,6015.18,0.00,False,0.00,0,False,0.00,,,False,False,False,False,0,,Sin información transaccional
C000374,Cliente 0374,Mass,False,Cuenca,False,43,719.00,2,True,Crédito Hipotecario|Tarjeta de Crédito,0,0.00,114707.63,365.42,False,700.00,6,True,170.85,28.47,2026-08-26,True,False,False,False,1,Travel Lover,Travel Lover
C000375,Cliente 0375,Mass,True,Quito,False,48,671.40,2,True,Crédito Vehicular|Tarjeta de Crédito,0,0.00,21378.02,166.08,False,1100.00,13,True,630.52,48.50,2026-07-31,False,False,True,False,1,Food Lover,Food Lover
C000376,Cliente 0376,Premium,False,Guayaquil,False,46,1741.64,2,True,Cuenta de Ahorros|Tarjeta de Crédito,0,9687.70,1236.01,1236.01,False,4700.00,14,True,1763.15,125.94,2026-07-22,False,False,False,False,0,,Generalista
C000377,Cliente 0377,Premium,False,Quito,False,27,4698.34,2,True,Crédito Vehicular|Tarjeta de Crédito,0,0.00,21647.26,2182.18,False,8300.00,13,True,2976.56,228.97,2026-08-16,False,False,False,False,0,,Generalista
C000378,Cliente 0378,Joven,False,Cuenca,False,37,553.56,2,True,Cuenta de Ahorros|Tarjeta de Crédito,0,3097.26,0.00,0.00,False,1300.00,5,True,180.16,36.03,2025-07-30,False,False,False,False,0,,Generalista
C000379,Cliente 0379,Mass,False,Ambato,False,41,663.09,3,True,Crédito Vehicular|Crédito de Consumo|Tarjeta de Crédito,0,0.00,16285.90,256.03,False,1200.00,4,True,70.66,17.66,2026-05-27,False,False,False,False,0,,Generalista
C000380,Cliente 0380,Mass,False,Cuenca,False,22,1214.19,2,True,Crédito Vehicular|Tarjeta de Crédito,0,0.00,23719.44,608.15,False,2600.00,9,True,692.40,76.93,2026-03-20,True,False,False,False,1,Travel Lover,Travel Lover
C000381,Cliente 0381,Affluent,True,Guayaquil,False,26,1530.46,2,True,Crédito Vehicular|Tarjeta de Crédito,0,0.00,28072.97,1079.21,False,3300.00,4,True,474.65,118.66,2026-07-22,False,True,False,False,1,Streaming Lover,Streaming Lover
C000382,Cliente 0382,Premium,False,Loja,False,39,4263.31,4,True,Crédito Hipotecario|Crédito Vehicular|Cuenta de Ahorros|Tarjeta de Crédito,0,6165.71,136138.91,2526.10,False,12200.00,4,True,1895.44,473.86,2026-01-30,False,False,False,False,0,,Generalista
C000383,Cliente 0383,Mass,False,Guayaquil,False,31,1038.79,1,False,Tarjeta de Crédito,0,0.00,1517.34,1517.34,False,2900.00,10,True,604.80,60.48,2026-06-17,False,False,True,False,1,Food Lover,Food Lover
C000384,Cliente 0384,Mass,False,Guayaquil,False,39,769.73,3,True,Crédito Vehicular|Cuenta de Ahorros|Tarjeta de Crédito,0,2545.40,31518.11,719.78,False,2200.00,9,True,188.96,21.00,2026-08-14,False,False,False,False,0,,Generalista
C000385,Cliente 0385,Affluent,False,Guayaquil,False,42,3141.00,3,True,Crédito de Consumo|Cuenta Corriente|Tarjeta de Crédito,0,-100.00,15028.80,3524.34,False,4900.00,7,True,1411.34,201.62,2026-04-22,True,False,False,False,1,Travel Lover,Travel Lover
C000386,Cliente 0386,Premium,False,Guayaquil,False,27,4837.81,1,False,Cuenta de Ahorros,0,8320.06,0.00,0.00,False,0.00,0,False,0.00,,,False,False,False,False,0,,Sin información transaccional
C000387,Cliente 0387,Mass,False,Guayaquil,False,24,1337.39,2,True,Crédito Vehicular|Tarjeta de Crédito,0,0.00,20171.82,1497.35,False,1900.00,11,True,1018.44,92.59,2026-06-21,False,False,False,False,0,,Generalista
C000388,Cliente 0388,Mass,False,Quito,False,46,853.29,2,True,Crédito Vehicular|Tarjeta de Crédito,0,0.00,19078.85,440.05,False,1500.00,5,True,172.72,34.54,2026-04-04,False,False,False,False,0,,Generalista
C000389,Cliente 0389,PyME,False,Ambato,False,32,3594.14,3,True,Crédito Hipotecario|Cuenta de Ahorros|Tarjeta de Crédito,0,13109.47,154116.98,90.85,False,4000.00,7,True,3258.79,465.54,2026-06-17,False,False,False,False,0,,Generalista
C000390,Cliente 0390,Affluent,False,Cuenca,False,46,1620.32,2,True,Crédito de Consumo|Tarjeta de Crédito,0,0.00,14386.93,1439.62,False,3600.00,12,True,1045.41,87.12,2026-08-01,True,False,False,False,1,Travel Lover,Travel Lover
C000391,Cliente 0391,Mass,False,Ambato,False,25,1490.78,3,True,Crédito Hipotecario|Cuenta Corriente|Tarjeta de Crédito,0,3915.72,85213.46,931.53,False,1700.00,9,True,504.97,56.11,2026-08-26,True,False,False,False,1,Travel Lover,Travel Lover
C000392,Cliente 0392,PyME,False,Cuenca,False,25,1756.96,4,True,Crédito de Consumo|Cuenta Corriente|Cuenta de Ahorros|Tarjeta de Crédito,0,7153.49,5697.78,396.27,False,3500.00,9,True,898.06,99.78,2026-04-12,False,True,False,False,1,Streaming Lover,Streaming Lover
C000393,Cliente 0393,Mass,True,Guayaquil,False,30,1408.42,4,True,Crédito Hipotecario|Cuenta Corriente|Cuenta de Ahorros|Tarjeta de Crédito,0,3391.58,56336.99,752.79,False,2300.00,10,True,1616.52,161.65,2026-06-02,False,False,True,False,1,Food Lover,Food Lover
C000394,Cliente 0394,Affluent,False,Quito,False,33,2583.03,2,True,Cuenta de Ahorros|Tarjeta de Crédito,0,2188.47,1555.78,1555.78,False,5900.00,14,True,3053.26,218.09,2026-04-04,True,False,False,False,1,Travel Lover,Travel Lover
C000395,Cliente 0395,Joven,False,Cuenca,False,47,594.63,3,True,Crédito Hipotecario|Crédito de Consumo|Tarjeta de Crédito,0,0.00,92786.72,1166.16,False,1500.00,11,True,554.58,50.42,2026-07-17,False,True,False,False,1,Streaming Lover,Streaming Lover
C000396,Cliente 0396,Affluent,False,Guayaquil,False,63,2016.23,3,True,Crédito Vehicular|Cuenta Corriente|Tarjeta de Crédito,0,10259.80,2875.10,0.00,False,4000.00,7,True,917.33,131.05,2026-03-10,False,True,False,True,2,Streaming Lover|Tech Lover,Tech Lover
C000397,Cliente 0397,Premium,False,Guayaquil,False,67,3278.61,3,True,Crédito de Consumo|Cuenta de Ahorros|Tarjeta de Crédito,0,2768.13,24122.94,5178.59,False,8400.00,7,True,1661.72,237.39,2026-02-23,False,False,False,False,0,,Generalista
C000398,Cliente 0398,Affluent,False,Guayaquil,False,51,3645.09,1,False,Tarjeta de Crédito,0,0.00,4211.04,4211.04,False,10700.00,7,True,2107.81,301.12,2026-07-30,False,True,False,False,1,Streaming Lover,Streaming Lover
C000399,Cliente 0399,Mass,False,Quito,False,55,796.69,3,True,Crédito Hipotecario|Cuenta de Ahorros|Tarjeta de Crédito,0,2702.79,43407.86,425.11,False,1900.00,8,True,575.70,71.96,2026-06-23,False,True,False,False,1,Streaming Lover,Streaming Lover
C000400,Cliente 0400,Mass,False,Manta,False,40,1001.77,2,True,Crédito Hipotecario|Tarjeta de Crédito,0,0.00,121300.79,0.00,False,2600.00,14,True,1267.21,90.52,2026-08-28,False,True,False,False,1,Streaming Lover,Streaming Lover
C000401,Cliente 0401,Premium,True,Guayaquil,False,32,4211.19,3,True,Cuenta Corriente|Cuenta de Ahorros|Tarjeta de Crédito,0,27455.91,1449.81,1449.81,False,8300.00,13,True,4085.28,314.25,2026-06-18,True,False,False,False,1,Travel Lover,Travel Lover
C000402,Cliente 0402,PyME,True,Guayaquil,False,42,3125.81,4,True,Crédito Hipotecario|Crédito de Consumo|Cuenta Corriente|Tarjeta de Crédito,0,8149.03,91805.72,1691.41,False,4600.00,9,True,2113.19,234.80,2026-08-22,False,False,False,False,0,,Generalista
C000403,Cliente 0403,PyME,False,Quito,False,38,3338.95,2,True,Crédito Hipotecario|Tarjeta de Crédito,0,0.00,28181.56,2038.81,False,6200.00,5,True,811.05,162.21,2026-08-02,True,False,False,False,1,Travel Lover,Travel Lover
C000404,Cliente 0404,Affluent,True,Quito,False,38,2533.56,1,False,Cuenta de Ahorros,0,3302.70,0.00,0.00,False,0.00,0,False,0.00,,,False,False,False,False,0,,Sin información transaccional
C000405,Cliente 0405,Mass,False,Guayaquil,False,35,1172.73,2,True,Crédito de Consumo|Tarjeta de Crédito,0,0.00,4300.95,1075.01,False,3400.00,4,True,245.44,61.36,2026-06-18,False,False,False,False,0,,Generalista
C000406,Cliente 0406,Affluent,False,Guayaquil,False,68,2173.31,3,True,Crédito Hipotecario|Crédito de Consumo|Tarjeta de Crédito,0,0.00,64836.60,1314.40,False,6400.00,10,True,1568.83,156.88,2026-07-29,False,False,True,False,1,Food Lover,Food Lover
C000407,Cliente 0407,Joven,False,Guayaquil,False,40,803.94,3,True,Crédito de Consumo|Cuenta de Ahorros|Tarjeta de Crédito,0,1312.48,4603.42,945.42,False,1500.00,7,True,443.16,63.31,2026-08-09,False,False,False,False,0,,Generalista
C000408,Cliente 0408,Mass,False,Quito,False,43,1026.42,2,True,Crédito Hipotecario|Tarjeta de Crédito,0,0.00,102642.90,1680.02,False,3000.00,7,True,250.80,35.83,2026-07-21,True,False,False,False,1,Travel Lover,Travel Lover
C000409,Cliente 0409,Mass,False,Quito,False,48,1408.52,2,True,Crédito Hipotecario|Tarjeta de Crédito,0,0.00,117220.24,0.00,False,2000.00,9,True,730.97,81.22,2026-08-21,False,False,False,False,0,,Generalista
C000410,Cliente 0410,Mass,False,Manta,False,41,956.06,3,True,Crédito Vehicular|Cuenta Corriente|Tarjeta de Crédito,0,1223.43,13366.44,1753.33,False,2700.00,9,True,514.82,57.20,2026-07-06,False,True,False,False,1,Streaming Lover,Streaming Lover
C000411,Cliente 0411,Joven,False,Quito,False,31,611.88,2,True,Crédito Vehicular|Cuenta de Ahorros,0,2304.22,12288.29,0.00,False,0.00,0,False,0.00,,,False,False,False,False,0,,Sin información transaccional
C000412,Cliente 0412,Joven,False,Quito,False,18,538.75,3,True,Crédito de Consumo|Cuenta Corriente|Tarjeta de Crédito,0,2728.72,4417.11,567.58,False,900.00,12,True,347.67,28.97,2026-07-27,False,False,False,False,0,,Generalista
C000413,Cliente 0413,Premium,False,Guayaquil,False,36,1720.90,2,True,Crédito de Consumo|Cuenta Corriente,0,2048.88,26618.97,0.00,False,0.00,0,False,0.00,,,False,False,False,False,0,,Sin información transaccional
C000414,Cliente 0414,Joven,True,Manta,False,37,350.00,3,True,Cuenta Corriente|Cuenta de Ahorros|Tarjeta de Crédito,0,948.83,372.67,372.67,False,800.00,14,True,411.48,29.39,2026-08-21,False,False,True,False,1,Food Lover,Food Lover
C000415,Cliente 0415,Joven,False,Quito,False,56,1008.25,3,True,Cuenta Corriente|Cuenta de Ahorros|Tarjeta de Crédito,0,3447.10,747.77,747.77,False,1100.00,7,True,299.55,42.79,2026-05-28,True,False,False,False,1,Travel Lover,Travel Lover
C000416,Cliente 0416,Mass,False,Quito,False,31,909.53,3,True,Crédito de Consumo|Cuenta de Ahorros|Tarjeta de Crédito,0,190.24,4594.17,129.17,False,2000.00,8,True,306.20,38.27,2026-08-12,False,True,False,False,1,Streaming Lover,Streaming Lover
C000417,Cliente 0417,Mass,False,Manta,False,35,1009.22,2,True,Crédito Hipotecario|Tarjeta de Crédito,0,0.00,102823.05,362.42,False,2600.00,12,True,490.77,40.90,2026-07-27,False,False,False,True,1,Tech Lover,Tech Lover
C000418,Cliente 0418,Affluent,False,Ambato,False,61,2544.37,3,True,Crédito Vehicular|Crédito de Consumo|Tarjeta de Crédito,0,0.00,28924.33,1541.28,False,6600.00,4,True,759.14,189.78,2026-08-22,False,False,False,False,0,,Generalista
C000419,Cliente 0419,Mass,False,Ambato,False,23,1341.78,1,False,Crédito de Consumo,0,0.00,6650.96,0.00,False,0.00,0,False,0.00,,,False,False,False,False,0,,Sin información transaccional
C000420,Cliente 0420,Mass,False,Guayaquil,False,44,523.23,4,True,Crédito Hipotecario|Crédito Vehicular|Cuenta de Ahorros|Tarjeta de Crédito,0,1895.22,109001.73,30.57,False,1100.00,9,True,214.70,23.86,2026-08-01,False,False,False,True,1,Tech Lover,Tech Lover
C000421,Cliente 0421,Joven,True,Guayaquil,False,41,904.42,3,True,Crédito de Consumo|Cuenta Corriente|Tarjeta de Crédito,0,1491.08,3008.92,516.49,False,2200.00,13,True,581.53,44.73,2026-07-09,False,False,False,False,0,,Generalista
C000422,Cliente 0422,Affluent,False,Ambato,False,63,1264.45,4,True,Crédito Hipotecario|Crédito de Consumo|Cuenta Corriente|Tarjeta de Crédito,0,1625.25,95934.45,1549.40,False,3100.00,7,True,553.38,79.05,2026-07-25,False,False,False,True,1,Tech Lover,Tech Lover
C000423,Cliente 0423,Affluent,False,Guayaquil,False,24,2401.35,3,True,Crédito Vehicular|Cuenta Corriente|Tarjeta de Crédito,0,1193.11,22653.59,3628.93,False,5600.00,6,True,753.16,125.53,2026-08-31,False,False,True,False,1,Food Lover,Food Lover
C000424,Cliente 0424,Mass,False,Loja,False,53,744.95,2,True,Crédito Hipotecario|Tarjeta de Crédito,0,0.00,85070.04,1360.32,False,2200.00,12,True,393.13,32.76,2026-08-31,False,False,False,False,0,,Generalista
C000425,Cliente 0425,Premium,False,Guayaquil,False,54,3745.05,2,True,Cuenta de Ahorros|Tarjeta de Crédito,0,14344.84,222.77,222.77,False,9700.00,12,True,3620.12,301.68,2026-08-23,False,False,False,False,0,,Generalista
C000426,Cliente 0426,Joven,True,Guayaquil,False,29,804.88,2,True,Crédito Hipotecario|Tarjeta de Crédito,0,0.00,106891.26,110.37,False,1800.00,6,True,260.09,43.35,2026-01-17,False,False,False,False,0,,Generalista
C000427,Cliente 0427,Affluent,False,Guayaquil,False,28,2069.57,1,False,Tarjeta de Crédito,0,0.00,1261.37,1261.37,False,6000.00,10,True,1846.74,184.67,2026-07-29,True,False,False,False,1,Travel Lover,Travel Lover
C000428,Cliente 0428,Mass,True,Guayaquil,False,25,490.90,1,False,Tarjeta de Crédito,0,0.00,589.82,589.82,False,1200.00,13,True,922.88,70.99,2026-07-18,False,False,False,True,1,Tech Lover,Tech Lover
C000429,Cliente 0429,Mass,False,Quito,False,19,877.47,3,True,Crédito Vehicular|Crédito de Consumo|Tarjeta de Crédito,0,0.00,26966.80,1734.10,False,2500.00,11,True,667.54,60.69,2026-08-24,False,False,False,False,0,,Generalista
C000430,Cliente 0430,Premium,False,Guayaquil,False,18,4528.06,3,True,Crédito Hipotecario|Crédito Vehicular|Tarjeta de Crédito,0,0.00,148650.15,3337.74,False,8700.00,13,True,2412.85,185.60,2026-05-24,True,False,True,False,2,Travel Lover|Food Lover,Food Lover
C000431,Cliente 0431,Mass,False,Guayaquil,False,46,943.23,2,True,Cuenta Corriente|Tarjeta de Crédito,0,707.28,1312.74,1312.74,False,2800.00,12,True,962.26,80.19,2026-06-22,False,False,True,True,2,Food Lover|Tech Lover,Tech Lover
C000432,Cliente 0432,Mass,False,Guayaquil,False,39,1061.42,3,True,Crédito Hipotecario|Crédito Vehicular|Tarjeta de Crédito,0,0.00,126706.84,351.16,False,1200.00,14,True,1207.34,86.24,2026-08-23,False,False,False,False,0,,Generalista
C000433,Cliente 0433,Joven,False,Guayaquil,False,22,927.25,3,True,Crédito Vehicular|Cuenta Corriente|Tarjeta de Crédito,0,1011.97,22552.62,727.42,False,1400.00,11,True,573.18,52.11,2026-03-02,False,True,False,False,1,Streaming Lover,Streaming Lover
C000434,Cliente 0434,Mass,False,Quito,False,33,1499.55,2,True,Cuenta Corriente|Tarjeta de Crédito,0,4875.16,471.74,471.74,False,1900.00,7,True,431.17,61.60,2026-08-13,True,False,False,False,1,Travel Lover,Travel Lover
C000435,Cliente 0435,Mass,False,Manta,False,32,862.79,2,True,Crédito Hipotecario|Tarjeta de Crédito,0,0.00,76630.28,196.28,False,1000.00,6,True,423.20,70.53,2026-08-08,False,True,True,False,2,Streaming Lover|Food Lover,Food Lover
C000436,Cliente 0436,Joven,False,Quito,False,66,494.76,2,True,Cuenta de Ahorros|Tarjeta de Crédito,0,2452.13,464.21,464.21,False,1000.00,4,True,179.94,44.98,2026-05-26,True,False,False,False,1,Travel Lover,Travel Lover
C000437,Cliente 0437,Mass,True,Manta,False,52,1256.27,2,True,Crédito Hipotecario|Tarjeta de Crédito,0,0.00,81819.09,99.38,False,3700.00,9,True,785.78,87.31,2026-05-25,True,False,False,True,2,Travel Lover|Tech Lover,Travel Lover
C000438,Cliente 0438,Affluent,False,Guayaquil,False,22,4394.06,3,True,Crédito Vehicular|Cuenta Corriente|Tarjeta de Crédito,0,2661.90,24839.05,2723.15,False,7700.00,6,True,1100.42,183.40,2026-06-17,False,False,False,False,0,,Generalista
C000439,Cliente 0439,Mass,False,Guayaquil,False,41,828.51,2,True,Crédito de Consumo|Tarjeta de Crédito,0,0.00,2327.13,304.12,False,1500.00,14,True,436.45,31.18,2026-08-30,True,False,False,True,2,Travel Lover|Tech Lover,Travel Lover
C000440,Cliente 0440,Mass,False,Cuenca,False,48,754.17,3,True,Crédito Hipotecario|Cuenta Corriente|Tarjeta de Crédito,0,3031.66,82562.61,470.86,False,1500.00,8,True,305.06,38.13,2026-07-12,False,False,False,False,0,,Generalista
C000441,Cliente 0441,Mass,False,Guayaquil,False,59,960.53,1,False,Crédito de Consumo,0,0.00,5836.40,0.00,False,0.00,0,False,0.00,,,False,False,False,False,0,,Sin información transaccional
C000442,Cliente 0442,Mass,False,Quito,False,52,550.99,3,True,Crédito Hipotecario|Cuenta Corriente|Cuenta de Ahorros,0,2452.05,93171.24,0.00,False,0.00,0,False,0.00,,,False,False,False,False,0,,Sin información transaccional
C000443,Cliente 0443,Mass,False,Loja,False,36,510.61,1,False,Crédito Vehicular,0,0.00,20238.40,0.00,False,0.00,0,False,0.00,,,False,False,False,False,0,,Sin información transaccional
C000444,Cliente 0444,Affluent,False,Guayaquil,False,78,1084.38,3,True,Crédito Vehicular|Cuenta Corriente|Tarjeta de Crédito,0,74.62,27018.48,1902.18,False,2800.00,8,True,428.66,53.58,2026-07-01,False,False,True,False,1,Food Lover,Food Lover
C000445,Cliente 0445,Mass,False,Quito,False,50,1295.28,3,True,Crédito Hipotecario|Crédito Vehicular|Tarjeta de Crédito,0,0.00,93017.68,901.33,False,1300.00,11,True,875.48,79.59,2026-08-11,False,False,False,False,0,,Generalista
C000446,Cliente 0446,Joven,False,Manta,False,40,659.14,1,False,Cuenta Corriente,0,-100.00,0.00,0.00,False,0.00,0,False,0.00,,,False,False,False,False,0,,Sin información transaccional
C000447,Cliente 0447,Mass,False,Quito,False,44,770.13,3,True,Crédito Hipotecario|Cuenta Corriente|Tarjeta de Crédito,0,247.20,107775.28,235.86,False,1100.00,5,True,280.62,56.12,2026-07-02,False,False,True,False,1,Food Lover,Food Lover
C000448,Cliente 0448,Affluent,False,Guayaquil,False,40,5077.41,2,True,Crédito Hipotecario|Tarjeta de Crédito,0,0.00,79600.02,4896.39,False,10800.00,14,True,7275.02,519.64,2026-07-29,False,False,False,False,0,,Generalista
C000449,Cliente 0449,Mass,True,Quito,False,18,1004.83,3,True,Crédito Hipotecario|Cuenta Corriente|Tarjeta de Crédito,0,1145.43,71783.52,1022.39,False,2500.00,12,True,880.07,73.34,2026-08-08,False,False,True,False,1,Food Lover,Food Lover
C000450,Cliente 0450,Joven,False,Quito,False,34,350.00,1,False,Cuenta de Ahorros,0,258.83,0.00,0.00,False,0.00,0,False,0.00,,,False,False,False,False,0,,Sin información transaccional
C000451,Cliente 0451,Affluent,False,Guayaquil,False,35,2421.47,3,True,Cuenta Corriente|Cuenta de Ahorros|Tarjeta de Crédito,0,6314.63,781.60,781.60,False,2700.00,6,True,816.52,136.09,2026-07-12,False,True,True,False,2,Streaming Lover|Food Lover,Food Lover
C000452,Cliente 0452,Joven,False,Quito,False,39,1218.74,2,True,Crédito de Consumo|Tarjeta de Crédito,0,0.00,4639.47,1231.82,False,2900.00,5,True,386.28,77.26,2026-07-14,False,False,False,False,0,,Generalista
C000453,Cliente 0453,Joven,False,Manta,False,39,445.25,1,False,Cuenta de Ahorros,0,1032.51,0.00,0.00,False,0.00,0,False,0.00,,,False,False,False,False,0,,Sin información transaccional
C000454,Cliente 0454,Mass,False,Cuenca,False,36,930.40,2,True,Crédito Vehicular|Cuenta Corriente,0,-100.00,14821.81,0.00,False,0.00,0,False,0.00,,,False,False,False,False,0,,Sin información transaccional
C000455,Cliente 0455,Joven,False,Cuenca,False,54,460.22,4,True,Crédito Hipotecario|Crédito de Consumo|Cuenta Corriente|Tarjeta de Crédito,0,1418.49,152807.49,177.82,False,1200.00,9,True,305.32,33.92,2026-06-19,True,False,False,False,1,Travel Lover,Travel Lover
C000456,Cliente 0456,Mass,False,Manta,False,25,1534.20,2,True,Crédito Hipotecario|Tarjeta de Crédito,0,0.00,52450.46,287.99,False,3000.00,6,True,901.73,150.29,2026-08-20,False,False,False,False,0,,Generalista
C000457,Cliente 0457,Mass,False,Manta,False,35,485.51,2,True,Crédito de Consumo|Tarjeta de Crédito,0,0.00,2211.88,0.00,False,900.00,7,True,322.51,46.07,2026-06-03,True,False,True,False,2,Travel Lover|Food Lover,Travel Lover
C000458,Cliente 0458,PyME,False,Quito,False,20,3840.77,2,True,Crédito Hipotecario|Tarjeta de Crédito,0,0.00,112317.80,2311.55,False,7700.00,10,True,1337.07,133.71,2026-08-19,False,False,False,False,0,,Generalista
C000459,Cliente 0459,Joven,False,Guayaquil,False,47,838.89,1,False,Tarjeta de Crédito,0,0.00,271.07,271.07,False,1800.00,9,True,925.06,102.78,2026-08-03,False,True,False,False,1,Streaming Lover,Streaming Lover
C000460,Cliente 0460,Premium,False,Loja,False,53,4476.51,3,True,Crédito de Consumo|Cuenta de Ahorros|Tarjeta de Crédito,0,5617.30,25424.52,3754.26,False,5900.00,6,True,1376.00,229.33,2026-04-20,False,False,False,False,0,,Generalista
C000461,Cliente 0461,Mass,False,Quito,False,28,1410.84,2,True,Crédito Vehicular|Tarjeta de Crédito,0,0.00,18789.62,1230.21,False,4200.00,9,True,702.97,78.11,2026-07-15,True,False,False,False,1,Travel Lover,Travel Lover
C000462,Cliente 0462,Joven,False,Quito,False,36,746.86,3,True,Crédito Hipotecario|Cuenta Corriente|Tarjeta de Crédito,0,1470.35,67900.53,498.93,False,1300.00,8,True,517.22,64.65,2026-07-24,False,False,False,True,1,Tech Lover,Tech Lover
C000463,Cliente 0463,Mass,False,Quito,False,35,1258.62,3,True,Cuenta Corriente|Cuenta de Ahorros|Tarjeta de Crédito,0,4881.82,769.66,769.66,False,1900.00,9,True,1084.01,120.45,2026-08-11,False,False,False,False,0,,Generalista
C000464,Cliente 0464,Premium,False,Quito,False,38,4388.54,2,True,Cuenta Corriente|Tarjeta de Crédito,0,11283.97,5808.18,5808.18,False,10500.00,14,True,3257.04,232.65,2026-07-14,False,False,False,False,0,,Generalista
C000465,Cliente 0465,Mass,False,Guayaquil,False,45,863.89,1,False,Tarjeta de Crédito,0,0.00,1066.99,1066.99,False,2500.00,7,True,354.97,50.71,2026-06-15,False,False,False,False,0,,Generalista
C000466,Cliente 0466,Mass,False,Guayaquil,False,36,766.85,1,False,Crédito de Consumo,0,0.00,5963.83,0.00,False,0.00,0,False,0.00,,,False,False,False,False,0,,Sin información transaccional
C000467,Cliente 0467,Affluent,False,Guayaquil,False,61,3237.81,4,True,Crédito Hipotecario|Cuenta Corriente|Cuenta de Ahorros|Tarjeta de Crédito,0,6618.59,57718.77,5501.22,False,7800.00,5,True,684.81,136.96,2026-06-30,False,False,False,False,0,,Generalista
C000468,Cliente 0468,Mass,False,Quito,False,42,1276.38,1,False,Crédito Hipotecario,0,0.00,61562.80,0.00,False,0.00,0,False,0.00,,,False,False,False,False,0,,Sin información transaccional
C000469,Cliente 0469,Mass,False,Quito,False,29,1250.19,1,False,Crédito Vehicular,0,0.00,22568.18,0.00,False,0.00,0,False,0.00,,,False,False,False,False,0,,Sin información transaccional
C000470,Cliente 0470,Mass,False,Quito,False,47,1118.19,1,False,Cuenta de Ahorros,0,2702.54,0.00,0.00,False,0.00,0,False,0.00,,,False,False,False,False,0,,Sin información transaccional
C000471,Cliente 0471,Affluent,False,Manta,False,37,2505.03,2,True,Crédito de Consumo|Tarjeta de Crédito,0,0.00,17390.88,964.85,False,4200.00,11,True,1640.39,149.13,2026-08-21,False,False,False,False,0,,Generalista
C000472,Cliente 0472,Affluent,False,Ambato,False,48,2995.63,2,True,Crédito Vehicular|Tarjeta de Crédito,0,0.00,23845.18,2190.98,False,7100.00,4,True,897.69,224.42,2026-08-13,False,True,False,False,1,Streaming Lover,Streaming Lover
C000473,Cliente 0473,Affluent,False,Loja,False,56,1984.74,2,True,Cuenta Corriente|Tarjeta de Crédito,0,5495.90,1909.37,1909.37,False,3800.00,9,True,1051.98,116.89,2026-08-19,True,False,False,False,1,Travel Lover,Travel Lover
C000474,Cliente 0474,Premium,False,Quito,False,56,4641.96,1,False,Crédito Vehicular,0,0.00,12906.73,0.00,False,0.00,0,False,0.00,,,False,False,False,False,0,,Sin información transaccional
C000475,Cliente 0475,Mass,False,Cuenca,False,36,1236.69,3,True,Crédito Vehicular|Cuenta Corriente|Tarjeta de Crédito,0,2927.69,14177.18,724.69,False,2700.00,8,True,490.80,61.35,2026-05-05,True,False,False,False,1,Travel Lover,Travel Lover
C000476,Cliente 0476,Mass,False,Quito,False,36,989.44,2,True,Crédito Vehicular|Crédito de Consumo,0,0.00,21997.91,0.00,False,0.00,0,False,0.00,,,False,False,False,False,0,,Sin información transaccional
C000477,Cliente 0477,Premium,False,Cuenca,False,64,3107.36,2,True,Cuenta de Ahorros|Tarjeta de Crédito,0,13843.31,3199.23,3199.23,False,8400.00,5,True,1979.21,395.84,2026-05-20,False,True,False,False,1,Streaming Lover,Streaming Lover
C000478,Cliente 0478,Mass,False,Manta,False,53,1092.95,1,False,Cuenta Corriente,0,4408.76,0.00,0.00,False,0.00,0,False,0.00,,,False,False,False,False,0,,Sin información transaccional
C000479,Cliente 0479,PyME,True,Cuenca,False,35,1033.60,2,True,Cuenta Corriente|Cuenta de Ahorros,0,2383.71,0.00,0.00,False,0.00,0,False,0.00,,,False,False,False,False,0,,Sin información transaccional
C000480,Cliente 0480,Mass,False,Cuenca,False,41,430.22,3,True,Crédito Hipotecario|Cuenta de Ahorros|Tarjeta de Crédito,0,1696.80,58909.26,140.77,False,500.00,9,True,242.93,26.99,2026-08-13,True,False,False,False,1,Travel Lover,Travel Lover
C000481,Cliente 0481,PyME,False,Quito,False,36,2467.61,2,True,Cuenta de Ahorros|Tarjeta de Crédito,0,-100.00,869.59,869.59,False,6900.00,5,True,297.62,59.52,2026-02-14,False,True,False,False,1,Streaming Lover,Streaming Lover
C000482,Cliente 0482,Affluent,False,Quito,False,32,1254.56,3,True,Crédito de Consumo|Cuenta Corriente|Tarjeta de Crédito,0,2625.40,18603.58,117.98,False,2100.00,4,True,280.92,70.23,2026-08-25,False,False,True,False,1,Food Lover,Food Lover
C000483,Cliente 0483,Affluent,False,Quito,False,31,3260.26,4,True,Crédito de Consumo|Cuenta Corriente|Cuenta de Ahorros|Tarjeta de Crédito,0,16573.59,12011.57,0.00,False,7000.00,5,True,885.49,177.10,2026-05-03,False,False,False,False,0,,Generalista
C000484,Cliente 0484,Premium,True,Guayaquil,False,39,7416.87,4,True,Crédito Hipotecario|Crédito Vehicular|Cuenta Corriente|Tarjeta de Crédito,0,-100.00,65112.80,2392.47,False,11600.00,14,True,9161.22,654.37,2026-07-28,False,True,False,False,1,Streaming Lover,Streaming Lover
C000485,Cliente 0485,Mass,False,Loja,False,18,789.07,2,True,Crédito Vehicular|Crédito de Consumo,0,0.00,21599.88,0.00,False,0.00,0,False,0.00,,,False,False,False,False,0,,Sin información transaccional
C000486,Cliente 0486,Premium,False,Guayaquil,False,53,3805.37,3,True,Crédito Hipotecario|Crédito de Consumo|Cuenta de Ahorros,0,14466.33,93886.13,0.00,False,0.00,0,False,0.00,,,False,False,False,False,0,,Sin información transaccional
C000487,Cliente 0487,Mass,False,Quito,False,23,484.15,2,True,Crédito Hipotecario|Tarjeta de Crédito,0,0.00,97101.20,613.99,False,1100.00,12,True,568.30,47.36,2026-02-22,False,True,False,False,1,Streaming Lover,Streaming Lover
C000488,Cliente 0488,Joven,False,Manta,False,47,648.72,2,True,Crédito Vehicular|Tarjeta de Crédito,0,0.00,29936.65,738.49,False,1800.00,11,True,529.02,48.09,2026-08-09,False,False,True,False,1,Food Lover,Food Lover
C000489,Cliente 0489,Mass,False,Loja,False,43,1056.60,2,True,Crédito Hipotecario|Crédito Vehicular,0,0.00,143360.49,0.00,False,0.00,0,False,0.00,,,False,False,False,False,0,,Sin información transaccional
C000490,Cliente 0490,Mass,False,Quito,False,52,1212.76,2,True,Crédito de Consumo|Cuenta de Ahorros,0,2941.92,5805.23,0.00,False,0.00,0,False,0.00,,,False,False,False,False,0,,Sin información transaccional
C000491,Cliente 0491,Mass,True,Quito,False,41,1105.28,2,True,Cuenta Corriente|Tarjeta de Crédito,0,3593.36,1357.86,1357.86,False,3300.00,13,True,1212.66,93.28,2026-07-31,False,False,True,False,1,Food Lover,Food Lover
C000492,Cliente 0492,Joven,False,Cuenca,False,40,784.97,1,False,Tarjeta de Crédito,0,0.00,599.67,599.67,False,2100.00,8,True,522.74,65.34,2026-07-07,False,False,False,False,0,,Generalista
C000493,Cliente 0493,Affluent,False,Cuenca,False,26,835.28,3,True,Crédito Vehicular|Crédito de Consumo|Tarjeta de Crédito,0,0.00,32460.73,414.82,False,1500.00,13,True,726.22,55.86,2026-08-20,False,True,False,True,2,Streaming Lover|Tech Lover,Streaming Lover
C000494,Cliente 0494,Affluent,False,Manta,False,51,2246.88,3,True,Crédito Hipotecario|Crédito de Consumo|Tarjeta de Crédito,0,0.00,91427.67,1416.88,False,5400.00,7,True,1405.03,200.72,2026-02-14,False,False,True,False,1,Food Lover,Food Lover
C000495,Cliente 0495,Affluent,False,Guayaquil,False,36,1759.52,2,True,Crédito Hipotecario|Crédito Vehicular,0,0.00,35228.02,0.00,False,0.00,0,False,0.00,,,False,False,False,False,0,,Sin información transaccional
C000496,Cliente 0496,Joven,False,Cuenca,False,28,1540.09,1,False,Tarjeta de Crédito,0,0.00,232.53,232.53,False,1700.00,7,True,1262.66,180.38,2026-05-29,True,False,True,False,2,Travel Lover|Food Lover,Travel Lover
C000497,Cliente 0497,Affluent,False,Manta,False,35,2406.38,2,True,Crédito Hipotecario|Crédito Vehicular,0,0.00,93608.03,0.00,False,0.00,0,False,0.00,,,False,False,False,False,0,,Sin información transaccional
C000498,Cliente 0498,PyME,False,Guayaquil,False,57,2783.68,2,True,Crédito de Consumo|Cuenta de Ahorros,0,4097.46,9801.99,0.00,False,0.00,0,False,0.00,,,False,False,False,False,0,,Sin información transaccional
C000499,Cliente 0499,Premium,False,Quito,False,20,4277.03,4,True,Crédito Hipotecario|Crédito Vehicular|Crédito de Consumo|Cuenta Corriente,0,14990.80,122254.80,0.00,False,0.00,0,False,0.00,,,False,False,False,False,0,,Sin información transaccional
C000500,Cliente 0500,Mass,False,Guayaquil,False,34,1206.86,2,True,Cuenta de Ahorros|Tarjeta de Crédito,0,6409.33,772.24,772.24,False,1200.00,7,True,1147.71,163.96,2025-12-05,False,True,False,False,1,Streaming Lover,Streaming Lover
C000501,Cliente 0501,Premium,False,Guayaquil,False,41,6577.22,3,True,Cuenta Corriente|Cuenta de Ahorros|Tarjeta de Crédito,0,29754.05,5539.68,5539.68,False,16500.00,7,True,1885.06,269.29,2026-06-24,False,False,False,False,0,,Generalista
C000502,Cliente 0502,Mass,False,Guayaquil,False,49,631.70,3,True,Cuenta Corriente|Cuenta de Ahorros|Tarjeta de Crédito,0,3966.76,36.28,36.28,False,1800.00,4,True,167.97,41.99,2026-05-06,False,False,False,False,0,,Generalista
C000503,Cliente 0503,PyME,False,Ambato,False,45,3104.87,2,True,Crédito Vehicular|Tarjeta de Crédito,0,0.00,23760.84,0.00,False,6100.00,5,True,459.26,91.85,2026-08-21,False,False,False,False,0,,Generalista
C000504,Cliente 0504,Mass,False,Quito,False,55,686.35,2,True,Crédito de Consumo|Tarjeta de Crédito,0,0.00,7593.22,423.51,False,1300.00,6,True,188.07,31.34,2026-05-08,False,False,False,True,1,Tech Lover,Tech Lover
C000505,Cliente 0505,Premium,False,Quito,False,50,3095.13,2,True,Cuenta Corriente|Tarjeta de Crédito,0,8242.08,1054.39,1054.39,False,6300.00,13,True,2322.15,178.63,2026-08-14,False,False,False,False,0,,Generalista
C000506,Cliente 0506,Mass,False,Quito,False,34,535.20,1,False,Tarjeta de Crédito,0,0.00,623.49,623.49,False,700.00,4,True,116.37,29.09,2026-08-10,False,False,True,False,1,Food Lover,Food Lover
C000507,Cliente 0507,Mass,True,Cuenca,False,56,1921.08,2,True,Crédito de Consumo|Tarjeta de Crédito,0,0.00,7037.99,1844.96,False,3700.00,14,True,1556.42,111.17,2026-08-29,True,False,False,False,1,Travel Lover,Travel Lover
C000508,Cliente 0508,Affluent,False,Quito,False,35,1331.37,2,True,Crédito Hipotecario|Tarjeta de Crédito,0,0.00,71022.58,1407.41,False,2000.00,8,True,514.81,64.35,2026-08-19,False,False,True,True,2,Food Lover|Tech Lover,Food Lover
C000509,Cliente 0509,Mass,False,Cuenca,False,51,727.42,1,False,Cuenta de Ahorros,0,1647.53,0.00,0.00,False,0.00,0,False,0.00,,,False,False,False,False,0,,Sin información transaccional
C000510,Cliente 0510,Mass,False,Quito,False,29,880.46,2,True,Crédito Vehicular|Tarjeta de Crédito,0,0.00,17149.42,1456.45,False,2600.00,10,True,620.05,62.00,2026-07-09,False,False,True,False,1,Food Lover,Food Lover
C000511,Cliente 0511,Mass,True,Guayaquil,False,42,859.97,2,True,Crédito de Consumo|Tarjeta de Crédito,0,0.00,3782.59,799.21,False,2200.00,11,True,1039.57,94.51,2026-06-11,False,False,True,False,1,Food Lover,Food Lover
C000512,Cliente 0512,PyME,False,Quito,False,53,2532.18,1,False,Tarjeta de Crédito,0,0.00,2950.97,2950.97,False,6600.00,7,True,923.13,131.88,2026-06-29,True,False,False,False,1,Travel Lover,Travel Lover
C000513,Cliente 0513,PyME,True,Quito,False,41,2200.13,3,True,Crédito Vehicular|Cuenta Corriente|Tarjeta de Crédito,0,6687.51,18866.46,1379.17,False,2500.00,4,True,510.75,127.69,2026-08-23,True,False,False,False,1,Travel Lover,Travel Lover
C000514,Cliente 0514,Mass,False,Quito,False,29,710.62,2,True,Crédito de Consumo|Tarjeta de Crédito,0,0.00,3565.42,837.43,False,1400.00,6,True,543.30,90.55,2026-08-24,False,False,True,False,1,Food Lover,Food Lover
C000515,Cliente 0515,Joven,False,Ambato,False,42,428.68,3,True,Crédito Hipotecario|Crédito de Consumo|Tarjeta de Crédito,0,0.00,68337.54,120.58,False,1000.00,9,True,270.02,30.00,2026-04-28,False,False,True,True,2,Food Lover|Tech Lover,Food Lover
C000516,Cliente 0516,Mass,False,Guayaquil,False,29,762.38,3,True,Crédito Vehicular|Cuenta de Ahorros|Tarjeta de Crédito,0,2436.62,21105.53,450.19,False,1200.00,13,True,853.76,65.67,2026-04-06,True,False,True,False,2,Travel Lover|Food Lover,Travel Lover
C000517,Cliente 0517,Joven,True,Quito,False,36,542.35,2,True,Cuenta Corriente|Tarjeta de Crédito,0,564.27,997.93,997.93,False,1500.00,13,True,492.76,37.90,2026-05-19,False,False,True,False,1,Food Lover,Food Lover
C000518,Cliente 0518,Mass,False,Guayaquil,False,30,428.44,3,True,Cuenta Corriente|Cuenta de Ahorros|Tarjeta de Crédito,0,4572.83,258.53,258.53,False,700.00,10,True,172.80,17.28,2026-06-02,False,False,False,True,1,Tech Lover,Tech Lover
C000519,Cliente 0519,Joven,False,Manta,False,38,627.12,2,True,Cuenta de Ahorros|Tarjeta de Crédito,0,1493.56,795.37,795.37,False,1200.00,5,True,94.92,18.98,2026-04-16,True,False,False,False,1,Travel Lover,Travel Lover
C000520,Cliente 0520,Mass,False,Cuenca,False,40,928.56,2,True,Crédito de Consumo|Tarjeta de Crédito,0,0.00,6393.35,830.84,False,2400.00,5,True,229.29,45.86,2026-08-20,False,False,False,False,0,,Generalista
C000521,Cliente 0521,Premium,False,Guayaquil,False,55,4631.87,3,True,Crédito Hipotecario|Crédito Vehicular|Cuenta de Ahorros,0,-100.00,120822.29,0.00,False,0.00,0,False,0.00,,,False,False,False,False,0,,Sin información transaccional
C000522,Cliente 0522,Mass,False,Cuenca,False,41,853.05,2,True,Cuenta Corriente|Cuenta de Ahorros,0,7544.66,0.00,0.00,False,0.00,0,False,0.00,,,False,False,False,False,0,,Sin información transaccional
C000523,Cliente 0523,Mass,True,Quito,False,45,839.22,1,False,Tarjeta de Crédito,0,0.00,290.94,290.94,False,1700.00,13,True,1270.05,97.70,2026-08-27,True,False,False,True,2,Travel Lover|Tech Lover,Travel Lover
C000524,Cliente 0524,PyME,False,Guayaquil,False,35,1382.36,3,True,Crédito Vehicular|Cuenta de Ahorros|Tarjeta de Crédito,0,5883.94,19946.60,1539.87,False,3200.00,10,True,1151.16,115.12,2026-08-16,False,True,False,False,1,Streaming Lover,Streaming Lover
C000525,Cliente 0525,Mass,False,Guayaquil,False,44,809.82,2,True,Crédito de Consumo|Tarjeta de Crédito,0,0.00,7018.34,202.78,False,900.00,11,True,542.65,49.33,2026-07-25,False,False,False,False,0,,Generalista
C000526,Cliente 0526,Mass,False,Quito,False,32,525.02,3,True,Crédito Hipotecario|Cuenta Corriente|Tarjeta de Crédito,0,380.05,68142.17,704.27,False,1500.00,12,True,243.30,20.27,2026-08-24,False,False,True,False,1,Food Lover,Food Lover
C000527,Cliente 0527,Mass,False,Quito,False,18,568.56,3,True,Crédito de Consumo|Cuenta de Ahorros|Tarjeta de Crédito,0,1785.34,1240.27,216.45,False,700.00,6,True,360.05,60.01,2026-03-18,False,False,False,False,0,,Generalista
C000528,Cliente 0528,Affluent,False,Quito,False,59,2353.61,3,True,Crédito Hipotecario|Cuenta Corriente|Tarjeta de Crédito,0,8134.50,115943.64,0.00,False,5100.00,8,True,669.63,83.70,2026-06-10,False,False,False,True,1,Tech Lover,Tech Lover
C000529,Cliente 0529,Affluent,False,Guayaquil,False,57,1497.26,3,True,Cuenta Corriente|Cuenta de Ahorros|Tarjeta de Crédito,0,6690.56,1167.17,1167.17,False,3700.00,10,True,698.00,69.80,2026-07-03,True,False,False,False,1,Travel Lover,Travel Lover
C000530,Cliente 0530,Mass,False,Quito,False,29,1482.02,2,True,Crédito Hipotecario|Cuenta Corriente,0,4128.13,38147.46,0.00,False,0.00,0,False,0.00,,,False,False,False,False,0,,Sin información transaccional
C000531,Cliente 0531,Joven,False,Quito,False,56,670.99,2,True,Crédito Hipotecario|Cuenta de Ahorros,0,525.55,63849.91,0.00,False,0.00,0,False,0.00,,,False,False,False,False,0,,Sin información transaccional
C000532,Cliente 0532,Joven,False,Guayaquil,False,20,730.45,2,True,Crédito de Consumo|Cuenta Corriente,0,1984.49,1952.89,0.00,False,0.00,0,False,0.00,,,False,False,False,False,0,,Sin información transaccional
C000533,Cliente 0533,Mass,False,Quito,False,45,766.22,3,True,Crédito Hipotecario|Crédito Vehicular|Tarjeta de Crédito,0,0.00,74433.69,323.19,False,1100.00,5,True,235.16,47.03,2026-05-30,False,False,False,False,0,,Generalista
C000534,Cliente 0534,Mass,False,Manta,False,22,1135.26,3,True,Crédito Hipotecario|Crédito de Consumo|Tarjeta de Crédito,0,0.00,74501.83,1883.52,False,3300.00,5,True,568.28,113.66,2026-03-19,False,False,False,False,0,,Generalista
C000535,Cliente 0535,Affluent,False,Quito,False,18,2732.78,3,True,Crédito de Consumo|Cuenta de Ahorros|Tarjeta de Crédito,0,4087.63,16022.12,2733.95,False,5000.00,4,True,286.79,71.70,2026-04-12,False,True,False,False,1,Streaming Lover,Streaming Lover
C000536,Cliente 0536,Mass,False,Manta,False,36,643.63,2,True,Crédito Hipotecario|Crédito Vehicular,0,0.00,135548.91,0.00,False,0.00,0,False,0.00,,,False,False,False,False,0,,Sin información transaccional
C000537,Cliente 0537,Mass,False,Loja,False,27,837.67,1,False,Tarjeta de Crédito,0,0.00,377.34,377.34,False,1200.00,9,True,527.01,58.56,2026-04-13,False,True,False,False,1,Streaming Lover,Streaming Lover
C000538,Cliente 0538,Mass,False,Guayaquil,False,44,773.91,2,True,Crédito de Consumo|Cuenta de Ahorros,0,3396.15,3287.31,0.00,False,0.00,0,False,0.00,,,False,False,False,False,0,,Sin información transaccional
C000539,Cliente 0539,Mass,False,Guayaquil,False,25,1124.80,2,True,Crédito Hipotecario|Cuenta de Ahorros,0,-100.00,137642.58,0.00,False,0.00,0,False,0.00,,,False,False,False,False,0,,Sin información transaccional
C000540,Cliente 0540,Mass,False,Guayaquil,False,41,756.61,2,True,Crédito de Consumo|Tarjeta de Crédito,0,0.00,5670.83,1280.13,False,2200.00,11,True,351.09,31.92,2026-06-27,False,False,True,False,1,Food Lover,Food Lover
C000541,Cliente 0541,Mass,False,Cuenca,False,53,882.92,2,True,Crédito Hipotecario|Tarjeta de Crédito,0,0.00,120651.60,280.23,False,1000.00,5,True,361.53,72.31,2026-08-30,False,False,False,False,0,,Generalista
C000542,Cliente 0542,Mass,False,Cuenca,False,43,1125.96,3,True,Crédito Hipotecario|Crédito Vehicular|Tarjeta de Crédito,0,0.00,74584.63,756.53,False,2700.00,8,True,1186.13,148.27,2026-08-18,True,False,False,False,1,Travel Lover,Travel Lover
C000543,Cliente 0543,Mass,False,Guayaquil,False,36,778.05,3,True,Crédito de Consumo|Cuenta Corriente|Tarjeta de Crédito,0,-100.00,6102.88,0.00,False,1200.00,9,True,469.72,52.19,2026-08-29,False,False,True,False,1,Food Lover,Food Lover
C000544,Cliente 0544,PyME,False,Cuenca,False,43,1371.56,2,True,Crédito de Consumo|Tarjeta de Crédito,0,0.00,19850.36,103.85,False,1800.00,7,True,691.81,98.83,2026-07-20,False,False,False,False,0,,Generalista
C000545,Cliente 0545,Mass,False,Guayaquil,False,46,1194.51,3,True,Crédito Hipotecario|Crédito de Consumo|Tarjeta de Crédito,0,0.00,71880.23,930.46,False,2700.00,12,True,887.18,73.93,2026-05-03,False,False,False,False,0,,Generalista
C000546,Cliente 0546,Mass,False,Manta,False,48,916.39,2,True,Crédito de Consumo|Tarjeta de Crédito,0,0.00,1539.59,225.28,False,2400.00,4,True,178.48,44.62,2025-12-24,False,False,False,False,0,,Generalista
C000547,Cliente 0547,Mass,False,Guayaquil,False,34,1212.24,1,False,Crédito de Consumo,0,0.00,4135.84,0.00,False,0.00,0,False,0.00,,,False,False,False,False,0,,Sin información transaccional
C000548,Cliente 0548,Premium,False,Guayaquil,False,33,2792.79,4,True,Crédito Hipotecario|Crédito de Consumo|Cuenta de Ahorros|Tarjeta de Crédito,0,5320.35,134214.06,1593.14,False,7200.00,10,True,1928.34,192.83,2026-08-27,False,False,True,True,2,Food Lover|Tech Lover,Food Lover
C000549,Cliente 0549,Mass,False,Cuenca,False,47,1141.13,3,True,Cuenta Corriente|Cuenta de Ahorros|Tarjeta de Crédito,0,8799.51,1731.46,1731.46,False,3000.00,11,True,553.10,50.28,2026-05-29,False,False,True,False,1,Food Lover,Food Lover
C000550,Cliente 0550,PyME,False,Manta,False,18,1666.88,1,False,Crédito de Consumo,0,0.00,12579.91,0.00,False,0.00,0,False,0.00,,,False,False,False,False,0,,Sin información transaccional
C000551,Cliente 0551,Mass,False,Cuenca,False,47,479.36,2,True,Crédito Hipotecario|Tarjeta de Crédito,0,0.00,29980.36,392.58,False,1400.00,10,True,255.70,25.57,2026-08-14,True,False,False,False,1,Travel Lover,Travel Lover
C000552,Cliente 0552,Affluent,False,Guayaquil,False,35,1993.66,2,True,Cuenta de Ahorros|Tarjeta de Crédito,0,5679.82,755.07,755.07,False,2100.00,5,True,410.27,82.05,2026-04-11,False,False,False,False,0,,Generalista
C000553,Cliente 0553,Joven,False,Ambato,False,43,469.47,1,False,Crédito de Consumo,0,0.00,4526.09,0.00,False,0.00,0,False,0.00,,,False,False,False,False,0,,Sin información transaccional
C000554,Cliente 0554,Affluent,False,Manta,False,23,2445.71,2,True,Cuenta Corriente|Tarjeta de Crédito,0,11801.65,91.24,91.24,False,3900.00,13,True,1834.13,141.09,2026-07-06,False,True,False,True,2,Streaming Lover|Tech Lover,Tech Lover
C000555,Cliente 0555,Joven,False,Quito,False,42,539.48,1,False,Crédito Vehicular,0,0.00,24358.65,0.00,False,0.00,0,False,0.00,,,False,False,False,False,0,,Sin información transaccional
C000556,Cliente 0556,Mass,False,Ambato,False,27,881.10,2,True,Cuenta Corriente|Tarjeta de Crédito,0,2110.80,1341.11,1341.11,False,1700.00,9,True,720.83,80.09,2026-08-02,False,True,False,False,1,Streaming Lover,Streaming Lover
C000557,Cliente 0557,Premium,False,Guayaquil,False,50,5055.60,2,True,Cuenta de Ahorros|Tarjeta de Crédito,0,10485.22,4545.68,4545.68,False,11900.00,10,True,3424.71,342.47,2026-07-31,False,False,False,False,0,,Generalista
C000558,Cliente 0558,Mass,False,Guayaquil,False,38,932.23,2,True,Crédito Hipotecario|Tarjeta de Crédito,0,0.00,69449.21,511.62,False,1500.00,9,True,437.17,48.57,2026-08-25,False,False,True,False,1,Food Lover,Food Lover
C000559,Cliente 0559,Mass,False,Quito,False,43,852.91,2,True,Crédito de Consumo|Tarjeta de Crédito,0,0.00,5337.56,669.78,False,1900.00,9,True,535.57,59.51,2026-02-13,False,True,False,False,1,Streaming Lover,Streaming Lover
C000560,Cliente 0560,Mass,True,Quito,False,40,884.71,2,True,Cuenta Corriente|Tarjeta de Crédito,0,2617.80,272.36,272.36,False,1000.00,8,True,593.96,74.25,2026-06-17,False,True,False,False,1,Streaming Lover,Streaming Lover
C000561,Cliente 0561,Affluent,False,Quito,False,50,2103.11,3,True,Crédito Hipotecario|Crédito de Consumo|Cuenta Corriente,0,5040.86,108387.99,0.00,False,0.00,0,False,0.00,,,False,False,False,False,0,,Sin información transaccional
C000562,Cliente 0562,Mass,False,Manta,False,22,963.67,2,True,Cuenta de Ahorros|Tarjeta de Crédito,0,3716.60,855.77,855.77,False,1800.00,13,True,916.08,70.47,2026-07-13,False,True,False,False,1,Streaming Lover,Streaming Lover
C000563,Cliente 0563,Premium,False,Guayaquil,False,59,5012.14,3,True,Crédito Hipotecario|Cuenta de Ahorros|Tarjeta de Crédito,0,2918.06,81964.93,5720.29,False,10100.00,11,True,2977.35,270.67,2026-06-25,False,False,True,False,1,Food Lover,Food Lover
C000564,Cliente 0564,Joven,False,Guayaquil,False,24,845.79,1,False,Cuenta Corriente,0,1345.93,0.00,0.00,False,0.00,0,False,0.00,,,False,False,False,False,0,,Sin información transaccional
C000565,Cliente 0565,Mass,False,Quito,False,38,1201.96,4,True,Crédito Vehicular|Crédito de Consumo|Cuenta de Ahorros|Tarjeta de Crédito,0,1310.87,14181.65,1061.53,False,2500.00,12,True,1011.00,84.25,2026-08-05,False,False,True,False,1,Food Lover,Food Lover
C000566,Cliente 0566,Joven,False,Guayaquil,False,42,735.71,2,True,Crédito Vehicular|Tarjeta de Crédito,0,0.00,13866.54,170.75,False,1800.00,7,True,261.37,37.34,2026-06-25,False,True,False,True,2,Streaming Lover|Tech Lover,Streaming Lover
C000567,Cliente 0567,Mass,False,Guayaquil,False,50,1103.12,3,True,Crédito Hipotecario|Cuenta Corriente|Tarjeta de Crédito,0,2068.10,72632.23,1361.74,False,3100.00,8,True,414.33,51.79,2026-08-07,False,False,True,False,1,Food Lover,Food Lover
C000568,Cliente 0568,Mass,False,Cuenca,False,44,751.60,3,True,Crédito Vehicular|Cuenta Corriente|Tarjeta de Crédito,0,1927.97,23885.91,724.51,False,2200.00,11,True,827.45,75.22,2026-07-22,False,True,False,False,1,Streaming Lover,Streaming Lover
C000569,Cliente 0569,Mass,False,Guayaquil,False,25,820.48,1,False,Crédito Hipotecario,0,0.00,83535.24,0.00,False,0.00,0,False,0.00,,,False,False,False,False,0,,Sin información transaccional
C000570,Cliente 0570,Mass,False,Quito,False,36,1227.75,2,True,Cuenta Corriente|Tarjeta de Crédito,0,1819.52,809.39,809.39,False,1500.00,13,True,1686.49,129.73,2026-04-25,False,False,True,False,1,Food Lover,Food Lover
C000571,Cliente 0571,Premium,False,Guayaquil,False,52,9931.98,3,True,Crédito Vehicular|Cuenta de Ahorros|Tarjeta de Crédito,0,15307.12,36530.61,5288.19,False,22300.00,8,True,3562.67,445.33,2026-08-22,False,False,True,False,1,Food Lover,Food Lover
C000572,Cliente 0572,Mass,False,Ambato,False,52,896.11,2,True,Crédito Hipotecario|Crédito de Consumo,0,0.00,95263.60,0.00,False,0.00,0,False,0.00,,,False,False,False,False,0,,Sin información transaccional
C000573,Cliente 0573,Premium,True,Cuenca,False,18,5486.83,2,True,Crédito Hipotecario|Tarjeta de Crédito,0,0.00,39760.22,6258.98,False,12400.00,5,True,1973.35,394.67,2026-03-03,True,False,True,False,2,Travel Lover|Food Lover,Travel Lover
C000574,Cliente 0574,Affluent,False,Quito,False,45,3953.96,2,True,Cuenta de Ahorros|Tarjeta de Crédito,0,-100.00,362.83,362.83,False,4300.00,7,True,1895.60,270.80,2026-03-09,False,True,False,False,1,Streaming Lover,Streaming Lover
C000575,Cliente 0575,Mass,False,Guayaquil,False,25,484.83,2,True,Cuenta Corriente|Tarjeta de Crédito,0,1613.53,360.20,360.20,False,1000.00,8,True,247.40,30.93,2026-08-27,False,False,False,False,0,,Generalista
C000576,Cliente 0576,Affluent,False,Cuenca,False,39,3245.47,3,True,Crédito Hipotecario|Crédito de Consumo|Cuenta Corriente,0,5451.75,81107.89,0.00,False,0.00,0,False,0.00,,,False,False,False,False,0,,Sin información transaccional
C000577,Cliente 0577,Affluent,False,Guayaquil,False,36,1925.81,1,False,Tarjeta de Crédito,0,0.00,653.27,653.27,False,2600.00,14,True,1624.32,116.02,2026-06-04,False,False,False,False,0,,Generalista
C000578,Cliente 0578,Affluent,False,Manta,False,47,2798.85,1,False,Cuenta de Ahorros,0,13085.86,0.00,0.00,False,0.00,0,False,0.00,,,False,False,False,False,0,,Sin información transaccional
C000579,Cliente 0579,Premium,False,Guayaquil,False,18,5599.58,4,True,Crédito Hipotecario|Crédito de Consumo|Cuenta de Ahorros|Tarjeta de Crédito,0,12962.52,145690.51,3433.56,False,9600.00,9,True,3404.00,378.22,2026-02-05,True,False,False,False,1,Travel Lover,Travel Lover
C000580,Cliente 0580,Joven,False,Guayaquil,False,56,575.50,4,True,Crédito Vehicular|Crédito de Consumo|Cuenta de Ahorros|Tarjeta de Crédito,1,1234.99,13864.82,226.36,True,1000.00,12,True,621.60,51.80,2026-08-05,False,False,False,True,1,Tech Lover,Tech Lover
C000581,Cliente 0581,Affluent,True,Guayaquil,False,36,2946.73,4,True,Crédito Hipotecario|Crédito de Consumo|Cuenta Corriente|Tarjeta de Crédito,0,3620.94,38109.83,1654.62,False,6300.00,12,True,2489.26,207.44,2026-08-15,True,False,True,False,2,Travel Lover|Food Lover,Food Lover
C000582,Cliente 0582,Mass,False,Guayaquil,False,46,1230.41,3,True,Crédito Vehicular|Cuenta Corriente|Tarjeta de Crédito,0,3421.14,16939.54,0.00,False,1400.00,5,True,484.70,96.94,2026-03-28,False,True,False,False,1,Streaming Lover,Streaming Lover
C000583,Cliente 0583,Affluent,False,Loja,False,36,1577.87,2,True,Cuenta de Ahorros|Tarjeta de Crédito,0,6080.47,1185.64,1185.64,False,2200.00,13,True,2006.78,154.37,2026-08-31,False,False,True,False,1,Food Lover,Food Lover
C000584,Cliente 0584,Affluent,False,Guayaquil,False,47,6325.61,2,True,Crédito de Consumo|Tarjeta de Crédito,0,0.00,12362.42,786.43,False,12500.00,6,True,1656.35,276.06,2026-08-14,False,False,False,False,0,,Generalista
C000585,Cliente 0585,PyME,False,Quito,False,40,5513.05,1,False,Cuenta de Ahorros,0,15561.84,0.00,0.00,False,0.00,0,False,0.00,,,False,False,False,False,0,,Sin información transaccional
C000586,Cliente 0586,Premium,False,Quito,False,42,3325.94,4,True,Crédito Vehicular|Cuenta Corriente|Cuenta de Ahorros|Tarjeta de Crédito,0,12606.51,18593.60,0.00,False,8400.00,4,True,2117.63,529.41,2026-06-22,True,False,False,False,1,Travel Lover,Travel Lover
C000587,Cliente 0587,Affluent,False,Quito,False,27,2112.97,1,False,Cuenta Corriente,0,2833.05,0.00,0.00,False,0.00,0,False,0.00,,,False,False,False,False,0,,Sin información transaccional
C000588,Cliente 0588,Mass,False,Loja,False,19,1098.82,1,False,Cuenta Corriente,0,2979.48,0.00,0.00,False,0.00,0,False,0.00,,,False,False,False,False,0,,Sin información transaccional
C000589,Cliente 0589,PyME,True,Loja,False,56,2534.15,2,True,Cuenta de Ahorros|Tarjeta de Crédito,0,7066.42,893.91,893.91,False,4400.00,9,True,1726.00,191.78,2026-06-27,True,False,False,False,1,Travel Lover,Travel Lover
C000590,Cliente 0590,Affluent,False,Quito,False,22,1567.10,3,True,Crédito Vehicular|Cuenta Corriente|Cuenta de Ahorros,0,5543.71,16053.82,0.00,False,0.00,0,False,0.00,,,False,False,False,False,0,,Sin información transaccional
C000591,Cliente 0591,Mass,False,Guayaquil,False,37,1044.72,3,True,Crédito Vehicular|Crédito de Consumo|Cuenta Corriente,0,4574.71,23833.25,0.00,False,0.00,0,False,0.00,,,False,False,False,False,0,,Sin información transaccional
C000592,Cliente 0592,Mass,False,Guayaquil,False,39,563.77,2,True,Crédito Vehicular|Tarjeta de Crédito,0,0.00,4384.58,663.34,False,1600.00,8,True,380.16,47.52,2026-01-19,True,False,False,True,2,Travel Lover|Tech Lover,Travel Lover
C000593,Cliente 0593,PyME,False,Guayaquil,False,40,1276.29,1,False,Crédito de Consumo,0,0.00,2549.63,0.00,False,0.00,0,False,0.00,,,False,False,False,False,0,,Sin información transaccional
C000594,Cliente 0594,Mass,False,Guayaquil,False,49,973.26,3,True,Cuenta Corriente|Cuenta de Ahorros|Tarjeta de Crédito,0,2432.33,284.24,284.24,False,2500.00,7,True,639.36,91.34,2026-06-08,True,False,False,False,1,Travel Lover,Travel Lover
C000595,Cliente 0595,Mass,False,Quito,False,29,1173.43,3,True,Crédito de Consumo|Cuenta de Ahorros|Tarjeta de Crédito,0,1069.77,5320.44,684.23,False,2100.00,11,True,792.47,72.04,2026-07-27,False,False,False,True,1,Tech Lover,Tech Lover
C000596,Cliente 0596,Mass,False,Guayaquil,False,18,661.13,3,True,Crédito de Consumo|Cuenta de Ahorros|Tarjeta de Crédito,0,1889.89,1680.75,242.07,False,700.00,13,True,606.93,46.69,2026-08-14,False,False,False,True,1,Tech Lover,Tech Lover
C000597,Cliente 0597,Affluent,False,Guayaquil,False,61,3321.62,3,True,Crédito Vehicular|Cuenta Corriente|Tarjeta de Crédito,0,11693.49,17275.88,1629.32,False,7000.00,7,True,1225.51,175.07,2026-07-15,False,True,False,False,1,Streaming Lover,Streaming Lover
C000598,Cliente 0598,Premium,False,Quito,False,38,6821.75,2,True,Crédito de Consumo|Tarjeta de Crédito,0,0.00,25759.06,8930.43,False,18200.00,7,True,3192.62,456.09,2026-08-28,False,False,True,False,1,Food Lover,Food Lover
C000599,Cliente 0599,Mass,False,Cuenca,False,23,1038.01,2,True,Crédito de Consumo|Cuenta de Ahorros,0,887.68,5373.13,0.00,False,0.00,0,False,0.00,,,False,False,False,False,0,,Sin información transaccional
C000600,Cliente 0600,Joven,False,Guayaquil,False,28,350.00,4,True,Crédito Vehicular|Cuenta Corriente|Cuenta de Ahorros|Tarjeta de Crédito,0,1240.17,18969.29,344.01,False,700.00,9,True,209.56,23.28,2026-07-28,True,False,False,False,1,Travel Lover,Travel Lover
C000601,Cliente 0601,Joven,True,Guayaquil,False,37,833.98,3,True,Crédito Hipotecario|Crédito Vehicular|Tarjeta de Crédito,0,0.00,34303.49,91.85,False,2100.00,9,True,435.77,48.42,2026-01-21,True,False,True,False,2,Travel Lover|Food Lover,Food Lover
C000602,Cliente 0602,Affluent,False,Loja,False,28,1891.75,2,True,Crédito Hipotecario|Cuenta de Ahorros,0,1915.38,99871.19,0.00,False,0.00,0,False,0.00,,,False,False,False,False,0,,Sin información transaccional
C000603,Cliente 0603,Joven,True,Quito,False,29,350.00,2,True,Cuenta de Ahorros|Tarjeta de Crédito,0,642.64,284.78,284.78,False,1000.00,12,True,258.43,21.54,2026-06-09,False,False,False,True,1,Tech Lover,Tech Lover
C000604,Cliente 0604,Premium,False,Ambato,False,28,4163.61,4,True,Crédito de Consumo|Cuenta Corriente|Cuenta de Ahorros|Tarjeta de Crédito,0,29474.41,14785.13,3025.67,False,6400.00,6,True,1619.79,269.96,2026-08-27,False,True,False,False,1,Streaming Lover,Streaming Lover
C000605,Cliente 0605,Joven,False,Quito,False,23,828.68,3,True,Crédito de Consumo|Cuenta de Ahorros|Tarjeta de Crédito,0,2138.76,3882.92,1287.58,False,1800.00,11,True,667.02,60.64,2026-05-03,False,False,False,False,0,,Generalista
C000606,Cliente 0606,Mass,True,Quito,False,37,1097.71,3,True,Crédito Vehicular|Cuenta Corriente|Cuenta de Ahorros,0,4746.87,29712.91,0.00,False,0.00,0,False,0.00,,,False,False,False,False,0,,Sin información transaccional
C000607,Cliente 0607,Affluent,False,Ambato,False,18,2513.53,3,True,Cuenta Corriente|Cuenta de Ahorros|Tarjeta de Crédito,0,4840.83,2993.98,2993.98,False,4600.00,7,True,2249.63,321.38,2026-08-23,False,False,False,False,0,,Generalista
C000608,Cliente 0608,Mass,True,Guayaquil,False,26,553.49,2,True,Cuenta de Ahorros|Tarjeta de Crédito,0,1191.43,94.12,94.12,False,1000.00,14,True,566.30,40.45,2026-06-08,False,False,True,False,1,Food Lover,Food Lover
C000609,Cliente 0609,Mass,False,Cuenca,False,23,786.95,2,True,Crédito Hipotecario|Tarjeta de Crédito,0,0.00,101470.68,1334.70,False,2200.00,7,True,390.12,55.73,2026-02-09,False,False,True,False,1,Food Lover,Food Lover
C000610,Cliente 0610,Mass,False,Quito,False,25,810.71,3,True,Crédito Hipotecario|Cuenta de Ahorros|Tarjeta de Crédito,0,4106.41,48032.77,567.04,False,1400.00,11,True,886.78,80.62,2026-08-30,False,False,True,False,1,Food Lover,Food Lover
C000611,Cliente 0611,Premium,False,Quito,False,34,6658.78,3,True,Crédito Hipotecario|Cuenta Corriente|Tarjeta de Crédito,0,16966.95,113564.92,245.01,False,13900.00,6,True,2651.22,441.87,2026-06-24,False,False,True,False,1,Food Lover,Food Lover
C000612,Cliente 0612,Premium,False,Manta,False,57,3765.71,2,True,Crédito Vehicular|Tarjeta de Crédito,0,0.00,15675.36,1417.35,False,5700.00,11,True,1719.71,156.34,2026-08-11,False,False,False,False,0,,Generalista
C000613,Cliente 0613,Mass,False,Guayaquil,False,39,1064.77,2,True,Crédito de Consumo|Tarjeta de Crédito,0,0.00,3275.44,211.27,False,1300.00,8,True,331.50,41.44,2026-02-04,True,False,False,False,1,Travel Lover,Travel Lover
C000614,Cliente 0614,Premium,False,Quito,False,46,8425.25,2,True,Cuenta Corriente|Tarjeta de Crédito,0,17480.42,2730.46,2730.46,False,23700.00,10,True,5667.67,566.77,2026-08-26,False,False,True,False,1,Food Lover,Food Lover
C000615,Cliente 0615,Mass,False,Loja,False,31,580.94,2,True,Crédito de Consumo|Tarjeta de Crédito,0,0.00,4456.12,621.34,False,1300.00,11,True,426.52,38.77,2026-08-28,False,False,False,True,1,Tech Lover,Tech Lover
C000616,Cliente 0616,Joven,False,Quito,False,41,893.25,4,True,Crédito Vehicular|Crédito de Consumo|Cuenta de Ahorros|Tarjeta de Crédito,0,-100.00,29702.50,232.81,False,1200.00,14,True,522.55,37.32,2026-08-08,False,True,False,False,1,Streaming Lover,Streaming Lover
C000617,Cliente 0617,Premium,False,Guayaquil,False,18,3236.15,3,True,Crédito Vehicular|Crédito de Consumo|Tarjeta de Crédito,0,0.00,49910.99,740.32,False,7700.00,13,True,2745.05,211.16,2026-08-28,False,False,False,False,0,,Generalista
C000618,Cliente 0618,Mass,True,Guayaquil,False,52,1159.75,1,False,Tarjeta de Crédito,0,0.00,126.54,126.54,False,2700.00,10,True,550.91,55.09,2026-08-11,True,False,False,False,1,Travel Lover,Travel Lover
C000619,Cliente 0619,Premium,False,Guayaquil,False,38,6522.81,2,True,Crédito de Consumo|Tarjeta de Crédito,0,0.00,20422.58,10120.26,False,15600.00,6,True,1529.37,254.89,2026-04-28,True,False,False,False,1,Travel Lover,Travel Lover
C000620,Cliente 0620,Premium,False,Quito,False,48,5739.22,2,True,Crédito de Consumo|Tarjeta de Crédito,0,0.00,33469.68,4651.91,False,8700.00,14,True,5356.07,382.58,2026-07-08,False,True,False,True,2,Streaming Lover|Tech Lover,Streaming Lover
C000621,Cliente 0621,PyME,False,Manta,False,18,2782.77,2,True,Crédito Hipotecario|Tarjeta de Crédito,0,0.00,68851.18,997.94,False,3100.00,7,True,1443.93,206.28,2026-06-27,False,False,False,False,0,,Generalista
C000622,Cliente 0622,Mass,False,Quito,False,42,1018.94,2,True,Cuenta de Ahorros|Tarjeta de Crédito,0,-67.41,485.34,485.34,False,2200.00,7,True,442.01,63.14,2026-08-11,False,False,False,False,0,,Generalista
C000623,Cliente 0623,Mass,False,Ambato,False,29,706.93,2,True,Crédito de Consumo|Tarjeta de Crédito,0,0.00,5367.99,431.67,False,1100.00,4,True,135.03,33.76,2026-03-22,False,False,False,False,0,,Generalista
C000624,Cliente 0624,Affluent,False,Cuenca,False,54,2030.65,2,True,Cuenta de Ahorros|Tarjeta de Crédito,0,8449.03,1643.76,1643.76,False,3800.00,10,True,993.55,99.35,2026-06-21,False,False,True,False,1,Food Lover,Food Lover
C000625,Cliente 0625,Mass,False,Guayaquil,False,23,649.62,2,True,Crédito Hipotecario|Tarjeta de Crédito,0,0.00,79311.18,488.24,False,1900.00,7,True,427.99,61.14,2026-05-20,False,False,False,True,1,Tech Lover,Tech Lover
C000626,Cliente 0626,Affluent,False,Quito,False,51,3523.58,3,True,Crédito Hipotecario|Cuenta Corriente|Tarjeta de Crédito,0,4971.85,91980.59,2335.83,False,8600.00,11,True,2591.79,235.62,2026-07-21,True,False,False,False,1,Travel Lover,Travel Lover
C000627,Cliente 0627,Affluent,False,Loja,False,36,2964.96,2,True,Crédito de Consumo|Tarjeta de Crédito,0,0.00,13063.34,2920.27,False,4600.00,9,True,2110.64,234.52,2026-04-26,False,False,True,False,1,Food Lover,Food Lover
C000628,Cliente 0628,Joven,True,Quito,False,60,700.19,2,True,Crédito Vehicular|Crédito de Consumo,0,0.00,23454.33,0.00,False,0.00,0,False,0.00,,,False,False,False,False,0,,Sin información transaccional
C000629,Cliente 0629,Mass,True,Guayaquil,False,32,1784.58,2,True,Crédito de Consumo|Tarjeta de Crédito,0,0.00,4978.29,814.82,False,2400.00,5,True,386.40,77.28,2026-05-22,True,False,False,False,1,Travel Lover,Travel Lover
C000630,Cliente 0630,Affluent,False,Quito,False,49,2733.71,3,True,Crédito Hipotecario|Crédito Vehicular|Tarjeta de Crédito,0,0.00,91048.14,390.62,False,6200.00,6,True,1527.61,254.60,2026-08-20,False,False,True,False,1,Food Lover,Food Lover
C000631,Cliente 0631,Mass,True,Cuenca,False,47,1307.68,2,True,Cuenta de Ahorros|Tarjeta de Crédito,0,5429.18,1323.67,1323.67,False,3800.00,10,True,823.89,82.39,2026-07-23,False,False,False,False,0,,Generalista
C000632,Cliente 0632,Mass,False,Manta,False,56,570.62,2,True,Crédito Vehicular|Tarjeta de Crédito,0,0.00,22170.57,662.09,False,1000.00,5,True,177.01,35.40,2026-08-28,False,False,True,False,1,Food Lover,Food Lover
C000633,Cliente 0633,Joven,False,Quito,False,55,483.47,2,True,Crédito Vehicular|Cuenta Corriente,0,677.49,22115.73,0.00,False,0.00,0,False,0.00,,,False,False,False,False,0,,Sin información transaccional
C000634,Cliente 0634,Joven,False,Guayaquil,False,25,1043.27,2,True,Cuenta Corriente|Tarjeta de Crédito,0,4407.59,1805.16,1805.16,False,3000.00,13,True,707.03,54.39,2026-08-01,False,False,False,False,0,,Generalista
C000635,Cliente 0635,Mass,False,Guayaquil,False,38,533.90,2,True,Cuenta de Ahorros|Tarjeta de Crédito,0,652.55,421.86,421.86,False,1300.00,4,True,133.86,33.47,2026-07-25,False,False,False,False,0,,Generalista
C000636,Cliente 0636,Mass,False,Guayaquil,False,41,1096.03,2,True,Crédito Vehicular|Tarjeta de Crédito,0,0.00,8201.52,1675.37,False,3200.00,8,True,764.97,95.62,2026-08-16,False,False,False,False,0,,Generalista
C000637,Cliente 0637,Affluent,False,Guayaquil,False,47,2940.24,3,True,Crédito Hipotecario|Crédito de Consumo|Tarjeta de Crédito,0,0.00,92601.66,2584.71,False,5400.00,11,True,2434.16,221.29,2026-06-28,False,False,False,False,0,,Generalista
C000638,Cliente 0638,Mass,False,Guayaquil,False,26,1604.64,2,True,Crédito Hipotecario|Tarjeta de Crédito,0,0.00,61033.62,502.09,False,3800.00,4,True,437.41,109.35,2026-05-25,False,False,False,False,0,,Generalista
C000639,Cliente 0639,Joven,False,Guayaquil,False,64,400.05,2,True,Crédito Vehicular|Tarjeta de Crédito,0,0.00,6123.83,276.72,False,500.00,7,True,203.72,29.10,2026-08-24,False,False,False,False,0,,Generalista
C000640,Cliente 0640,Affluent,False,Guayaquil,False,29,1048.61,4,True,Crédito Hipotecario|Crédito Vehicular|Cuenta de Ahorros|Tarjeta de Crédito,0,708.41,119838.59,816.72,False,1600.00,5,True,276.76,55.35,2026-08-28,False,False,False,True,1,Tech Lover,Tech Lover
C000641,Cliente 0641,Joven,False,Cuenca,False,46,650.58,3,True,Crédito de Consumo|Cuenta Corriente|Tarjeta de Crédito,0,2081.08,2978.53,346.64,False,1100.00,9,True,681.24,75.69,2026-05-25,False,False,False,False,0,,Generalista
C000642,Cliente 0642,Mass,False,Guayaquil,False,43,876.35,1,False,Crédito Vehicular,0,0.00,18320.10,0.00,False,0.00,0,False,0.00,,,False,False,False,False,0,,Sin información transaccional
C000643,Cliente 0643,Joven,False,Guayaquil,False,29,713.25,2,True,Cuenta de Ahorros|Tarjeta de Crédito,0,2623.16,370.77,370.77,False,800.00,9,True,468.67,52.07,2026-08-31,True,True,False,False,2,Travel Lover|Streaming Lover,Travel Lover
C000644,Cliente 0644,PyME,False,Manta,False,45,5561.48,1,False,Cuenta de Ahorros,0,10272.01,0.00,0.00,False,0.00,0,False,0.00,,,False,False,False,False,0,,Sin información transaccional
C000645,Cliente 0645,Joven,False,Loja,False,43,466.62,2,True,Crédito de Consumo|Tarjeta de Crédito,0,0.00,4696.04,576.14,False,800.00,9,True,184.00,20.44,2026-07-30,False,True,False,False,1,Streaming Lover,Streaming Lover
C000646,Cliente 0646,Mass,False,Guayaquil,False,21,972.71,3,True,Crédito Hipotecario|Cuenta de Ahorros|Tarjeta de Crédito,0,3696.28,63119.48,200.59,False,1800.00,6,True,404.73,67.45,2026-04-16,True,False,False,False,1,Travel Lover,Travel Lover
C000647,Cliente 0647,Mass,False,Guayaquil,False,30,2328.96,3,True,Crédito de Consumo|Cuenta de Ahorros|Tarjeta de Crédito,0,8163.61,7451.14,1771.64,False,2800.00,11,True,1685.38,153.22,2026-08-29,False,False,False,True,1,Tech Lover,Tech Lover
C000648,Cliente 0648,Mass,False,Ambato,False,39,1465.69,2,True,Crédito Vehicular|Tarjeta de Crédito,0,0.00,18679.87,487.76,False,4200.00,10,True,729.78,72.98,2026-08-01,False,False,True,False,1,Food Lover,Food Lover
C000649,Cliente 0649,Joven,False,Cuenca,False,50,393.85,2,True,Crédito Hipotecario|Tarjeta de Crédito,0,0.00,125887.26,426.18,False,1100.00,9,True,160.85,17.87,2026-06-05,False,False,False,False,0,,Generalista
C000650,Cliente 0650,Premium,False,Manta,False,22,2668.41,2,True,Crédito Hipotecario|Cuenta Corriente,0,6150.56,49689.63,0.00,False,0.00,0,False,0.00,,,False,False,False,False,0,,Sin información transaccional
C000651,Cliente 0651,Joven,False,Cuenca,False,49,1023.60,2,True,Cuenta de Ahorros|Tarjeta de Crédito,0,4082.56,1454.79,1454.79,False,2300.00,13,True,617.58,47.51,2026-08-16,False,True,False,False,1,Streaming Lover,Streaming Lover
C000652,Cliente 0652,Affluent,False,Guayaquil,False,45,3141.08,4,True,Crédito de Consumo|Cuenta Corriente|Cuenta de Ahorros|Tarjeta de Crédito,0,15880.83,18312.45,2128.98,False,9000.00,5,True,947.46,189.49,2026-04-06,False,False,True,False,1,Food Lover,Food Lover
C000653,Cliente 0653,Affluent,False,Quito,False,25,2368.46,2,True,Crédito Hipotecario|Tarjeta de Crédito,0,0.00,27463.40,1487.56,False,6800.00,12,True,1987.71,165.64,2026-05-24,False,True,False,False,1,Streaming Lover,Streaming Lover
C000654,Cliente 0654,Mass,False,Manta,False,26,1505.26,2,True,Crédito de Consumo|Tarjeta de Crédito,0,0.00,4887.13,151.07,False,1900.00,14,True,1257.71,89.84,2026-07-22,True,False,False,True,2,Travel Lover|Tech Lover,Travel Lover
C000655,Cliente 0655,Affluent,False,Guayaquil,False,28,1154.13,2,True,Cuenta de Ahorros|Tarjeta de Crédito,0,936.49,354.20,354.20,False,1700.00,5,True,442.43,88.49,2026-07-18,False,False,False,False,0,,Generalista
C000656,Cliente 0656,Mass,False,Quito,False,26,1107.83,2,True,Cuenta de Ahorros|Tarjeta de Crédito,0,784.96,216.51,216.51,False,1900.00,10,True,1203.60,120.36,2026-08-13,False,False,True,False,1,Food Lover,Food Lover
C000657,Cliente 0657,Mass,False,Cuenca,False,30,1386.36,3,True,Crédito de Consumo|Cuenta de Ahorros|Tarjeta de Crédito,0,5217.12,6261.30,1932.18,False,3600.00,11,True,752.15,68.38,2026-03-01,False,False,False,False,0,,Generalista
C000658,Cliente 0658,Mass,False,Guayaquil,False,49,985.86,2,True,Cuenta de Ahorros|Tarjeta de Crédito,0,2656.05,0.00,0.00,False,1100.00,11,True,716.65,65.15,2026-08-24,False,False,True,False,1,Food Lover,Food Lover
C000659,Cliente 0659,Joven,False,Guayaquil,False,29,1033.60,1,False,Crédito de Consumo,0,0.00,2060.89,0.00,False,0.00,0,False,0.00,,,False,False,False,False,0,,Sin información transaccional
C000660,Cliente 0660,PyME,False,Manta,False,40,2081.18,3,True,Crédito Vehicular|Crédito de Consumo|Tarjeta de Crédito,0,0.00,30140.54,609.43,False,2100.00,11,True,1404.42,127.67,2026-08-13,False,False,False,True,1,Tech Lover,Tech Lover
C000661,Cliente 0661,Mass,False,Cuenca,False,44,931.41,4,True,Crédito de Consumo|Cuenta Corriente|Cuenta de Ahorros|Tarjeta de Crédito,0,1069.56,4633.05,692.19,False,2400.00,5,True,144.03,28.81,2026-05-04,True,False,False,False,1,Travel Lover,Travel Lover
C000662,Cliente 0662,PyME,False,Manta,False,62,4204.98,4,True,Crédito de Consumo|Cuenta Corriente|Cuenta de Ahorros|Tarjeta de Crédito,0,14327.21,16832.31,1209.21,False,7500.00,7,True,1692.16,241.74,2026-06-08,False,False,False,False,0,,Generalista
C000663,Cliente 0663,Affluent,False,Guayaquil,False,41,2268.42,3,True,Crédito de Consumo|Cuenta Corriente|Tarjeta de Crédito,0,8275.87,6245.86,2922.58,False,6000.00,7,True,1217.77,173.97,2026-08-05,False,False,True,False,1,Food Lover,Food Lover
C000664,Cliente 0664,Affluent,True,Manta,False,51,1861.92,2,True,Cuenta Corriente|Tarjeta de Crédito,0,7029.27,1865.93,1865.93,False,3500.00,8,True,1291.89,161.49,2026-07-28,False,True,False,False,1,Streaming Lover,Streaming Lover
C000665,Cliente 0665,Joven,True,Quito,False,42,533.87,4,True,Crédito Vehicular|Crédito de Consumo|Cuenta Corriente|Tarjeta de Crédito,0,492.55,15926.49,279.51,False,1200.00,14,True,444.26,31.73,2026-04-30,False,False,False,False,0,,Generalista
C000666,Cliente 0666,PyME,False,Quito,False,27,2216.17,1,False,Crédito de Consumo,0,0.00,11600.08,0.00,False,0.00,0,False,0.00,,,False,False,False,False,0,,Sin información transaccional
C000667,Cliente 0667,Mass,False,Ambato,False,61,912.99,2,True,Crédito Vehicular|Crédito de Consumo,0,0.00,24517.01,0.00,False,0.00,0,False,0.00,,,False,False,False,False,0,,Sin información transaccional
C000668,Cliente 0668,PyME,False,Guayaquil,False,49,1523.88,1,False,Crédito de Consumo,0,0.00,13309.61,0.00,False,0.00,0,False,0.00,,,False,False,False,False,0,,Sin información transaccional
C000669,Cliente 0669,Joven,False,Guayaquil,False,40,636.48,2,True,Crédito Hipotecario|Tarjeta de Crédito,0,0.00,66208.89,251.64,False,1900.00,12,True,680.38,56.70,2026-08-20,False,False,True,False,1,Food Lover,Food Lover
C000670,Cliente 0670,Mass,False,Guayaquil,False,58,802.67,2,True,Crédito Vehicular|Tarjeta de Crédito,0,0.00,15831.55,879.89,False,1900.00,12,True,668.22,55.68,2026-07-26,False,False,False,False,0,,Generalista
C000671,Cliente 0671,Premium,False,Cuenca,False,22,3177.69,3,True,Cuenta Corriente|Cuenta de Ahorros|Tarjeta de Crédito,0,10811.31,1837.37,1837.37,False,3800.00,4,True,535.74,133.94,2026-04-10,False,True,False,False,1,Streaming Lover,Streaming Lover
C000672,Cliente 0672,Affluent,False,Guayaquil,False,44,2131.21,1,False,Crédito Vehicular,0,0.00,6645.50,0.00,False,0.00,0,False,0.00,,,False,False,False,False,0,,Sin información transaccional
C000673,Cliente 0673,Premium,False,Quito,False,30,5597.19,3,True,Crédito Hipotecario|Crédito de Consumo|Tarjeta de Crédito,0,0.00,98784.77,4374.17,False,16400.00,6,True,3542.72,590.45,2026-03-08,False,False,True,False,1,Food Lover,Food Lover
C000674,Cliente 0674,Mass,False,Quito,False,43,1518.72,2,True,Crédito Vehicular|Tarjeta de Crédito,0,0.00,16287.96,1469.78,False,2700.00,10,True,1161.55,116.16,2026-07-15,False,False,False,False,0,,Generalista
C000675,Cliente 0675,Mass,False,Quito,False,56,1227.07,4,True,Crédito Hipotecario|Cuenta Corriente|Cuenta de Ahorros|Tarjeta de Crédito,0,2256.79,95448.49,1228.64,False,2100.00,4,True,233.59,58.40,2026-02-27,False,False,False,True,1,Tech Lover,Tech Lover
C000676,Cliente 0676,Mass,False,Guayaquil,False,40,824.59,1,False,Cuenta de Ahorros,0,2625.87,0.00,0.00,False,0.00,0,False,0.00,,,False,False,False,False,0,,Sin información transaccional
C000677,Cliente 0677,Mass,False,Guayaquil,False,39,1213.01,2,True,Cuenta de Ahorros|Tarjeta de Crédito,0,2619.57,989.08,989.08,False,2600.00,7,True,860.18,122.88,2026-08-18,True,False,False,False,1,Travel Lover,Travel Lover
C000678,Cliente 0678,Affluent,False,Quito,False,39,2492.72,4,True,Crédito Hipotecario|Cuenta Corriente|Cuenta de Ahorros|Tarjeta de Crédito,0,3493.99,69551.28,2842.97,False,4900.00,7,True,1210.11,172.87,2026-05-17,False,True,False,False,1,Streaming Lover,Streaming Lover
C000679,Cliente 0679,Affluent,False,Guayaquil,False,26,3199.44,4,True,Crédito Hipotecario|Crédito Vehicular|Crédito de Consumo|Tarjeta de Crédito,0,0.00,91425.92,3432.48,False,4900.00,7,True,1355.52,193.65,2026-07-15,False,True,False,False,1,Streaming Lover,Streaming Lover
C000680,Cliente 0680,PyME,False,Cuenca,False,42,2679.05,2,True,Cuenta Corriente|Tarjeta de Crédito,0,7621.14,3307.32,3307.32,False,8000.00,12,True,2064.75,172.06,2026-07-01,True,False,True,False,2,Travel Lover|Food Lover,Travel Lover
C000681,Cliente 0681,Affluent,False,Quito,False,41,2182.48,2,True,Crédito de Consumo|Tarjeta de Crédito,0,0.00,10161.38,600.50,False,4300.00,6,True,652.53,108.75,2026-07-02,False,False,True,False,1,Food Lover,Food Lover
C000682,Cliente 0682,Affluent,False,Quito,False,31,1482.52,2,True,Crédito Hipotecario|Tarjeta de Crédito,0,0.00,73083.04,1820.80,False,4300.00,12,True,921.71,76.81,2026-07-24,False,False,True,True,2,Food Lover|Tech Lover,Tech Lover
C000683,Cliente 0683,Affluent,False,Quito,False,18,1454.15,2,True,Cuenta Corriente|Tarjeta de Crédito,0,2473.50,1257.77,1257.77,False,2700.00,11,True,882.82,80.26,2026-08-25,False,False,False,False,0,,Generalista
C000684,Cliente 0684,Mass,False,Manta,False,51,1066.23,3,True,Crédito de Consumo|Cuenta Corriente|Cuenta de Ahorros,0,2413.46,3247.91,0.00,False,0.00,0,False,0.00,,,False,False,False,False,0,,Sin información transaccional
C000685,Cliente 0685,Mass,False,Guayaquil,False,35,3012.44,2,True,Crédito Hipotecario|Crédito de Consumo,0,0.00,101864.60,0.00,False,0.00,0,False,0.00,,,False,False,False,False,0,,Sin información transaccional
C000686,Cliente 0686,Mass,False,Guayaquil,False,40,829.25,3,True,Crédito Hipotecario|Cuenta de Ahorros|Tarjeta de Crédito,0,2442.64,97914.35,425.34,False,1200.00,13,True,435.40,33.49,2026-04-08,False,False,True,False,1,Food Lover,Food Lover
C000687,Cliente 0687,Premium,False,Quito,False,18,6306.81,3,True,Crédito de Consumo|Cuenta Corriente|Cuenta de Ahorros,0,-200.00,34844.77,0.00,False,0.00,0,False,0.00,,,False,False,False,False,0,,Sin información transaccional
C000688,Cliente 0688,Affluent,False,Quito,False,25,2435.13,2,True,Crédito Vehicular|Crédito de Consumo,0,0.00,27893.44,0.00,False,0.00,0,False,0.00,,,False,False,False,False,0,,Sin información transaccional
C000689,Cliente 0689,PyME,False,Quito,False,18,2457.93,2,True,Crédito Vehicular|Crédito de Consumo,0,0.00,35876.17,0.00,False,0.00,0,False,0.00,,,False,False,False,False,0,,Sin información transaccional
C000690,Cliente 0690,Premium,False,Cuenca,False,53,3287.27,2,True,Crédito Hipotecario|Tarjeta de Crédito,0,0.00,79335.25,1016.20,False,8100.00,13,True,1759.19,135.32,2026-04-26,False,True,False,False,1,Streaming Lover,Streaming Lover
C000691,Cliente 0691,Mass,True,Loja,False,46,1021.09,2,True,Crédito Hipotecario|Tarjeta de Crédito,0,0.00,29839.23,582.52,False,2800.00,7,True,274.41,39.20,2026-08-08,False,False,False,False,0,,Generalista
C000692,Cliente 0692,Mass,False,Ambato,False,18,938.15,1,False,Crédito de Consumo,0,0.00,7242.69,0.00,False,0.00,0,False,0.00,,,False,False,False,False,0,,Sin información transaccional
C000693,Cliente 0693,Affluent,False,Guayaquil,False,51,3424.44,1,False,Cuenta Corriente,0,5488.79,0.00,0.00,False,0.00,0,False,0.00,,,False,False,False,False,0,,Sin información transaccional
C000694,Cliente 0694,Premium,False,Guayaquil,False,43,4619.61,3,True,Crédito Hipotecario|Cuenta Corriente|Tarjeta de Crédito,0,12442.87,76560.36,4344.56,False,10500.00,10,True,4040.60,404.06,2025-11-21,True,False,False,False,1,Travel Lover,Travel Lover
C000695,Cliente 0695,Mass,True,Manta,False,29,587.07,2,True,Crédito Vehicular|Cuenta de Ahorros,0,1573.41,7962.21,0.00,False,0.00,0,False,0.00,,,False,False,False,False,0,,Sin información transaccional
C000696,Cliente 0696,Mass,False,Guayaquil,False,42,1264.90,1,False,Cuenta Corriente,0,2877.72,0.00,0.00,False,0.00,0,False,0.00,,,False,False,False,False,0,,Sin información transaccional
C000697,Cliente 0697,Premium,False,Quito,False,23,3312.77,2,True,Crédito de Consumo|Tarjeta de Crédito,0,0.00,15875.19,3398.28,False,4800.00,13,True,2092.97,161.00,2026-08-03,False,False,False,False,0,,Generalista
C000698,Cliente 0698,PyME,False,Manta,False,40,1599.74,3,True,Crédito Vehicular|Crédito de Consumo|Tarjeta de Crédito,0,0.00,21778.87,59.44,False,3600.00,5,True,484.86,96.97,2026-05-16,False,False,False,False,0,,Generalista
C000699,Cliente 0699,Mass,True,Quito,False,18,620.29,2,True,Crédito Hipotecario|Tarjeta de Crédito,0,0.00,63915.29,475.02,False,1200.00,10,True,401.72,40.17,2026-05-19,False,False,False,False,0,,Generalista
C000700,Cliente 0700,Mass,False,Manta,False,48,1501.49,2,True,Crédito de Consumo|Tarjeta de Crédito,0,0.00,8565.91,1603.11,False,2500.00,14,True,1614.21,115.30,2026-05-19,False,False,False,False,0,,Generalista
C000701,Cliente 0701,Mass,False,Quito,False,53,1291.36,1,False,Tarjeta de Crédito,0,0.00,121.13,121.13,False,1300.00,14,True,1633.27,116.66,2026-06-06,True,False,True,False,2,Travel Lover|Food Lover,Travel Lover
C000702,Cliente 0702,Premium,False,Quito,False,26,3542.06,2,True,Crédito Hipotecario|Tarjeta de Crédito,0,0.00,54049.59,1833.09,False,6900.00,7,True,831.05,118.72,2026-07-28,False,False,False,False,0,,Generalista
C000703,Cliente 0703,Premium,False,Manta,False,41,3746.18,4,True,Crédito Vehicular|Crédito de Consumo|Cuenta de Ahorros|Tarjeta de Crédito,0,8299.31,28942.19,2281.35,False,9800.00,14,True,3896.27,278.31,2026-08-16,False,False,False,True,1,Tech Lover,Tech Lover
C000704,Cliente 0704,Mass,False,Ambato,False,37,1294.74,3,True,Crédito Hipotecario|Cuenta Corriente|Tarjeta de Crédito,0,1501.97,76525.45,907.79,False,1700.00,11,True,716.32,65.12,2026-07-23,False,False,False,True,1,Tech Lover,Tech Lover
C000705,Cliente 0705,Mass,False,Guayaquil,False,60,1002.42,3,True,Crédito Hipotecario|Crédito Vehicular|Tarjeta de Crédito,0,0.00,66304.38,345.04,False,1300.00,12,True,1262.68,105.22,2026-05-11,False,False,False,False,0,,Generalista
C000706,Cliente 0706,Mass,False,Quito,False,59,1388.79,3,True,Crédito Hipotecario|Crédito de Consumo|Tarjeta de Crédito,0,0.00,75929.32,1259.15,False,3500.00,6,True,626.35,104.39,2026-06-07,False,False,False,False,0,,Generalista
C000707,Cliente 0707,Mass,False,Manta,False,39,841.09,1,False,Tarjeta de Crédito,0,0.00,700.90,700.90,False,2500.00,5,True,344.39,68.88,2026-03-28,False,True,False,False,1,Streaming Lover,Streaming Lover
C000708,Cliente 0708,Mass,False,Ambato,False,51,482.04,3,True,Crédito Hipotecario|Cuenta de Ahorros|Tarjeta de Crédito,0,1842.62,43452.75,322.00,False,900.00,7,True,205.51,29.36,2026-05-08,False,True,False,False,1,Streaming Lover,Streaming Lover
C000709,Cliente 0709,Mass,False,Quito,False,25,598.15,2,True,Crédito de Consumo|Tarjeta de Crédito,0,0.00,4139.01,668.81,False,1800.00,13,True,616.07,47.39,2026-05-23,False,False,True,False,1,Food Lover,Food Lover
C000710,Cliente 0710,Mass,False,Guayaquil,False,38,1177.05,2,True,Cuenta Corriente|Tarjeta de Crédito,0,-100.00,1734.93,1734.93,False,3300.00,5,True,389.14,77.83,2026-06-03,False,False,False,True,1,Tech Lover,Tech Lover
C000711,Cliente 0711,PyME,False,Guayaquil,False,42,2943.75,3,True,Crédito Hipotecario|Crédito de Consumo|Tarjeta de Crédito,0,0.00,108752.35,4938.05,False,6900.00,8,True,1387.89,173.49,2026-02-06,False,False,False,False,0,,Generalista
C000712,Cliente 0712,Joven,False,Guayaquil,False,53,770.09,2,True,Cuenta de Ahorros|Tarjeta de Crédito,0,928.67,9.05,9.05,False,1100.00,12,True,1179.49,98.29,2026-08-17,False,True,False,False,1,Streaming Lover,Streaming Lover
C000713,Cliente 0713,Premium,False,Guayaquil,False,29,3583.01,1,False,Cuenta Corriente,0,21050.55,0.00,0.00,False,0.00,0,False,0.00,,,False,False,False,False,0,,Sin información transaccional
C000714,Cliente 0714,Joven,False,Guayaquil,False,37,1047.40,3,True,Crédito Vehicular|Cuenta de Ahorros|Tarjeta de Crédito,0,2185.88,17366.52,326.60,False,1700.00,8,True,534.41,66.80,2026-04-16,False,False,False,False,0,,Generalista
C000715,Cliente 0715,Affluent,False,Guayaquil,False,39,2515.17,2,True,Cuenta Corriente|Tarjeta de Crédito,0,9380.12,585.82,585.82,False,3200.00,14,True,2263.90,161.71,2026-08-07,False,False,False,False,0,,Generalista
C000716,Cliente 0716,Mass,False,Guayaquil,False,19,913.03,2,True,Crédito Hipotecario|Tarjeta de Crédito,0,0.00,84406.60,561.02,False,1400.00,4,True,193.42,48.36,2026-03-01,False,False,False,False,0,,Generalista
C000717,Cliente 0717,Mass,False,Quito,False,28,539.88,3,True,Crédito Hipotecario|Cuenta de Ahorros|Tarjeta de Crédito,0,1942.53,67489.68,415.72,False,1100.00,5,True,286.71,57.34,2026-07-07,False,False,True,False,1,Food Lover,Food Lover
C000718,Cliente 0718,Mass,False,Guayaquil,False,55,1898.20,2,True,Cuenta de Ahorros|Tarjeta de Crédito,0,5048.19,1217.81,1217.81,False,3400.00,14,True,1604.38,114.60,2026-08-25,False,False,True,False,1,Food Lover,Food Lover
C000719,Cliente 0719,PyME,False,Quito,False,40,2582.43,2,True,Cuenta Corriente|Tarjeta de Crédito,0,12258.38,1606.53,1606.53,False,6100.00,13,True,2112.77,162.52,2026-08-21,False,False,False,False,0,,Generalista
C000720,Cliente 0720,Mass,False,Guayaquil,False,26,1146.08,2,True,Cuenta Corriente|Tarjeta de Crédito,0,712.70,503.03,503.03,False,1400.00,9,True,683.75,75.97,2026-07-27,False,False,True,False,1,Food Lover,Food Lover
C000721,Cliente 0721,Mass,False,Guayaquil,False,28,1225.46,2,True,Crédito Vehicular|Tarjeta de Crédito,0,0.00,21120.95,1720.69,False,2900.00,6,True,465.15,77.53,2026-03-18,False,False,False,False,0,,Generalista
C000722,Cliente 0722,Affluent,False,Guayaquil,False,47,2116.37,2,True,Crédito Hipotecario|Tarjeta de Crédito,0,0.00,98792.78,1879.85,False,5100.00,14,True,1648.18,117.73,2026-08-31,False,False,True,False,1,Food Lover,Food Lover
C000723,Cliente 0723,Mass,False,Guayaquil,False,38,1325.87,2,True,Cuenta de Ahorros|Tarjeta de Crédito,0,3329.71,1065.30,1065.30,False,3400.00,13,True,1006.30,77.41,2026-05-24,False,True,False,False,1,Streaming Lover,Streaming Lover
C000724,Cliente 0724,PyME,False,Guayaquil,False,33,2884.28,2,True,Crédito Hipotecario|Crédito de Consumo,0,0.00,56088.20,0.00,False,0.00,0,False,0.00,,,False,False,False,False,0,,Sin información transaccional
C000725,Cliente 0725,Joven,False,Guayaquil,False,30,703.23,2,True,Cuenta Corriente|Tarjeta de Crédito,0,878.68,217.98,217.98,False,1400.00,8,True,287.06,35.88,2026-08-07,False,False,True,False,1,Food Lover,Food Lover
C000726,Cliente 0726,Mass,False,Ambato,False,33,497.70,3,True,Crédito Vehicular|Crédito de Consumo|Tarjeta de Crédito,0,0.00,15163.69,348.83,False,1100.00,8,True,228.92,28.61,2026-07-26,True,False,False,False,1,Travel Lover,Travel Lover
C000727,Cliente 0727,Mass,False,Quito,False,29,1519.48,1,False,Tarjeta de Crédito,0,0.00,1704.86,1704.86,False,3500.00,5,True,417.73,83.55,2026-08-06,False,False,True,False,1,Food Lover,Food Lover
C000728,Cliente 0728,Mass,False,Loja,False,50,1019.90,3,True,Crédito Vehicular|Cuenta de Ahorros|Tarjeta de Crédito,0,1498.82,21706.08,397.88,False,1400.00,4,True,166.19,41.55,2026-03-29,False,False,False,False,0,,Generalista
C000729,Cliente 0729,Mass,False,Quito,False,20,1123.88,1,False,Crédito de Consumo,0,0.00,987.05,0.00,False,0.00,0,False,0.00,,,False,False,False,False,0,,Sin información transaccional
C000730,Cliente 0730,Mass,False,Quito,False,62,545.17,2,True,Crédito Hipotecario|Cuenta Corriente,0,2477.82,71021.69,0.00,False,0.00,0,False,0.00,,,False,False,False,False,0,,Sin información transaccional
C000731,Cliente 0731,Premium,False,Cuenca,False,33,2445.99,2,True,Crédito de Consumo|Tarjeta de Crédito,0,0.00,25985.60,1438.25,False,6000.00,5,True,1330.22,266.04,2025-11-04,False,False,False,False,0,,Generalista
C000732,Cliente 0732,PyME,False,Quito,False,48,1448.17,2,True,Crédito de Consumo|Tarjeta de Crédito,0,0.00,20570.87,1212.08,False,3100.00,5,True,642.49,128.50,2026-06-02,False,True,False,False,1,Streaming Lover,Streaming Lover
C000733,Cliente 0733,Mass,False,Quito,False,52,1981.25,1,False,Tarjeta de Crédito,0,0.00,1502.77,1502.77,False,2900.00,7,True,930.99,133.00,2026-08-06,True,False,False,False,1,Travel Lover,Travel Lover
C000734,Cliente 0734,Joven,False,Manta,False,39,595.59,1,False,Crédito Hipotecario,0,0.00,81929.87,0.00,False,0.00,0,False,0.00,,,False,False,False,False,0,,Sin información transaccional
C000735,Cliente 0735,PyME,False,Quito,False,47,2493.63,2,True,Cuenta de Ahorros|Tarjeta de Crédito,0,6494.35,997.63,997.63,False,6500.00,11,True,1922.15,174.74,2026-08-04,True,False,False,False,1,Travel Lover,Travel Lover
C000736,Cliente 0736,Mass,False,Quito,False,42,647.42,3,True,Crédito Vehicular|Crédito de Consumo|Tarjeta de Crédito,0,0.00,27064.32,323.76,False,1500.00,4,True,391.32,97.83,2025-11-24,True,False,False,False,1,Travel Lover,Travel Lover
C000737,Cliente 0737,Mass,False,Guayaquil,False,32,850.50,1,False,Cuenta Corriente,0,1535.98,0.00,0.00,False,0.00,0,False,0.00,,,False,False,False,False,0,,Sin información transaccional
C000738,Cliente 0738,Mass,False,Manta,False,43,910.72,2,True,Crédito Hipotecario|Tarjeta de Crédito,0,0.00,82577.56,73.74,False,1200.00,13,True,599.83,46.14,2026-05-29,False,False,False,False,0,,Generalista
C000739,Cliente 0739,Premium,False,Manta,False,52,3953.64,3,True,Cuenta Corriente|Cuenta de Ahorros|Tarjeta de Crédito,0,25033.19,1899.51,1899.51,False,9000.00,5,True,555.88,111.18,2026-05-18,False,True,False,False,1,Streaming Lover,Streaming Lover
C000740,Cliente 0740,Affluent,False,Cuenca,False,40,3428.43,2,True,Crédito Vehicular|Cuenta Corriente,0,-100.00,30713.44,0.00,False,0.00,0,False,0.00,,,False,False,False,False,0,,Sin información transaccional
C000741,Cliente 0741,PyME,False,Guayaquil,False,39,2649.04,2,True,Crédito de Consumo|Cuenta Corriente,0,-100.00,14838.88,0.00,False,0.00,0,False,0.00,,,False,False,False,False,0,,Sin información transaccional
C000742,Cliente 0742,Mass,False,Guayaquil,False,37,1058.89,3,True,Crédito Vehicular|Cuenta Corriente|Tarjeta de Crédito,0,-100.00,27603.92,1428.46,False,2600.00,8,True,913.81,114.23,2026-07-05,False,True,False,False,1,Streaming Lover,Streaming Lover
C000743,Cliente 0743,Mass,False,Guayaquil,False,39,1318.04,1,False,Tarjeta de Crédito,0,0.00,436.30,436.30,False,1500.00,13,True,907.36,69.80,2026-06-17,False,False,False,False,0,,Generalista
C000744,Cliente 0744,Mass,False,Guayaquil,False,18,807.72,3,True,Crédito Hipotecario|Crédito Vehicular|Tarjeta de Crédito,0,0.00,94962.96,663.07,False,1300.00,8,True,236.79,29.60,2026-08-05,False,True,False,False,1,Streaming Lover,Streaming Lover
C000745,Cliente 0745,Mass,False,Quito,False,33,1011.19,1,False,Crédito Vehicular,0,0.00,30300.18,0.00,False,0.00,0,False,0.00,,,False,False,False,False,0,,Sin información transaccional
C000746,Cliente 0746,Affluent,False,Quito,False,50,2051.18,1,False,Tarjeta de Crédito,0,0.00,1374.77,1374.77,False,6000.00,11,True,1557.08,141.55,2026-08-28,False,False,True,False,1,Food Lover,Food Lover
C000747,Cliente 0747,PyME,True,Manta,False,40,2314.43,2,True,Crédito Hipotecario|Tarjeta de Crédito,0,0.00,50404.85,1098.40,False,4100.00,9,True,1320.81,146.76,2026-04-26,True,False,True,False,2,Travel Lover|Food Lover,Food Lover
C000748,Cliente 0748,Mass,False,Quito,False,50,1065.79,2,True,Crédito de Consumo|Tarjeta de Crédito,0,0.00,5846.76,1032.66,False,2200.00,6,True,1210.95,201.83,2026-04-11,False,False,False,False,0,,Generalista
C000749,Cliente 0749,PyME,False,Quito,False,46,3548.66,4,True,Crédito Vehicular|Crédito de Consumo|Cuenta Corriente|Tarjeta de Crédito,0,12362.16,22449.67,2613.57,False,7500.00,7,True,1434.56,204.94,2026-08-16,False,True,False,False,1,Streaming Lover,Streaming Lover
C000750,Cliente 0750,Mass,False,Guayaquil,False,22,1311.89,2,True,Cuenta de Ahorros|Tarjeta de Crédito,0,2865.38,1407.77,1407.77,False,3900.00,6,True,590.98,98.50,2026-05-11,False,False,False,True,1,Tech Lover,Tech Lover
C000751,Cliente 0751,Mass,False,Quito,False,28,666.32,2,True,Cuenta de Ahorros|Tarjeta de Crédito,0,484.99,249.95,249.95,False,1100.00,14,True,679.35,48.52,2026-08-28,False,False,False,False,0,,Generalista
C000752,Cliente 0752,Joven,False,Cuenca,False,47,456.60,2,True,Cuenta Corriente|Tarjeta de Crédito,0,1098.40,200.30,200.30,False,700.00,7,True,124.63,17.80,2025-12-23,False,False,False,False,0,,Generalista
C000753,Cliente 0753,Affluent,False,Quito,False,39,1151.51,3,True,Crédito Vehicular|Cuenta Corriente|Tarjeta de Crédito,0,4261.48,23958.42,513.36,False,2000.00,8,True,483.61,60.45,2026-06-14,False,False,False,False,0,,Generalista
C000754,Cliente 0754,Mass,False,Guayaquil,False,54,1515.54,3,True,Crédito Hipotecario|Crédito de Consumo|Tarjeta de Crédito,0,0.00,79562.08,845.89,False,2500.00,8,True,759.32,94.92,2026-08-16,False,False,True,False,1,Food Lover,Food Lover
C000755,Cliente 0755,Premium,False,Guayaquil,False,50,4207.24,3,True,Crédito de Consumo|Cuenta de Ahorros|Tarjeta de Crédito,0,11511.48,37347.71,6179.18,False,10800.00,6,True,1533.57,255.59,2026-06-18,False,False,True,False,1,Food Lover,Food Lover
C000756,Cliente 0756,Joven,False,Manta,False,44,492.59,2,True,Cuenta Corriente|Tarjeta de Crédito,0,-100.00,384.92,384.92,False,800.00,13,True,460.19,35.40,2026-07-29,False,True,False,True,2,Streaming Lover|Tech Lover,Streaming Lover
C000757,Cliente 0757,Joven,False,Loja,False,30,502.95,2,True,Cuenta Corriente|Cuenta de Ahorros,0,1385.76,0.00,0.00,False,0.00,0,False,0.00,,,False,False,False,False,0,,Sin información transaccional
C000758,Cliente 0758,Mass,False,Manta,False,22,1587.05,3,True,Crédito Vehicular|Crédito de Consumo|Cuenta de Ahorros,0,1590.48,32493.68,0.00,False,0.00,0,False,0.00,,,False,False,False,False,0,,Sin información transaccional
C000759,Cliente 0759,Mass,False,Guayaquil,False,37,813.83,2,True,Crédito Vehicular|Tarjeta de Crédito,0,0.00,12446.97,183.75,False,1800.00,13,True,722.25,55.56,2026-06-27,True,False,False,True,2,Travel Lover|Tech Lover,Travel Lover
C000760,Cliente 0760,Premium,True,Guayaquil,False,46,4056.48,4,True,Crédito Hipotecario|Crédito Vehicular|Cuenta Corriente|Tarjeta de Crédito,0,14946.87,101574.53,2407.30,False,8900.00,13,True,2779.71,213.82,2026-08-04,False,False,True,False,1,Food Lover,Food Lover
C000761,Cliente 0761,Affluent,False,Guayaquil,False,18,3377.92,1,False,Crédito Hipotecario,0,0.00,70286.12,0.00,False,0.00,0,False,0.00,,,False,False,False,False,0,,Sin información transaccional
C000762,Cliente 0762,Mass,True,Quito,False,61,883.08,2,True,Crédito Vehicular|Cuenta Corriente,0,1560.99,28409.59,0.00,False,0.00,0,False,0.00,,,False,False,False,False,0,,Sin información transaccional
C000763,Cliente 0763,Affluent,False,Quito,False,35,2517.46,2,True,Cuenta de Ahorros|Tarjeta de Crédito,0,7360.65,1230.61,1230.61,False,5000.00,5,True,708.37,141.67,2025-11-19,False,False,False,False,0,,Generalista
C000764,Cliente 0764,Mass,False,Ambato,False,53,651.50,1,False,Cuenta de Ahorros,0,2247.47,0.00,0.00,False,0.00,0,False,0.00,,,False,False,False,False,0,,Sin información transaccional
C000765,Cliente 0765,Affluent,False,Manta,False,54,1643.49,3,True,Crédito Hipotecario|Cuenta de Ahorros|Tarjeta de Crédito,0,4146.53,110543.84,918.68,False,2000.00,11,True,2424.34,220.39,2026-08-25,True,False,False,False,1,Travel Lover,Travel Lover
C000766,Cliente 0766,PyME,False,Cuenca,False,31,3262.26,3,True,Crédito Vehicular|Crédito de Consumo|Tarjeta de Crédito,0,0.00,39794.40,1368.30,False,4800.00,4,True,908.06,227.01,2026-04-22,False,False,False,False,0,,Generalista
C000767,Cliente 0767,Mass,False,Guayaquil,False,55,967.80,2,True,Crédito de Consumo|Tarjeta de Crédito,0,0.00,2500.84,807.64,False,2100.00,14,True,847.26,60.52,2026-08-17,True,False,False,False,1,Travel Lover,Travel Lover
C000768,Cliente 0768,Affluent,False,Cuenca,False,28,1303.62,3,True,Cuenta Corriente|Cuenta de Ahorros|Tarjeta de Crédito,0,10814.09,878.80,878.80,False,2200.00,13,True,1245.09,95.78,2026-06-08,False,False,False,True,1,Tech Lover,Tech Lover
C000769,Cliente 0769,Mass,True,Quito,False,45,955.31,3,True,Crédito Hipotecario|Crédito Vehicular|Tarjeta de Crédito,0,0.00,56546.31,214.63,False,1300.00,13,True,755.39,58.11,2026-04-16,True,False,True,False,2,Travel Lover|Food Lover,Food Lover
C000770,Cliente 0770,PyME,False,Quito,False,45,5100.35,2,True,Crédito Vehicular|Tarjeta de Crédito,0,0.00,13643.47,2831.21,False,8900.00,11,True,3715.36,337.76,2026-07-16,True,False,False,False,1,Travel Lover,Travel Lover
C000771,Cliente 0771,PyME,False,Guayaquil,False,41,3317.77,2,True,Cuenta de Ahorros|Tarjeta de Crédito,0,11572.96,2089.91,2089.91,False,4800.00,6,True,1472.45,245.41,2026-01-11,False,False,False,False,0,,Generalista
C000772,Cliente 0772,Affluent,False,Quito,False,55,2540.96,3,True,Crédito Hipotecario|Crédito Vehicular|Crédito de Consumo,0,0.00,121780.87,0.00,False,0.00,0,False,0.00,,,False,False,False,False,0,,Sin información transaccional
C000773,Cliente 0773,Affluent,False,Loja,False,29,2645.17,2,True,Crédito Vehicular|Cuenta de Ahorros,0,3133.15,28480.55,0.00,False,0.00,0,False,0.00,,,False,False,False,False,0,,Sin información transaccional
C000774,Cliente 0774,Mass,False,Cuenca,False,47,1060.22,2,True,Cuenta Corriente|Tarjeta de Crédito,0,4448.72,433.05,433.05,False,2200.00,9,True,622.19,69.13,2026-07-31,True,False,False,False,1,Travel Lover,Travel Lover
C000775,Cliente 0775,Mass,False,Quito,False,39,600.30,2,True,Cuenta de Ahorros|Tarjeta de Crédito,0,1321.61,491.59,491.59,False,1200.00,13,True,477.49,36.73,2026-06-21,False,False,False,False,0,,Generalista
C000776,Cliente 0776,Affluent,True,Guayaquil,False,32,2432.59,3,True,Crédito Hipotecario|Crédito Vehicular|Cuenta de Ahorros,0,12020.29,56408.70,0.00,False,0.00,0,False,0.00,,,False,False,False,False,0,,Sin información transaccional
C000777,Cliente 0777,Premium,True,Quito,False,43,3548.72,4,True,Crédito Vehicular|Crédito de Consumo|Cuenta de Ahorros|Tarjeta de Crédito,0,11912.52,47883.49,2052.19,False,5300.00,13,True,2281.05,175.47,2026-05-16,False,False,False,False,0,,Generalista
C000778,Cliente 0778,Mass,False,Cuenca,False,44,622.42,1,False,Tarjeta de Crédito,0,0.00,1055.18,1055.18,False,1500.00,8,True,391.40,48.92,2026-07-31,False,False,False,True,1,Tech Lover,Tech Lover
C000779,Cliente 0779,Mass,False,Manta,False,27,603.71,2,True,Crédito Hipotecario|Cuenta de Ahorros,0,1529.71,47079.48,0.00,False,0.00,0,False,0.00,,,False,False,False,False,0,,Sin información transaccional
C000780,Cliente 0780,Mass,False,Guayaquil,False,55,830.14,2,True,Cuenta de Ahorros|Tarjeta de Crédito,0,2646.94,727.21,727.21,False,1900.00,12,True,825.38,68.78,2026-05-03,False,False,False,False,0,,Generalista
C000781,Cliente 0781,PyME,True,Guayaquil,False,43,3667.99,1,False,Tarjeta de Crédito,0,0.00,2067.79,2067.79,False,8100.00,12,True,3180.71,265.06,2026-08-27,False,False,False,True,1,Tech Lover,Tech Lover
C000782,Cliente 0782,Mass,True,Guayaquil,False,32,716.11,2,True,Crédito Vehicular|Tarjeta de Crédito,0,0.00,17209.82,725.56,False,1000.00,9,True,433.37,48.15,2026-08-28,False,False,True,False,1,Food Lover,Food Lover
C000783,Cliente 0783,PyME,False,Guayaquil,False,31,2301.42,2,True,Cuenta de Ahorros|Tarjeta de Crédito,0,8211.99,2853.63,2853.63,False,5700.00,14,True,2708.14,193.44,2026-04-10,False,True,False,False,1,Streaming Lover,Streaming Lover
C000784,Cliente 0784,Mass,False,Quito,False,43,1591.28,3,True,Crédito Hipotecario|Cuenta de Ahorros|Tarjeta de Crédito,0,8298.39,61026.89,748.20,False,3000.00,13,True,1054.47,81.11,2026-08-30,False,False,True,False,1,Food Lover,Food Lover
C000785,Cliente 0785,Mass,False,Manta,False,46,735.18,2,True,Cuenta Corriente|Tarjeta de Crédito,0,900.82,872.83,872.83,False,1800.00,9,True,242.77,26.97,2026-07-13,False,False,False,False,0,,Generalista
C000786,Cliente 0786,Premium,True,Quito,False,35,4708.36,3,True,Crédito de Consumo|Cuenta de Ahorros|Tarjeta de Crédito,0,12248.38,19315.59,1824.38,False,11100.00,4,True,1734.16,433.54,2026-07-27,False,False,True,True,2,Food Lover|Tech Lover,Food Lover
C000787,Cliente 0787,Joven,False,Cuenca,False,41,604.83,3,True,Crédito Hipotecario|Crédito Vehicular|Tarjeta de Crédito,0,0.00,12891.91,0.00,False,1400.00,6,True,302.71,50.45,2026-02-06,False,False,False,False,0,,Generalista
C000788,Cliente 0788,Affluent,True,Guayaquil,False,21,2639.21,3,True,Crédito Hipotecario|Cuenta de Ahorros|Tarjeta de Crédito,0,11758.27,64037.01,3181.07,False,5200.00,9,True,1760.36,195.60,2026-08-14,False,False,False,False,0,,Generalista
C000789,Cliente 0789,Affluent,False,Ambato,False,63,2669.15,2,True,Crédito Hipotecario|Tarjeta de Crédito,0,0.00,117354.55,3043.36,False,5600.00,5,True,1305.54,261.11,2025-12-26,False,False,False,False,0,,Generalista
C000790,Cliente 0790,Joven,True,Quito,False,31,944.69,2,True,Crédito de Consumo|Tarjeta de Crédito,0,0.00,4718.38,1500.09,False,2100.00,13,True,940.07,72.31,2026-08-01,False,False,False,True,1,Tech Lover,Tech Lover
C000791,Cliente 0791,Mass,False,Quito,False,34,645.18,2,True,Crédito Hipotecario|Tarjeta de Crédito,0,0.00,96595.83,266.47,False,800.00,10,True,476.24,47.62,2026-05-08,False,False,False,True,1,Tech Lover,Tech Lover
C000792,Cliente 0792,PyME,True,Quito,False,47,2947.00,2,True,Cuenta Corriente|Tarjeta de Crédito,0,10964.81,556.26,556.26,False,6500.00,10,True,1695.54,169.55,2026-08-11,False,True,False,False,1,Streaming Lover,Streaming Lover
C000793,Cliente 0793,Mass,True,Quito,False,48,986.32,3,True,Crédito Vehicular|Crédito de Consumo|Tarjeta de Crédito,0,0.00,24281.36,674.77,False,2300.00,8,True,629.61,78.70,2026-05-15,False,False,False,False,0,,Generalista
C000794,Cliente 0794,Affluent,False,Guayaquil,False,32,1808.61,2,True,Crédito Hipotecario|Crédito Vehicular,0,0.00,118313.32,0.00,False,0.00,0,False,0.00,,,False,False,False,False,0,,Sin información transaccional
C000795,Cliente 0795,PyME,False,Ambato,False,27,3986.64,2,True,Crédito Vehicular|Cuenta Corriente,0,9554.81,3839.13,0.00,False,0.00,0,False,0.00,,,False,False,False,False,0,,Sin información transaccional
C000796,Cliente 0796,PyME,False,Quito,False,45,1784.74,2,True,Crédito Hipotecario|Cuenta Corriente,0,4010.37,85631.17,0.00,False,0.00,0,False,0.00,,,False,False,False,False,0,,Sin información transaccional
C000797,Cliente 0797,Mass,False,Ambato,False,36,1212.29,3,True,Crédito Vehicular|Cuenta de Ahorros|Tarjeta de Crédito,0,-100.00,16502.75,358.66,False,3400.00,13,True,998.25,76.79,2026-08-18,False,True,False,False,1,Streaming Lover,Streaming Lover
C000798,Cliente 0798,Mass,False,Manta,False,51,820.36,2,True,Crédito Hipotecario|Tarjeta de Crédito,0,0.00,32302.06,30.81,False,1500.00,12,True,665.99,55.50,2026-08-21,True,False,False,False,1,Travel Lover,Travel Lover
C000799,Cliente 0799,Joven,False,Cuenca,False,35,420.94,1,False,Cuenta de Ahorros,0,1248.57,0.00,0.00,False,0.00,0,False,0.00,,,False,False,False,False,0,,Sin información transaccional
C000800,Cliente 0800,Joven,False,Cuenca,False,31,350.00,3,True,Crédito Vehicular|Cuenta de Ahorros|Tarjeta de Crédito,0,1400.29,17705.21,286.91,False,600.00,10,True,289.05,28.91,2026-07-16,False,True,False,False,1,Streaming Lover,Streaming Lover
C000801,Cliente 0801,Mass,False,Cuenca,False,39,1308.02,2,True,Crédito de Consumo|Tarjeta de Crédito,0,0.00,3500.90,0.00,False,2200.00,8,True,519.63,64.95,2026-05-23,False,True,False,False,1,Streaming Lover,Streaming Lover
C000802,Cliente 0802,PyME,False,Cuenca,False,60,2352.35,4,True,Crédito de Consumo|Cuenta Corriente|Cuenta de Ahorros|Tarjeta de Crédito,0,13804.94,20253.58,3506.96,False,6800.00,7,True,852.67,121.81,2026-08-20,False,False,False,False,0,,Generalista
C000803,Cliente 0803,Mass,True,Guayaquil,False,30,703.50,4,True,Crédito Hipotecario|Crédito Vehicular|Cuenta de Ahorros|Tarjeta de Crédito,0,535.03,101124.24,223.63,False,1300.00,7,True,560.73,80.10,2026-05-24,False,False,False,False,0,,Generalista
C000804,Cliente 0804,Affluent,False,Quito,False,25,2511.33,2,True,Cuenta Corriente|Cuenta de Ahorros,0,11740.73,0.00,0.00,False,0.00,0,False,0.00,,,False,False,False,False,0,,Sin información transaccional
C000805,Cliente 0805,Mass,False,Guayaquil,False,42,951.13,1,False,Tarjeta de Crédito,0,0.00,301.39,301.39,False,2600.00,14,True,792.73,56.62,2026-06-17,False,False,False,False,0,,Generalista
C000806,Cliente 0806,Mass,False,Quito,False,28,1399.61,2,True,Cuenta Corriente|Tarjeta de Crédito,0,5554.04,553.83,553.83,False,2000.00,6,True,370.35,61.73,2026-07-23,False,True,False,False,1,Streaming Lover,Streaming Lover
C000807,Cliente 0807,Affluent,False,Manta,False,24,1552.95,3,True,Crédito Hipotecario|Cuenta Corriente|Tarjeta de Crédito,0,3531.50,64102.08,1864.78,False,4100.00,7,True,609.37,87.05,2026-08-21,True,False,False,False,1,Travel Lover,Travel Lover
C000808,Cliente 0808,Joven,False,Loja,False,57,797.47,2,True,Crédito de Consumo|Tarjeta de Crédito,0,0.00,4116.73,752.24,False,1200.00,5,True,229.03,45.81,2026-04-09,False,False,False,False,0,,Generalista
C000809,Cliente 0809,Premium,False,Quito,False,44,3188.85,3,True,Crédito Vehicular|Crédito de Consumo|Tarjeta de Crédito,0,0.00,53347.50,3993.40,False,9600.00,11,True,1939.04,176.28,2026-08-22,False,True,False,False,1,Streaming Lover,Streaming Lover
C000810,Cliente 0810,Joven,False,Cuenca,False,43,882.20,3,True,Crédito Hipotecario|Cuenta Corriente|Tarjeta de Crédito,0,-100.00,109134.04,814.09,False,2300.00,6,True,278.23,46.37,2026-07-04,True,False,False,False,1,Travel Lover,Travel Lover
C000811,Cliente 0811,Affluent,False,Guayaquil,False,27,1784.27,2,True,Cuenta Corriente|Tarjeta de Crédito,0,-100.00,1315.97,1315.97,False,2100.00,13,True,1653.23,127.17,2026-06-12,True,False,False,False,1,Travel Lover,Travel Lover
C000812,Cliente 0812,Mass,False,Guayaquil,False,36,769.62,1,False,Cuenta de Ahorros,0,1697.22,0.00,0.00,False,0.00,0,False,0.00,,,False,False,False,False,0,,Sin información transaccional
C000813,Cliente 0813,Joven,False,Ambato,False,52,935.02,1,False,Tarjeta de Crédito,0,0.00,1319.24,1319.24,False,1800.00,14,True,1000.49,71.46,2026-08-21,False,False,False,False,0,,Generalista
C000814,Cliente 0814,Joven,False,Guayaquil,False,36,757.25,2,True,Crédito de Consumo|Tarjeta de Crédito,0,0.00,610.62,189.61,False,2200.00,5,True,231.83,46.37,2026-07-09,False,False,False,False,0,,Generalista
C000815,Cliente 0815,Mass,False,Loja,False,21,1162.66,1,False,Crédito Vehicular,0,0.00,21484.53,0.00,False,0.00,0,False,0.00,,,False,False,False,False,0,,Sin información transaccional
C000816,Cliente 0816,PyME,False,Quito,False,53,2868.59,2,True,Crédito Vehicular|Tarjeta de Crédito,0,0.00,16642.95,1075.91,False,4100.00,12,True,1997.00,166.42,2026-03-25,False,False,True,False,1,Food Lover,Food Lover
C000817,Cliente 0817,Premium,False,Quito,False,46,6827.21,3,True,Crédito de Consumo|Cuenta de Ahorros|Tarjeta de Crédito,0,21762.01,24258.84,4555.89,False,8200.00,6,True,2427.49,404.58,2026-08-30,False,False,False,False,0,,Generalista
C000818,Cliente 0818,Mass,False,Guayaquil,False,51,548.63,2,True,Crédito Vehicular|Tarjeta de Crédito,0,0.00,22064.46,451.86,False,1100.00,7,True,397.26,56.75,2025-11-11,False,False,True,True,2,Food Lover|Tech Lover,Food Lover
C000819,Cliente 0819,Premium,False,Quito,False,32,3839.55,1,False,Tarjeta de Crédito,0,0.00,1055.84,1055.84,False,4500.00,10,True,2599.66,259.97,2026-08-11,False,True,False,True,2,Streaming Lover|Tech Lover,Streaming Lover
C000820,Cliente 0820,Mass,False,Loja,False,32,597.97,2,True,Crédito Hipotecario|Tarjeta de Crédito,0,0.00,53753.00,522.93,False,1000.00,9,True,305.15,33.91,2026-07-03,True,True,False,False,2,Travel Lover|Streaming Lover,Streaming Lover
C000821,Cliente 0821,Premium,True,Cuenca,False,18,5343.34,4,True,Crédito Vehicular|Crédito de Consumo|Cuenta Corriente|Tarjeta de Crédito,0,9537.55,57090.18,1497.35,False,14000.00,13,True,3519.84,270.76,2026-08-13,True,False,False,False,1,Travel Lover,Travel Lover
C000822,Cliente 0822,PyME,False,Quito,False,46,1726.48,2,True,Crédito Vehicular|Tarjeta de Crédito,0,0.00,17489.97,0.00,False,2100.00,5,True,491.34,98.27,2026-08-14,False,False,True,False,1,Food Lover,Food Lover
C000823,Cliente 0823,Mass,False,Cuenca,False,42,534.08,2,True,Crédito Hipotecario|Tarjeta de Crédito,0,0.00,113967.55,1138.65,False,1500.00,8,True,292.20,36.52,2026-08-28,False,False,False,True,1,Tech Lover,Tech Lover
C000824,Cliente 0824,Premium,False,Guayaquil,False,45,3171.02,3,True,Crédito Hipotecario|Cuenta Corriente|Cuenta de Ahorros,0,10807.59,54819.87,0.00,False,0.00,0,False,0.00,,,False,False,False,False,0,,Sin información transaccional
C000825,Cliente 0825,Mass,False,Cuenca,False,29,1371.70,2,True,Crédito Hipotecario|Tarjeta de Crédito,0,0.00,125566.21,887.75,False,2600.00,9,True,789.89,87.77,2026-08-19,False,False,False,False,0,,Generalista
C000826,Cliente 0826,Joven,True,Guayaquil,False,50,596.12,2,True,Crédito Hipotecario|Tarjeta de Crédito,0,0.00,78124.43,586.38,False,1200.00,11,True,427.60,38.87,2026-06-06,False,False,False,True,1,Tech Lover,Tech Lover
C000827,Cliente 0827,PyME,False,Guayaquil,False,33,2015.96,2,True,Cuenta Corriente|Tarjeta de Crédito,0,-100.00,3184.80,3184.80,False,5200.00,9,True,1271.66,141.30,2026-07-01,False,False,False,False,0,,Generalista
C000828,Cliente 0828,Mass,False,Loja,False,28,801.83,2,True,Crédito Hipotecario|Tarjeta de Crédito,0,0.00,82735.17,1102.82,False,1700.00,4,True,246.40,61.60,2026-01-24,False,True,False,False,1,Streaming Lover,Streaming Lover
C000829,Cliente 0829,Joven,False,Guayaquil,False,36,1120.27,2,True,Crédito Vehicular|Cuenta de Ahorros,0,164.74,20155.15,0.00,False,0.00,0,False,0.00,,,False,False,False,False,0,,Sin información transaccional
C000830,Cliente 0830,Joven,False,Guayaquil,False,19,653.32,1,False,Tarjeta de Crédito,0,0.00,0.00,0.00,False,1000.00,10,True,566.57,56.66,2026-05-08,False,False,True,False,1,Food Lover,Food Lover
C000831,Cliente 0831,Affluent,True,Guayaquil,False,25,2279.75,1,False,Tarjeta de Crédito,0,0.00,663.85,663.85,False,5300.00,4,True,581.88,145.47,2026-04-26,True,False,False,False,1,Travel Lover,Travel Lover
C000832,Cliente 0832,Mass,False,Manta,False,31,1629.63,1,False,Cuenta Corriente,0,7407.06,0.00,0.00,False,0.00,0,False,0.00,,,False,False,False,False,0,,Sin información transaccional
C000833,Cliente 0833,PyME,False,Quito,False,28,2227.42,2,True,Cuenta de Ahorros|Tarjeta de Crédito,0,7870.76,2600.62,2600.62,False,4400.00,13,True,1828.44,140.65,2026-07-17,True,False,True,True,3,Travel Lover|Food Lover|Tech Lover,Food Lover
C000834,Cliente 0834,Mass,False,Quito,False,48,1116.19,3,True,Cuenta Corriente|Cuenta de Ahorros|Tarjeta de Crédito,0,5266.96,1288.17,1288.17,False,3000.00,4,True,178.52,44.63,2026-02-11,False,True,False,True,2,Streaming Lover|Tech Lover,Streaming Lover
C000835,Cliente 0835,Joven,False,Guayaquil,False,37,623.34,3,True,Crédito de Consumo|Cuenta de Ahorros|Tarjeta de Crédito,0,1559.27,2432.45,519.48,False,800.00,9,True,252.03,28.00,2026-08-15,True,False,False,False,1,Travel Lover,Travel Lover
C000836,Cliente 0836,Mass,False,Guayaquil,False,38,754.10,2,True,Crédito Hipotecario|Tarjeta de Crédito,0,0.00,56846.01,186.06,False,2200.00,8,True,491.48,61.44,2026-04-05,False,False,False,False,0,,Generalista
C000837,Cliente 0837,Joven,False,Quito,False,42,847.78,2,True,Crédito Hipotecario|Cuenta de Ahorros,0,1394.29,56360.40,0.00,False,0.00,0,False,0.00,,,False,False,False,False,0,,Sin información transaccional
C000838,Cliente 0838,Affluent,False,Loja,False,39,2497.79,3,True,Crédito Hipotecario|Crédito de Consumo|Tarjeta de Crédito,0,0.00,107008.72,1586.83,False,3500.00,12,True,2144.97,178.75,2026-07-14,True,False,True,False,2,Travel Lover|Food Lover,Travel Lover
C000839,Cliente 0839,Premium,False,Quito,False,26,3484.24,2,True,Crédito de Consumo|Tarjeta de Crédito,0,0.00,35570.61,3968.54,False,8300.00,7,True,1268.56,181.22,2026-08-28,False,False,False,False,0,,Generalista
C000840,Cliente 0840,Premium,False,Quito,False,36,5814.32,3,True,Crédito Hipotecario|Crédito de Consumo|Tarjeta de Crédito,0,0.00,54310.89,4913.01,False,14300.00,13,True,7515.78,578.14,2026-06-05,False,False,False,False,0,,Generalista
C000841,Cliente 0841,Mass,False,Manta,False,30,1155.77,3,True,Crédito Hipotecario|Crédito de Consumo|Tarjeta de Crédito,0,0.00,48983.66,108.24,False,2000.00,4,True,532.42,133.11,2026-05-20,True,False,False,False,1,Travel Lover,Travel Lover
C000842,Cliente 0842,PyME,False,Guayaquil,False,25,5124.11,2,True,Crédito Vehicular|Cuenta Corriente,0,15897.29,19532.60,0.00,False,0.00,0,False,0.00,,,False,False,False,False,0,,Sin información transaccional
C000843,Cliente 0843,Affluent,False,Quito,False,38,1302.41,3,True,Crédito de Consumo|Cuenta Corriente|Tarjeta de Crédito,0,1960.77,16829.44,1738.68,False,3500.00,5,True,478.04,95.61,2026-06-06,True,False,False,False,1,Travel Lover,Travel Lover
C000844,Cliente 0844,Mass,False,Manta,False,34,1392.82,3,True,Crédito Hipotecario|Crédito de Consumo|Tarjeta de Crédito,0,0.00,43182.59,240.31,False,3900.00,9,True,881.00,97.89,2026-07-29,False,False,False,False,0,,Generalista
C000845,Cliente 0845,Mass,True,Ambato,False,31,670.03,4,True,Crédito Hipotecario|Crédito Vehicular|Cuenta Corriente|Tarjeta de Crédito,0,3049.42,121025.12,271.36,False,1200.00,9,True,264.63,29.40,2026-07-18,False,True,False,False,1,Streaming Lover,Streaming Lover
C000846,Cliente 0846,Mass,False,Quito,False,47,922.83,2,True,Crédito de Consumo|Tarjeta de Crédito,0,0.00,4660.27,397.21,False,900.00,11,True,660.06,60.01,2026-05-10,True,False,False,False,1,Travel Lover,Travel Lover
C000847,Cliente 0847,Premium,False,Cuenca,False,47,5872.56,4,True,Crédito Vehicular|Cuenta Corriente|Cuenta de Ahorros|Tarjeta de Crédito,0,24010.81,11155.20,497.14,False,6800.00,6,True,2123.29,353.88,2026-08-08,False,False,False,False,0,,Generalista
C000848,Cliente 0848,Mass,False,Ambato,False,32,931.47,2,True,Crédito Vehicular|Tarjeta de Crédito,0,0.00,17621.42,554.97,False,1200.00,4,True,479.51,119.88,2025-12-19,False,False,False,False,0,,Generalista
C000849,Cliente 0849,Mass,False,Quito,False,29,587.26,1,False,Cuenta Corriente,0,3457.63,0.00,0.00,False,0.00,0,False,0.00,,,False,False,False,False,0,,Sin información transaccional
C000850,Cliente 0850,Premium,False,Quito,False,36,3258.71,3,True,Crédito de Consumo|Cuenta de Ahorros|Tarjeta de Crédito,0,2589.31,12552.37,997.60,False,5200.00,4,True,550.40,137.60,2026-04-24,False,False,False,False,0,,Generalista
C000851,Cliente 0851,Joven,False,Quito,False,24,1043.27,3,True,Crédito Vehicular|Cuenta de Ahorros|Tarjeta de Crédito,0,1926.66,12951.35,363.70,False,1100.00,13,True,687.03,52.85,2026-08-12,True,False,False,False,1,Travel Lover,Travel Lover
C000852,Cliente 0852,Affluent,False,Quito,False,38,2885.47,2,True,Cuenta de Ahorros|Tarjeta de Crédito,0,2852.88,2084.61,2084.61,False,3400.00,10,True,1859.43,185.94,2026-04-26,True,False,False,False,1,Travel Lover,Travel Lover
C000853,Cliente 0853,Mass,False,Quito,False,42,1028.61,1,False,Crédito Hipotecario,0,0.00,93483.28,0.00,False,0.00,0,False,0.00,,,False,False,False,False,0,,Sin información transaccional
C000854,Cliente 0854,Affluent,False,Ambato,False,62,2505.50,3,True,Crédito Vehicular|Cuenta de Ahorros|Tarjeta de Crédito,0,8382.96,22047.37,2686.63,False,6000.00,14,True,1787.45,127.67,2026-03-25,False,True,False,False,1,Streaming Lover,Streaming Lover
C000855,Cliente 0855,PyME,False,Ambato,False,31,2741.08,2,True,Crédito Hipotecario|Tarjeta de Crédito,0,0.00,67860.28,3284.33,False,5100.00,4,True,646.58,161.65,2026-07-14,False,False,False,False,0,,Generalista
C000856,Cliente 0856,Premium,False,Quito,False,36,4550.48,4,True,Crédito Hipotecario|Crédito Vehicular|Cuenta Corriente|Tarjeta de Crédito,0,-100.00,87481.85,0.00,False,8700.00,5,True,1528.07,305.61,2026-05-13,False,False,False,False,0,,Generalista
C000857,Cliente 0857,Joven,False,Ambato,False,22,620.24,1,False,Crédito Hipotecario,0,0.00,55037.57,0.00,False,0.00,0,False,0.00,,,False,False,False,False,0,,Sin información transaccional
C000858,Cliente 0858,PyME,False,Guayaquil,False,35,3547.26,3,True,Crédito Hipotecario|Crédito Vehicular|Tarjeta de Crédito,0,0.00,137558.06,1864.98,False,9900.00,10,True,2397.20,239.72,2026-04-22,True,False,True,False,2,Travel Lover|Food Lover,Food Lover
C000859,Cliente 0859,Mass,False,Cuenca,False,46,1072.28,1,False,Crédito de Consumo,0,0.00,6490.35,0.00,False,0.00,0,False,0.00,,,False,False,False,False,0,,Sin información transaccional
C000860,Cliente 0860,Affluent,True,Guayaquil,False,44,1770.34,4,True,Crédito Hipotecario|Crédito Vehicular|Cuenta Corriente|Tarjeta de Crédito,0,3044.35,50741.63,1869.38,False,4000.00,11,True,1715.18,155.93,2026-08-20,True,False,False,False,1,Travel Lover,Travel Lover
C000861,Cliente 0861,Mass,False,Quito,False,29,470.88,2,True,Crédito Hipotecario|Tarjeta de Crédito,0,0.00,108206.45,634.64,False,1400.00,7,True,298.92,42.70,2026-08-30,False,False,True,False,1,Food Lover,Food Lover
C000862,Cliente 0862,Affluent,False,Cuenca,False,44,1780.04,2,True,Cuenta Corriente|Tarjeta de Crédito,0,2277.99,1184.01,1184.01,False,2700.00,13,True,1734.15,133.40,2026-08-17,False,False,True,False,1,Food Lover,Food Lover
C000863,Cliente 0863,Mass,True,Ambato,False,55,1021.60,2,True,Crédito Vehicular|Tarjeta de Crédito,0,0.00,20984.89,0.00,False,1200.00,12,True,662.46,55.21,2026-08-20,False,False,True,False,1,Food Lover,Food Lover
C000864,Cliente 0864,Mass,False,Loja,False,18,852.05,1,False,Cuenta de Ahorros,0,996.78,0.00,0.00,False,0.00,0,False,0.00,,,False,False,False,False,0,,Sin información transaccional
C000865,Cliente 0865,PyME,False,Quito,False,52,1682.33,2,True,Crédito de Consumo|Tarjeta de Crédito,0,0.00,876.43,761.13,False,2400.00,4,True,411.96,102.99,2025-09-22,False,False,False,False,0,,Generalista
C000866,Cliente 0866,Mass,False,Loja,False,40,770.15,2,True,Cuenta Corriente|Cuenta de Ahorros,1,2200.88,0.00,0.00,True,0.00,0,False,0.00,,,False,False,False,False,0,,Sin información transaccional
C000867,Cliente 0867,Mass,False,Quito,False,41,834.01,1,False,Cuenta Corriente,0,416.81,0.00,0.00,False,0.00,0,False,0.00,,,False,False,False,False,0,,Sin información transaccional
C000868,Cliente 0868,Mass,False,Quito,False,39,626.90,1,False,Cuenta Corriente,0,1353.25,0.00,0.00,False,0.00,0,False,0.00,,,False,False,False,False,0,,Sin información transaccional
C000869,Cliente 0869,Mass,False,Guayaquil,False,28,963.59,2,True,Crédito Hipotecario|Cuenta Corriente,0,1480.71,84205.07,0.00,False,0.00,0,False,0.00,,,False,False,False,False,0,,Sin información transaccional
C000870,Cliente 0870,Premium,False,Quito,False,66,7977.34,2,True,Crédito Hipotecario|Tarjeta de Crédito,0,0.00,72753.51,6292.80,False,18100.00,10,True,6224.87,622.49,2026-05-09,False,False,True,False,1,Food Lover,Food Lover
C000871,Cliente 0871,Mass,False,Ambato,False,47,904.20,2,True,Crédito de Consumo|Tarjeta de Crédito,0,0.00,6750.55,217.58,False,1100.00,7,True,494.18,70.60,2026-05-20,False,False,False,False,0,,Generalista
C000872,Cliente 0872,Joven,False,Loja,False,38,1141.47,2,True,Cuenta Corriente|Cuenta de Ahorros,0,4097.66,0.00,0.00,False,0.00,0,False,0.00,,,False,False,False,False,0,,Sin información transaccional
C000873,Cliente 0873,Mass,False,Guayaquil,False,53,599.16,3,True,Crédito Hipotecario|Crédito Vehicular|Tarjeta de Crédito,0,0.00,82456.07,584.33,False,1400.00,8,True,350.72,43.84,2026-07-08,False,False,False,True,1,Tech Lover,Tech Lover
C000874,Cliente 0874,Affluent,False,Quito,False,49,1313.62,4,True,Crédito Vehicular|Cuenta Corriente|Cuenta de Ahorros|Tarjeta de Crédito,0,6624.03,16834.19,642.68,False,2000.00,13,True,963.26,74.10,2026-08-12,True,False,False,False,1,Travel Lover,Travel Lover
C000875,Cliente 0875,PyME,False,Guayaquil,False,33,3585.40,3,True,Crédito Hipotecario|Cuenta Corriente|Tarjeta de Crédito,0,1211.09,103505.04,1473.71,False,6200.00,11,True,2912.61,264.78,2026-07-06,False,False,False,False,0,,Generalista
C000876,Cliente 0876,Mass,False,Guayaquil,False,35,603.29,3,True,Crédito Hipotecario|Crédito Vehicular|Tarjeta de Crédito,0,0.00,70505.51,33.59,False,1200.00,6,True,368.49,61.41,2026-06-29,False,False,False,False,0,,Generalista
C000877,Cliente 0877,PyME,False,Loja,False,32,1854.11,1,False,Cuenta Corriente,0,2690.50,0.00,0.00,False,0.00,0,False,0.00,,,False,False,False,False,0,,Sin información transaccional
C000878,Cliente 0878,PyME,False,Manta,False,43,2773.93,2,True,Crédito Vehicular|Tarjeta de Crédito,0,0.00,28244.09,265.50,False,3200.00,12,True,2235.84,186.32,2026-07-02,False,False,True,False,1,Food Lover,Food Lover
C000879,Cliente 0879,Mass,False,Ambato,False,34,685.55,3,True,Crédito de Consumo|Cuenta Corriente|Tarjeta de Crédito,0,591.62,6014.83,495.19,False,1300.00,13,True,611.22,47.02,2026-08-16,False,False,False,False,0,,Generalista
C000880,Cliente 0880,Mass,False,Guayaquil,False,27,1036.46,2,True,Crédito Hipotecario|Tarjeta de Crédito,0,0.00,86588.66,1074.38,False,1900.00,13,True,954.57,73.43,2026-07-08,False,False,False,False,0,,Generalista
C000881,Cliente 0881,Affluent,False,Guayaquil,False,43,1813.46,1,False,Crédito Hipotecario,0,0.00,67844.28,0.00,False,0.00,0,False,0.00,,,False,False,False,False,0,,Sin información transaccional
C000882,Cliente 0882,Mass,False,Guayaquil,False,57,1197.49,1,False,Crédito Hipotecario,0,0.00,82802.22,0.00,False,0.00,0,False,0.00,,,False,False,False,False,0,,Sin información transaccional
C000883,Cliente 0883,Mass,False,Guayaquil,False,53,992.34,2,True,Crédito Vehicular|Cuenta Corriente,0,1137.15,28643.61,0.00,False,0.00,0,False,0.00,,,False,False,False,False,0,,Sin información transaccional
C000884,Cliente 0884,Mass,False,Manta,False,39,602.63,2,True,Crédito Vehicular|Cuenta de Ahorros,0,1319.66,14282.53,0.00,False,0.00,0,False,0.00,,,False,False,False,False,0,,Sin información transaccional
C000885,Cliente 0885,Affluent,False,Guayaquil,False,19,1533.26,2,True,Crédito Vehicular|Tarjeta de Crédito,0,0.00,24318.02,501.12,False,1800.00,11,True,954.77,86.80,2026-06-23,False,False,True,False,1,Food Lover,Food Lover
C000886,Cliente 0886,Mass,False,Guayaquil,False,29,1029.83,1,False,Cuenta Corriente,0,210.88,0.00,0.00,False,0.00,0,False,0.00,,,False,False,False,False,0,,Sin información transaccional
C000887,Cliente 0887,Mass,False,Cuenca,False,58,759.64,3,True,Crédito Hipotecario|Crédito Vehicular|Tarjeta de Crédito,0,0.00,140666.47,491.01,False,1200.00,5,True,222.67,44.53,2026-04-28,False,False,False,False,0,,Generalista
C000888,Cliente 0888,Affluent,False,Guayaquil,False,44,5559.27,3,True,Crédito de Consumo|Cuenta de Ahorros|Tarjeta de Crédito,0,29718.98,10203.47,1067.86,False,6000.00,7,True,1057.03,151.00,2025-11-11,False,False,False,False,0,,Generalista
C000889,Cliente 0889,Mass,False,Ambato,False,21,952.71,1,False,Cuenta de Ahorros,0,1491.17,0.00,0.00,False,0.00,0,False,0.00,,,False,False,False,False,0,,Sin información transaccional
C000890,Cliente 0890,Mass,False,Guayaquil,False,40,1429.48,1,False,Tarjeta de Crédito,0,0.00,204.90,204.90,False,3100.00,4,True,383.79,95.95,2026-04-21,False,False,False,False,0,,Generalista
C000891,Cliente 0891,Mass,False,Quito,False,55,674.26,2,True,Crédito Vehicular|Tarjeta de Crédito,0,0.00,23676.28,664.64,False,1800.00,5,True,282.13,56.43,2026-08-27,False,True,False,False,1,Streaming Lover,Streaming Lover
C000892,Cliente 0892,Mass,False,Guayaquil,False,33,870.02,1,False,Crédito Hipotecario,0,0.00,61091.27,0.00,False,0.00,0,False,0.00,,,False,False,False,False,0,,Sin información transaccional
C000893,Cliente 0893,Mass,False,Quito,False,52,1021.95,4,True,Crédito Hipotecario|Crédito Vehicular|Cuenta de Ahorros|Tarjeta de Crédito,0,3725.83,63063.02,566.56,False,1100.00,4,True,362.65,90.66,2026-07-30,False,False,False,False,0,,Generalista
C000894,Cliente 0894,Mass,False,Quito,False,47,1844.76,4,True,Crédito Vehicular|Cuenta Corriente|Cuenta de Ahorros|Tarjeta de Crédito,0,7727.77,12094.22,1392.42,False,4700.00,8,True,1430.26,178.78,2026-04-08,False,False,False,False,0,,Generalista
C000895,Cliente 0895,Affluent,False,Guayaquil,False,18,1758.52,4,True,Crédito Hipotecario|Crédito Vehicular|Crédito de Consumo|Tarjeta de Crédito,0,0.00,122981.30,839.95,False,2100.00,8,True,947.56,118.44,2026-04-05,True,False,False,False,1,Travel Lover,Travel Lover
C000896,Cliente 0896,PyME,False,Quito,False,56,1244.41,4,True,Crédito Vehicular|Crédito de Consumo|Cuenta Corriente|Tarjeta de Crédito,0,3782.83,33755.53,769.03,False,2100.00,8,True,426.42,53.30,2026-08-03,False,True,False,False,1,Streaming Lover,Streaming Lover
C000897,Cliente 0897,Mass,False,Guayaquil,False,39,827.18,1,False,Crédito Vehicular,0,0.00,11600.11,0.00,False,0.00,0,False,0.00,,,False,False,False,False,0,,Sin información transaccional
C000898,Cliente 0898,Mass,False,Guayaquil,False,28,1010.08,1,False,Tarjeta de Crédito,0,0.00,1137.21,1137.21,False,2800.00,14,True,826.14,59.01,2026-08-05,False,False,False,False,0,,Generalista
C000899,Cliente 0899,Mass,False,Guayaquil,False,45,973.05,3,True,Crédito Vehicular|Cuenta Corriente|Tarjeta de Crédito,0,1493.73,21498.53,767.10,False,2000.00,10,True,1139.50,113.95,2026-08-23,False,False,False,True,1,Tech Lover,Tech Lover
C000900,Cliente 0900,Joven,False,Manta,False,59,350.00,2,True,Crédito Vehicular|Cuenta Corriente,0,821.85,21062.96,0.00,False,0.00,0,False,0.00,,,False,False,False,False,0,,Sin información transaccional
C000901,Cliente 0901,Affluent,False,Quito,False,44,1254.37,2,True,Crédito Hipotecario|Tarjeta de Crédito,0,0.00,99572.02,525.86,False,1800.00,4,True,406.78,101.69,2026-07-21,False,False,False,False,0,,Generalista
C000902,Cliente 0902,PyME,False,Guayaquil,False,35,4218.20,2,True,Crédito Vehicular|Cuenta de Ahorros,0,-100.00,26013.26,0.00,False,0.00,0,False,0.00,,,False,False,False,False,0,,Sin información transaccional
C000903,Cliente 0903,Mass,False,Guayaquil,False,32,1193.53,1,False,Crédito Vehicular,0,0.00,23422.20,0.00,False,0.00,0,False,0.00,,,False,False,False,False,0,,Sin información transaccional
C000904,Cliente 0904,Joven,False,Quito,False,46,583.06,3,True,Crédito Hipotecario|Cuenta de Ahorros|Tarjeta de Crédito,0,336.54,121610.19,353.26,False,1200.00,11,True,481.10,43.74,2026-07-12,False,False,False,True,1,Tech Lover,Tech Lover
C000905,Cliente 0905,Joven,False,Guayaquil,False,35,384.85,2,True,Crédito Hipotecario|Crédito Vehicular,0,0.00,132378.54,0.00,False,0.00,0,False,0.00,,,False,False,False,False,0,,Sin información transaccional
C000906,Cliente 0906,Mass,False,Cuenca,False,44,1584.19,2,True,Crédito Hipotecario|Tarjeta de Crédito,0,0.00,107221.74,1154.24,False,2500.00,8,True,941.04,117.63,2025-10-18,False,False,False,False,0,,Generalista
C000907,Cliente 0907,Joven,True,Quito,False,54,655.66,1,False,Crédito Hipotecario,0,0.00,51719.45,0.00,False,0.00,0,False,0.00,,,False,False,False,False,0,,Sin información transaccional
C000908,Cliente 0908,Affluent,False,Cuenca,False,18,1339.38,1,False,Cuenta de Ahorros,0,687.99,0.00,0.00,False,0.00,0,False,0.00,,,False,False,False,False,0,,Sin información transaccional
C000909,Cliente 0909,Mass,False,Cuenca,False,55,1480.84,4,True,Crédito Vehicular|Crédito de Consumo|Cuenta Corriente|Tarjeta de Crédito,0,1385.52,26898.63,1435.30,False,3000.00,14,True,1353.16,96.65,2026-08-15,False,False,False,True,1,Tech Lover,Tech Lover
C000910,Cliente 0910,Joven,False,Quito,False,52,445.84,1,False,Cuenta de Ahorros,0,1414.38,0.00,0.00,False,0.00,0,False,0.00,,,False,False,False,False,0,,Sin información transaccional
C000911,Cliente 0911,Mass,False,Guayaquil,False,25,661.48,4,True,Crédito Hipotecario|Crédito Vehicular|Cuenta de Ahorros|Tarjeta de Crédito,0,1270.80,84265.84,505.17,False,1300.00,4,True,279.38,69.84,2025-10-21,False,False,False,False,0,,Generalista
C000912,Cliente 0912,Mass,True,Guayaquil,False,64,582.78,2,True,Crédito Vehicular|Tarjeta de Crédito,0,0.00,15813.00,335.98,False,900.00,10,True,423.61,42.36,2026-05-23,True,False,False,False,1,Travel Lover,Travel Lover
C000913,Cliente 0913,PyME,False,Guayaquil,False,27,2091.54,3,True,Crédito Hipotecario|Cuenta Corriente|Tarjeta de Crédito,0,1522.37,106784.53,2364.93,False,5400.00,14,True,3031.89,216.56,2026-08-04,True,False,True,True,3,Travel Lover|Food Lover|Tech Lover,Food Lover
C000914,Cliente 0914,Affluent,False,Guayaquil,False,36,2003.39,1,False,Tarjeta de Crédito,0,0.00,437.90,437.90,False,2000.00,4,True,292.06,73.02,2026-07-13,False,True,False,False,1,Streaming Lover,Streaming Lover
C000915,Cliente 0915,Joven,False,Quito,False,33,558.37,3,True,Crédito Hipotecario|Cuenta Corriente|Tarjeta de Crédito,0,142.80,69512.00,232.32,False,600.00,11,True,413.54,37.59,2026-07-11,False,False,False,True,1,Tech Lover,Tech Lover
C000916,Cliente 0916,Joven,False,Manta,False,61,817.50,2,True,Crédito de Consumo|Cuenta Corriente,0,-100.00,2728.79,0.00,False,0.00,0,False,0.00,,,False,False,False,False,0,,Sin información transaccional
C000917,Cliente 0917,Premium,False,Cuenca,False,31,5969.34,4,True,Crédito Hipotecario|Crédito Vehicular|Cuenta de Ahorros|Tarjeta de Crédito,0,21986.70,118937.87,5382.69,False,10900.00,6,True,2298.53,383.09,2026-05-27,True,False,False,False,1,Travel Lover,Travel Lover
C000918,Cliente 0918,Affluent,False,Quito,False,26,2437.59,2,True,Cuenta Corriente|Tarjeta de Crédito,0,6561.81,827.75,827.75,False,2500.00,13,True,2509.50,193.04,2026-08-23,False,False,False,False,0,,Generalista
C000919,Cliente 0919,Joven,False,Quito,False,46,1045.75,3,True,Crédito de Consumo|Cuenta de Ahorros|Tarjeta de Crédito,0,1969.87,5325.36,872.95,False,2000.00,14,True,1101.65,78.69,2026-08-30,False,False,False,False,0,,Generalista
C000920,Cliente 0920,Joven,False,Guayaquil,False,35,716.42,3,True,Crédito Vehicular|Cuenta Corriente|Cuenta de Ahorros,0,4539.94,16878.63,0.00,False,0.00,0,False,0.00,,,False,False,False,False,0,,Sin información transaccional
C000921,Cliente 0921,PyME,False,Guayaquil,False,43,3369.31,4,True,Crédito Hipotecario|Crédito Vehicular|Cuenta de Ahorros|Tarjeta de Crédito,0,4919.77,147798.72,2042.92,False,4800.00,13,True,2472.18,190.17,2026-08-14,False,True,False,False,1,Streaming Lover,Streaming Lover
C000922,Cliente 0922,Mass,False,Quito,False,48,1593.38,2,True,Cuenta Corriente|Tarjeta de Crédito,0,1323.13,514.11,514.11,False,2900.00,7,True,647.57,92.51,2026-08-20,False,False,True,False,1,Food Lover,Food Lover
C000923,Cliente 0923,Joven,False,Quito,False,34,886.28,1,False,Tarjeta de Crédito,0,0.00,858.56,858.56,False,2600.00,11,True,593.01,53.91,2026-05-21,False,False,False,False,0,,Generalista
C000924,Cliente 0924,Affluent,False,Cuenca,False,34,1404.49,2,True,Cuenta de Ahorros|Tarjeta de Crédito,0,3748.57,1144.72,1144.72,False,2000.00,9,True,806.19,89.58,2026-08-16,False,True,False,False,1,Streaming Lover,Streaming Lover
C000925,Cliente 0925,Mass,True,Ambato,False,44,1638.08,4,True,Crédito Vehicular|Cuenta Corriente|Cuenta de Ahorros|Tarjeta de Crédito,0,5467.40,21819.56,678.18,False,2300.00,14,True,997.95,71.28,2026-07-29,False,False,False,False,0,,Generalista
C000926,Cliente 0926,Mass,False,Cuenca,False,26,430.79,1,False,Crédito Hipotecario,0,0.00,89186.54,0.00,False,0.00,0,False,0.00,,,False,False,False,False,0,,Sin información transaccional
C000927,Cliente 0927,Mass,False,Cuenca,False,39,1086.07,3,True,Crédito de Consumo|Cuenta de Ahorros|Tarjeta de Crédito,0,-100.00,5007.62,452.87,False,1500.00,8,True,484.26,60.53,2026-05-29,True,False,False,False,1,Travel Lover,Travel Lover
C000928,Cliente 0928,Joven,False,Cuenca,False,35,907.43,2,True,Cuenta de Ahorros|Tarjeta de Crédito,0,409.00,553.82,553.82,False,1400.00,10,True,657.02,65.70,2026-03-23,False,False,True,False,1,Food Lover,Food Lover
C000929,Cliente 0929,Mass,False,Ambato,False,50,833.66,4,True,Crédito de Consumo|Cuenta Corriente|Cuenta de Ahorros|Tarjeta de Crédito,0,4323.45,2933.94,395.72,False,1100.00,8,True,446.92,55.87,2026-07-19,True,False,False,False,1,Travel Lover,Travel Lover
C000930,Cliente 0930,Mass,False,Guayaquil,False,27,911.57,3,True,Crédito de Consumo|Cuenta de Ahorros|Tarjeta de Crédito,0,1934.28,7193.14,485.53,False,1600.00,13,True,1082.25,83.25,2026-07-28,False,False,False,False,0,,Generalista
C000931,Cliente 0931,Affluent,False,Quito,False,34,1638.11,2,True,Crédito de Consumo|Tarjeta de Crédito,0,0.00,3062.34,351.93,False,3600.00,11,True,1344.14,122.19,2026-07-20,False,False,False,False,0,,Generalista
C000932,Cliente 0932,Premium,False,Cuenca,False,46,5686.29,1,False,Crédito Vehicular,0,0.00,8009.30,0.00,False,0.00,0,False,0.00,,,False,False,False,False,0,,Sin información transaccional
C000933,Cliente 0933,Mass,False,Quito,False,48,1310.69,2,True,Cuenta Corriente|Tarjeta de Crédito,0,4593.08,676.08,676.08,False,2400.00,12,True,1197.29,99.77,2026-08-12,False,False,True,False,1,Food Lover,Food Lover
C000934,Cliente 0934,Joven,False,Manta,False,47,921.54,3,True,Crédito Hipotecario|Crédito Vehicular|Cuenta Corriente,0,856.67,45507.90,0.00,False,0.00,0,False,0.00,,,False,False,False,False,0,,Sin información transaccional
C000935,Cliente 0935,Affluent,False,Quito,False,46,2973.95,3,True,Crédito Hipotecario|Cuenta de Ahorros|Tarjeta de Crédito,0,10957.04,62900.34,2177.82,False,3000.00,14,True,1931.51,137.97,2026-07-26,False,False,False,True,1,Tech Lover,Tech Lover
C000936,Cliente 0936,Mass,False,Manta,False,36,977.90,2,True,Crédito Vehicular|Tarjeta de Crédito,0,0.00,18634.44,336.10,False,2300.00,4,True,213.82,53.45,2026-07-26,False,True,False,False,1,Streaming Lover,Streaming Lover
C000937,Cliente 0937,Joven,False,Quito,False,32,640.37,2,True,Crédito Hipotecario|Cuenta de Ahorros,0,54.50,38048.59,0.00,False,0.00,0,False,0.00,,,False,False,False,False,0,,Sin información transaccional
C000938,Cliente 0938,Mass,False,Loja,False,36,886.80,3,True,Crédito Hipotecario|Crédito de Consumo|Tarjeta de Crédito,0,0.00,62613.74,935.76,False,2100.00,13,True,582.14,44.78,2026-08-06,False,False,True,True,2,Food Lover|Tech Lover,Tech Lover
C000939,Cliente 0939,Affluent,False,Cuenca,False,33,2923.02,4,True,Crédito Hipotecario|Crédito de Consumo|Cuenta de Ahorros|Tarjeta de Crédito,0,-100.00,103469.35,2056.06,False,4600.00,5,True,787.17,157.43,2026-08-16,False,False,False,True,1,Tech Lover,Tech Lover
C000940,Cliente 0940,Mass,True,Quito,False,40,959.22,3,True,Crédito de Consumo|Cuenta de Ahorros|Tarjeta de Crédito,0,1208.18,7319.04,372.62,False,1500.00,13,True,879.42,67.65,2026-08-25,False,False,False,False,0,,Generalista
C000941,Cliente 0941,Affluent,False,Ambato,False,18,2785.30,3,True,Cuenta Corriente|Cuenta de Ahorros|Tarjeta de Crédito,0,3168.61,2600.65,2600.65,False,4100.00,5,True,731.51,146.30,2026-06-26,False,True,False,False,1,Streaming Lover,Streaming Lover
C000942,Cliente 0942,Mass,False,Cuenca,False,41,695.58,3,True,Cuenta Corriente|Cuenta de Ahorros|Tarjeta de Crédito,0,2493.13,228.79,228.79,False,800.00,9,True,308.67,34.30,2026-08-29,False,False,False,False,0,,Generalista
C000943,Cliente 0943,PyME,False,Loja,False,44,1213.13,2,True,Cuenta Corriente|Tarjeta de Crédito,0,1678.99,350.56,350.56,False,2300.00,5,True,318.83,63.77,2026-02-28,False,False,False,False,0,,Generalista
C000944,Cliente 0944,Premium,False,Loja,False,45,4187.12,2,True,Cuenta de Ahorros|Tarjeta de Crédito,0,5880.98,4380.37,4380.37,False,10100.00,13,True,2499.76,192.29,2026-08-31,False,True,False,False,1,Streaming Lover,Streaming Lover
C000945,Cliente 0945,Premium,False,Guayaquil,False,42,4798.45,1,False,Cuenta Corriente,0,6986.82,0.00,0.00,False,0.00,0,False,0.00,,,False,False,False,False,0,,Sin información transaccional
C000946,Cliente 0946,Mass,False,Cuenca,False,46,1037.27,2,True,Crédito Vehicular|Tarjeta de Crédito,0,0.00,25053.05,742.32,False,1200.00,13,True,782.84,60.22,2026-06-11,False,False,True,False,1,Food Lover,Food Lover
C000947,Cliente 0947,PyME,False,Manta,False,30,2048.06,4,True,Crédito de Consumo|Cuenta Corriente|Cuenta de Ahorros|Tarjeta de Crédito,0,10375.30,15007.11,1634.59,False,3600.00,11,True,1551.45,141.04,2026-08-11,False,False,True,False,1,Food Lover,Food Lover
C000948,Cliente 0948,Mass,False,Quito,False,58,544.41,2,True,Cuenta de Ahorros|Tarjeta de Crédito,0,1758.94,167.08,167.08,False,900.00,8,True,178.51,22.31,2026-07-27,False,False,True,False,1,Food Lover,Food Lover
C000949,Cliente 0949,Premium,False,Guayaquil,False,42,3453.01,2,True,Crédito de Consumo|Tarjeta de Crédito,0,0.00,30572.15,2065.79,False,7000.00,7,True,1234.94,176.42,2026-08-30,True,False,True,False,2,Travel Lover|Food Lover,Food Lover
C000950,Cliente 0950,PyME,False,Guayaquil,False,33,2530.41,2,True,Cuenta de Ahorros|Tarjeta de Crédito,0,8350.15,3695.55,3695.55,False,5100.00,10,True,2200.68,220.07,2026-08-20,True,False,True,False,2,Travel Lover|Food Lover,Travel Lover
C000951,Cliente 0951,Affluent,True,Quito,False,45,2377.29,3,True,Crédito de Consumo|Cuenta de Ahorros|Tarjeta de Crédito,0,4709.58,7526.10,2513.47,False,4700.00,5,True,1021.07,204.21,2026-08-04,False,False,False,True,1,Tech Lover,Tech Lover
C000952,Cliente 0952,Mass,False,Guayaquil,False,32,1190.55,3,True,Cuenta Corriente|Cuenta de Ahorros|Tarjeta de Crédito,0,4043.70,1033.80,1033.80,False,2600.00,12,True,1250.97,104.25,2026-07-20,False,True,False,True,2,Streaming Lover|Tech Lover,Tech Lover
C000953,Cliente 0953,Mass,False,Cuenca,False,33,627.02,2,True,Cuenta de Ahorros|Tarjeta de Crédito,0,1758.17,514.32,514.32,False,1900.00,5,True,153.15,30.63,2026-08-01,False,False,False,False,0,,Generalista
C000954,Cliente 0954,Mass,False,Quito,False,29,957.23,1,False,Crédito Vehicular,0,0.00,18443.52,0.00,False,0.00,0,False,0.00,,,False,False,False,False,0,,Sin información transaccional
C000955,Cliente 0955,Premium,True,Guayaquil,False,44,4027.47,3,True,Crédito Hipotecario|Crédito de Consumo|Tarjeta de Crédito,0,0.00,75148.05,3208.29,False,9000.00,8,True,2238.78,279.85,2026-07-25,False,False,False,False,0,,Generalista
C000956,Cliente 0956,Mass,False,Loja,False,34,1109.09,2,True,Cuenta de Ahorros|Tarjeta de Crédito,0,-100.00,1357.56,1357.56,False,2300.00,12,True,888.13,74.01,2026-08-19,False,True,False,False,1,Streaming Lover,Streaming Lover
C000957,Cliente 0957,Joven,False,Quito,False,67,892.29,1,False,Tarjeta de Crédito,0,0.00,279.62,279.62,False,1700.00,6,True,561.81,93.63,2026-06-28,False,False,False,True,1,Tech Lover,Tech Lover
C000958,Cliente 0958,Mass,False,Quito,False,42,1104.10,3,True,Cuenta Corriente|Cuenta de Ahorros|Tarjeta de Crédito,0,936.88,88.87,88.87,False,2600.00,12,True,1423.17,118.60,2026-01-13,True,False,False,False,1,Travel Lover,Travel Lover
C000959,Cliente 0959,Joven,False,Manta,False,38,1401.36,2,True,Crédito de Consumo|Cuenta Corriente,0,-100.00,2966.56,0.00,False,0.00,0,False,0.00,,,False,False,False,False,0,,Sin información transaccional
C000960,Cliente 0960,Mass,False,Guayaquil,False,37,454.80,3,True,Crédito Hipotecario|Crédito de Consumo|Tarjeta de Crédito,0,0.00,60523.31,343.01,False,1000.00,7,True,164.11,23.44,2026-08-09,False,False,False,True,1,Tech Lover,Tech Lover
C000961,Cliente 0961,Mass,False,Quito,False,37,1041.35,1,False,Tarjeta de Crédito,0,0.00,315.12,315.12,False,2100.00,13,True,640.99,49.31,2026-04-14,False,False,False,False,0,,Generalista
C000962,Cliente 0962,Joven,False,Guayaquil,False,26,814.83,2,True,Cuenta Corriente|Cuenta de Ahorros,0,6811.60,0.00,0.00,False,0.00,0,False,0.00,,,False,False,False,False,0,,Sin información transaccional
C000963,Cliente 0963,Mass,False,Cuenca,False,48,1204.81,2,True,Crédito Vehicular|Tarjeta de Crédito,1,0.00,431.84,431.84,True,1300.00,12,True,735.38,61.28,2026-07-13,False,False,True,False,1,Food Lover,Food Lover
C000964,Cliente 0964,Joven,False,Guayaquil,False,57,484.33,2,True,Cuenta Corriente|Tarjeta de Crédito,0,563.84,897.35,897.35,False,1200.00,5,True,124.70,24.94,2026-06-07,False,False,True,False,1,Food Lover,Food Lover
C000965,Cliente 0965,Mass,False,Ambato,False,39,1087.12,2,True,Crédito Vehicular|Tarjeta de Crédito,0,0.00,8407.26,745.58,False,1700.00,13,True,1529.28,117.64,2026-07-10,False,False,False,False,0,,Generalista
C000966,Cliente 0966,Affluent,True,Manta,False,29,2687.20,2,True,Crédito Hipotecario|Tarjeta de Crédito,0,0.00,101299.05,3921.53,False,8000.00,9,True,1309.52,145.50,2026-07-10,False,False,False,False,0,,Generalista
C000967,Cliente 0967,Premium,False,Cuenca,False,34,5788.66,3,True,Cuenta Corriente|Cuenta de Ahorros|Tarjeta de Crédito,0,29560.07,5336.42,5336.42,False,16500.00,14,True,4910.34,350.74,2026-08-15,False,True,False,True,2,Streaming Lover|Tech Lover,Tech Lover
C000968,Cliente 0968,Mass,False,Quito,False,23,851.35,1,False,Crédito de Consumo,0,0.00,6608.57,0.00,False,0.00,0,False,0.00,,,False,False,False,False,0,,Sin información transaccional
C000969,Cliente 0969,PyME,True,Guayaquil,False,33,4931.55,3,True,Cuenta Corriente|Cuenta de Ahorros|Tarjeta de Crédito,0,20302.81,2927.83,2927.83,False,9300.00,8,True,3787.67,473.46,2026-08-26,True,False,True,False,2,Travel Lover|Food Lover,Food Lover
C000970,Cliente 0970,Joven,False,Quito,False,46,741.88,2,True,Crédito Vehicular|Tarjeta de Crédito,0,0.00,3673.01,466.64,False,2100.00,10,True,439.16,43.92,2026-08-02,True,False,False,True,2,Travel Lover|Tech Lover,Travel Lover
C000971,Cliente 0971,Mass,False,Guayaquil,False,34,813.79,3,True,Crédito Hipotecario|Cuenta de Ahorros|Tarjeta de Crédito,0,1718.71,96989.95,154.41,False,1800.00,13,True,702.99,54.08,2026-05-30,False,False,True,False,1,Food Lover,Food Lover
C000972,Cliente 0972,Mass,False,Guayaquil,False,41,621.80,2,True,Crédito Hipotecario|Tarjeta de Crédito,0,0.00,65253.50,251.03,False,1500.00,6,True,235.06,39.18,2026-04-28,False,False,False,False,0,,Generalista
C000973,Cliente 0973,Mass,False,Ambato,False,37,962.65,2,True,Crédito de Consumo|Tarjeta de Crédito,0,0.00,4349.96,441.67,False,2500.00,14,True,659.70,47.12,2026-08-31,False,False,False,False,0,,Generalista
C000974,Cliente 0974,Premium,False,Guayaquil,False,58,3002.49,2,True,Crédito de Consumo|Cuenta de Ahorros,0,2353.95,19881.77,0.00,False,0.00,0,False,0.00,,,False,False,False,False,0,,Sin información transaccional
C000975,Cliente 0975,Mass,False,Guayaquil,False,18,1512.50,1,False,Tarjeta de Crédito,0,0.00,0.00,0.00,False,2400.00,6,True,872.15,145.36,2026-05-28,True,False,False,False,1,Travel Lover,Travel Lover
C000976,Cliente 0976,Premium,False,Quito,False,50,4217.65,3,True,Cuenta Corriente|Cuenta de Ahorros|Tarjeta de Crédito,0,14812.97,2877.68,2877.68,False,6200.00,11,True,2713.61,246.69,2026-08-22,False,False,False,True,1,Tech Lover,Tech Lover
C000977,Cliente 0977,Mass,False,Guayaquil,False,24,1088.00,1,False,Crédito Vehicular,0,0.00,31487.52,0.00,False,0.00,0,False,0.00,,,False,False,False,False,0,,Sin información transaccional
C000978,Cliente 0978,Mass,False,Guayaquil,False,40,1066.80,3,True,Crédito de Consumo|Cuenta Corriente|Cuenta de Ahorros,0,4901.52,4144.47,0.00,False,0.00,0,False,0.00,,,False,False,False,False,0,,Sin información transaccional
C000979,Cliente 0979,Mass,False,Guayaquil,False,34,1126.86,1,False,Crédito Hipotecario,0,0.00,118152.38,0.00,False,0.00,0,False,0.00,,,False,False,False,False,0,,Sin información transaccional
C000980,Cliente 0980,Mass,False,Cuenca,False,47,1518.98,2,True,Crédito Hipotecario|Tarjeta de Crédito,0,0.00,79729.84,79.23,False,2900.00,14,True,1746.47,124.75,2026-07-17,False,True,False,False,1,Streaming Lover,Streaming Lover
C000981,Cliente 0981,Mass,False,Manta,False,46,1098.41,4,True,Crédito de Consumo|Cuenta Corriente|Cuenta de Ahorros|Tarjeta de Crédito,0,3637.37,5556.36,882.28,False,2800.00,14,True,628.32,44.88,2026-08-31,False,False,False,True,1,Tech Lover,Tech Lover
C000982,Cliente 0982,Affluent,False,Guayaquil,False,26,3261.21,2,True,Crédito de Consumo|Tarjeta de Crédito,0,0.00,12355.94,3753.84,False,9400.00,9,True,2154.05,239.34,2026-08-27,False,False,False,True,1,Tech Lover,Tech Lover
C000983,Cliente 0983,Mass,True,Guayaquil,False,46,1131.08,1,False,Tarjeta de Crédito,0,0.00,975.38,975.38,False,1400.00,7,True,612.80,87.54,2026-06-18,False,True,False,False,1,Streaming Lover,Streaming Lover
C000984,Cliente 0984,Joven,True,Quito,False,35,425.47,4,True,Crédito Hipotecario|Crédito de Consumo|Cuenta Corriente|Tarjeta de Crédito,0,926.97,38474.65,0.00,False,900.00,12,True,350.03,29.17,2026-06-26,False,False,True,False,1,Food Lover,Food Lover
C000985,Cliente 0985,Joven,False,Guayaquil,False,40,552.24,2,True,Crédito Vehicular|Tarjeta de Crédito,0,0.00,31412.52,196.90,False,1400.00,12,True,433.06,36.09,2026-08-04,False,False,False,True,1,Tech Lover,Tech Lover
C000986,Cliente 0986,Premium,False,Quito,False,31,5764.43,2,True,Crédito de Consumo|Tarjeta de Crédito,0,0.00,33031.20,3103.31,False,8300.00,5,True,2807.38,561.48,2026-06-11,False,False,False,False,0,,Generalista
C000987,Cliente 0987,PyME,False,Manta,False,31,2573.11,1,False,Tarjeta de Crédito,0,0.00,207.00,207.00,False,2800.00,14,True,2260.40,161.46,2026-08-16,True,False,False,False,1,Travel Lover,Travel Lover
C000988,Cliente 0988,Mass,False,Ambato,False,30,1019.71,2,True,Crédito Vehicular|Tarjeta de Crédito,0,0.00,13763.22,0.00,False,2000.00,14,True,1410.10,100.72,2026-07-15,True,False,False,False,1,Travel Lover,Travel Lover
C000989,Cliente 0989,Mass,False,Guayaquil,False,18,1409.88,3,True,Crédito de Consumo|Cuenta Corriente|Cuenta de Ahorros,0,6291.02,5633.16,0.00,False,0.00,0,False,0.00,,,False,False,False,False,0,,Sin información transaccional
C000990,Cliente 0990,Mass,False,Cuenca,False,51,431.82,2,True,Crédito Vehicular|Cuenta Corriente,0,778.17,13103.51,0.00,False,0.00,0,False,0.00,,,False,False,False,False,0,,Sin información transaccional
C000991,Cliente 0991,Affluent,True,Guayaquil,False,42,1981.67,3,True,Cuenta Corriente|Cuenta de Ahorros|Tarjeta de Crédito,0,7221.46,1444.03,1444.03,False,3400.00,9,True,2007.71,223.08,2026-07-31,False,False,False,False,0,,Generalista
C000992,Cliente 0992,Affluent,False,Guayaquil,False,37,2331.23,4,True,Crédito de Consumo|Cuenta Corriente|Cuenta de Ahorros|Tarjeta de Crédito,0,6290.44,12466.98,2096.57,False,4100.00,7,True,884.90,126.41,2026-03-13,False,False,False,False,0,,Generalista
C000993,Cliente 0993,Mass,False,Guayaquil,False,18,744.71,1,False,Tarjeta de Crédito,0,0.00,325.78,325.78,False,1300.00,13,True,721.34,55.49,2026-05-27,False,True,False,True,2,Streaming Lover|Tech Lover,Tech Lover
C000994,Cliente 0994,Mass,True,Quito,False,40,612.13,4,True,Crédito Hipotecario|Cuenta Corriente|Cuenta de Ahorros|Tarjeta de Crédito,0,2419.09,38797.55,599.66,False,1800.00,10,True,439.59,43.96,2026-08-20,True,False,True,False,2,Travel Lover|Food Lover,Travel Lover
C000995,Cliente 0995,Premium,False,Guayaquil,False,22,3063.86,1,False,Cuenta de Ahorros,0,3604.81,0.00,0.00,False,0.00,0,False,0.00,,,False,False,False,False,0,,Sin información transaccional
C000996,Cliente 0996,Affluent,False,Ambato,False,30,1504.74,2,True,Crédito de Consumo|Tarjeta de Crédito,0,0.00,10907.53,372.45,False,2600.00,4,True,493.99,123.50,2026-08-20,False,False,False,False,0,,Generalista
C000997,Cliente 0997,Mass,False,Quito,False,33,953.27,1,False,Crédito Vehicular,0,0.00,15302.03,0.00,False,0.00,0,False,0.00,,,False,False,False,False,0,,Sin información transaccional
C000998,Cliente 0998,Premium,False,Ambato,False,47,5225.78,2,True,Crédito Hipotecario|Tarjeta de Crédito,0,0.00,69543.02,0.00,False,9900.00,14,True,6405.47,457.53,2026-06-28,False,True,False,False,1,Streaming Lover,Streaming Lover
C000999,Cliente 0999,Mass,True,Guayaquil,False,32,1125.07,3,True,Crédito Hipotecario|Crédito de Consumo|Cuenta de Ahorros,0,2155.29,68667.58,0.00,False,0.00,0,False,0.00,,,False,False,False,False,0,,Sin información transaccional
C001000,Cliente 1000,Mass,False,Quito,False,46,487.69,1,False,Tarjeta de Crédito,0,0.00,635.44,635.44,False,1200.00,6,True,180.56,30.09,2026-08-22,False,False,False,True,1,Tech Lover,Tech Lover
C001001,Cliente 1001,Joven,False,Guayaquil,False,37,353.12,1,False,Tarjeta de Crédito,0,0.00,268.57,268.57,False,900.00,8,True,100.65,12.58,2026-08-28,False,False,False,True,1,Tech Lover,Tech Lover
C001002,Cliente 1002,Mass,False,Guayaquil,False,39,966.28,4,True,Crédito Hipotecario|Crédito Vehicular|Crédito de Consumo|Tarjeta de Crédito,0,0.00,71712.77,426.51,False,2400.00,14,True,1589.83,113.56,2026-05-20,False,False,False,True,1,Tech Lover,Tech Lover
C001003,Cliente 1003,Mass,False,Quito,False,50,1222.30,2,True,Crédito Hipotecario|Tarjeta de Crédito,0,0.00,71691.65,921.48,False,3500.00,13,True,1354.65,104.20,2026-08-30,False,False,False,False,0,,Generalista
C001004,Cliente 1004,Affluent,False,Guayaquil,False,57,3171.47,2,True,Cuenta de Ahorros|Tarjeta de Crédito,0,3117.87,1263.53,1263.53,False,7400.00,10,True,4046.00,404.60,2026-08-19,False,False,False,False,0,,Generalista
C001005,Cliente 1005,Premium,False,Guayaquil,False,43,3893.00,1,False,Crédito de Consumo,0,0.00,30565.27,0.00,False,0.00,0,False,0.00,,,False,False,False,False,0,,Sin información transaccional
C001006,Cliente 1006,Mass,False,Quito,False,18,865.82,1,False,Tarjeta de Crédito,0,0.00,0.00,0.00,False,2400.00,12,True,899.08,74.92,2026-08-29,True,False,False,False,1,Travel Lover,Travel Lover
C001007,Cliente 1007,Mass,False,Guayaquil,False,42,1413.70,4,True,Crédito de Consumo|Cuenta Corriente|Cuenta de Ahorros|Tarjeta de Crédito,0,3412.89,7486.51,1627.14,False,3700.00,7,True,437.07,62.44,2026-08-05,False,False,True,False,1,Food Lover,Food Lover
C001008,Cliente 1008,Affluent,False,Quito,False,40,2120.42,4,True,Crédito Vehicular|Crédito de Consumo|Cuenta de Ahorros|Tarjeta de Crédito,0,4936.76,31114.51,1729.37,False,5700.00,5,True,554.58,110.92,2026-07-19,False,False,True,False,1,Food Lover,Food Lover
C001009,Cliente 1009,Mass,False,Quito,False,29,1048.43,3,True,Crédito Vehicular|Crédito de Consumo|Tarjeta de Crédito,0,0.00,35161.15,725.52,False,2100.00,6,True,324.14,54.02,2026-07-13,True,False,False,False,1,Travel Lover,Travel Lover
C001010,Cliente 1010,Mass,False,Guayaquil,False,49,1429.76,2,True,Crédito Vehicular|Tarjeta de Crédito,0,0.00,13827.21,510.93,False,1500.00,10,True,622.59,62.26,2026-07-20,True,False,True,False,2,Travel Lover|Food Lover,Travel Lover
C001011,Cliente 1011,Mass,False,Cuenca,False,31,1117.54,2,True,Crédito Vehicular|Tarjeta de Crédito,0,0.00,24946.54,1097.33,False,2500.00,8,True,729.73,91.22,2026-06-28,False,True,True,True,3,Streaming Lover|Food Lover|Tech Lover,Food Lover
C001012,Cliente 1012,PyME,False,Guayaquil,False,36,5911.60,4,True,Crédito de Consumo|Cuenta Corriente|Cuenta de Ahorros|Tarjeta de Crédito,0,10003.29,14425.77,0.00,False,6300.00,8,True,5842.67,730.33,2026-04-18,True,False,False,False,1,Travel Lover,Travel Lover
C001013,Cliente 1013,Affluent,False,Guayaquil,False,31,1407.83,2,True,Crédito de Consumo|Tarjeta de Crédito,0,0.00,8508.15,669.04,False,2800.00,11,True,1566.47,142.41,2026-05-02,False,False,False,False,0,,Generalista
C001014,Cliente 1014,Mass,False,Ambato,False,59,519.98,2,True,Crédito Hipotecario|Tarjeta de Crédito,0,0.00,58381.51,570.91,False,900.00,6,True,173.72,28.95,2026-07-02,False,False,False,False,0,,Generalista
C001015,Cliente 1015,Joven,False,Quito,False,46,1025.11,3,True,Crédito Vehicular|Cuenta de Ahorros|Tarjeta de Crédito,0,2654.14,12416.14,1196.76,False,3000.00,9,True,699.27,77.70,2026-08-29,True,False,True,False,2,Travel Lover|Food Lover,Food Lover
C001016,Cliente 1016,Mass,False,Cuenca,False,58,1963.47,1,False,Tarjeta de Crédito,0,0.00,910.18,910.18,False,3400.00,11,True,2200.31,200.03,2026-07-05,False,False,True,False,1,Food Lover,Food Lover
C001017,Cliente 1017,Mass,False,Guayaquil,False,27,792.36,1,False,Cuenta de Ahorros,0,3271.32,0.00,0.00,False,0.00,0,False,0.00,,,False,False,False,False,0,,Sin información transaccional
C001018,Cliente 1018,Premium,False,Guayaquil,False,37,3183.46,2,True,Crédito Vehicular|Tarjeta de Crédito,0,0.00,23500.02,1541.15,False,4800.00,12,True,1937.95,161.50,2026-08-17,False,True,False,False,1,Streaming Lover,Streaming Lover
C001019,Cliente 1019,Affluent,False,Guayaquil,False,39,1958.11,3,True,Crédito Hipotecario|Cuenta Corriente|Cuenta de Ahorros,0,6934.42,144308.66,0.00,False,0.00,0,False,0.00,,,False,False,False,False,0,,Sin información transaccional
C001020,Cliente 1020,Affluent,False,Guayaquil,False,32,4227.36,2,True,Crédito de Consumo|Tarjeta de Crédito,0,0.00,14682.79,1694.95,False,8400.00,8,True,3103.35,387.92,2026-01-30,False,False,True,False,1,Food Lover,Food Lover
C001021,Cliente 1021,Mass,False,Manta,False,41,1063.24,1,False,Crédito de Consumo,0,0.00,5288.69,0.00,False,0.00,0,False,0.00,,,False,False,False,False,0,,Sin información transaccional
C001022,Cliente 1022,Mass,True,Guayaquil,False,18,523.86,2,True,Cuenta de Ahorros|Tarjeta de Crédito,0,1440.19,522.93,522.93,False,1100.00,10,True,350.71,35.07,2026-08-30,False,False,False,False,0,,Generalista
C001023,Cliente 1023,Premium,False,Loja,False,39,4623.40,3,True,Crédito Vehicular|Cuenta Corriente|Tarjeta de Crédito,0,4586.89,19329.35,2957.04,False,9600.00,7,True,2342.20,334.60,2026-08-31,False,True,False,False,1,Streaming Lover,Streaming Lover
C001024,Cliente 1024,Joven,False,Quito,False,23,593.97,3,True,Crédito Hipotecario|Cuenta Corriente|Tarjeta de Crédito,0,381.05,51403.98,289.88,False,1000.00,8,True,310.06,38.76,2026-01-23,False,False,False,False,0,,Generalista
C001025,Cliente 1025,Premium,False,Guayaquil,False,58,5756.07,2,True,Crédito Hipotecario|Tarjeta de Crédito,0,0.00,95964.90,3918.92,False,8600.00,5,True,1707.95,341.59,2026-07-24,False,False,False,False,0,,Generalista
C001026,Cliente 1026,Joven,False,Quito,False,41,886.35,2,True,Cuenta de Ahorros|Tarjeta de Crédito,0,3838.95,578.85,578.85,False,2500.00,7,True,418.02,59.72,2026-02-10,False,False,True,False,1,Food Lover,Food Lover
C001027,Cliente 1027,PyME,False,Ambato,False,55,3014.99,2,True,Crédito Vehicular|Tarjeta de Crédito,0,0.00,18025.42,1067.82,False,3900.00,4,True,399.00,99.75,2025-10-16,False,False,False,False,0,,Generalista
C001028,Cliente 1028,Mass,False,Ambato,False,38,1156.82,2,True,Crédito de Consumo|Tarjeta de Crédito,0,0.00,3795.66,226.16,False,3400.00,12,True,959.87,79.99,2026-05-09,True,True,False,True,3,Travel Lover|Streaming Lover|Tech Lover,Tech Lover
C001029,Cliente 1029,Mass,False,Ambato,False,32,811.18,2,True,Cuenta Corriente|Tarjeta de Crédito,0,1470.72,347.79,347.79,False,1000.00,11,True,362.81,32.98,2026-07-31,False,False,False,False,0,,Generalista
C001030,Cliente 1030,Premium,False,Quito,False,35,1611.42,4,True,Crédito de Consumo|Cuenta Corriente|Cuenta de Ahorros|Tarjeta de Crédito,0,6394.38,19656.57,1148.58,False,2600.00,4,True,273.68,68.42,2026-03-06,False,False,False,False,0,,Generalista
C001031,Cliente 1031,Joven,False,Manta,False,22,611.70,4,True,Crédito Hipotecario|Cuenta Corriente|Cuenta de Ahorros|Tarjeta de Crédito,0,3266.46,97419.74,136.13,False,1200.00,5,True,107.94,21.59,2026-07-11,False,False,False,False,0,,Generalista
C001032,Cliente 1032,Mass,False,Guayaquil,False,26,557.10,2,True,Crédito Vehicular|Tarjeta de Crédito,0,0.00,9389.01,349.06,False,900.00,13,True,360.09,27.70,2026-06-12,True,False,False,False,1,Travel Lover,Travel Lover
C001033,Cliente 1033,Joven,False,Quito,False,36,538.06,2,True,Cuenta Corriente|Tarjeta de Crédito,0,1112.39,657.79,657.79,False,1400.00,10,True,480.54,48.05,2026-08-06,False,False,True,False,1,Food Lover,Food Lover
C001034,Cliente 1034,Mass,False,Quito,False,48,808.64,1,False,Crédito de Consumo,0,0.00,5073.09,0.00,False,0.00,0,False,0.00,,,False,False,False,False,0,,Sin información transaccional
C001035,Cliente 1035,Mass,False,Quito,False,48,1002.62,4,True,Crédito de Consumo|Cuenta Corriente|Cuenta de Ahorros|Tarjeta de Crédito,0,6555.28,3176.55,1128.09,False,2200.00,12,True,618.17,51.51,2026-08-09,True,False,False,False,1,Travel Lover,Travel Lover
C001036,Cliente 1036,Mass,False,Desconocida,True,37,1059.35,1,False,Crédito de Consumo,1,0.00,0.00,0.00,True,0.00,0,False,0.00,,,False,False,False,False,0,,Sin información transaccional
C001037,Cliente 1037,Mass,False,Guayaquil,False,29,589.33,2,True,Crédito de Consumo|Cuenta Corriente,0,1072.07,5138.80,0.00,False,0.00,0,False,0.00,,,False,False,False,False,0,,Sin información transaccional
C001038,Cliente 1038,Joven,False,Quito,False,32,350.00,3,True,Crédito de Consumo|Cuenta de Ahorros|Tarjeta de Crédito,0,748.08,2456.61,233.56,False,500.00,13,True,240.45,18.50,2026-08-27,False,False,True,False,1,Food Lover,Food Lover
C001039,Cliente 1039,Affluent,False,Loja,False,44,1631.74,3,True,Crédito Vehicular|Cuenta de Ahorros|Tarjeta de Crédito,0,7301.56,12625.63,1665.13,False,3800.00,7,True,1402.13,200.30,2026-06-24,False,False,False,False,0,,Generalista
C001040,Cliente 1040,Joven,False,Ambato,False,63,731.18,3,True,Crédito de Consumo|Cuenta Corriente|Tarjeta de Crédito,0,1482.55,4509.99,571.87,False,1900.00,13,True,549.34,42.26,2026-08-27,True,False,False,False,1,Travel Lover,Travel Lover
C001041,Cliente 1041,Mass,False,Guayaquil,False,48,860.55,2,True,Crédito de Consumo|Tarjeta de Crédito,0,0.00,4847.59,692.75,False,2200.00,14,True,783.01,55.93,2026-05-28,False,False,False,False,0,,Generalista
C001042,Cliente 1042,Mass,False,Loja,False,35,1302.18,1,False,Cuenta Corriente,0,3306.10,0.00,0.00,False,0.00,0,False,0.00,,,False,False,False,False,0,,Sin información transaccional
C001043,Cliente 1043,Mass,False,Quito,False,45,2114.04,2,True,Crédito de Consumo|Tarjeta de Crédito,0,0.00,5348.76,1449.36,False,3900.00,11,True,1070.84,97.35,2026-06-21,True,False,False,False,1,Travel Lover,Travel Lover
C001044,Cliente 1044,Premium,False,Guayaquil,False,68,3015.08,2,True,Crédito Vehicular|Cuenta Corriente,0,2381.56,16660.65,0.00,False,0.00,0,False,0.00,,,False,False,False,False,0,,Sin información transaccional
C001045,Cliente 1045,Joven,False,Guayaquil,False,23,1076.74,3,True,Crédito de Consumo|Cuenta Corriente|Tarjeta de Crédito,0,-100.00,5198.26,205.46,False,1400.00,7,True,507.17,72.45,2026-06-19,False,False,True,False,1,Food Lover,Food Lover
C001046,Cliente 1046,Mass,False,Quito,False,21,666.86,2,True,Cuenta de Ahorros|Tarjeta de Crédito,0,591.38,816.73,816.73,False,2000.00,9,True,485.38,53.93,2026-04-06,True,False,False,False,1,Travel Lover,Travel Lover
C001047,Cliente 1047,Mass,False,Guayaquil,False,40,1364.13,1,False,Tarjeta de Crédito,0,0.00,306.99,306.99,False,1500.00,7,True,439.88,62.84,2026-07-26,False,False,True,False,1,Food Lover,Food Lover
C001048,Cliente 1048,Joven,False,Ambato,False,30,821.43,2,True,Crédito de Consumo|Tarjeta de Crédito,0,0.00,1606.22,418.17,False,1600.00,5,True,183.19,36.64,2026-07-06,False,True,False,False,1,Streaming Lover,Streaming Lover
C001049,Cliente 1049,PyME,False,Guayaquil,False,30,3689.30,1,False,Cuenta Corriente,0,281.16,0.00,0.00,False,0.00,0,False,0.00,,,False,False,False,False,0,,Sin información transaccional
C001050,Cliente 1050,Mass,False,Quito,False,48,567.03,2,True,Crédito Hipotecario|Cuenta de Ahorros,0,967.04,38555.26,0.00,False,0.00,0,False,0.00,,,False,False,False,False,0,,Sin información transaccional
C001051,Cliente 1051,PyME,False,Cuenca,False,18,5401.36,2,True,Cuenta de Ahorros|Tarjeta de Crédito,0,16354.12,0.00,0.00,False,10900.00,4,True,2255.38,563.84,2025-09-16,False,False,False,False,0,,Generalista
C001052,Cliente 1052,Mass,False,Guayaquil,False,37,350.00,1,False,Crédito Vehicular,0,0.00,17545.88,0.00,False,0.00,0,False,0.00,,,False,False,False,False,0,,Sin información transaccional
C001053,Cliente 1053,Premium,False,Guayaquil,False,18,3751.88,2,True,Crédito Hipotecario|Cuenta Corriente,0,21869.74,87341.23,0.00,False,0.00,0,False,0.00,,,False,False,False,False,0,,Sin información transaccional
C001054,Cliente 1054,Mass,False,Cuenca,False,38,708.09,3,True,Crédito Vehicular|Cuenta Corriente|Tarjeta de Crédito,0,3312.30,11524.59,242.02,False,1400.00,9,True,378.10,42.01,2026-04-03,False,False,False,False,0,,Generalista
C001055,Cliente 1055,Affluent,False,Quito,False,38,4891.41,2,True,Cuenta de Ahorros|Tarjeta de Crédito,0,17849.42,410.69,410.69,False,5400.00,14,True,5217.57,372.68,2026-08-07,True,False,False,False,1,Travel Lover,Travel Lover
C001056,Cliente 1056,Mass,False,Quito,False,53,887.52,2,True,Cuenta de Ahorros|Tarjeta de Crédito,0,3584.79,1105.22,1105.22,False,1900.00,4,True,197.23,49.31,2026-04-29,True,False,False,False,1,Travel Lover,Travel Lover
C001057,Cliente 1057,Mass,False,Cuenca,False,50,620.43,2,True,Cuenta de Ahorros|Tarjeta de Crédito,0,1220.59,675.11,675.11,False,1800.00,6,True,207.70,34.62,2026-05-14,False,False,False,True,1,Tech Lover,Tech Lover
C001058,Cliente 1058,Premium,False,Ambato,False,46,4483.93,3,True,Crédito Hipotecario|Crédito de Consumo|Tarjeta de Crédito,0,0.00,86282.79,0.00,False,13300.00,6,True,1706.55,284.43,2026-04-30,False,False,True,False,1,Food Lover,Food Lover
C001059,Cliente 1059,Premium,False,Guayaquil,False,18,2279.53,1,False,Tarjeta de Crédito,0,0.00,928.92,928.92,False,5600.00,9,True,1448.60,160.96,2026-07-23,False,False,True,False,1,Food Lover,Food Lover
C001060,Cliente 1060,Affluent,True,Quito,False,45,1601.47,4,True,Crédito Hipotecario|Crédito Vehicular|Cuenta de Ahorros|Tarjeta de Crédito,0,5423.61,122093.34,0.00,False,2900.00,12,True,1170.78,97.56,2026-06-16,False,False,True,False,1,Food Lover,Food Lover
C001061,Cliente 1061,Joven,False,Quito,False,37,630.07,1,False,Crédito Vehicular,0,0.00,18271.55,0.00,False,0.00,0,False,0.00,,,False,False,False,False,0,,Sin información transaccional
C001062,Cliente 1062,Mass,False,Quito,False,59,1040.99,3,True,Crédito Hipotecario|Cuenta de Ahorros|Tarjeta de Crédito,0,5023.04,53168.18,447.33,False,2400.00,8,True,649.88,81.23,2026-04-23,False,False,False,False,0,,Generalista
C001063,Cliente 1063,Premium,False,Quito,False,34,5404.28,3,True,Crédito Hipotecario|Cuenta Corriente|Tarjeta de Crédito,0,11344.79,75745.89,1772.54,False,12100.00,11,True,3027.03,275.18,2026-06-28,False,False,False,False,0,,Generalista
C001064,Cliente 1064,Affluent,False,Guayaquil,False,63,2076.59,2,True,Cuenta Corriente|Tarjeta de Crédito,0,9469.84,0.00,0.00,False,2200.00,8,True,1173.16,146.65,2026-05-19,False,False,False,False,0,,Generalista
C001065,Cliente 1065,Affluent,False,Quito,False,46,2819.34,1,False,Cuenta de Ahorros,0,14567.04,0.00,0.00,False,0.00,0,False,0.00,,,False,False,False,False,0,,Sin información transaccional
C001066,Cliente 1066,Affluent,False,Cuenca,False,36,1272.62,2,True,Cuenta de Ahorros|Tarjeta de Crédito,0,4031.75,485.04,485.04,False,1400.00,4,True,405.49,101.37,2026-05-16,False,False,False,False,0,,Generalista
C001067,Cliente 1067,Mass,False,Quito,False,44,879.14,1,False,Crédito de Consumo,0,0.00,2077.58,0.00,False,0.00,0,False,0.00,,,False,False,False,False,0,,Sin información transaccional
C001068,Cliente 1068,Mass,False,Manta,False,45,997.97,1,False,Cuenta de Ahorros,0,2491.73,0.00,0.00,False,0.00,0,False,0.00,,,False,False,False,False,0,,Sin información transaccional
C001069,Cliente 1069,Premium,False,Cuenca,False,38,5736.83,2,True,Crédito de Consumo|Cuenta de Ahorros,0,19873.30,24788.15,0.00,False,0.00,0,False,0.00,,,False,False,False,False,0,,Sin información transaccional
C001070,Cliente 1070,Affluent,False,Quito,False,56,1492.52,2,True,Cuenta Corriente|Cuenta de Ahorros,0,8058.53,0.00,0.00,False,0.00,0,False,0.00,,,False,False,False,False,0,,Sin información transaccional
C001071,Cliente 1071,Joven,True,Quito,False,40,374.33,3,True,Crédito Vehicular|Cuenta de Ahorros|Tarjeta de Crédito,0,-100.00,21707.80,176.37,False,500.00,14,True,256.62,18.33,2026-07-07,True,False,False,False,1,Travel Lover,Travel Lover
C001072,Cliente 1072,Joven,False,Cuenca,False,28,707.61,2,True,Crédito Vehicular|Crédito de Consumo,0,0.00,23877.93,0.00,False,0.00,0,False,0.00,,,False,False,False,False,0,,Sin información transaccional
C001073,Cliente 1073,PyME,False,Guayaquil,False,37,3030.13,2,True,Crédito de Consumo|Tarjeta de Crédito,0,0.00,16560.66,4856.34,False,8800.00,10,True,2689.59,268.96,2026-08-09,False,False,False,False,0,,Generalista
C001074,Cliente 1074,Affluent,True,Cuenca,False,30,3684.82,2,True,Crédito de Consumo|Tarjeta de Crédito,0,0.00,15863.55,3573.39,False,8600.00,4,True,597.30,149.32,2026-04-06,False,False,False,False,0,,Generalista
C001075,Cliente 1075,Mass,False,Quito,False,43,712.56,2,True,Crédito Vehicular|Tarjeta de Crédito,0,0.00,10894.80,211.61,False,900.00,5,True,332.89,66.58,2026-07-27,False,False,False,False,0,,Generalista
C001076,Cliente 1076,Mass,False,Quito,False,44,462.46,1,False,Cuenta Corriente,0,938.66,0.00,0.00,False,0.00,0,False,0.00,,,False,False,False,False,0,,Sin información transaccional
C001077,Cliente 1077,Mass,False,Guayaquil,False,36,1269.28,2,True,Crédito Hipotecario|Cuenta Corriente,0,1787.54,113936.07,0.00,False,0.00,0,False,0.00,,,False,False,False,False,0,,Sin información transaccional
C001078,Cliente 1078,Joven,False,Guayaquil,False,26,713.35,2,True,Cuenta de Ahorros|Tarjeta de Crédito,0,586.41,551.14,551.14,False,1900.00,11,True,655.56,59.60,2026-08-10,False,False,False,False,0,,Generalista
C001079,Cliente 1079,Affluent,False,Guayaquil,False,42,2800.18,3,True,Crédito Hipotecario|Cuenta de Ahorros|Tarjeta de Crédito,0,6667.67,84198.96,1761.43,False,7000.00,14,True,3146.15,224.72,2026-08-21,False,True,False,False,1,Streaming Lover,Streaming Lover
C001080,Cliente 1080,Mass,False,Guayaquil,False,52,697.65,1,False,Tarjeta de Crédito,0,0.00,592.58,592.58,False,1100.00,9,True,572.19,63.58,2026-07-05,False,True,False,False,1,Streaming Lover,Streaming Lover
C001081,Cliente 1081,Affluent,False,Ambato,False,32,1963.70,3,True,Crédito de Consumo|Cuenta Corriente|Tarjeta de Crédito,0,-80.43,13535.86,1004.62,False,3900.00,11,True,1478.46,134.41,2026-06-18,False,False,False,False,0,,Generalista
C001082,Cliente 1082,Mass,False,Guayaquil,False,56,782.80,2,True,Cuenta de Ahorros|Tarjeta de Crédito,0,2925.97,615.38,615.38,False,2100.00,9,True,410.75,45.64,2026-08-12,False,False,True,False,1,Food Lover,Food Lover
C001083,Cliente 1083,Mass,False,Cuenca,False,45,597.45,2,True,Cuenta de Ahorros|Tarjeta de Crédito,0,1721.95,321.68,321.68,False,1700.00,11,True,519.66,47.24,2026-07-17,False,False,True,False,1,Food Lover,Food Lover
C001084,Cliente 1084,Mass,False,Quito,False,27,638.66,2,True,Crédito Hipotecario|Tarjeta de Crédito,0,0.00,57072.02,602.80,False,1100.00,11,True,535.89,48.72,2026-05-12,False,False,False,False,0,,Generalista
C001085,Cliente 1085,Mass,False,Guayaquil,False,45,1109.37,3,True,Crédito Vehicular|Cuenta Corriente|Tarjeta de Crédito,0,1376.30,22976.18,1122.45,False,2200.00,9,True,320.74,35.64,2026-05-15,True,False,False,False,1,Travel Lover,Travel Lover
C001086,Cliente 1086,Mass,False,Loja,False,28,884.87,2,True,Crédito Hipotecario|Tarjeta de Crédito,0,0.00,32447.51,53.85,False,2000.00,5,True,124.49,24.90,2026-07-24,False,False,False,False,0,,Generalista
C001087,Cliente 1087,Joven,False,Quito,False,67,415.51,3,True,Cuenta Corriente|Cuenta de Ahorros|Tarjeta de Crédito,0,709.94,251.69,251.69,False,1200.00,13,True,304.89,23.45,2026-06-29,False,False,True,False,1,Food Lover,Food Lover
C001088,Cliente 1088,Mass,False,Quito,False,18,1388.66,3,True,Crédito Hipotecario|Cuenta de Ahorros|Tarjeta de Crédito,0,4255.48,79897.82,581.82,False,1400.00,4,True,525.49,131.37,2026-07-24,False,False,False,False,0,,Generalista
C001089,Cliente 1089,Mass,False,Quito,False,36,958.90,3,True,Crédito Vehicular|Cuenta de Ahorros|Tarjeta de Crédito,0,2348.45,15188.54,399.71,False,1600.00,12,True,923.56,76.96,2026-07-02,False,False,True,False,1,Food Lover,Food Lover
C001090,Cliente 1090,Joven,True,Guayaquil,False,35,1149.37,3,True,Crédito Hipotecario|Crédito Vehicular|Tarjeta de Crédito,0,0.00,62388.16,76.41,False,2800.00,6,True,346.01,57.67,2026-02-08,False,False,True,False,1,Food Lover,Food Lover
C001091,Cliente 1091,Affluent,False,Guayaquil,False,52,1703.75,3,True,Crédito Hipotecario|Crédito Vehicular|Crédito de Consumo,0,0.00,155237.61,0.00,False,0.00,0,False,0.00,,,False,False,False,False,0,,Sin información transaccional
C001092,Cliente 1092,Affluent,False,Guayaquil,False,42,1905.63,4,True,Crédito Hipotecario|Cuenta Corriente|Cuenta de Ahorros|Tarjeta de Crédito,0,14019.36,33352.97,1702.62,False,2500.00,11,True,1545.24,140.48,2026-08-13,False,False,False,False,0,,Generalista
C001093,Cliente 1093,Affluent,False,Guayaquil,False,41,3445.57,1,False,Tarjeta de Crédito,0,0.00,1108.43,1108.43,False,7900.00,11,True,2859.18,259.93,2026-01-19,False,False,False,False,0,,Generalista
C001094,Cliente 1094,Affluent,False,Manta,False,35,1675.57,3,True,Crédito de Consumo|Cuenta de Ahorros|Tarjeta de Crédito,0,5012.26,5800.05,1443.50,False,4100.00,8,True,1299.71,162.46,2026-08-19,False,False,False,False,0,,Generalista
C001095,Cliente 1095,Affluent,False,Manta,False,52,1273.91,3,True,Crédito Hipotecario|Cuenta Corriente|Tarjeta de Crédito,0,2879.77,90494.70,1864.28,False,3700.00,14,True,917.41,65.53,2026-07-09,True,False,True,False,2,Travel Lover|Food Lover,Food Lover
C001096,Cliente 1096,Mass,False,Cuenca,False,29,645.91,1,False,Cuenta Corriente,0,1532.43,0.00,0.00,False,0.00,0,False,0.00,,,False,False,False,False,0,,Sin información transaccional
C001097,Cliente 1097,Mass,False,Cuenca,False,32,965.01,2,True,Crédito Hipotecario|Tarjeta de Crédito,0,0.00,102844.54,1499.89,False,2400.00,7,True,445.27,63.61,2026-07-20,False,False,False,False,0,,Generalista
C001098,Cliente 1098,Affluent,False,Manta,False,18,1566.84,3,True,Crédito Vehicular|Crédito de Consumo|Tarjeta de Crédito,0,0.00,30600.29,451.30,False,4600.00,8,True,895.11,111.89,2026-06-05,False,False,False,False,0,,Generalista
C001099,Cliente 1099,Mass,False,Quito,False,69,1002.65,2,True,Cuenta Corriente|Tarjeta de Crédito,0,3395.07,1417.13,1417.13,False,2400.00,5,True,354.61,70.92,2026-06-14,False,False,False,True,1,Tech Lover,Tech Lover
C001100,Cliente 1100,Mass,False,Quito,False,29,871.55,3,True,Crédito de Consumo|Cuenta de Ahorros|Tarjeta de Crédito,0,1260.14,3167.89,0.00,False,2200.00,5,True,171.99,34.40,2026-04-20,False,False,False,False,0,,Generalista
C001101,Cliente 1101,Affluent,False,Ambato,False,27,2491.34,4,True,Crédito Hipotecario|Crédito Vehicular|Cuenta Corriente|Tarjeta de Crédito,0,1753.30,72275.09,1803.54,False,5100.00,9,True,1002.11,111.35,2026-08-18,False,False,False,False,0,,Generalista
C001102,Cliente 1102,Premium,False,Manta,False,41,4931.14,4,True,Crédito Vehicular|Crédito de Consumo|Cuenta de Ahorros|Tarjeta de Crédito,0,19010.32,57508.36,1653.43,False,12100.00,6,True,4347.15,724.52,2026-08-14,False,False,False,False,0,,Generalista
C001103,Cliente 1103,Mass,False,Guayaquil,False,58,504.33,3,True,Crédito Hipotecario|Cuenta de Ahorros|Tarjeta de Crédito,0,1958.02,121651.50,109.58,False,500.00,8,True,263.82,32.98,2026-03-27,False,False,True,False,1,Food Lover,Food Lover
C001104,Cliente 1104,Mass,False,Guayaquil,False,29,921.90,2,True,Crédito Hipotecario|Crédito Vehicular,0,0.00,49982.62,0.00,False,0.00,0,False,0.00,,,False,False,False,False,0,,Sin información transaccional
C001105,Cliente 1105,Mass,False,Quito,False,56,422.26,2,True,Cuenta de Ahorros|Tarjeta de Crédito,0,1279.97,200.89,200.89,False,800.00,13,True,594.59,45.74,2026-03-18,False,True,False,False,1,Streaming Lover,Streaming Lover
C001106,Cliente 1106,Mass,False,Manta,False,52,584.23,3,True,Crédito Hipotecario|Crédito de Consumo|Tarjeta de Crédito,0,0.00,93130.69,630.73,False,1700.00,9,True,287.03,31.89,2026-08-08,False,False,False,False,0,,Generalista
C001107,Cliente 1107,Premium,False,Manta,False,68,4519.24,2,True,Crédito Vehicular|Tarjeta de Crédito,0,0.00,17745.33,2875.00,False,12100.00,5,True,483.42,96.68,2026-07-20,False,True,False,False,1,Streaming Lover,Streaming Lover
C001108,Cliente 1108,Mass,False,Manta,False,34,1034.26,2,True,Crédito Hipotecario|Cuenta Corriente,0,-100.00,89566.59,0.00,False,0.00,0,False,0.00,,,False,False,False,False,0,,Sin información transaccional
C001109,Cliente 1109,Joven,False,Guayaquil,False,42,444.49,2,True,Crédito de Consumo|Tarjeta de Crédito,0,0.00,2442.25,624.96,False,900.00,14,True,583.46,41.68,2026-05-12,False,False,True,False,1,Food Lover,Food Lover
C001110,Cliente 1110,Mass,False,Guayaquil,False,33,1013.03,2,True,Cuenta Corriente|Tarjeta de Crédito,0,3274.85,712.82,712.82,False,1400.00,14,True,995.60,71.11,2026-07-26,False,False,False,False,0,,Generalista
C001111,Cliente 1111,Mass,False,Manta,False,39,1223.14,1,False,Crédito Hipotecario,0,0.00,91104.68,0.00,False,0.00,0,False,0.00,,,False,False,False,False,0,,Sin información transaccional
C001112,Cliente 1112,Mass,False,Guayaquil,False,19,2833.59,3,True,Crédito Hipotecario|Crédito Vehicular|Tarjeta de Crédito,0,0.00,125089.42,1376.25,False,3900.00,8,True,1142.26,142.78,2026-07-25,False,False,True,True,2,Food Lover|Tech Lover,Tech Lover
C001113,Cliente 1113,Premium,False,Quito,False,55,4170.39,2,True,Crédito de Consumo|Tarjeta de Crédito,0,0.00,39903.06,5561.44,False,12400.00,10,True,3179.55,317.96,2026-08-16,True,False,True,False,2,Travel Lover|Food Lover,Food Lover
C001114,Cliente 1114,Mass,False,Ambato,False,53,905.95,2,True,Cuenta de Ahorros|Tarjeta de Crédito,0,2127.37,1141.52,1141.52,False,1600.00,9,True,344.47,38.27,2026-07-18,False,False,False,False,0,,Generalista
C001115,Cliente 1115,Joven,False,Guayaquil,False,28,763.56,4,True,Crédito Hipotecario|Crédito de Consumo|Cuenta Corriente|Tarjeta de Crédito,0,2995.20,57278.48,687.83,False,1400.00,14,True,705.68,50.41,2026-08-18,False,False,True,False,1,Food Lover,Food Lover
C001116,Cliente 1116,Mass,False,Cuenca,False,50,1240.42,3,True,Crédito Vehicular|Crédito de Consumo|Tarjeta de Crédito,0,0.00,17372.57,529.88,False,1400.00,10,True,746.01,74.60,2026-02-23,False,False,False,True,1,Tech Lover,Tech Lover
C001117,Cliente 1117,Premium,False,Cuenca,False,29,4267.35,4,True,Crédito de Consumo|Cuenta Corriente|Cuenta de Ahorros|Tarjeta de Crédito,0,17235.57,31702.34,7208.93,False,8200.00,5,True,1298.89,259.78,2026-08-12,False,True,True,False,2,Streaming Lover|Food Lover,Food Lover
C001118,Cliente 1118,Mass,True,Manta,False,32,634.16,3,True,Crédito Hipotecario|Crédito de Consumo|Tarjeta de Crédito,0,0.00,116305.31,212.70,False,1000.00,10,True,486.90,48.69,2026-08-08,False,False,True,False,1,Food Lover,Food Lover
C001119,Cliente 1119,Mass,True,Quito,False,40,481.02,3,True,Crédito de Consumo|Cuenta de Ahorros|Tarjeta de Crédito,0,919.79,3972.25,380.01,False,800.00,12,True,308.33,25.69,2026-06-09,False,False,False,False,0,,Generalista
C001120,Cliente 1120,Mass,False,Cuenca,False,38,880.62,2,True,Crédito Hipotecario|Tarjeta de Crédito,0,0.00,105890.24,686.36,False,1600.00,11,True,487.87,44.35,2026-08-24,False,False,False,False,0,,Generalista
C001121,Cliente 1121,Mass,False,Quito,False,32,1212.64,2,True,Cuenta Corriente|Tarjeta de Crédito,0,570.90,591.56,591.56,False,3000.00,13,True,1372.07,105.54,2026-07-26,True,False,True,False,2,Travel Lover|Food Lover,Travel Lover
C001122,Cliente 1122,Affluent,False,Quito,False,21,2472.84,4,True,Crédito Hipotecario|Crédito Vehicular|Cuenta de Ahorros|Tarjeta de Crédito,0,2506.57,50529.16,2321.09,False,6500.00,9,True,1524.93,169.44,2026-07-10,True,False,True,True,3,Travel Lover|Food Lover|Tech Lover,Tech Lover
C001123,Cliente 1123,Mass,False,Guayaquil,False,32,1061.47,2,True,Crédito Vehicular|Tarjeta de Crédito,0,0.00,4107.54,374.98,False,1700.00,13,True,992.83,76.37,2026-06-12,False,False,False,False,0,,Generalista
C001124,Cliente 1124,Affluent,False,Quito,False,52,3971.07,2,True,Crédito Vehicular|Tarjeta de Crédito,0,0.00,19063.67,1847.45,False,4800.00,9,True,1740.07,193.34,2025-12-29,False,True,False,False,1,Streaming Lover,Streaming Lover
C001125,Cliente 1125,Premium,False,Manta,False,45,3639.06,3,True,Crédito Hipotecario|Crédito Vehicular|Crédito de Consumo,0,0.00,101425.75,0.00,False,0.00,0,False,0.00,,,False,False,False,False,0,,Sin información transaccional
C001126,Cliente 1126,Mass,False,Manta,False,18,761.56,2,True,Cuenta de Ahorros|Tarjeta de Crédito,0,-100.00,1136.16,1136.16,False,1900.00,9,True,499.72,55.52,2026-05-29,False,False,False,False,0,,Generalista
C001127,Cliente 1127,Affluent,False,Quito,False,49,2181.69,4,True,Crédito Hipotecario|Crédito Vehicular|Cuenta de Ahorros|Tarjeta de Crédito,0,4094.49,82411.95,1764.08,False,5600.00,4,True,317.07,79.27,2026-08-10,False,False,False,False,0,,Generalista
C001128,Cliente 1128,Mass,False,Guayaquil,False,18,1315.61,2,True,Crédito Hipotecario|Cuenta de Ahorros,0,1324.83,51956.83,0.00,False,0.00,0,False,0.00,,,False,False,False,False,0,,Sin información transaccional
C001129,Cliente 1129,Joven,False,Cuenca,False,22,1008.03,2,True,Crédito Hipotecario|Tarjeta de Crédito,0,0.00,44243.62,1248.11,False,2900.00,9,True,576.63,64.07,2026-07-29,False,False,True,False,1,Food Lover,Food Lover
C001130,Cliente 1130,Mass,False,Guayaquil,False,18,488.53,1,False,Tarjeta de Crédito,0,0.00,170.30,170.30,False,800.00,9,True,175.36,19.48,2026-03-20,False,True,False,True,2,Streaming Lover|Tech Lover,Tech Lover
C001131,Cliente 1131,Mass,False,Quito,False,18,1083.82,3,True,Crédito de Consumo|Cuenta de Ahorros|Tarjeta de Crédito,0,2617.03,5258.05,955.80,False,1800.00,11,True,829.05,75.37,2026-06-09,False,False,True,True,2,Food Lover|Tech Lover,Tech Lover
C001132,Cliente 1132,Joven,True,Quito,False,23,634.96,2,True,Crédito Hipotecario|Tarjeta de Crédito,0,0.00,56720.81,593.59,False,1700.00,14,True,402.29,28.74,2026-07-27,False,False,False,False,0,,Generalista
C001133,Cliente 1133,Mass,False,Guayaquil,False,24,1164.40,1,False,Tarjeta de Crédito,0,0.00,694.86,694.86,False,1600.00,4,True,397.08,99.27,2026-04-26,False,True,False,False,1,Streaming Lover,Streaming Lover
C001134,Cliente 1134,Mass,False,Manta,False,34,1105.86,2,True,Crédito de Consumo|Tarjeta de Crédito,0,0.00,6664.14,616.48,False,2100.00,13,True,844.03,64.93,2026-07-15,False,True,True,False,2,Streaming Lover|Food Lover,Food Lover
C001135,Cliente 1135,Premium,False,Ambato,False,35,2048.43,4,True,Crédito Hipotecario|Crédito Vehicular|Cuenta Corriente|Tarjeta de Crédito,0,3207.50,43440.32,1404.59,False,4900.00,14,True,1497.52,106.97,2026-08-09,False,False,True,False,1,Food Lover,Food Lover
C001136,Cliente 1136,Mass,False,Manta,False,18,874.63,3,True,Crédito Vehicular|Crédito de Consumo|Tarjeta de Crédito,0,0.00,31318.32,112.45,False,1300.00,11,True,435.70,39.61,2026-07-27,True,False,False,False,1,Travel Lover,Travel Lover
C001137,Cliente 1137,Mass,False,Quito,False,38,948.21,2,True,Crédito Hipotecario|Tarjeta de Crédito,0,0.00,54770.34,2006.67,False,2600.00,4,True,160.75,40.19,2026-08-21,False,False,False,False,0,,Generalista
C001138,Cliente 1138,Mass,False,Quito,False,25,1244.71,2,True,Cuenta Corriente|Tarjeta de Crédito,0,1793.47,796.65,796.65,False,3300.00,6,True,547.58,91.26,2026-06-24,False,True,False,False,1,Streaming Lover,Streaming Lover
C001139,Cliente 1139,Affluent,True,Quito,False,31,2469.76,4,True,Crédito Hipotecario|Crédito de Consumo|Cuenta Corriente|Tarjeta de Crédito,0,4829.48,103508.13,0.00,False,3600.00,7,True,1630.82,232.97,2026-06-21,False,False,True,False,1,Food Lover,Food Lover
C001140,Cliente 1140,Joven,False,Guayaquil,False,31,651.60,2,True,Crédito Vehicular|Tarjeta de Crédito,0,0.00,15247.61,554.37,False,1700.00,9,True,331.08,36.79,2026-05-05,False,False,False,False,0,,Generalista
C001141,Cliente 1141,Joven,False,Guayaquil,False,48,1153.68,2,True,Crédito Hipotecario|Tarjeta de Crédito,0,0.00,120760.97,0.00,False,3300.00,7,True,293.23,41.89,2026-06-04,False,False,False,False,0,,Generalista
C001142,Cliente 1142,Mass,False,Guayaquil,False,35,917.62,2,True,Crédito Vehicular|Cuenta Corriente,0,3480.54,14906.28,0.00,False,0.00,0,False,0.00,,,False,False,False,False,0,,Sin información transaccional
C001143,Cliente 1143,Premium,False,Guayaquil,False,20,7075.00,4,True,Crédito Hipotecario|Crédito Vehicular|Crédito de Consumo|Tarjeta de Crédito,0,0.00,144723.17,10886.10,False,20300.00,10,True,5394.02,539.40,2026-07-08,False,False,False,False,0,,Generalista
C001144,Cliente 1144,Mass,False,Guayaquil,False,46,846.56,2,True,Crédito Hipotecario|Tarjeta de Crédito,0,0.00,58939.00,539.90,False,1900.00,12,True,653.46,54.46,2026-08-30,False,False,False,False,0,,Generalista
C001145,Cliente 1145,Mass,False,Loja,False,44,440.43,1,False,Tarjeta de Crédito,0,0.00,223.84,223.84,False,500.00,6,True,79.29,13.21,2026-05-19,False,False,False,False,0,,Generalista
C001146,Cliente 1146,Mass,False,Cuenca,False,18,1348.39,1,False,Cuenta Corriente,0,2384.26,0.00,0.00,False,0.00,0,False,0.00,,,False,False,False,False,0,,Sin información transaccional
C001147,Cliente 1147,Premium,False,Ambato,False,28,2769.68,4,True,Crédito Vehicular|Crédito de Consumo|Cuenta Corriente|Tarjeta de Crédito,0,8443.63,42325.73,1085.67,False,4000.00,4,True,993.13,248.28,2026-08-26,True,False,False,False,1,Travel Lover,Travel Lover
C001148,Cliente 1148,Mass,False,Quito,False,43,434.22,2,True,Crédito Hipotecario|Cuenta de Ahorros,0,971.30,25413.87,0.00,False,0.00,0,False,0.00,,,False,False,False,False,0,,Sin información transaccional
C001149,Cliente 1149,Affluent,False,Guayaquil,False,26,2352.69,3,True,Crédito Hipotecario|Crédito Vehicular|Tarjeta de Crédito,0,0.00,82495.35,1900.63,False,6100.00,6,True,670.13,111.69,2026-07-30,False,True,False,False,1,Streaming Lover,Streaming Lover
C001150,Cliente 1150,Mass,False,Ambato,False,22,1170.43,2,True,Cuenta de Ahorros|Tarjeta de Crédito,0,3221.00,540.73,540.73,False,2900.00,12,True,736.04,61.34,2026-05-25,False,False,False,True,1,Tech Lover,Tech Lover
C001151,Cliente 1151,Mass,False,Quito,False,31,1033.24,1,False,Cuenta Corriente,0,3346.54,0.00,0.00,False,0.00,0,False,0.00,,,False,False,False,False,0,,Sin información transaccional
C001152,Cliente 1152,Mass,False,Manta,False,29,691.70,3,True,Cuenta Corriente|Cuenta de Ahorros|Tarjeta de Crédito,0,1904.91,351.17,351.17,False,1800.00,14,True,895.91,63.99,2026-07-23,True,False,False,True,2,Travel Lover|Tech Lover,Travel Lover
C001153,Cliente 1153,Premium,False,Loja,False,30,6713.74,3,True,Crédito de Consumo|Cuenta de Ahorros|Tarjeta de Crédito,0,-100.00,14430.43,1607.88,False,12100.00,8,True,3953.19,494.15,2026-06-15,True,False,False,False,1,Travel Lover,Travel Lover
C001154,Cliente 1154,Affluent,False,Ambato,False,38,2395.40,3,True,Crédito Hipotecario|Cuenta Corriente|Tarjeta de Crédito,0,6172.25,35606.19,433.59,False,4700.00,14,True,1631.58,116.54,2026-08-17,False,False,False,True,1,Tech Lover,Tech Lover
C001155,Cliente 1155,Mass,False,Guayaquil,False,37,754.58,4,True,Crédito Hipotecario|Crédito Vehicular|Cuenta de Ahorros|Tarjeta de Crédito,0,4238.62,91627.68,192.90,False,1200.00,12,True,711.58,59.30,2026-07-06,False,False,False,True,1,Tech Lover,Tech Lover
C001156,Cliente 1156,Affluent,False,Cuenca,False,22,2024.98,2,True,Cuenta de Ahorros|Tarjeta de Crédito,0,10550.82,1105.06,1105.06,False,4200.00,12,True,1560.72,130.06,2026-06-05,False,False,False,False,0,,Generalista
C001157,Cliente 1157,PyME,False,Quito,False,37,2185.15,2,True,Cuenta Corriente|Tarjeta de Crédito,0,2609.82,192.54,192.54,False,5500.00,8,True,983.91,122.99,2026-06-11,False,True,True,False,2,Streaming Lover|Food Lover,Streaming Lover
C001158,Cliente 1158,Mass,False,Quito,False,58,867.75,2,True,Crédito Hipotecario|Tarjeta de Crédito,0,0.00,114856.83,1181.88,False,2100.00,10,True,560.01,56.00,2026-08-29,False,False,False,False,0,,Generalista
C001159,Cliente 1159,Affluent,False,Manta,False,27,1454.50,3,True,Crédito Hipotecario|Cuenta de Ahorros|Tarjeta de Crédito,0,2914.28,87383.57,979.45,False,2600.00,8,True,627.89,78.49,2026-08-25,True,False,False,False,1,Travel Lover,Travel Lover
C001160,Cliente 1160,Mass,False,Manta,False,46,1187.60,2,True,Crédito de Consumo|Cuenta Corriente,0,3790.79,4661.35,0.00,False,0.00,0,False,0.00,,,False,False,False,False,0,,Sin información transaccional
C001161,Cliente 1161,Mass,False,Guayaquil,False,28,979.20,1,False,Crédito Vehicular,0,0.00,26407.15,0.00,False,0.00,0,False,0.00,,,False,False,False,False,0,,Sin información transaccional
C001162,Cliente 1162,Mass,False,Quito,False,39,539.46,2,True,Cuenta Corriente|Tarjeta de Crédito,0,-100.00,713.54,713.54,False,1300.00,13,True,420.97,32.38,2026-06-19,False,False,False,False,0,,Generalista
C001163,Cliente 1163,Mass,True,Cuenca,False,38,1038.05,2,True,Cuenta Corriente|Tarjeta de Crédito,0,-100.00,1399.00,1399.00,False,2100.00,8,True,929.67,116.21,2026-07-23,True,False,False,False,1,Travel Lover,Travel Lover
C001164,Cliente 1164,Mass,False,Loja,False,47,614.40,2,True,Crédito de Consumo|Cuenta de Ahorros,0,970.00,2330.25,0.00,False,0.00,0,False,0.00,,,False,False,False,False,0,,Sin información transaccional
C001165,Cliente 1165,Mass,False,Guayaquil,False,43,749.12,1,False,Tarjeta de Crédito,0,0.00,819.47,819.47,False,2100.00,6,True,494.94,82.49,2026-07-19,False,False,False,False,0,,Generalista
C001166,Cliente 1166,Affluent,False,Guayaquil,False,36,2741.29,1,False,Tarjeta de Crédito,0,0.00,2023.93,2023.93,False,6100.00,13,True,1618.95,124.53,2026-07-14,False,False,False,True,1,Tech Lover,Tech Lover
C001167,Cliente 1167,Mass,False,Quito,False,46,1208.97,1,False,Crédito Hipotecario,0,0.00,96573.69,0.00,False,0.00,0,False,0.00,,,False,False,False,False,0,,Sin información transaccional
C001168,Cliente 1168,Affluent,True,Quito,False,38,2359.49,3,True,Crédito Hipotecario|Cuenta de Ahorros|Tarjeta de Crédito,0,-100.00,70543.01,2140.08,False,4800.00,10,True,1970.17,197.02,2026-06-25,False,True,False,False,1,Streaming Lover,Streaming Lover
C001169,Cliente 1169,Premium,False,Guayaquil,False,31,3846.12,3,True,Crédito Vehicular|Crédito de Consumo|Tarjeta de Crédito,0,0.00,38585.40,4523.88,False,11500.00,13,True,2992.71,230.21,2026-06-16,True,False,False,False,1,Travel Lover,Travel Lover
C001170,Cliente 1170,Affluent,False,Loja,False,46,1729.21,4,True,Crédito Vehicular|Cuenta Corriente|Cuenta de Ahorros|Tarjeta de Crédito,0,13731.48,22431.17,1696.05,False,4200.00,11,True,1349.99,122.73,2026-07-03,False,False,False,False,0,,Generalista
C001171,Cliente 1171,Mass,False,Quito,False,47,1098.76,2,True,Crédito de Consumo|Tarjeta de Crédito,0,0.00,7208.24,365.42,False,1200.00,14,True,957.59,68.40,2026-08-23,False,False,True,False,1,Food Lover,Food Lover
C001172,Cliente 1172,Affluent,False,Guayaquil,False,33,1529.34,3,True,Crédito Vehicular|Cuenta Corriente|Tarjeta de Crédito,0,-100.00,26400.62,469.64,False,1900.00,12,True,694.65,57.89,2026-08-25,True,False,False,False,1,Travel Lover,Travel Lover
C001173,Cliente 1173,Mass,False,Quito,False,34,989.23,2,True,Cuenta de Ahorros|Tarjeta de Crédito,0,2423.37,322.32,322.32,False,1300.00,8,True,902.93,112.87,2026-07-18,False,False,False,False,0,,Generalista
C001174,Cliente 1174,Mass,False,Guayaquil,False,42,729.85,2,True,Cuenta Corriente|Tarjeta de Crédito,0,1528.40,478.96,478.96,False,1700.00,13,True,492.65,37.90,2026-08-16,False,False,False,True,1,Tech Lover,Tech Lover
C001175,Cliente 1175,Premium,False,Guayaquil,False,35,3976.34,2,True,Crédito Hipotecario|Tarjeta de Crédito,0,0.00,64585.86,579.50,False,4900.00,4,True,693.58,173.40,2025-12-22,True,False,False,False,1,Travel Lover,Travel Lover
C001176,Cliente 1176,Mass,False,Guayaquil,False,38,655.73,2,True,Crédito Vehicular|Tarjeta de Crédito,0,0.00,18476.11,464.22,False,1800.00,14,True,582.80,41.63,2026-08-22,False,True,True,False,2,Streaming Lover|Food Lover,Streaming Lover
C001177,Cliente 1177,Affluent,True,Guayaquil,False,18,2705.50,2,True,Cuenta de Ahorros|Tarjeta de Crédito,0,7033.48,313.68,313.68,False,4700.00,13,True,1774.95,136.53,2026-08-01,False,True,False,False,1,Streaming Lover,Streaming Lover
C001178,Cliente 1178,Affluent,False,Guayaquil,False,43,2966.11,2,True,Crédito Hipotecario|Tarjeta de Crédito,0,0.00,104597.62,415.63,False,4000.00,11,True,2289.12,208.10,2026-07-23,False,False,False,False,0,,Generalista
C001179,Cliente 1179,Mass,False,Guayaquil,False,28,1007.40,2,True,Cuenta de Ahorros|Tarjeta de Crédito,0,2005.02,1459.98,1459.98,False,3000.00,6,True,391.43,65.24,2026-08-15,True,False,False,True,2,Travel Lover|Tech Lover,Travel Lover
C001180,Cliente 1180,PyME,False,Quito,False,37,1985.30,2,True,Cuenta Corriente|Tarjeta de Crédito,0,9317.11,1843.48,1843.48,False,3600.00,14,True,1758.27,125.59,2026-07-17,False,False,True,False,1,Food Lover,Food Lover
C001181,Cliente 1181,Mass,False,Quito,False,34,589.76,3,True,Crédito Hipotecario|Crédito de Consumo|Tarjeta de Crédito,0,0.00,128104.93,400.49,False,1300.00,11,True,269.55,24.50,2026-08-26,False,False,False,True,1,Tech Lover,Tech Lover
C001182,Cliente 1182,Premium,False,Guayaquil,False,32,4665.85,2,True,Crédito Hipotecario|Tarjeta de Crédito,0,0.00,152575.11,2456.16,False,11200.00,6,True,2357.97,393.00,2026-05-29,False,False,True,False,1,Food Lover,Food Lover
C001183,Cliente 1183,Mass,False,Guayaquil,False,18,669.61,2,True,Crédito Hipotecario|Crédito de Consumo,0,0.00,92049.64,0.00,False,0.00,0,False,0.00,,,False,False,False,False,0,,Sin información transaccional
C001184,Cliente 1184,Mass,False,Guayaquil,False,26,1088.49,1,False,Crédito de Consumo,0,0.00,7579.07,0.00,False,0.00,0,False,0.00,,,False,False,False,False,0,,Sin información transaccional
C001185,Cliente 1185,Joven,False,Quito,False,34,602.55,1,False,Tarjeta de Crédito,0,0.00,662.06,662.06,False,1100.00,12,True,519.96,43.33,2026-08-11,True,False,False,False,1,Travel Lover,Travel Lover
C001186,Cliente 1186,Joven,False,Cuenca,False,36,1276.71,2,True,Cuenta Corriente|Tarjeta de Crédito,0,3048.80,1409.23,1409.23,False,2800.00,4,True,450.43,112.61,2026-07-26,False,True,False,False,1,Streaming Lover,Streaming Lover
C001187,Cliente 1187,Affluent,False,Cuenca,False,19,1927.48,2,True,Cuenta de Ahorros|Tarjeta de Crédito,0,11361.33,667.74,667.74,False,4900.00,6,True,539.61,89.94,2026-07-20,True,False,False,False,1,Travel Lover,Travel Lover
C001188,Cliente 1188,PyME,False,Guayaquil,False,36,3212.29,2,True,Crédito Hipotecario|Crédito Vehicular,0,0.00,85497.97,0.00,False,0.00,0,False,0.00,,,False,False,False,False,0,,Sin información transaccional
C001189,Cliente 1189,Mass,False,Guayaquil,False,30,837.04,4,True,Crédito Vehicular|Crédito de Consumo|Cuenta de Ahorros|Tarjeta de Crédito,0,2044.10,10237.64,672.37,False,2000.00,5,True,298.14,59.63,2026-08-08,False,False,False,False,0,,Generalista
C001190,Cliente 1190,Premium,False,Guayaquil,False,49,4134.83,4,True,Crédito Vehicular|Crédito de Consumo|Cuenta Corriente|Tarjeta de Crédito,0,2669.38,40551.91,3210.18,False,12100.00,4,True,2494.70,623.67,2026-05-27,False,False,False,True,1,Tech Lover,Tech Lover
C001191,Cliente 1191,Mass,False,Cuenca,False,40,1255.23,2,True,Crédito de Consumo|Tarjeta de Crédito,0,0.00,3461.29,242.65,False,2500.00,8,True,511.36,63.92,2026-08-11,False,False,True,False,1,Food Lover,Food Lover
C001192,Cliente 1192,Joven,False,Quito,False,54,741.22,1,False,Tarjeta de Crédito,0,0.00,278.11,278.11,False,1000.00,13,True,466.00,35.85,2026-07-25,False,False,False,False,0,,Generalista
C001193,Cliente 1193,Premium,False,Cuenca,False,25,6049.38,4,True,Crédito de Consumo|Cuenta Corriente|Cuenta de Ahorros|Tarjeta de Crédito,0,58633.22,37212.76,12372.29,False,16000.00,10,True,5128.44,512.84,2026-03-15,False,False,True,False,1,Food Lover,Food Lover
C001194,Cliente 1194,Affluent,False,Quito,False,35,2391.27,4,True,Crédito Vehicular|Cuenta Corriente|Cuenta de Ahorros|Tarjeta de Crédito,0,8924.64,12276.57,3678.42,False,6100.00,7,True,1065.53,152.22,2026-06-04,True,False,False,False,1,Travel Lover,Travel Lover
C001195,Cliente 1195,Premium,False,Guayaquil,False,68,3235.69,3,True,Crédito Vehicular|Crédito de Consumo|Tarjeta de Crédito,0,0.00,21851.98,2640.82,False,5400.00,10,True,1944.37,194.44,2026-05-02,True,False,False,False,1,Travel Lover,Travel Lover
C001196,Cliente 1196,Mass,False,Quito,False,65,1005.52,3,True,Crédito Hipotecario|Crédito de Consumo|Tarjeta de Crédito,0,0.00,94037.29,954.98,False,2500.00,6,True,315.50,52.58,2026-07-31,False,False,True,False,1,Food Lover,Food Lover
C001197,Cliente 1197,Mass,False,Guayaquil,False,32,1067.47,3,True,Crédito Hipotecario|Cuenta de Ahorros|Tarjeta de Crédito,0,3895.55,68921.25,0.00,False,1300.00,11,True,1022.36,92.94,2026-08-29,False,False,False,False,0,,Generalista
C001198,Cliente 1198,Mass,False,Quito,False,48,753.79,2,True,Crédito de Consumo|Tarjeta de Crédito,0,0.00,3363.12,37.58,False,2200.00,5,True,179.95,35.99,2026-07-08,False,False,False,False,0,,Generalista
C001199,Cliente 1199,Affluent,False,Quito,False,29,1726.62,2,True,Crédito Hipotecario|Tarjeta de Crédito,0,0.00,89351.40,981.45,False,4800.00,7,True,899.18,128.45,2026-08-31,False,True,False,False,1,Streaming Lover,Streaming Lover
C001200,Cliente 1200,Mass,False,Cuenca,False,19,1433.44,1,False,Cuenta Corriente,0,2281.66,0.00,0.00,False,0.00,0,False,0.00,,,False,False,False,False,0,,Sin información transaccional
C001201,Cliente 1201,Affluent,False,Guayaquil,False,25,2464.33,3,True,Crédito Hipotecario|Crédito Vehicular|Tarjeta de Crédito,0,0.00,87864.80,1720.56,False,6200.00,10,True,733.82,73.38,2026-08-24,False,False,False,False,0,,Generalista
C001202,Cliente 1202,Affluent,False,Guayaquil,False,43,1886.66,3,True,Crédito Vehicular|Crédito de Consumo|Tarjeta de Crédito,0,0.00,20061.66,418.55,False,3300.00,12,True,1413.08,117.76,2026-06-24,True,True,False,False,2,Travel Lover|Streaming Lover,Travel Lover
C001203,Cliente 1203,Joven,False,Quito,False,43,514.92,1,False,Crédito Vehicular,0,0.00,19983.04,0.00,False,0.00,0,False,0.00,,,False,False,False,False,0,,Sin información transaccional
C001204,Cliente 1204,Affluent,False,Guayaquil,False,24,1669.62,4,True,Crédito Hipotecario|Crédito Vehicular|Cuenta de Ahorros|Tarjeta de Crédito,0,6742.72,45688.55,621.41,False,2200.00,9,True,756.63,84.07,2026-07-23,False,False,False,False,0,,Generalista
C001205,Cliente 1205,PyME,False,Manta,False,25,3172.19,2,True,Crédito Hipotecario|Cuenta de Ahorros,0,2621.13,119472.51,0.00,False,0.00,0,False,0.00,,,False,False,False,False,0,,Sin información transaccional
C001206,Cliente 1206,Mass,False,Guayaquil,False,47,1387.68,3,True,Crédito de Consumo|Cuenta Corriente|Tarjeta de Crédito,0,4903.81,6045.98,545.43,False,1800.00,4,True,134.40,33.60,2026-06-06,False,True,False,False,1,Streaming Lover,Streaming Lover
C001207,Cliente 1207,Affluent,False,Quito,False,56,5089.73,3,True,Crédito Hipotecario|Crédito Vehicular|Tarjeta de Crédito,0,0.00,105199.15,2386.94,False,11500.00,9,True,3824.41,424.93,2026-07-16,False,True,False,False,1,Streaming Lover,Streaming Lover
C001208,Cliente 1208,Premium,False,Quito,False,55,3339.94,1,False,Tarjeta de Crédito,0,0.00,2774.49,2774.49,False,8200.00,14,True,2565.56,183.25,2026-08-30,False,False,False,False,0,,Generalista
C001209,Cliente 1209,Affluent,False,Guayaquil,False,22,2089.70,2,True,Cuenta Corriente|Tarjeta de Crédito,0,4245.58,2066.54,2066.54,False,4900.00,7,True,503.91,71.99,2026-06-12,False,True,False,False,1,Streaming Lover,Streaming Lover
C001210,Cliente 1210,Mass,False,Quito,False,40,964.70,1,False,Crédito Hipotecario,0,0.00,78493.79,0.00,False,0.00,0,False,0.00,,,False,False,False,False,0,,Sin información transaccional
C001211,Cliente 1211,Mass,False,Guayaquil,False,51,712.17,3,True,Crédito de Consumo|Cuenta Corriente|Tarjeta de Crédito,0,1328.75,4298.46,639.29,False,2100.00,12,True,836.50,69.71,2026-08-26,False,False,False,False,0,,Generalista
C001212,Cliente 1212,Affluent,True,Guayaquil,False,51,2277.81,4,True,Crédito Hipotecario|Crédito Vehicular|Crédito de Consumo|Cuenta de Ahorros,0,8324.72,95194.90,0.00,False,0.00,0,False,0.00,,,False,False,False,False,0,,Sin información transaccional
C001213,Cliente 1213,Mass,True,Cuenca,False,20,798.21,3,True,Crédito Hipotecario|Cuenta Corriente|Tarjeta de Crédito,0,1387.42,84508.34,1426.16,False,2300.00,13,True,764.91,58.84,2026-07-28,True,False,False,False,1,Travel Lover,Travel Lover
C001214,Cliente 1214,Mass,True,Cuenca,False,25,920.90,2,True,Cuenta de Ahorros|Tarjeta de Crédito,0,-86.06,952.44,952.44,False,1900.00,14,True,864.28,61.73,2026-08-14,False,True,False,False,1,Streaming Lover,Streaming Lover
C001215,Cliente 1215,Mass,False,Guayaquil,False,52,753.39,1,False,Crédito Hipotecario,0,0.00,22225.20,0.00,False,0.00,0,False,0.00,,,False,False,False,False,0,,Sin información transaccional
C001216,Cliente 1216,Joven,False,Quito,False,50,470.81,3,True,Crédito de Consumo|Cuenta Corriente|Tarjeta de Crédito,0,-100.00,4384.97,391.45,False,1200.00,13,True,390.68,30.05,2026-07-10,True,False,False,False,1,Travel Lover,Travel Lover
C001217,Cliente 1217,Premium,False,Quito,False,42,4394.84,3,True,Crédito de Consumo|Cuenta de Ahorros|Tarjeta de Crédito,0,6505.11,24411.21,266.72,False,9600.00,7,True,1165.14,166.45,2026-08-13,False,False,False,False,0,,Generalista
C001218,Cliente 1218,Mass,False,Loja,False,53,423.55,2,True,Crédito Hipotecario|Tarjeta de Crédito,0,0.00,96145.03,205.94,False,1200.00,6,True,181.70,30.28,2026-04-12,False,False,False,False,0,,Generalista
C001219,Cliente 1219,Premium,False,Cuenca,False,18,6232.12,3,True,Cuenta Corriente|Cuenta de Ahorros|Tarjeta de Crédito,0,30862.24,0.00,0.00,False,7400.00,9,True,4017.26,446.36,2026-04-15,False,False,False,False,0,,Generalista
C001220,Cliente 1220,Joven,False,Manta,False,38,404.05,2,True,Crédito Hipotecario|Tarjeta de Crédito,0,0.00,94362.04,0.00,False,900.00,14,True,358.53,25.61,2026-08-15,False,False,False,False,0,,Generalista
C001221,Cliente 1221,Mass,False,Guayaquil,False,39,508.66,2,True,Crédito Vehicular|Tarjeta de Crédito,0,0.00,25197.13,190.69,False,800.00,12,True,468.54,39.05,2026-07-22,False,False,False,False,0,,Generalista
C001222,Cliente 1222,Mass,False,Quito,False,24,851.60,1,False,Tarjeta de Crédito,0,0.00,1151.72,1151.72,False,1900.00,11,True,643.23,58.48,2026-07-02,False,False,True,False,1,Food Lover,Food Lover
C001223,Cliente 1223,Joven,False,Cuenca,False,25,660.73,1,False,Cuenta de Ahorros,0,2675.05,0.00,0.00,False,0.00,0,False,0.00,,,False,False,False,False,0,,Sin información transaccional
C001224,Cliente 1224,Joven,False,Quito,False,62,452.45,2,True,Crédito Hipotecario|Tarjeta de Crédito,0,0.00,50481.45,117.52,False,800.00,6,True,111.33,18.55,2026-08-18,False,False,False,False,0,,Generalista
C001225,Cliente 1225,Affluent,False,Quito,False,47,4269.08,2,True,Crédito Hipotecario|Crédito Vehicular,0,0.00,130610.98,0.00,False,0.00,0,False,0.00,,,False,False,False,False,0,,Sin información transaccional
C001226,Cliente 1226,Premium,False,Cuenca,False,32,4224.23,4,True,Crédito Vehicular|Crédito de Consumo|Cuenta Corriente|Tarjeta de Crédito,0,6521.00,47789.75,2995.53,False,8700.00,6,True,1569.00,261.50,2026-06-15,True,False,False,False,1,Travel Lover,Travel Lover
C001227,Cliente 1227,Joven,False,Guayaquil,False,32,350.00,2,True,Cuenta Corriente|Tarjeta de Crédito,0,504.87,495.57,495.57,False,900.00,11,True,387.83,35.26,2026-06-05,False,False,False,False,0,,Generalista
C001228,Cliente 1228,PyME,False,Cuenca,False,44,3041.17,1,False,Tarjeta de Crédito,0,0.00,1590.61,1590.61,False,3500.00,7,True,1575.88,225.13,2026-04-19,False,False,True,False,1,Food Lover,Food Lover
C001229,Cliente 1229,PyME,False,Quito,False,36,3733.66,1,False,Cuenta Corriente,0,-100.00,0.00,0.00,False,0.00,0,False,0.00,,,False,False,False,False,0,,Sin información transaccional
C001230,Cliente 1230,Affluent,False,Cuenca,False,31,3533.86,2,True,Crédito de Consumo|Tarjeta de Crédito,0,0.00,7843.08,2036.75,False,4700.00,7,True,1013.79,144.83,2026-08-30,False,False,False,False,0,,Generalista
C001231,Cliente 1231,Mass,False,Ambato,False,62,810.80,2,True,Crédito Vehicular|Tarjeta de Crédito,0,0.00,16232.55,210.27,False,800.00,4,True,169.49,42.37,2026-08-16,False,False,False,False,0,,Generalista
C001232,Cliente 1232,Affluent,False,Cuenca,False,18,2181.03,1,False,Crédito Vehicular,0,0.00,17658.49,0.00,False,0.00,0,False,0.00,,,False,False,False,False,0,,Sin información transaccional
C001233,Cliente 1233,Premium,False,Guayaquil,False,49,5660.37,3,True,Crédito Hipotecario|Cuenta de Ahorros|Tarjeta de Crédito,0,4471.11,91980.75,11158.01,False,16100.00,7,True,4137.95,591.14,2026-05-01,False,True,False,False,1,Streaming Lover,Streaming Lover
C001234,Cliente 1234,Mass,False,Quito,False,31,613.32,4,True,Crédito Hipotecario|Crédito de Consumo|Cuenta de Ahorros|Tarjeta de Crédito,0,2184.99,99950.43,808.95,False,1600.00,5,True,389.75,77.95,2026-06-08,False,False,True,False,1,Food Lover,Food Lover
C001235,Cliente 1235,Joven,False,Quito,False,42,635.65,2,True,Crédito Hipotecario|Tarjeta de Crédito,0,0.00,78987.09,600.66,False,1400.00,5,True,123.07,24.61,2026-08-13,False,False,False,False,0,,Generalista
C001236,Cliente 1236,Premium,False,Manta,False,52,2875.66,3,True,Crédito Vehicular|Cuenta Corriente|Tarjeta de Crédito,0,3460.59,17676.00,2404.28,False,8100.00,5,True,623.99,124.80,2026-07-30,False,False,False,True,1,Tech Lover,Tech Lover
C001237,Cliente 1237,Mass,True,Quito,False,39,574.32,2,True,Crédito Vehicular|Tarjeta de Crédito,0,0.00,10784.28,844.27,False,1600.00,5,True,116.34,23.27,2026-08-05,False,False,False,False,0,,Generalista
C001238,Cliente 1238,Affluent,False,Cuenca,False,23,2625.14,2,True,Cuenta de Ahorros|Tarjeta de Crédito,0,1151.41,1466.76,1466.76,False,5700.00,8,True,1229.26,153.66,2026-08-02,False,False,False,True,1,Tech Lover,Tech Lover
C001239,Cliente 1239,Mass,False,Guayaquil,False,55,814.94,2,True,Crédito de Consumo|Cuenta de Ahorros,0,2822.08,1840.26,0.00,False,0.00,0,False,0.00,,,False,False,False,False,0,,Sin información transaccional
C001240,Cliente 1240,Affluent,False,Guayaquil,False,39,1315.56,1,False,Tarjeta de Crédito,0,0.00,921.66,921.66,False,2900.00,5,True,286.19,57.24,2026-08-22,False,False,True,False,1,Food Lover,Food Lover
C001241,Cliente 1241,Affluent,False,Ambato,False,36,1764.35,3,True,Crédito de Consumo|Cuenta Corriente|Tarjeta de Crédito,0,2006.69,7108.57,451.54,False,3300.00,13,True,2267.14,174.40,2026-08-22,False,False,True,False,1,Food Lover,Food Lover
C001242,Cliente 1242,Affluent,False,Ambato,False,36,2129.56,3,True,Crédito Vehicular|Crédito de Consumo|Tarjeta de Crédito,0,0.00,23716.82,1456.14,False,5900.00,4,True,526.28,131.57,2026-06-17,False,False,True,False,1,Food Lover,Food Lover
C001243,Cliente 1243,Mass,False,Guayaquil,False,50,1954.89,2,True,Cuenta Corriente|Tarjeta de Crédito,0,74.75,280.14,280.14,False,2000.00,13,True,1263.29,97.18,2026-08-25,True,False,False,False,1,Travel Lover,Travel Lover
C001244,Cliente 1244,Mass,False,Cuenca,False,45,883.21,2,True,Cuenta Corriente|Tarjeta de Crédito,0,2092.75,135.52,135.52,False,1200.00,5,True,397.68,79.54,2026-04-22,False,False,False,False,0,,Generalista
C001245,Cliente 1245,Affluent,False,Guayaquil,False,52,2084.40,3,True,Crédito de Consumo|Cuenta Corriente|Tarjeta de Crédito,0,13193.51,11489.83,1534.94,False,5600.00,4,True,578.51,144.63,2026-06-08,False,True,False,False,1,Streaming Lover,Streaming Lover
C001246,Cliente 1246,Premium,True,Guayaquil,False,27,2955.96,3,True,Crédito Vehicular|Cuenta Corriente|Tarjeta de Crédito,0,8281.76,18489.21,958.90,False,7100.00,14,True,5095.47,363.96,2026-07-26,False,False,False,False,0,,Generalista
C001247,Cliente 1247,Mass,False,Quito,False,52,1477.61,3,True,Crédito de Consumo|Cuenta Corriente|Tarjeta de Crédito,0,6858.23,4467.41,463.81,False,2500.00,12,True,1745.14,145.43,2026-08-16,False,False,False,False,0,,Generalista
C001248,Cliente 1248,Affluent,False,Quito,False,47,2442.61,2,True,Cuenta Corriente|Tarjeta de Crédito,0,8756.63,1920.26,1920.26,False,6500.00,9,True,1413.77,157.09,2026-05-20,False,True,True,False,2,Streaming Lover|Food Lover,Food Lover
C001249,Cliente 1249,Mass,False,Guayaquil,False,43,1156.61,3,True,Crédito de Consumo|Cuenta Corriente|Tarjeta de Crédito,0,2690.58,8250.64,1121.15,False,2000.00,7,True,533.96,76.28,2026-06-18,False,False,False,False,0,,Generalista
C001250,Cliente 1250,PyME,False,Guayaquil,False,35,2916.91,2,True,Crédito de Consumo|Tarjeta de Crédito,0,0.00,19763.68,1244.39,False,7500.00,7,True,1191.99,170.28,2026-06-22,False,False,True,False,1,Food Lover,Food Lover
C001251,Cliente 1251,Mass,False,Guayaquil,False,29,1349.65,1,False,Tarjeta de Crédito,0,0.00,1143.61,1143.61,False,2300.00,10,True,643.19,64.32,2026-08-25,False,False,False,False,0,,Generalista
C001252,Cliente 1252,Mass,False,Ambato,False,22,1102.59,1,False,Crédito de Consumo,0,0.00,5486.52,0.00,False,0.00,0,False,0.00,,,False,False,False,False,0,,Sin información transaccional
C001253,Cliente 1253,PyME,False,Guayaquil,False,31,2630.16,2,True,Crédito Hipotecario|Tarjeta de Crédito,0,0.00,79179.03,500.30,False,3400.00,7,True,913.71,130.53,2026-07-29,False,True,False,True,2,Streaming Lover|Tech Lover,Tech Lover
C001254,Cliente 1254,Mass,True,Guayaquil,False,46,827.24,3,True,Crédito Hipotecario|Cuenta de Ahorros|Tarjeta de Crédito,0,2313.80,80798.84,333.12,False,2000.00,7,True,765.56,109.37,2026-05-21,False,False,False,True,1,Tech Lover,Tech Lover
C001255,Cliente 1255,Mass,False,Quito,False,28,1422.95,2,True,Crédito de Consumo|Tarjeta de Crédito,0,0.00,6773.54,1773.94,False,3200.00,7,True,580.14,82.88,2026-06-24,False,False,False,False,0,,Generalista
C001256,Cliente 1256,Mass,False,Guayaquil,False,24,1115.06,1,False,Cuenta de Ahorros,0,1446.24,0.00,0.00,False,0.00,0,False,0.00,,,False,False,False,False,0,,Sin información transaccional
C001257,Cliente 1257,Mass,False,Guayaquil,False,40,1648.10,2,True,Cuenta de Ahorros|Tarjeta de Crédito,0,4555.32,209.16,209.16,False,2200.00,6,True,341.34,56.89,2026-08-12,False,False,False,False,0,,Generalista
C001258,Cliente 1258,Mass,False,Quito,False,47,942.97,2,True,Cuenta de Ahorros|Tarjeta de Crédito,0,1726.25,1610.64,1610.64,False,2500.00,12,True,869.85,72.49,2026-06-24,False,False,False,False,0,,Generalista
C001259,Cliente 1259,Mass,False,Quito,False,45,670.30,3,True,Crédito Vehicular|Cuenta Corriente|Tarjeta de Crédito,0,1882.75,13610.43,0.00,False,1900.00,11,True,414.20,37.65,2026-07-22,False,False,True,False,1,Food Lover,Food Lover
C001260,Cliente 1260,Affluent,False,Loja,False,18,3567.11,2,True,Crédito Hipotecario|Tarjeta de Crédito,0,0.00,84852.64,0.00,False,7900.00,12,True,1975.31,164.61,2026-08-18,False,False,False,False,0,,Generalista
C001261,Cliente 1261,Joven,False,Guayaquil,False,23,350.00,1,False,Tarjeta de Crédito,0,0.00,156.32,156.32,False,600.00,9,True,228.73,25.41,2026-08-31,False,False,True,False,1,Food Lover,Food Lover
C001262,Cliente 1262,Affluent,False,Guayaquil,False,42,1949.59,4,True,Crédito Vehicular|Crédito de Consumo|Cuenta Corriente|Tarjeta de Crédito,0,40.98,14658.44,468.89,False,2300.00,12,True,1552.45,129.37,2026-04-01,False,True,False,False,1,Streaming Lover,Streaming Lover
C001263,Cliente 1263,Mass,False,Quito,False,51,859.19,1,False,Tarjeta de Crédito,0,0.00,479.94,479.94,False,2000.00,8,True,768.68,96.09,2026-08-21,False,False,False,False,0,,Generalista
C001264,Cliente 1264,Mass,False,Guayaquil,False,57,471.10,4,True,Crédito Vehicular|Cuenta Corriente|Cuenta de Ahorros|Tarjeta de Crédito,0,2577.66,20895.03,169.23,False,800.00,10,True,392.94,39.29,2026-06-30,False,False,False,False,0,,Generalista
C001265,Cliente 1265,Affluent,False,Guayaquil,False,50,1785.13,1,False,Tarjeta de Crédito,0,0.00,1011.69,1011.69,False,3100.00,11,True,2118.46,192.59,2026-08-05,False,False,False,True,1,Tech Lover,Tech Lover
C001266,Cliente 1266,Mass,False,Quito,False,34,1466.84,4,True,Crédito Vehicular|Crédito de Consumo|Cuenta Corriente|Cuenta de Ahorros,0,4707.10,25185.32,0.00,False,0.00,0,False,0.00,,,False,False,False,False,0,,Sin información transaccional
C001267,Cliente 1267,Premium,False,Quito,False,41,4644.62,3,True,Crédito Hipotecario|Cuenta Corriente|Tarjeta de Crédito,0,20370.85,89013.22,3212.04,False,7400.00,8,True,2704.82,338.10,2026-03-20,False,False,False,False,0,,Generalista
C001268,Cliente 1268,Joven,False,Guayaquil,False,36,428.24,3,True,Crédito Vehicular|Cuenta Corriente|Cuenta de Ahorros,0,2203.20,13668.05,0.00,False,0.00,0,False,0.00,,,False,False,False,False,0,,Sin información transaccional
C001269,Cliente 1269,Mass,False,Quito,False,34,1159.74,2,True,Crédito Hipotecario|Tarjeta de Crédito,0,0.00,121344.77,1814.05,False,2600.00,9,True,683.05,75.89,2026-07-10,True,False,False,False,1,Travel Lover,Travel Lover
C001270,Cliente 1270,Mass,False,Ambato,False,32,535.31,3,True,Crédito Vehicular|Cuenta Corriente|Cuenta de Ahorros,0,2404.51,12679.79,0.00,False,0.00,0,False,0.00,,,False,False,False,False,0,,Sin información transaccional
C001271,Cliente 1271,Mass,False,Guayaquil,False,42,861.47,2,True,Crédito de Consumo|Tarjeta de Crédito,0,0.00,4499.99,1041.79,False,2200.00,12,True,794.85,66.24,2026-08-22,False,False,False,True,1,Tech Lover,Tech Lover
C001272,Cliente 1272,Mass,False,Ambato,False,45,2012.91,1,False,Crédito Hipotecario,0,0.00,42023.95,0.00,False,0.00,0,False,0.00,,,False,False,False,False,0,,Sin información transaccional
C001273,Cliente 1273,Mass,False,Quito,False,47,691.28,1,False,Cuenta Corriente,0,1675.13,0.00,0.00,False,0.00,0,False,0.00,,,False,False,False,False,0,,Sin información transaccional
C001274,Cliente 1274,Joven,False,Quito,False,27,481.35,1,False,Crédito de Consumo,0,0.00,2358.79,0.00,False,0.00,0,False,0.00,,,False,False,False,False,0,,Sin información transaccional
C001275,Cliente 1275,Mass,False,Quito,False,18,588.47,1,False,Tarjeta de Crédito,0,0.00,126.59,126.59,False,1000.00,10,True,416.72,41.67,2026-08-18,False,False,False,False,0,,Generalista
C001276,Cliente 1276,Mass,False,Quito,False,23,1053.99,2,True,Cuenta Corriente|Tarjeta de Crédito,0,1567.76,411.19,411.19,False,1100.00,14,True,1380.54,98.61,2026-07-22,False,False,True,False,1,Food Lover,Food Lover
C001277,Cliente 1277,Mass,False,Loja,False,72,1463.95,2,True,Crédito de Consumo|Tarjeta de Crédito,0,0.00,8170.92,1503.73,False,3900.00,13,True,1712.85,131.76,2026-07-27,False,False,True,False,1,Food Lover,Food Lover
C001278,Cliente 1278,Affluent,False,Loja,False,56,1989.56,2,True,Cuenta Corriente|Tarjeta de Crédito,0,3315.26,401.53,401.53,False,3100.00,11,True,1556.14,141.47,2026-06-29,False,False,True,False,1,Food Lover,Food Lover
C001279,Cliente 1279,Premium,False,Quito,False,50,3855.23,3,True,Crédito de Consumo|Cuenta Corriente|Tarjeta de Crédito,0,-100.00,11925.64,0.00,False,8700.00,9,True,2976.98,330.78,2026-08-16,False,False,True,False,1,Food Lover,Food Lover
C001280,Cliente 1280,Mass,False,Quito,False,38,601.70,3,True,Crédito de Consumo|Cuenta de Ahorros|Tarjeta de Crédito,0,821.55,6557.62,336.87,False,700.00,4,True,156.47,39.12,2026-07-11,False,False,True,False,1,Food Lover,Food Lover
C001281,Cliente 1281,Premium,False,Guayaquil,False,50,5937.85,2,True,Crédito de Consumo|Tarjeta de Crédito,0,0.00,24610.82,3745.24,False,11300.00,10,True,4464.02,446.40,2026-07-02,False,False,False,False,0,,Generalista
C001282,Cliente 1282,Joven,False,Cuenca,False,29,1111.41,2,True,Crédito Vehicular|Tarjeta de Crédito,0,0.00,28959.46,1446.40,False,3000.00,9,True,642.37,71.37,2026-06-07,False,False,False,False,0,,Generalista
C001283,Cliente 1283,Affluent,False,Ambato,False,47,2805.12,2,True,Cuenta Corriente|Tarjeta de Crédito,0,13948.57,1673.87,1673.87,False,3500.00,10,True,2025.20,202.52,2026-08-04,False,False,False,False,0,,Generalista
C001284,Cliente 1284,Affluent,False,Guayaquil,False,27,3073.48,2,True,Crédito Hipotecario|Cuenta Corriente,0,634.90,68381.60,0.00,False,0.00,0,False,0.00,,,False,False,False,False,0,,Sin información transaccional
C001285,Cliente 1285,Mass,False,Quito,False,36,681.98,3,True,Crédito Hipotecario|Cuenta de Ahorros|Tarjeta de Crédito,0,1278.30,64891.85,348.80,False,900.00,9,True,665.96,74.00,2026-06-07,False,False,True,False,1,Food Lover,Food Lover
C001286,Cliente 1286,Premium,False,Guayaquil,False,42,7075.74,2,True,Crédito Vehicular|Tarjeta de Crédito,0,0.00,8537.41,0.00,False,16400.00,14,True,4413.40,315.24,2026-06-28,False,True,False,True,2,Streaming Lover|Tech Lover,Tech Lover
C001287,Cliente 1287,Premium,False,Guayaquil,False,26,6595.43,2,True,Crédito de Consumo|Tarjeta de Crédito,0,0.00,13661.48,2467.27,False,17600.00,11,True,4569.65,415.42,2026-07-08,False,False,False,False,0,,Generalista
C001288,Cliente 1288,Mass,False,Guayaquil,False,31,988.87,2,True,Cuenta de Ahorros|Tarjeta de Crédito,0,2720.05,1595.44,1595.44,False,2300.00,4,True,286.34,71.58,2026-05-25,False,False,False,False,0,,Generalista
C001289,Cliente 1289,Premium,False,Quito,False,51,4273.72,2,True,Cuenta Corriente|Tarjeta de Crédito,0,1968.30,3384.08,3384.08,False,6200.00,12,True,2831.49,235.96,2026-07-03,False,True,False,False,1,Streaming Lover,Streaming Lover
C001290,Cliente 1290,Mass,True,Quito,False,25,840.91,2,True,Cuenta de Ahorros|Tarjeta de Crédito,0,1355.51,691.28,691.28,False,2400.00,6,True,294.90,49.15,2026-08-02,False,False,True,False,1,Food Lover,Food Lover
C001291,Cliente 1291,Affluent,False,Guayaquil,False,36,2992.57,3,True,Crédito Vehicular|Cuenta de Ahorros|Tarjeta de Crédito,0,3958.04,28234.40,1559.90,False,3500.00,13,True,2447.20,188.25,2026-04-30,False,False,False,False,0,,Generalista
C001292,Cliente 1292,Affluent,False,Quito,False,36,1812.92,2,True,Crédito Vehicular|Tarjeta de Crédito,0,0.00,6731.31,1456.71,False,3200.00,6,True,410.90,68.48,2026-07-21,False,False,True,False,1,Food Lover,Food Lover
C001293,Cliente 1293,Mass,False,Ambato,False,38,562.73,2,True,Crédito Vehicular|Tarjeta de Crédito,0,0.00,10004.25,164.24,False,1000.00,6,True,274.34,45.72,2026-03-09,True,False,False,False,1,Travel Lover,Travel Lover
C001294,Cliente 1294,Affluent,False,Guayaquil,False,60,2017.29,3,True,Crédito Hipotecario|Crédito Vehicular|Cuenta Corriente,0,6017.14,55544.74,0.00,False,0.00,0,False,0.00,,,False,False,False,False,0,,Sin información transaccional
C001295,Cliente 1295,Affluent,False,Quito,False,44,1086.43,4,True,Crédito Hipotecario|Crédito Vehicular|Cuenta Corriente|Tarjeta de Crédito,0,5333.62,87196.63,906.34,False,1200.00,14,True,861.59,61.54,2026-08-22,False,False,True,True,2,Food Lover|Tech Lover,Tech Lover
C001296,Cliente 1296,Premium,False,Quito,False,48,2443.47,2,True,Crédito Vehicular|Cuenta Corriente,0,2917.48,16708.34,0.00,False,0.00,0,False,0.00,,,False,False,False,False,0,,Sin información transaccional
C001297,Cliente 1297,Joven,False,Quito,False,18,923.61,2,True,Crédito Vehicular|Tarjeta de Crédito,0,0.00,18973.02,0.00,False,1200.00,5,True,233.10,46.62,2026-07-14,False,True,False,False,1,Streaming Lover,Streaming Lover
C001298,Cliente 1298,Mass,False,Guayaquil,False,64,1030.53,2,True,Crédito Vehicular|Cuenta Corriente,0,2745.45,15028.14,0.00,False,0.00,0,False,0.00,,,False,False,False,False,0,,Sin información transaccional
C001299,Cliente 1299,Mass,False,Quito,False,48,469.83,1,False,Crédito de Consumo,1,0.00,0.00,0.00,True,0.00,0,False,0.00,,,False,False,False,False,0,,Sin información transaccional
C001300,Cliente 1300,PyME,False,Guayaquil,False,59,3921.28,2,True,Crédito Vehicular|Crédito de Consumo,0,0.00,47375.06,0.00,False,0.00,0,False,0.00,,,False,False,False,False,0,,Sin información transaccional
C001301,Cliente 1301,Affluent,False,Loja,False,56,2829.63,2,True,Crédito Hipotecario|Cuenta Corriente,0,11736.40,48030.86,0.00,False,0.00,0,False,0.00,,,False,False,False,False,0,,Sin información transaccional
C001302,Cliente 1302,Mass,False,Guayaquil,False,33,1864.58,2,True,Crédito Hipotecario|Tarjeta de Crédito,0,0.00,53549.55,1070.73,False,5200.00,14,True,1926.67,137.62,2026-05-24,False,False,False,False,0,,Generalista
C001303,Cliente 1303,Mass,False,Guayaquil,False,28,501.77,2,True,Crédito Hipotecario|Cuenta Corriente,0,1702.90,68933.57,0.00,False,0.00,0,False,0.00,,,False,False,False,False,0,,Sin información transaccional
C001304,Cliente 1304,Mass,False,Guayaquil,False,29,899.68,2,True,Cuenta de Ahorros|Tarjeta de Crédito,0,3745.89,257.47,257.47,False,1800.00,8,True,688.39,86.05,2026-07-13,False,False,True,False,1,Food Lover,Food Lover
C001305,Cliente 1305,Mass,False,Quito,False,34,934.35,1,False,Tarjeta de Crédito,0,0.00,1032.09,1032.09,False,1900.00,6,True,262.20,43.70,2026-01-17,True,False,False,False,1,Travel Lover,Travel Lover
C001306,Cliente 1306,Mass,False,Guayaquil,False,38,1255.87,1,False,Crédito de Consumo,0,0.00,6684.75,0.00,False,0.00,0,False,0.00,,,False,False,False,False,0,,Sin información transaccional
C001307,Cliente 1307,Mass,False,Guayaquil,False,61,628.73,2,True,Crédito Hipotecario|Cuenta de Ahorros,0,1088.54,91358.87,0.00,False,0.00,0,False,0.00,,,False,False,False,False,0,,Sin información transaccional
C001308,Cliente 1308,Mass,False,Cuenca,False,37,738.81,3,True,Crédito de Consumo|Cuenta de Ahorros|Tarjeta de Crédito,0,2531.68,4466.20,335.74,False,1100.00,4,True,135.02,33.75,2026-05-10,True,False,False,False,1,Travel Lover,Travel Lover
C001309,Cliente 1309,Mass,False,Guayaquil,False,37,1483.00,3,True,Crédito Hipotecario|Cuenta de Ahorros|Tarjeta de Crédito,0,28.12,52281.12,1120.61,False,3000.00,11,True,1171.45,106.50,2026-06-28,True,False,True,False,2,Travel Lover|Food Lover,Travel Lover
C001310,Cliente 1310,Joven,False,Guayaquil,False,48,485.56,2,True,Crédito Vehicular|Tarjeta de Crédito,0,0.00,19212.07,207.52,False,600.00,4,True,221.46,55.37,2026-02-10,False,False,True,False,1,Food Lover,Food Lover
C001311,Cliente 1311,Joven,False,Ambato,False,27,459.76,2,True,Cuenta Corriente|Tarjeta de Crédito,0,2166.81,828.32,828.32,False,1400.00,9,True,290.84,32.32,2026-07-19,False,True,False,False,1,Streaming Lover,Streaming Lover
C001312,Cliente 1312,Mass,False,Quito,False,36,848.55,2,True,Crédito de Consumo|Tarjeta de Crédito,0,0.00,8455.45,1583.16,False,2400.00,9,True,604.15,67.13,2026-08-11,False,False,True,False,1,Food Lover,Food Lover
C001313,Cliente 1313,PyME,True,Cuenca,False,36,2777.20,1,False,Tarjeta de Crédito,0,0.00,1197.86,1197.86,False,4200.00,12,True,2305.79,192.15,2026-08-30,False,False,True,False,1,Food Lover,Food Lover
C001314,Cliente 1314,Premium,False,Guayaquil,False,36,5231.98,4,True,Crédito de Consumo|Cuenta Corriente|Cuenta de Ahorros|Tarjeta de Crédito,0,28260.93,16427.81,3726.38,False,8800.00,7,True,3126.81,446.69,2026-06-19,True,False,False,False,1,Travel Lover,Travel Lover
C001315,Cliente 1315,Mass,False,Cuenca,False,27,868.69,3,True,Crédito Hipotecario|Crédito Vehicular|Cuenta Corriente,0,2880.36,64475.59,0.00,False,0.00,0,False,0.00,,,False,False,False,False,0,,Sin información transaccional
C001316,Cliente 1316,Premium,False,Quito,False,49,3639.22,2,True,Crédito de Consumo|Cuenta Corriente,0,6025.69,26657.51,0.00,False,0.00,0,False,0.00,,,False,False,False,False,0,,Sin información transaccional
C001317,Cliente 1317,PyME,False,Guayaquil,False,46,2954.68,3,True,Crédito Hipotecario|Crédito de Consumo|Tarjeta de Crédito,0,0.00,105035.51,3238.68,False,6000.00,5,True,1069.19,213.84,2026-02-02,False,False,True,False,1,Food Lover,Food Lover
C001318,Cliente 1318,Mass,True,Loja,False,45,689.42,3,True,Crédito Vehicular|Cuenta Corriente|Tarjeta de Crédito,0,-100.00,25828.63,720.96,False,2000.00,11,True,579.10,52.65,2026-06-04,False,True,False,True,2,Streaming Lover|Tech Lover,Tech Lover
C001319,Cliente 1319,Affluent,False,Manta,False,28,2178.04,3,True,Crédito Hipotecario|Cuenta Corriente|Tarjeta de Crédito,0,6822.64,65336.50,728.29,False,2400.00,4,True,275.44,68.86,2026-05-07,False,False,False,False,0,,Generalista
C001320,Cliente 1320,PyME,False,Cuenca,False,38,7250.00,4,True,Crédito Vehicular|Cuenta Corriente|Cuenta de Ahorros|Tarjeta de Crédito,0,59454.97,31419.16,4132.67,False,14300.00,14,True,4893.21,349.51,2026-08-29,False,False,False,False,0,,Generalista
C001321,Cliente 1321,Mass,False,Quito,False,24,1610.55,3,True,Crédito Vehicular|Crédito de Consumo|Tarjeta de Crédito,0,0.00,32826.41,1519.28,False,4100.00,6,True,829.80,138.30,2026-08-09,False,False,False,False,0,,Generalista
C001322,Cliente 1322,Mass,False,Loja,False,29,752.04,1,False,Cuenta Corriente,0,1350.96,0.00,0.00,False,0.00,0,False,0.00,,,False,False,False,False,0,,Sin información transaccional
C001323,Cliente 1323,Joven,False,Ambato,False,46,586.40,3,True,Crédito de Consumo|Cuenta Corriente|Tarjeta de Crédito,0,3078.68,4118.06,660.69,False,800.00,10,True,370.53,37.05,2026-08-30,False,False,False,False,0,,Generalista
C001324,Cliente 1324,Joven,False,Cuenca,False,38,1236.83,2,True,Crédito de Consumo|Cuenta Corriente,0,2348.32,2270.53,0.00,False,0.00,0,False,0.00,,,False,False,False,False,0,,Sin información transaccional
C001325,Cliente 1325,PyME,False,Quito,False,47,2637.52,2,True,Crédito de Consumo|Tarjeta de Crédito,0,0.00,11232.92,1327.69,False,3700.00,11,True,1628.89,148.08,2026-07-17,False,False,False,True,1,Tech Lover,Tech Lover
C001326,Cliente 1326,Mass,False,Guayaquil,False,25,974.49,2,True,Crédito Hipotecario|Cuenta de Ahorros,0,3225.12,53775.70,0.00,False,0.00,0,False,0.00,,,False,False,False,False,0,,Sin información transaccional
C001327,Cliente 1327,Mass,False,Loja,False,18,569.36,2,True,Crédito Vehicular|Tarjeta de Crédito,0,0.00,24134.05,0.00,False,1100.00,5,True,296.49,59.30,2026-07-26,False,False,False,False,0,,Generalista
C001328,Cliente 1328,Affluent,False,Quito,False,35,3967.62,3,True,Crédito Hipotecario|Crédito Vehicular|Tarjeta de Crédito,0,0.00,84859.66,1003.86,False,7900.00,10,True,3493.40,349.34,2026-08-13,False,False,True,False,1,Food Lover,Food Lover
C001329,Cliente 1329,Mass,True,Guayaquil,False,50,617.24,3,True,Crédito Hipotecario|Cuenta Corriente|Tarjeta de Crédito,0,-37.36,63974.24,305.92,False,1100.00,6,True,209.85,34.98,2026-07-21,False,False,False,False,0,,Generalista
C001330,Cliente 1330,Mass,False,Ambato,False,18,907.10,3,True,Crédito Vehicular|Cuenta de Ahorros|Tarjeta de Crédito,0,3928.43,13485.05,305.76,False,2200.00,8,True,639.64,79.95,2026-08-15,False,False,False,True,1,Tech Lover,Tech Lover
C001331,Cliente 1331,Premium,False,Quito,False,55,3976.15,3,True,Crédito Vehicular|Crédito de Consumo|Tarjeta de Crédito,0,0.00,47670.28,1376.75,False,7900.00,13,True,3882.36,298.64,2026-07-18,False,False,True,False,1,Food Lover,Food Lover
C001332,Cliente 1332,Mass,False,Loja,False,38,579.31,2,True,Crédito de Consumo|Tarjeta de Crédito,0,0.00,1377.30,210.90,False,1000.00,5,True,174.94,34.99,2026-05-13,True,False,False,False,1,Travel Lover,Travel Lover
C001333,Cliente 1333,Affluent,False,Quito,False,35,2156.49,4,True,Crédito Hipotecario|Crédito de Consumo|Cuenta Corriente|Tarjeta de Crédito,0,1845.50,132159.15,1895.19,False,3600.00,11,True,1344.35,122.21,2026-08-05,False,False,False,False,0,,Generalista
C001334,Cliente 1334,Mass,False,Cuenca,False,42,950.87,2,True,Crédito Hipotecario|Crédito de Consumo,0,0.00,36215.22,0.00,False,0.00,0,False,0.00,,,False,False,False,False,0,,Sin información transaccional
C001335,Cliente 1335,Premium,False,Cuenca,False,51,3925.14,3,True,Cuenta Corriente|Cuenta de Ahorros|Tarjeta de Crédito,0,26061.24,479.36,479.36,False,9200.00,5,True,1898.05,379.61,2026-04-30,False,True,False,False,1,Streaming Lover,Streaming Lover
C001336,Cliente 1336,Joven,False,Cuenca,False,50,1189.12,1,False,Tarjeta de Crédito,0,0.00,654.78,654.78,False,2000.00,14,True,1369.31,97.81,2026-08-21,False,False,False,False,0,,Generalista
C001337,Cliente 1337,Premium,False,Cuenca,False,37,3724.17,3,True,Crédito Vehicular|Crédito de Consumo|Tarjeta de Crédito,0,0.00,22506.71,2091.52,False,4800.00,12,True,3166.61,263.88,2026-08-21,False,False,True,False,1,Food Lover,Food Lover
C001338,Cliente 1338,Joven,False,Cuenca,False,52,515.06,2,True,Cuenta de Ahorros|Tarjeta de Crédito,0,787.31,148.71,148.71,False,1000.00,4,True,144.56,36.14,2026-01-27,False,False,False,False,0,,Generalista
C001339,Cliente 1339,Affluent,False,Guayaquil,False,43,2379.39,2,True,Crédito Hipotecario|Crédito Vehicular,0,0.00,143171.41,0.00,False,0.00,0,False,0.00,,,False,False,False,False,0,,Sin información transaccional
C001340,Cliente 1340,PyME,False,Quito,False,37,2629.00,3,True,Crédito Vehicular|Cuenta de Ahorros|Tarjeta de Crédito,0,7656.99,28460.06,1682.61,False,4700.00,14,True,1679.78,119.98,2026-08-02,False,True,True,False,2,Streaming Lover|Food Lover,Streaming Lover
C001341,Cliente 1341,Mass,False,Manta,False,32,821.09,2,True,Crédito Vehicular|Tarjeta de Crédito,0,0.00,24526.62,560.51,False,900.00,12,True,747.64,62.30,2026-06-27,True,False,True,False,2,Travel Lover|Food Lover,Travel Lover
C001342,Cliente 1342,Joven,False,Guayaquil,False,42,532.55,4,True,Crédito Hipotecario|Crédito de Consumo|Cuenta de Ahorros|Tarjeta de Crédito,0,1056.61,40130.78,469.86,False,1500.00,14,True,590.58,42.18,2026-07-01,False,False,False,True,1,Tech Lover,Tech Lover
C001343,Cliente 1343,Mass,False,Guayaquil,False,57,978.59,2,True,Crédito Vehicular|Tarjeta de Crédito,0,0.00,17261.73,1130.63,False,2000.00,5,True,694.42,138.88,2026-07-22,False,False,False,False,0,,Generalista
C001344,Cliente 1344,Mass,False,Quito,False,63,664.11,3,True,Crédito Hipotecario|Crédito Vehicular|Crédito de Consumo,0,0.00,88736.77,0.00,False,0.00,0,False,0.00,,,False,False,False,False,0,,Sin información transaccional
C001345,Cliente 1345,Premium,False,Guayaquil,False,48,4897.34,4,True,Crédito Hipotecario|Cuenta Corriente|Cuenta de Ahorros|Tarjeta de Crédito,0,17393.67,72031.73,1857.47,False,8700.00,4,True,1751.65,437.91,2026-05-04,True,False,False,False,1,Travel Lover,Travel Lover
C001346,Cliente 1346,PyME,False,Quito,False,33,1778.67,2,True,Crédito Vehicular|Cuenta Corriente,0,8428.23,12158.40,0.00,False,0.00,0,False,0.00,,,False,False,False,False,0,,Sin información transaccional
C001347,Cliente 1347,Mass,False,Quito,False,41,1171.99,3,True,Crédito de Consumo|Cuenta de Ahorros|Tarjeta de Crédito,0,4197.79,3170.82,573.17,False,1600.00,5,True,225.94,45.19,2026-05-23,False,False,False,False,0,,Generalista
C001348,Cliente 1348,Mass,False,Guayaquil,False,51,580.20,2,True,Crédito de Consumo|Cuenta de Ahorros,0,1268.40,4173.46,0.00,False,0.00,0,False,0.00,,,False,False,False,False,0,,Sin información transaccional
C001349,Cliente 1349,Joven,False,Guayaquil,False,38,535.74,3,True,Crédito Hipotecario|Crédito Vehicular|Tarjeta de Crédito,0,0.00,68455.03,832.66,False,1400.00,10,True,324.18,32.42,2026-08-09,False,False,False,False,0,,Generalista
C001350,Cliente 1350,Mass,False,Cuenca,False,29,1360.67,2,True,Cuenta de Ahorros|Tarjeta de Crédito,0,6018.59,457.48,457.48,False,3800.00,10,True,789.96,79.00,2026-08-06,False,False,True,False,1,Food Lover,Food Lover
C001351,Cliente 1351,Mass,False,Quito,False,29,840.84,3,True,Crédito Vehicular|Cuenta de Ahorros|Tarjeta de Crédito,0,92.81,14060.21,107.90,False,1000.00,12,True,460.81,38.40,2026-08-16,False,True,False,True,2,Streaming Lover|Tech Lover,Streaming Lover
C001352,Cliente 1352,Mass,False,Quito,False,36,1014.65,3,True,Crédito Vehicular|Crédito de Consumo|Tarjeta de Crédito,0,0.00,24147.58,1171.48,False,2300.00,4,True,252.09,63.02,2026-06-03,False,False,False,False,0,,Generalista
C001353,Cliente 1353,Mass,False,Quito,False,46,1316.39,4,True,Crédito Vehicular|Crédito de Consumo|Cuenta Corriente|Tarjeta de Crédito,0,3955.39,26789.36,568.14,False,2600.00,6,True,1348.05,224.67,2026-06-10,False,False,False,False,0,,Generalista
C001354,Cliente 1354,Mass,False,Quito,False,58,705.08,2,True,Crédito Hipotecario|Crédito Vehicular,0,0.00,107240.67,0.00,False,0.00,0,False,0.00,,,False,False,False,False,0,,Sin información transaccional
C001355,Cliente 1355,Mass,False,Quito,False,50,1164.09,3,True,Crédito Hipotecario|Cuenta Corriente|Tarjeta de Crédito,0,1778.60,70704.97,1737.63,False,2800.00,5,True,204.37,40.87,2026-07-21,False,False,False,True,1,Tech Lover,Tech Lover
C001356,Cliente 1356,Mass,True,Ambato,False,34,2557.24,3,True,Crédito Hipotecario|Cuenta Corriente|Tarjeta de Crédito,0,3729.09,97215.04,1233.69,False,6600.00,7,True,919.19,131.31,2026-08-12,True,False,False,False,1,Travel Lover,Travel Lover
C001357,Cliente 1357,Mass,False,Loja,False,24,976.97,4,True,Crédito Hipotecario|Crédito de Consumo|Cuenta Corriente|Tarjeta de Crédito,0,1908.40,72280.02,682.51,False,1700.00,8,True,339.86,42.48,2026-07-13,False,False,False,False,0,,Generalista
C001358,Cliente 1358,PyME,True,Guayaquil,False,40,2644.18,2,True,Crédito Hipotecario|Tarjeta de Crédito,0,0.00,53289.16,2119.20,False,7300.00,14,True,1948.55,139.18,2026-08-28,True,False,False,False,1,Travel Lover,Travel Lover
C001359,Cliente 1359,Premium,False,Cuenca,False,38,1982.17,4,True,Crédito Hipotecario|Crédito Vehicular|Cuenta de Ahorros|Tarjeta de Crédito,0,-100.00,63616.15,1865.23,False,3000.00,14,True,1648.87,117.78,2026-02-04,False,True,False,False,1,Streaming Lover,Streaming Lover
C001360,Cliente 1360,Affluent,False,Ambato,False,43,2605.66,2,True,Crédito Hipotecario|Tarjeta de Crédito,0,0.00,40991.51,1832.46,False,3100.00,12,True,2875.27,239.61,2026-08-25,False,False,True,False,1,Food Lover,Food Lover
C001361,Cliente 1361,Affluent,False,Quito,False,50,3066.38,1,False,Crédito Vehicular,0,0.00,13088.96,0.00,False,0.00,0,False,0.00,,,False,False,False,False,0,,Sin información transaccional
C001362,Cliente 1362,Premium,True,Manta,False,23,6519.54,2,True,Crédito Hipotecario|Tarjeta de Crédito,0,0.00,91666.82,6433.30,False,14600.00,7,True,2769.91,395.70,2026-08-17,True,False,False,False,1,Travel Lover,Travel Lover
C001363,Cliente 1363,Affluent,False,Ambato,False,51,1981.91,1,False,Tarjeta de Crédito,0,0.00,912.33,912.33,False,4100.00,13,True,1838.44,141.42,2026-08-06,False,False,False,True,1,Tech Lover,Tech Lover
C001364,Cliente 1364,Affluent,False,Manta,False,36,2344.19,1,False,Tarjeta de Crédito,0,0.00,261.96,261.96,False,4100.00,4,True,930.12,232.53,2026-06-30,False,False,False,False,0,,Generalista
C001365,Cliente 1365,Affluent,False,Guayaquil,False,67,1137.00,2,True,Cuenta Corriente|Tarjeta de Crédito,0,5598.28,625.87,625.87,False,2200.00,11,True,1176.89,106.99,2026-06-19,False,False,False,False,0,,Generalista
C001366,Cliente 1366,Premium,False,Cuenca,False,18,2477.51,1,False,Crédito de Consumo,0,0.00,15577.86,0.00,False,0.00,0,False,0.00,,,False,False,False,False,0,,Sin información transaccional
C001367,Cliente 1367,Mass,False,Quito,False,49,911.61,4,True,Crédito Hipotecario|Crédito Vehicular|Cuenta de Ahorros|Tarjeta de Crédito,0,1873.75,84925.42,1159.47,False,2500.00,4,True,124.62,31.16,2026-08-15,False,False,False,False,0,,Generalista
C001368,Cliente 1368,Affluent,False,Guayaquil,False,48,2416.08,3,True,Crédito de Consumo|Cuenta de Ahorros|Tarjeta de Crédito,0,2183.52,7662.80,560.74,False,6300.00,11,True,1835.28,166.84,2026-05-30,False,True,False,False,1,Streaming Lover,Streaming Lover
C001369,Cliente 1369,Mass,False,Guayaquil,False,34,839.47,1,False,Crédito Vehicular,0,0.00,19838.38,0.00,False,0.00,0,False,0.00,,,False,False,False,False,0,,Sin información transaccional
C001370,Cliente 1370,Mass,False,Cuenca,False,42,882.47,2,True,Crédito Hipotecario|Cuenta Corriente,0,-100.00,79593.85,0.00,False,0.00,0,False,0.00,,,False,False,False,False,0,,Sin información transaccional
C001371,Cliente 1371,Affluent,False,Manta,False,45,5276.95,3,True,Crédito Vehicular|Cuenta Corriente|Tarjeta de Crédito,0,6290.66,21212.98,3178.77,False,12800.00,13,True,3398.57,261.43,2026-08-11,False,False,True,False,1,Food Lover,Food Lover
C001372,Cliente 1372,Mass,False,Cuenca,False,37,1218.21,4,True,Crédito Hipotecario|Cuenta Corriente|Cuenta de Ahorros|Tarjeta de Crédito,0,2322.48,106029.17,1093.37,False,2600.00,4,True,363.77,90.94,2026-04-09,False,False,False,False,0,,Generalista
C001373,Cliente 1373,Joven,False,Guayaquil,False,57,502.21,2,True,Crédito Vehicular|Tarjeta de Crédito,0,0.00,38362.37,100.73,False,800.00,14,True,465.67,33.26,2026-08-26,False,False,False,False,0,,Generalista
C001374,Cliente 1374,Premium,True,Quito,False,41,2374.23,4,True,Crédito Hipotecario|Crédito Vehicular|Crédito de Consumo|Cuenta de Ahorros,0,6552.29,156668.17,0.00,False,0.00,0,False,0.00,,,False,False,False,False,0,,Sin información transaccional
C001375,Cliente 1375,Mass,True,Quito,False,45,524.90,1,False,Tarjeta de Crédito,0,0.00,409.74,409.74,False,1500.00,6,True,303.98,50.66,2026-06-16,False,False,True,False,1,Food Lover,Food Lover
C001376,Cliente 1376,PyME,False,Guayaquil,False,33,2950.19,2,True,Cuenta Corriente|Tarjeta de Crédito,0,10966.65,769.15,769.15,False,6300.00,4,True,872.24,218.06,2026-04-09,False,False,False,False,0,,Generalista
C001377,Cliente 1377,Joven,False,Quito,False,38,1119.85,2,True,Crédito Hipotecario|Tarjeta de Crédito,0,0.00,96352.65,0.00,False,3100.00,5,True,426.10,85.22,2026-04-02,False,False,False,False,0,,Generalista
C001378,Cliente 1378,Mass,False,Guayaquil,False,29,462.01,2,True,Crédito de Consumo|Tarjeta de Crédito,0,0.00,8027.00,113.55,False,500.00,5,True,142.80,28.56,2026-05-10,False,False,False,True,1,Tech Lover,Tech Lover
C001379,Cliente 1379,Joven,False,Guayaquil,False,62,1688.96,2,True,Cuenta de Ahorros|Tarjeta de Crédito,0,3367.95,732.50,732.50,False,3000.00,8,True,1073.08,134.13,2026-05-17,False,True,False,False,1,Streaming Lover,Streaming Lover
C001380,Cliente 1380,Mass,False,Quito,False,18,862.92,2,True,Crédito Vehicular|Tarjeta de Crédito,0,0.00,23224.76,774.41,False,1300.00,13,True,916.69,70.51,2026-07-14,False,False,False,True,1,Tech Lover,Tech Lover
C001381,Cliente 1381,PyME,False,Ambato,False,53,2351.78,2,True,Crédito Vehicular|Crédito de Consumo,0,0.00,32941.50,0.00,False,0.00,0,False,0.00,,,False,False,False,False,0,,Sin información transaccional
C001382,Cliente 1382,Affluent,False,Ambato,False,30,2132.78,4,True,Crédito de Consumo|Cuenta Corriente|Cuenta de Ahorros|Tarjeta de Crédito,0,16997.11,17325.87,3031.39,False,5800.00,5,True,809.58,161.92,2026-08-23,False,False,False,False,0,,Generalista
C001383,Cliente 1383,Affluent,False,Ambato,False,41,4285.75,2,True,Cuenta Corriente|Tarjeta de Crédito,0,15586.22,3621.23,3621.23,False,11400.00,4,True,1543.62,385.90,2026-05-19,False,True,False,False,1,Streaming Lover,Streaming Lover
C001384,Cliente 1384,Affluent,True,Cuenca,False,30,3841.34,2,True,Crédito de Consumo|Tarjeta de Crédito,0,0.00,21983.56,4401.81,False,8600.00,9,True,1958.55,217.62,2026-04-20,False,False,True,False,1,Food Lover,Food Lover
C001385,Cliente 1385,Affluent,False,Cuenca,False,46,3444.15,2,True,Cuenta de Ahorros|Tarjeta de Crédito,0,-100.00,1796.29,1796.29,False,4200.00,4,True,340.32,85.08,2025-06-08,False,False,False,False,0,,Generalista
C001386,Cliente 1386,PyME,False,Manta,False,45,1808.64,3,True,Crédito Vehicular|Crédito de Consumo|Cuenta de Ahorros,0,7421.63,27999.65,0.00,False,0.00,0,False,0.00,,,False,False,False,False,0,,Sin información transaccional
C001387,Cliente 1387,Affluent,True,Quito,False,55,1839.61,2,True,Crédito de Consumo|Tarjeta de Crédito,0,0.00,16218.15,811.83,False,3300.00,7,True,777.79,111.11,2026-07-04,False,False,False,True,1,Tech Lover,Tech Lover
C001388,Cliente 1388,Premium,False,Guayaquil,False,44,2991.70,2,True,Cuenta de Ahorros|Tarjeta de Crédito,0,315.06,1529.02,1529.02,False,7900.00,14,True,2651.68,189.41,2026-08-16,False,True,False,False,1,Streaming Lover,Streaming Lover
C001389,Cliente 1389,Mass,False,Quito,False,46,934.03,2,True,Cuenta Corriente|Cuenta de Ahorros,0,3458.01,0.00,0.00,False,0.00,0,False,0.00,,,False,False,False,False,0,,Sin información transaccional
C001390,Cliente 1390,Affluent,False,Guayaquil,False,46,2104.66,4,True,Crédito Hipotecario|Crédito de Consumo|Cuenta Corriente|Cuenta de Ahorros,0,13516.31,65013.30,0.00,False,0.00,0,False,0.00,,,False,False,False,False,0,,Sin información transaccional
C001391,Cliente 1391,Affluent,False,Guayaquil,False,55,3430.37,2,True,Cuenta Corriente|Tarjeta de Crédito,0,15104.54,962.75,962.75,False,5700.00,6,True,1474.20,245.70,2026-02-27,False,False,False,False,0,,Generalista
C001392,Cliente 1392,Mass,False,Ambato,False,45,1380.09,2,True,Crédito Vehicular|Tarjeta de Crédito,0,0.00,23638.98,632.90,False,1400.00,14,True,2136.02,152.57,2026-08-26,True,False,False,False,1,Travel Lover,Travel Lover
C001393,Cliente 1393,Mass,False,Cuenca,False,37,981.00,1,False,Cuenta de Ahorros,0,3129.91,0.00,0.00,False,0.00,0,False,0.00,,,False,False,False,False,0,,Sin información transaccional
C001394,Cliente 1394,Affluent,True,Guayaquil,False,30,2496.90,4,True,Crédito de Consumo|Cuenta Corriente|Cuenta de Ahorros|Tarjeta de Crédito,0,3460.80,9077.20,2178.16,False,6700.00,5,True,815.69,163.14,2026-08-25,False,False,False,False,0,,Generalista
C001395,Cliente 1395,Joven,False,Guayaquil,False,44,438.86,1,False,Tarjeta de Crédito,0,0.00,109.65,109.65,False,500.00,8,True,226.69,28.34,2026-06-12,False,False,False,True,1,Tech Lover,Tech Lover
C001396,Cliente 1396,Mass,False,Quito,False,31,818.22,1,False,Crédito Vehicular,0,0.00,17612.69,0.00,False,0.00,0,False,0.00,,,False,False,False,False,0,,Sin información transaccional
C001397,Cliente 1397,Mass,False,Cuenca,False,35,731.67,2,True,Crédito Vehicular|Tarjeta de Crédito,0,0.00,21755.43,260.72,False,1900.00,8,True,333.94,41.74,2026-08-23,False,True,False,False,1,Streaming Lover,Streaming Lover
C001398,Cliente 1398,Mass,False,Quito,False,35,512.31,4,True,Crédito Hipotecario|Cuenta Corriente|Cuenta de Ahorros|Tarjeta de Crédito,0,1353.52,74552.39,61.99,False,1000.00,13,True,297.77,22.91,2026-07-29,False,False,False,False,0,,Generalista
C001399,Cliente 1399,Mass,True,Manta,False,49,962.64,2,True,Crédito Vehicular|Tarjeta de Crédito,0,0.00,21590.32,659.20,False,2600.00,9,True,692.18,76.91,2026-08-10,True,False,False,False,1,Travel Lover,Travel Lover
C001400,Cliente 1400,Affluent,False,Guayaquil,False,47,1985.16,3,True,Crédito Hipotecario|Crédito Vehicular|Tarjeta de Crédito,0,0.00,101860.30,802.04,False,2600.00,5,True,953.16,190.63,2026-08-11,False,False,False,False,0,,Generalista
C001401,Cliente 1401,Mass,False,Guayaquil,False,30,1011.59,1,False,Cuenta de Ahorros,0,1587.62,0.00,0.00,False,0.00,0,False,0.00,,,False,False,False,False,0,,Sin información transaccional
C001402,Cliente 1402,Mass,False,Quito,False,52,752.86,2,True,Crédito de Consumo|Cuenta Corriente,0,1356.39,7071.94,0.00,False,0.00,0,False,0.00,,,False,False,False,False,0,,Sin información transaccional
C001403,Cliente 1403,Affluent,False,Quito,False,29,2582.06,3,True,Crédito de Consumo|Cuenta de Ahorros|Tarjeta de Crédito,0,4891.81,12706.05,2696.97,False,7200.00,8,True,1224.36,153.05,2026-05-20,False,False,False,False,0,,Generalista
C001404,Cliente 1404,Mass,False,Guayaquil,False,36,756.77,1,False,Crédito Vehicular,0,0.00,16643.85,0.00,False,0.00,0,False,0.00,,,False,False,False,False,0,,Sin información transaccional
C001405,Cliente 1405,Mass,False,Ambato,False,22,673.45,2,True,Crédito Vehicular|Tarjeta de Crédito,0,0.00,14190.35,419.79,False,1400.00,5,True,184.39,36.88,2026-06-13,False,True,False,False,1,Streaming Lover,Streaming Lover
C001406,Cliente 1406,PyME,False,Guayaquil,False,30,5284.03,4,True,Crédito Hipotecario|Crédito Vehicular|Cuenta Corriente|Cuenta de Ahorros,0,31671.23,107763.62,0.00,False,0.00,0,False,0.00,,,False,False,False,False,0,,Sin información transaccional
C001407,Cliente 1407,Mass,False,Ambato,False,22,630.56,1,False,Crédito Vehicular,0,0.00,23111.90,0.00,False,0.00,0,False,0.00,,,False,False,False,False,0,,Sin información transaccional
C001408,Cliente 1408,Joven,False,Guayaquil,False,21,559.62,2,True,Cuenta de Ahorros|Tarjeta de Crédito,0,606.14,374.45,374.45,False,900.00,9,True,253.24,28.14,2026-07-15,False,True,False,False,1,Streaming Lover,Streaming Lover
C001409,Cliente 1409,Affluent,False,Ambato,False,36,3015.72,4,True,Crédito Hipotecario|Cuenta Corriente|Cuenta de Ahorros|Tarjeta de Crédito,0,8744.95,47457.12,0.00,False,4700.00,9,True,2617.72,290.86,2026-08-28,False,True,False,True,2,Streaming Lover|Tech Lover,Streaming Lover
C001410,Cliente 1410,Affluent,False,Quito,False,43,4201.04,2,True,Crédito de Consumo|Tarjeta de Crédito,0,0.00,14391.45,3358.77,False,8500.00,6,True,1729.92,288.32,2026-07-29,True,False,False,False,1,Travel Lover,Travel Lover
C001411,Cliente 1411,Affluent,False,Cuenca,False,42,3441.93,2,True,Crédito Hipotecario|Tarjeta de Crédito,0,0.00,102342.85,4830.33,False,7200.00,12,True,3621.71,301.81,2026-02-20,False,False,False,True,1,Tech Lover,Tech Lover
C001412,Cliente 1412,Mass,False,Cuenca,False,49,901.19,2,True,Crédito Vehicular|Tarjeta de Crédito,0,0.00,21574.99,325.47,False,1000.00,6,True,584.15,97.36,2026-07-02,False,False,False,False,0,,Generalista
C001413,Cliente 1413,Mass,False,Guayaquil,False,23,783.36,2,True,Crédito Vehicular|Tarjeta de Crédito,0,0.00,20343.59,1087.66,False,2100.00,4,True,328.16,82.04,2026-08-20,False,False,False,False,0,,Generalista
C001414,Cliente 1414,Premium,False,Guayaquil,False,54,3373.15,2,True,Crédito Vehicular|Tarjeta de Crédito,0,0.00,33388.38,5402.58,False,8900.00,10,True,2350.86,235.09,2026-08-27,False,False,False,False,0,,Generalista
C001415,Cliente 1415,Joven,False,Manta,False,40,463.40,2,True,Crédito Vehicular|Tarjeta de Crédito,0,0.00,11519.13,313.60,False,1200.00,5,True,231.55,46.31,2026-03-07,True,False,False,False,1,Travel Lover,Travel Lover
C001416,Cliente 1416,PyME,False,Loja,False,38,3977.08,2,True,Crédito Hipotecario|Crédito de Consumo,0,0.00,72329.31,0.00,False,0.00,0,False,0.00,,,False,False,False,False,0,,Sin información transaccional
C001417,Cliente 1417,Mass,False,Guayaquil,False,48,784.48,1,False,Tarjeta de Crédito,0,0.00,223.62,223.62,False,1800.00,12,True,680.50,56.71,2026-08-13,False,False,False,False,0,,Generalista
C001418,Cliente 1418,Affluent,False,Quito,False,33,2491.55,4,True,Crédito Vehicular|Cuenta Corriente|Cuenta de Ahorros|Tarjeta de Crédito,0,15310.33,14007.53,584.55,False,3800.00,5,True,1075.19,215.04,2026-05-09,False,True,False,False,1,Streaming Lover,Streaming Lover
C001419,Cliente 1419,Mass,False,Guayaquil,False,52,419.03,4,True,Crédito Hipotecario|Crédito Vehicular|Cuenta de Ahorros|Tarjeta de Crédito,0,197.23,76091.16,68.31,False,1200.00,7,True,128.82,18.40,2026-08-25,False,False,False,True,1,Tech Lover,Tech Lover
C001420,Cliente 1420,Mass,False,Manta,False,33,923.03,2,True,Crédito Vehicular|Tarjeta de Crédito,0,0.00,21275.33,387.47,False,2400.00,13,True,1220.08,93.85,2026-06-23,False,False,False,False,0,,Generalista
C001421,Cliente 1421,Affluent,False,Manta,False,36,1818.38,3,True,Crédito Hipotecario|Cuenta Corriente|Tarjeta de Crédito,0,5783.85,39643.07,1255.10,False,3700.00,9,True,1167.86,129.76,2026-07-30,False,False,False,False,0,,Generalista
C001422,Cliente 1422,Affluent,False,Quito,False,42,1307.79,1,False,Crédito Vehicular,0,0.00,19408.20,0.00,False,0.00,0,False,0.00,,,False,False,False,False,0,,Sin información transaccional
C001423,Cliente 1423,Joven,False,Quito,False,48,626.65,4,True,Crédito Hipotecario|Crédito de Consumo|Cuenta de Ahorros|Tarjeta de Crédito,0,2394.06,71467.52,394.40,False,800.00,9,True,297.92,33.10,2026-06-27,True,False,False,False,1,Travel Lover,Travel Lover
C001424,Cliente 1424,Mass,False,Guayaquil,False,55,774.59,3,True,Cuenta Corriente|Cuenta de Ahorros|Tarjeta de Crédito,0,2090.07,1906.36,1906.36,False,2300.00,7,True,346.15,49.45,2026-07-26,True,False,True,False,2,Travel Lover|Food Lover,Food Lover
C001425,Cliente 1425,Premium,False,Guayaquil,False,37,3807.81,2,True,Cuenta Corriente|Cuenta de Ahorros,0,10205.42,0.00,0.00,False,0.00,0,False,0.00,,,False,False,False,False,0,,Sin información transaccional
C001426,Cliente 1426,Premium,True,Guayaquil,False,40,5753.58,3,True,Crédito Hipotecario|Cuenta de Ahorros|Tarjeta de Crédito,0,23832.56,109807.00,2217.80,False,7500.00,10,True,3290.89,329.09,2026-06-30,False,True,False,False,1,Streaming Lover,Streaming Lover
C001427,Cliente 1427,Mass,False,Manta,False,54,822.14,3,True,Crédito Hipotecario|Cuenta Corriente|Tarjeta de Crédito,0,3199.96,69446.34,430.49,False,900.00,14,True,839.17,59.94,2026-06-29,True,False,False,False,1,Travel Lover,Travel Lover
C001428,Cliente 1428,PyME,False,Quito,False,34,2623.60,2,True,Crédito Hipotecario|Crédito de Consumo,0,0.00,97471.03,0.00,False,0.00,0,False,0.00,,,False,False,False,False,0,,Sin información transaccional
C001429,Cliente 1429,Affluent,False,Guayaquil,False,53,1521.00,3,True,Crédito Hipotecario|Cuenta de Ahorros|Tarjeta de Crédito,0,4467.62,56952.88,707.76,False,3500.00,5,True,346.18,69.24,2026-03-15,False,False,False,False,0,,Generalista
C001430,Cliente 1430,Mass,False,Loja,False,50,792.27,3,True,Crédito de Consumo|Cuenta de Ahorros|Tarjeta de Crédito,0,2260.59,3238.99,356.21,False,1900.00,9,True,503.08,55.90,2026-07-29,False,False,True,False,1,Food Lover,Food Lover
C001431,Cliente 1431,Mass,False,Guayaquil,False,42,937.87,2,True,Crédito Hipotecario|Cuenta de Ahorros,0,1756.42,82619.15,0.00,False,0.00,0,False,0.00,,,False,False,False,False,0,,Sin información transaccional
C001432,Cliente 1432,Mass,False,Quito,False,41,761.05,2,True,Cuenta de Ahorros|Tarjeta de Crédito,0,2300.62,349.50,349.50,False,900.00,7,True,250.55,35.79,2026-07-13,True,False,False,False,1,Travel Lover,Travel Lover
C001433,Cliente 1433,Mass,False,Guayaquil,False,18,812.81,4,True,Crédito Vehicular|Crédito de Consumo|Cuenta de Ahorros|Tarjeta de Crédito,1,1806.28,4739.71,490.18,True,1800.00,8,True,555.96,69.49,2026-08-02,False,False,False,False,0,,Generalista
C001434,Cliente 1434,Mass,False,Cuenca,False,47,1225.68,3,True,Crédito Vehicular|Crédito de Consumo|Tarjeta de Crédito,0,0.00,20860.87,0.00,False,1700.00,14,True,671.11,47.94,2026-08-27,False,False,False,False,0,,Generalista
C001435,Cliente 1435,Mass,False,Ambato,False,30,543.08,3,True,Crédito Hipotecario|Cuenta de Ahorros|Tarjeta de Crédito,0,1993.27,55027.70,266.50,False,600.00,4,True,113.36,28.34,2026-08-30,False,False,False,True,1,Tech Lover,Tech Lover
C001436,Cliente 1436,Mass,False,Quito,False,24,1591.92,2,True,Crédito de Consumo|Cuenta Corriente,0,4377.67,4811.03,0.00,False,0.00,0,False,0.00,,,False,False,False,False,0,,Sin información transaccional
C001437,Cliente 1437,Mass,False,Guayaquil,False,44,1222.79,3,True,Crédito de Consumo|Cuenta de Ahorros|Tarjeta de Crédito,0,-100.00,5767.77,565.68,False,1400.00,13,True,611.53,47.04,2026-07-27,False,False,False,False,0,,Generalista
C001438,Cliente 1438,Mass,True,Ambato,False,49,834.80,3,True,Crédito Vehicular|Cuenta de Ahorros|Tarjeta de Crédito,0,2208.35,17514.76,1109.00,False,2200.00,13,True,829.54,63.81,2026-05-19,False,False,True,False,1,Food Lover,Food Lover
C001439,Cliente 1439,Mass,True,Quito,False,25,960.05,2,True,Crédito de Consumo|Tarjeta de Crédito,0,0.00,4567.47,1729.20,False,2600.00,11,True,551.82,50.17,2026-06-03,False,False,False,False,0,,Generalista
C001440,Cliente 1440,Joven,False,Quito,False,31,716.14,3,True,Crédito de Consumo|Cuenta Corriente|Tarjeta de Crédito,0,1593.01,3046.13,248.16,False,1100.00,12,True,617.53,51.46,2026-07-02,False,False,False,False,0,,Generalista
C001441,Cliente 1441,Joven,False,Quito,False,28,751.30,2,True,Crédito Hipotecario|Tarjeta de Crédito,0,0.00,44579.61,172.91,False,1200.00,8,True,316.47,39.56,2026-08-02,False,True,True,False,2,Streaming Lover|Food Lover,Streaming Lover
C001442,Cliente 1442,Joven,False,Guayaquil,False,50,1033.23,2,True,Crédito Hipotecario|Tarjeta de Crédito,0,0.00,104154.08,37.57,False,2000.00,5,True,366.71,73.34,2026-05-11,False,False,False,False,0,,Generalista
C001443,Cliente 1443,Mass,False,Ambato,False,61,620.01,2,True,Crédito de Consumo|Tarjeta de Crédito,0,0.00,6194.19,711.87,False,1800.00,5,True,227.12,45.42,2026-06-07,False,False,False,False,0,,Generalista
C001444,Cliente 1444,Mass,False,Loja,False,38,704.13,3,True,Crédito Vehicular|Crédito de Consumo|Tarjeta de Crédito,0,0.00,15510.70,335.03,False,1000.00,7,True,211.90,30.27,2026-07-16,False,True,False,False,1,Streaming Lover,Streaming Lover
C001445,Cliente 1445,Mass,False,Guayaquil,False,27,888.80,2,True,Crédito de Consumo|Tarjeta de Crédito,0,0.00,6455.66,837.14,False,2500.00,14,True,939.17,67.08,2026-07-18,False,False,True,False,1,Food Lover,Food Lover
C001446,Cliente 1446,PyME,False,Quito,False,19,5186.27,3,True,Crédito Vehicular|Crédito de Consumo|Tarjeta de Crédito,0,0.00,28106.86,2782.05,False,10200.00,13,True,5022.95,386.38,2026-08-12,False,False,False,False,0,,Generalista
C001447,Cliente 1447,Mass,False,Cuenca,False,25,487.60,2,True,Crédito de Consumo|Cuenta de Ahorros,0,891.03,5568.95,0.00,False,0.00,0,False,0.00,,,False,False,False,False,0,,Sin información transaccional
C001448,Cliente 1448,Affluent,False,Guayaquil,False,52,1225.57,3,True,Crédito Hipotecario|Crédito de Consumo|Tarjeta de Crédito,0,0.00,104604.60,1041.51,False,2300.00,8,True,776.01,97.00,2026-08-12,False,False,True,False,1,Food Lover,Food Lover
C001449,Cliente 1449,Joven,False,Guayaquil,False,51,725.29,3,True,Crédito de Consumo|Cuenta Corriente|Tarjeta de Crédito,0,461.22,1186.60,376.88,False,1900.00,7,True,299.44,42.78,2026-03-02,False,False,True,True,2,Food Lover|Tech Lover,Tech Lover
C001450,Cliente 1450,Affluent,True,Quito,False,25,1941.71,3,True,Cuenta Corriente|Cuenta de Ahorros|Tarjeta de Crédito,0,6834.10,3502.54,3502.54,False,4900.00,13,True,1968.11,151.39,2026-08-15,False,True,False,True,2,Streaming Lover|Tech Lover,Streaming Lover
C001451,Cliente 1451,Mass,True,Guayaquil,False,61,888.64,2,True,Cuenta Corriente|Tarjeta de Crédito,0,2572.35,778.80,778.80,False,2200.00,7,True,428.92,61.27,2026-07-25,False,False,False,False,0,,Generalista
C001452,Cliente 1452,Mass,False,Quito,False,31,472.14,2,True,Crédito Vehicular|Tarjeta de Crédito,0,0.00,20431.71,411.64,False,1300.00,12,True,315.91,26.33,2026-08-09,False,False,False,False,0,,Generalista
C001453,Cliente 1453,PyME,False,Ambato,False,20,1441.41,2,True,Cuenta Corriente|Tarjeta de Crédito,0,4721.35,299.42,299.42,False,2600.00,8,True,627.33,78.42,2026-03-20,False,True,False,False,1,Streaming Lover,Streaming Lover
C001454,Cliente 1454,Mass,False,Guayaquil,False,47,1173.62,3,True,Crédito de Consumo|Cuenta Corriente|Tarjeta de Crédito,0,3256.51,7434.06,623.68,False,3400.00,9,True,572.06,63.56,2026-05-13,False,True,True,False,2,Streaming Lover|Food Lover,Food Lover
C001455,Cliente 1455,Mass,False,Ambato,False,22,587.50,2,True,Crédito Hipotecario|Tarjeta de Crédito,0,0.00,56890.91,209.88,False,1700.00,12,True,441.15,36.76,2026-07-28,False,False,False,False,0,,Generalista
C001456,Cliente 1456,Affluent,False,Guayaquil,False,36,1709.64,2,True,Crédito Hipotecario|Tarjeta de Crédito,0,0.00,78579.22,1112.05,False,3000.00,14,True,1175.94,84.00,2026-07-12,False,False,False,False,0,,Generalista
C001457,Cliente 1457,Mass,False,Guayaquil,False,30,731.97,3,True,Crédito Hipotecario|Crédito de Consumo|Tarjeta de Crédito,0,0.00,57429.99,0.00,False,1300.00,14,True,538.87,38.49,2026-05-13,True,True,False,False,2,Travel Lover|Streaming Lover,Travel Lover
C001458,Cliente 1458,Mass,False,Guayaquil,False,45,1469.01,1,False,Crédito de Consumo,0,0.00,2585.05,0.00,False,0.00,0,False,0.00,,,False,False,False,False,0,,Sin información transaccional
C001459,Cliente 1459,Mass,False,Guayaquil,False,45,865.81,4,True,Crédito de Consumo|Cuenta Corriente|Cuenta de Ahorros|Tarjeta de Crédito,0,3559.72,6446.24,345.66,False,1200.00,6,True,492.76,82.13,2026-08-23,False,True,False,False,1,Streaming Lover,Streaming Lover
C001460,Cliente 1460,Premium,False,Quito,False,36,2363.82,2,True,Cuenta Corriente|Tarjeta de Crédito,0,6366.72,1348.42,1348.42,False,6800.00,7,True,1181.68,168.81,2026-05-28,False,False,False,False,0,,Generalista
C001461,Cliente 1461,Mass,False,Quito,False,29,1057.68,2,True,Crédito Hipotecario|Tarjeta de Crédito,0,0.00,101055.40,0.00,False,1900.00,12,True,594.65,49.55,2026-05-31,False,False,True,True,2,Food Lover|Tech Lover,Tech Lover
C001462,Cliente 1462,Joven,False,Quito,False,21,515.40,1,False,Tarjeta de Crédito,0,0.00,366.94,366.94,False,1000.00,9,True,340.23,37.80,2026-08-11,False,False,False,False,0,,Generalista
C001463,Cliente 1463,Joven,False,Guayaquil,False,35,846.22,3,True,Crédito de Consumo|Cuenta de Ahorros|Tarjeta de Crédito,0,3831.22,3448.59,723.74,False,2300.00,6,True,198.25,33.04,2026-05-26,True,False,True,False,2,Travel Lover|Food Lover,Travel Lover
C001464,Cliente 1464,Premium,True,Guayaquil,False,38,6482.36,1,False,Crédito Vehicular,0,0.00,13342.94,0.00,False,0.00,0,False,0.00,,,False,False,False,False,0,,Sin información transaccional
C001465,Cliente 1465,Premium,False,Guayaquil,False,31,6500.55,3,True,Crédito de Consumo|Cuenta Corriente|Tarjeta de Crédito,0,25831.01,31503.72,5206.64,False,14100.00,14,True,6756.73,482.62,2026-08-04,True,False,False,False,1,Travel Lover,Travel Lover
C001466,Cliente 1466,Mass,False,Quito,False,32,932.68,2,True,Crédito Vehicular|Cuenta de Ahorros,0,-100.00,15347.46,0.00,False,0.00,0,False,0.00,,,False,False,False,False,0,,Sin información transaccional
C001467,Cliente 1467,Affluent,False,Cuenca,False,21,2071.99,3,True,Crédito Vehicular|Cuenta de Ahorros|Tarjeta de Crédito,0,376.85,13359.37,754.56,False,3400.00,8,True,1139.05,142.38,2026-08-19,False,False,False,False,0,,Generalista
C001468,Cliente 1468,Affluent,False,Quito,False,43,3340.94,1,False,Crédito Hipotecario,0,0.00,53857.90,0.00,False,0.00,0,False,0.00,,,False,False,False,False,0,,Sin información transaccional
C001469,Cliente 1469,Mass,False,Quito,False,40,980.04,3,True,Crédito de Consumo|Cuenta de Ahorros|Tarjeta de Crédito,0,2389.78,4837.05,76.55,False,1600.00,5,True,247.03,49.41,2026-03-21,False,True,False,False,1,Streaming Lover,Streaming Lover
C001470,Cliente 1470,PyME,False,Guayaquil,False,18,1533.17,4,True,Crédito de Consumo|Cuenta Corriente|Cuenta de Ahorros|Tarjeta de Crédito,0,9775.81,9889.48,1191.12,False,4400.00,13,True,1339.08,103.01,2026-06-08,False,False,True,False,1,Food Lover,Food Lover
C001471,Cliente 1471,Mass,False,Ambato,False,39,637.98,2,True,Crédito de Consumo|Tarjeta de Crédito,0,0.00,5156.94,331.19,False,1100.00,6,True,325.99,54.33,2025-12-26,False,False,False,False,0,,Generalista
C001472,Cliente 1472,Affluent,False,Guayaquil,False,43,3510.21,4,True,Crédito Hipotecario|Crédito Vehicular|Cuenta Corriente|Tarjeta de Crédito,0,6808.94,72169.42,5386.45,False,8900.00,11,True,2139.06,194.46,2026-07-27,False,True,False,False,1,Streaming Lover,Streaming Lover
C001473,Cliente 1473,Affluent,True,Cuenca,False,40,1671.56,2,True,Cuenta Corriente|Tarjeta de Crédito,0,2176.89,277.53,277.53,False,2700.00,6,True,394.72,65.79,2026-04-28,False,False,True,False,1,Food Lover,Food Lover
C001474,Cliente 1474,Mass,True,Quito,False,51,1200.18,2,True,Crédito Hipotecario|Tarjeta de Crédito,0,0.00,103179.19,419.59,False,2600.00,11,True,653.92,59.45,2026-07-24,False,False,False,True,1,Tech Lover,Tech Lover
C001475,Cliente 1475,PyME,False,Guayaquil,False,43,1793.01,2,True,Crédito Hipotecario|Tarjeta de Crédito,0,0.00,134192.51,555.56,False,3100.00,9,True,550.55,61.17,2026-06-08,False,False,False,False,0,,Generalista
C001476,Cliente 1476,PyME,False,Quito,False,42,2704.30,1,False,Cuenta de Ahorros,0,12886.12,0.00,0.00,False,0.00,0,False,0.00,,,False,False,False,False,0,,Sin información transaccional
C001477,Cliente 1477,Affluent,False,Guayaquil,False,20,1828.43,2,True,Crédito de Consumo|Tarjeta de Crédito,0,0.00,18583.54,1708.28,False,2000.00,7,True,1613.91,230.56,2026-07-08,False,False,True,False,1,Food Lover,Food Lover
C001478,Cliente 1478,Affluent,False,Cuenca,False,38,2281.94,3,True,Crédito Vehicular|Cuenta Corriente|Tarjeta de Crédito,0,7618.20,17272.97,1726.96,False,4900.00,14,True,2190.02,156.43,2026-07-01,False,False,False,True,1,Tech Lover,Tech Lover
C001479,Cliente 1479,Mass,False,Quito,False,43,777.60,2,True,Cuenta Corriente|Tarjeta de Crédito,0,1556.78,432.30,432.30,False,1400.00,10,True,330.12,33.01,2026-04-26,False,False,False,True,1,Tech Lover,Tech Lover
C001480,Cliente 1480,Premium,False,Quito,False,21,3364.48,4,True,Crédito Hipotecario|Cuenta Corriente|Cuenta de Ahorros|Tarjeta de Crédito,0,28663.60,90198.84,1861.67,False,7500.00,9,True,1782.28,198.03,2026-08-17,False,False,False,False,0,,Generalista
C001481,Cliente 1481,Mass,False,Quito,False,39,1058.95,2,True,Crédito Hipotecario|Tarjeta de Crédito,0,0.00,58542.43,845.12,False,2800.00,4,True,202.68,50.67,2026-04-15,False,False,False,False,0,,Generalista
C001482,Cliente 1482,Mass,False,Cuenca,False,37,591.82,1,False,Crédito de Consumo,0,0.00,5105.71,0.00,False,0.00,0,False,0.00,,,False,False,False,False,0,,Sin información transaccional
C001483,Cliente 1483,Affluent,False,Cuenca,False,33,1688.74,2,True,Cuenta de Ahorros|Tarjeta de Crédito,0,5574.14,918.98,918.98,False,4100.00,4,True,386.95,96.74,2026-04-19,False,False,False,False,0,,Generalista
C001484,Cliente 1484,PyME,False,Guayaquil,False,36,1995.37,3,True,Crédito Hipotecario|Crédito Vehicular|Tarjeta de Crédito,0,0.00,29951.64,1020.44,False,4400.00,8,True,1143.86,142.98,2026-08-29,False,False,False,False,0,,Generalista
C001485,Cliente 1485,Mass,False,Guayaquil,False,40,831.80,1,False,Crédito de Consumo,0,0.00,2455.23,0.00,False,0.00,0,False,0.00,,,False,False,False,False,0,,Sin información transaccional
C001486,Cliente 1486,Joven,False,Quito,False,34,600.41,2,True,Crédito Hipotecario|Cuenta de Ahorros,0,1466.73,78939.01,0.00,False,0.00,0,False,0.00,,,False,False,False,False,0,,Sin información transaccional
C001487,Cliente 1487,Mass,False,Cuenca,False,24,1465.83,2,True,Crédito Hipotecario|Cuenta de Ahorros,0,5793.88,41909.49,0.00,False,0.00,0,False,0.00,,,False,False,False,False,0,,Sin información transaccional
C001488,Cliente 1488,Mass,False,Manta,False,42,916.96,2,True,Crédito de Consumo|Tarjeta de Crédito,0,0.00,4126.77,381.21,False,1200.00,7,True,249.84,35.69,2026-08-17,False,True,False,False,1,Streaming Lover,Streaming Lover
C001489,Cliente 1489,Affluent,False,Cuenca,False,46,1821.74,3,True,Crédito de Consumo|Cuenta de Ahorros|Tarjeta de Crédito,0,291.33,9690.07,1046.34,False,5300.00,6,True,808.44,134.74,2026-07-16,False,False,False,False,0,,Generalista
C001490,Cliente 1490,Mass,False,Quito,False,29,1056.58,1,False,Tarjeta de Crédito,0,0.00,351.89,351.89,False,3000.00,13,True,838.51,64.50,2026-08-21,False,False,True,False,1,Food Lover,Food Lover
C001491,Cliente 1491,PyME,False,Quito,False,26,2786.48,4,True,Crédito Hipotecario|Crédito Vehicular|Crédito de Consumo|Tarjeta de Crédito,0,0.00,115866.49,1829.32,False,5200.00,13,True,3330.03,256.16,2026-06-04,False,False,True,False,1,Food Lover,Food Lover
C001492,Cliente 1492,Joven,False,Manta,False,40,774.02,4,True,Crédito Hipotecario|Crédito Vehicular|Cuenta de Ahorros|Tarjeta de Crédito,0,1945.12,88521.46,662.97,False,1800.00,8,True,516.13,64.52,2026-05-24,False,True,False,False,1,Streaming Lover,Streaming Lover
C001493,Cliente 1493,Joven,False,Guayaquil,False,39,988.95,1,False,Cuenta Corriente,0,2242.82,0.00,0.00,False,0.00,0,False,0.00,,,False,False,False,False,0,,Sin información transaccional
C001494,Cliente 1494,Joven,False,Quito,False,49,822.81,3,True,Crédito Vehicular|Crédito de Consumo|Cuenta Corriente,0,1800.86,18202.36,0.00,False,0.00,0,False,0.00,,,False,False,False,False,0,,Sin información transaccional
C001495,Cliente 1495,Mass,False,Guayaquil,False,37,794.34,3,True,Crédito de Consumo|Cuenta de Ahorros|Tarjeta de Crédito,0,1414.55,6943.07,1146.09,False,2200.00,4,True,97.20,24.30,2026-02-28,False,False,True,False,1,Food Lover,Food Lover
C001496,Cliente 1496,Mass,False,Quito,False,41,624.02,2,True,Crédito de Consumo|Tarjeta de Crédito,0,0.00,3686.55,135.37,False,900.00,4,True,188.95,47.24,2026-07-20,False,False,False,False,0,,Generalista
C001497,Cliente 1497,Joven,False,Quito,False,36,481.75,2,True,Crédito Hipotecario|Tarjeta de Crédito,0,0.00,78392.32,951.39,False,1200.00,8,True,492.24,61.53,2026-05-30,False,False,False,False,0,,Generalista
C001498,Cliente 1498,Mass,False,Guayaquil,False,31,1401.26,3,True,Crédito Hipotecario|Crédito Vehicular|Tarjeta de Crédito,0,0.00,98955.36,353.09,False,1900.00,5,True,709.57,141.91,2026-06-22,False,True,False,False,1,Streaming Lover,Streaming Lover
C001499,Cliente 1499,Premium,False,Loja,False,33,3151.49,4,True,Crédito Hipotecario|Crédito Vehicular|Cuenta de Ahorros|Tarjeta de Crédito,0,5902.92,88740.35,3609.52,False,8600.00,10,True,2293.84,229.38,2026-05-29,True,False,False,False,1,Travel Lover,Travel Lover
C001500,Cliente 1500,Affluent,False,Quito,False,37,2411.82,2,True,Crédito Vehicular|Tarjeta de Crédito,0,0.00,17495.14,2459.30,False,6700.00,8,True,1330.98,166.37,2026-06-01,False,False,False,False,0,,Generalista
C001501,Cliente 1501,Mass,False,Quito,False,35,685.80,2,True,Crédito Hipotecario|Tarjeta de Crédito,0,0.00,80863.96,411.21,False,1000.00,5,True,168.87,33.77,2026-04-13,False,False,False,True,1,Tech Lover,Tech Lover
C001502,Cliente 1502,Mass,False,Guayaquil,False,29,1252.91,3,True,Crédito de Consumo|Cuenta de Ahorros|Tarjeta de Crédito,0,1154.27,5472.99,1635.38,False,2800.00,4,True,233.16,58.29,2026-02-26,True,False,False,False,1,Travel Lover,Travel Lover
C001503,Cliente 1503,Premium,False,Manta,False,30,4018.88,2,True,Cuenta Corriente|Cuenta de Ahorros,0,9235.93,0.00,0.00,False,0.00,0,False,0.00,,,False,False,False,False,0,,Sin información transaccional
C001504,Cliente 1504,Premium,False,Guayaquil,False,43,4300.21,2,True,Crédito Hipotecario|Crédito Vehicular,0,0.00,51336.61,0.00,False,0.00,0,False,0.00,,,False,False,False,False,0,,Sin información transaccional
C001505,Cliente 1505,PyME,False,Guayaquil,False,24,2623.76,3,True,Crédito Vehicular|Cuenta de Ahorros|Tarjeta de Crédito,0,1139.31,23299.68,293.32,False,3500.00,6,True,2057.75,342.96,2026-05-25,False,True,True,False,2,Streaming Lover|Food Lover,Streaming Lover
C001506,Cliente 1506,PyME,False,Quito,False,47,3387.78,1,False,Crédito Vehicular,0,0.00,18850.35,0.00,False,0.00,0,False,0.00,,,False,False,False,False,0,,Sin información transaccional
C001507,Cliente 1507,Mass,False,Cuenca,False,29,1410.27,4,True,Crédito Hipotecario|Cuenta Corriente|Cuenta de Ahorros|Tarjeta de Crédito,0,4686.46,50575.53,1319.75,False,3800.00,13,True,1293.80,99.52,2026-08-28,True,False,True,False,2,Travel Lover|Food Lover,Travel Lover
C001508,Cliente 1508,Mass,False,Quito,False,34,853.66,1,False,Cuenta de Ahorros,0,2464.35,0.00,0.00,False,0.00,0,False,0.00,,,False,False,False,False,0,,Sin información transaccional
C001509,Cliente 1509,Joven,False,Quito,False,51,789.42,2,True,Crédito Vehicular|Tarjeta de Crédito,0,0.00,23489.87,378.61,False,800.00,5,True,228.23,45.65,2026-01-10,False,False,False,True,1,Tech Lover,Tech Lover
C001510,Cliente 1510,Mass,False,Quito,False,52,1227.38,1,False,Tarjeta de Crédito,0,0.00,596.54,596.54,False,1300.00,7,True,907.56,129.65,2026-05-24,False,False,False,False,0,,Generalista
C001511,Cliente 1511,Joven,False,Ambato,False,42,1101.93,4,True,Crédito Hipotecario|Crédito Vehicular|Cuenta de Ahorros|Tarjeta de Crédito,0,323.78,77195.70,709.54,False,1500.00,11,True,864.96,78.63,2026-08-01,True,True,False,False,2,Travel Lover|Streaming Lover,Streaming Lover
C001512,Cliente 1512,Affluent,True,Cuenca,False,47,2942.34,2,True,Cuenta de Ahorros|Tarjeta de Crédito,0,6578.72,3225.35,3225.35,False,5700.00,13,True,2750.65,211.59,2026-08-01,False,False,False,True,1,Tech Lover,Tech Lover
C001513,Cliente 1513,Mass,False,Guayaquil,False,47,975.35,2,True,Cuenta de Ahorros|Tarjeta de Crédito,0,1805.36,536.96,536.96,False,2300.00,4,True,121.41,30.35,2026-04-26,False,False,False,False,0,,Generalista
C001514,Cliente 1514,Premium,False,Quito,False,65,6632.69,2,True,Cuenta Corriente|Tarjeta de Crédito,0,28445.73,6153.20,6153.20,False,10600.00,5,True,1738.39,347.68,2026-02-06,False,False,False,False,0,,Generalista
C001515,Cliente 1515,Joven,False,Manta,False,45,639.34,2,True,Crédito de Consumo|Tarjeta de Crédito,0,0.00,3217.95,689.27,False,1200.00,11,True,458.31,41.66,2026-06-12,True,True,False,True,3,Travel Lover|Streaming Lover|Tech Lover,Tech Lover
C001516,Cliente 1516,Mass,False,Guayaquil,False,18,581.10,2,True,Cuenta de Ahorros|Tarjeta de Crédito,0,1014.67,510.81,510.81,False,1700.00,14,True,749.55,53.54,2026-04-29,False,False,False,False,0,,Generalista
C001517,Cliente 1517,Premium,False,Guayaquil,False,45,5070.78,2,True,Crédito Hipotecario|Crédito Vehicular,0,0.00,56004.84,0.00,False,0.00,0,False,0.00,,,False,False,False,False,0,,Sin información transaccional
C001518,Cliente 1518,Mass,False,Guayaquil,False,31,815.70,1,False,Crédito de Consumo,0,0.00,5598.22,0.00,False,0.00,0,False,0.00,,,False,False,False,False,0,,Sin información transaccional
C001519,Cliente 1519,Mass,False,Quito,False,43,729.55,2,True,Cuenta Corriente|Tarjeta de Crédito,0,2783.17,692.35,692.35,False,2200.00,7,True,354.84,50.69,2026-07-07,False,False,True,False,1,Food Lover,Food Lover
C001520,Cliente 1520,Mass,False,Manta,False,27,910.19,1,False,Cuenta de Ahorros,0,-100.00,0.00,0.00,False,0.00,0,False,0.00,,,False,False,False,False,0,,Sin información transaccional
C001521,Cliente 1521,Mass,False,Guayaquil,False,43,576.10,3,True,Crédito de Consumo|Cuenta de Ahorros|Tarjeta de Crédito,0,1608.65,5580.96,188.69,False,1000.00,5,True,180.18,36.04,2026-05-18,False,False,False,False,0,,Generalista
C001522,Cliente 1522,PyME,False,Quito,False,45,2386.56,2,True,Crédito de Consumo|Tarjeta de Crédito,0,0.00,16428.35,1576.86,False,4500.00,7,True,846.71,120.96,2026-08-22,False,True,False,False,1,Streaming Lover,Streaming Lover
C001523,Cliente 1523,Mass,False,Quito,False,33,1047.59,2,True,Crédito Hipotecario|Cuenta Corriente,0,831.30,101462.46,0.00,False,0.00,0,False,0.00,,,False,False,False,False,0,,Sin información transaccional
C001524,Cliente 1524,Joven,True,Cuenca,False,60,496.40,3,True,Crédito de Consumo|Cuenta de Ahorros|Tarjeta de Crédito,0,594.19,2417.84,244.53,False,1100.00,5,True,214.96,42.99,2025-07-21,False,False,False,True,1,Tech Lover,Tech Lover
C001525,Cliente 1525,Affluent,False,Cuenca,False,41,2041.88,3,True,Cuenta Corriente|Cuenta de Ahorros|Tarjeta de Crédito,0,10123.48,1736.00,1736.00,False,2900.00,7,True,850.53,121.50,2026-06-28,False,False,False,False,0,,Generalista
C001526,Cliente 1526,Joven,False,Quito,False,47,547.97,2,True,Crédito Hipotecario|Tarjeta de Crédito,0,0.00,85655.37,560.67,False,1600.00,12,True,383.38,31.95,2026-08-24,False,True,False,False,1,Streaming Lover,Streaming Lover
C001527,Cliente 1527,Joven,False,Guayaquil,False,37,909.53,2,True,Crédito Vehicular|Tarjeta de Crédito,0,0.00,18238.49,415.04,False,1500.00,12,True,779.78,64.98,2026-08-17,False,False,False,True,1,Tech Lover,Tech Lover
C001528,Cliente 1528,Mass,False,Ambato,False,25,1036.70,3,True,Crédito Hipotecario|Crédito de Consumo|Cuenta de Ahorros,0,1618.56,77608.38,0.00,False,0.00,0,False,0.00,,,False,False,False,False,0,,Sin información transaccional
C001529,Cliente 1529,Joven,False,Quito,False,37,676.99,1,False,Cuenta Corriente,0,1741.32,0.00,0.00,False,0.00,0,False,0.00,,,False,False,False,False,0,,Sin información transaccional
C001530,Cliente 1530,Mass,False,Guayaquil,False,51,1191.18,2,True,Cuenta Corriente|Tarjeta de Crédito,0,4223.09,412.99,412.99,False,1800.00,11,True,810.88,73.72,2026-08-11,False,False,False,True,1,Tech Lover,Tech Lover
C001531,Cliente 1531,Affluent,False,Guayaquil,False,43,3326.04,2,True,Crédito Vehicular|Tarjeta de Crédito,0,0.00,19581.67,5720.24,False,8200.00,10,True,2010.43,201.04,2026-08-26,False,True,False,False,1,Streaming Lover,Streaming Lover
C001532,Cliente 1532,Joven,False,Guayaquil,False,28,998.28,3,True,Crédito Vehicular|Crédito de Consumo|Tarjeta de Crédito,0,0.00,17441.77,363.65,False,2700.00,13,True,714.89,54.99,2026-07-05,False,True,False,False,1,Streaming Lover,Streaming Lover
C001533,Cliente 1533,Affluent,False,Quito,False,53,1922.96,3,True,Crédito Vehicular|Cuenta de Ahorros|Tarjeta de Crédito,0,-100.00,12455.19,1970.57,False,4700.00,5,True,989.76,197.95,2026-08-24,True,False,False,False,1,Travel Lover,Travel Lover
C001534,Cliente 1534,PyME,False,Ambato,False,50,4234.56,1,False,Tarjeta de Crédito,0,0.00,1283.81,1283.81,False,7600.00,11,True,2748.26,249.84,2026-08-23,False,True,False,True,2,Streaming Lover|Tech Lover,Streaming Lover
C001535,Cliente 1535,Joven,False,Quito,False,29,784.72,3,True,Crédito Vehicular|Cuenta Corriente|Tarjeta de Crédito,0,1000.33,24640.56,705.55,False,1800.00,4,True,434.80,108.70,2025-12-15,False,False,False,False,0,,Generalista
C001536,Cliente 1536,Joven,False,Quito,False,28,1775.52,2,True,Crédito de Consumo|Tarjeta de Crédito,0,0.00,6352.65,2523.56,False,4400.00,13,True,2917.53,224.43,2026-07-27,False,False,False,False,0,,Generalista
C001537,Cliente 1537,Mass,False,Guayaquil,False,52,641.30,3,True,Crédito Vehicular|Cuenta Corriente|Tarjeta de Crédito,0,1768.33,22275.08,562.71,False,1900.00,5,True,194.17,38.83,2026-08-05,False,False,False,True,1,Tech Lover,Tech Lover
C001538,Cliente 1538,Mass,False,Guayaquil,False,42,1021.96,1,False,Crédito de Consumo,0,0.00,4153.18,0.00,False,0.00,0,False,0.00,,,False,False,False,False,0,,Sin información transaccional
C001539,Cliente 1539,Mass,False,Cuenca,False,48,949.99,4,True,Crédito Hipotecario|Crédito de Consumo|Cuenta de Ahorros|Tarjeta de Crédito,0,3253.98,83405.90,451.55,False,1400.00,7,True,467.06,66.72,2026-08-05,False,False,False,True,1,Tech Lover,Tech Lover
C001540,Cliente 1540,Affluent,False,Guayaquil,False,40,2862.31,4,True,Crédito Hipotecario|Crédito Vehicular|Cuenta de Ahorros|Tarjeta de Crédito,0,8008.32,131587.39,2361.67,False,4600.00,12,True,2137.61,178.13,2026-08-10,False,False,False,False,0,,Generalista
C001541,Cliente 1541,Mass,True,Quito,False,32,711.96,4,True,Crédito Hipotecario|Cuenta Corriente|Cuenta de Ahorros|Tarjeta de Crédito,0,2192.21,58182.18,1051.38,False,1700.00,7,True,711.13,101.59,2026-08-29,False,False,True,False,1,Food Lover,Food Lover
C001542,Cliente 1542,Premium,False,Cuenca,False,53,3559.57,4,True,Crédito de Consumo|Cuenta Corriente|Cuenta de Ahorros|Tarjeta de Crédito,0,11625.87,23597.37,4826.88,False,8900.00,13,True,2582.94,198.69,2026-08-02,False,False,False,False,0,,Generalista
C001543,Cliente 1543,Joven,False,Quito,False,30,912.57,1,False,Crédito Vehicular,0,0.00,19595.28,0.00,False,0.00,0,False,0.00,,,False,False,False,False,0,,Sin información transaccional
C001544,Cliente 1544,Joven,False,Loja,False,48,853.15,3,True,Crédito Hipotecario|Crédito de Consumo|Cuenta de Ahorros,0,1140.91,72264.27,0.00,False,0.00,0,False,0.00,,,False,False,False,False,0,,Sin información transaccional
C001545,Cliente 1545,Premium,False,Quito,False,18,4769.77,3,True,Crédito Vehicular|Cuenta Corriente|Tarjeta de Crédito,0,17676.68,9971.77,161.71,False,7600.00,5,True,2136.57,427.31,2026-02-10,False,False,False,False,0,,Generalista
C001546,Cliente 1546,Mass,False,Quito,False,26,1021.68,2,True,Crédito Hipotecario|Crédito Vehicular,0,0.00,102503.92,0.00,False,0.00,0,False,0.00,,,False,False,False,False,0,,Sin información transaccional
C001547,Cliente 1547,PyME,False,Quito,False,30,3298.23,1,False,Cuenta Corriente,0,15905.73,0.00,0.00,False,0.00,0,False,0.00,,,False,False,False,False,0,,Sin información transaccional
C001548,Cliente 1548,Mass,False,Guayaquil,False,57,1131.08,2,True,Crédito Hipotecario|Cuenta de Ahorros,0,5096.01,76637.80,0.00,False,0.00,0,False,0.00,,,False,False,False,False,0,,Sin información transaccional
C001549,Cliente 1549,Joven,False,Cuenca,False,18,350.00,2,True,Crédito de Consumo|Tarjeta de Crédito,0,0.00,1324.75,54.46,False,800.00,7,True,152.86,21.84,2026-05-16,True,False,False,False,1,Travel Lover,Travel Lover
C001550,Cliente 1550,Joven,False,Quito,False,18,981.84,1,False,Cuenta de Ahorros,0,1812.72,0.00,0.00,False,0.00,0,False,0.00,,,False,False,False,False,0,,Sin información transaccional
C001551,Cliente 1551,Joven,False,Quito,False,25,780.41,1,False,Tarjeta de Crédito,0,0.00,1028.84,1028.84,False,2200.00,12,True,394.59,32.88,2026-08-22,False,False,False,False,0,,Generalista
C001552,Cliente 1552,Affluent,False,Guayaquil,False,48,2188.86,3,True,Cuenta Corriente|Cuenta de Ahorros|Tarjeta de Crédito,0,6491.89,887.42,887.42,False,3200.00,13,True,2869.69,220.75,2026-08-20,False,False,False,False,0,,Generalista
C001553,Cliente 1553,Mass,False,Guayaquil,False,52,920.99,1,False,Tarjeta de Crédito,0,0.00,150.31,150.31,False,1600.00,4,True,165.76,41.44,2026-04-22,False,False,False,True,1,Tech Lover,Tech Lover
C001554,Cliente 1554,Affluent,True,Cuenca,False,56,1667.45,2,True,Cuenta Corriente|Tarjeta de Crédito,0,4465.15,1234.70,1234.70,False,4700.00,14,True,1730.06,123.58,2026-08-12,False,False,True,False,1,Food Lover,Food Lover
C001555,Cliente 1555,Premium,False,Cuenca,False,62,4726.80,3,True,Crédito Hipotecario|Cuenta Corriente|Tarjeta de Crédito,0,14760.54,41544.72,0.00,False,6400.00,9,True,2986.97,331.89,2026-05-01,True,False,True,False,2,Travel Lover|Food Lover,Travel Lover
C001556,Cliente 1556,Affluent,False,Quito,False,41,3933.01,1,False,Tarjeta de Crédito,0,0.00,1973.86,1973.86,False,5600.00,6,True,1731.68,288.61,2026-05-06,False,False,False,False,0,,Generalista
C001557,Cliente 1557,Mass,False,Guayaquil,False,31,790.60,2,True,Crédito Hipotecario|Tarjeta de Crédito,0,0.00,74686.11,566.33,False,800.00,9,True,665.16,73.91,2026-05-16,False,True,True,False,2,Streaming Lover|Food Lover,Streaming Lover
C001558,Cliente 1558,Mass,False,Cuenca,False,18,774.40,1,False,Crédito Vehicular,0,0.00,33563.25,0.00,False,0.00,0,False,0.00,,,False,False,False,False,0,,Sin información transaccional
C001559,Cliente 1559,Mass,False,Manta,False,46,783.45,2,True,Cuenta de Ahorros|Tarjeta de Crédito,0,1934.78,0.00,0.00,False,2300.00,11,True,793.59,72.14,2026-04-28,False,True,False,False,1,Streaming Lover,Streaming Lover
C001560,Cliente 1560,Affluent,False,Guayaquil,False,44,1993.43,2,True,Crédito Vehicular|Cuenta Corriente,0,1017.50,17704.42,0.00,False,0.00,0,False,0.00,,,False,False,False,False,0,,Sin información transaccional
C001561,Cliente 1561,Joven,False,Ambato,False,28,629.96,2,True,Crédito Hipotecario|Tarjeta de Crédito,0,0.00,81496.68,223.51,False,1200.00,5,True,169.18,33.84,2026-05-04,False,False,False,False,0,,Generalista
C001562,Cliente 1562,Mass,False,Quito,False,38,1356.21,2,True,Crédito Vehicular|Tarjeta de Crédito,0,0.00,16111.23,1610.81,False,2900.00,5,True,635.34,127.07,2025-11-22,False,False,False,False,0,,Generalista
C001563,Cliente 1563,Mass,False,Quito,False,62,570.62,4,True,Crédito Hipotecario|Crédito Vehicular|Cuenta Corriente|Tarjeta de Crédito,0,312.28,35498.87,0.00,False,600.00,6,True,442.82,73.80,2026-04-29,False,False,True,False,1,Food Lover,Food Lover
C001564,Cliente 1564,Mass,False,Guayaquil,False,39,730.78,1,False,Crédito de Consumo,0,0.00,4241.08,0.00,False,0.00,0,False,0.00,,,False,False,False,False,0,,Sin información transaccional
C001565,Cliente 1565,PyME,False,Guayaquil,False,35,2973.57,1,False,Cuenta Corriente,0,12262.60,0.00,0.00,False,0.00,0,False,0.00,,,False,False,False,False,0,,Sin información transaccional
C001566,Cliente 1566,Mass,False,Manta,False,29,385.67,2,True,Crédito de Consumo|Cuenta de Ahorros,0,2321.84,3692.85,0.00,False,0.00,0,False,0.00,,,False,False,False,False,0,,Sin información transaccional
C001567,Cliente 1567,PyME,False,Guayaquil,False,40,4534.21,4,True,Crédito Hipotecario|Cuenta Corriente|Cuenta de Ahorros|Tarjeta de Crédito,0,5691.71,61585.29,2077.52,False,4600.00,13,True,4444.43,341.88,2026-07-04,False,False,True,False,1,Food Lover,Food Lover
C001568,Cliente 1568,Joven,False,Quito,False,77,816.73,4,True,Crédito Hipotecario|Crédito Vehicular|Crédito de Consumo|Tarjeta de Crédito,0,0.00,136763.14,916.35,False,2000.00,8,True,271.79,33.97,2026-07-22,False,True,False,False,1,Streaming Lover,Streaming Lover
C001569,Cliente 1569,Premium,False,Loja,False,50,3086.44,2,True,Crédito Hipotecario|Tarjeta de Crédito,0,0.00,85169.83,2125.09,False,3300.00,7,True,3102.67,443.24,2026-07-30,False,False,False,False,0,,Generalista
C001570,Cliente 1570,Mass,True,Manta,False,47,802.03,2,True,Crédito Vehicular|Tarjeta de Crédito,0,0.00,16219.08,203.22,False,1000.00,8,True,386.89,48.36,2026-07-29,True,False,True,False,2,Travel Lover|Food Lover,Travel Lover
C001571,Cliente 1571,Affluent,False,Guayaquil,False,49,2212.23,2,True,Cuenta Corriente|Tarjeta de Crédito,0,7485.45,1874.21,1874.21,False,3000.00,10,True,1437.69,143.77,2026-08-09,False,True,False,False,1,Streaming Lover,Streaming Lover
C001572,Cliente 1572,Mass,False,Quito,False,35,753.08,2,True,Crédito Vehicular|Tarjeta de Crédito,0,0.00,15743.81,0.00,False,1200.00,4,True,223.72,55.93,2026-04-27,False,False,False,False,0,,Generalista
C001573,Cliente 1573,Mass,False,Quito,False,18,564.58,2,True,Crédito de Consumo|Tarjeta de Crédito,0,0.00,3441.04,26.14,False,800.00,12,True,550.28,45.86,2026-06-02,True,False,False,False,1,Travel Lover,Travel Lover
C001574,Cliente 1574,Premium,False,Loja,False,42,3157.48,1,False,Crédito Hipotecario,0,0.00,73160.65,0.00,False,0.00,0,False,0.00,,,False,False,False,False,0,,Sin información transaccional
C001575,Cliente 1575,Premium,False,Quito,False,24,5508.21,3,True,Crédito Hipotecario|Crédito Vehicular|Tarjeta de Crédito,0,0.00,119934.89,4440.35,False,12500.00,11,True,3810.36,346.40,2026-04-29,False,False,False,False,0,,Generalista
C001576,Cliente 1576,Mass,False,Guayaquil,False,38,2174.57,2,True,Crédito Hipotecario|Tarjeta de Crédito,0,0.00,16643.49,447.20,False,3600.00,8,True,1796.59,224.57,2026-08-15,False,True,False,True,2,Streaming Lover|Tech Lover,Streaming Lover
C001577,Cliente 1577,Mass,False,Guayaquil,False,51,964.82,1,False,Crédito de Consumo,0,0.00,4763.29,0.00,False,0.00,0,False,0.00,,,False,False,False,False,0,,Sin información transaccional
C001578,Cliente 1578,Joven,False,Guayaquil,False,39,552.13,2,True,Cuenta de Ahorros|Tarjeta de Crédito,0,-100.00,484.02,484.02,False,1500.00,6,True,188.89,31.48,2026-08-04,False,False,False,False,0,,Generalista
C001579,Cliente 1579,Premium,False,Manta,False,28,6233.73,3,True,Crédito Vehicular|Crédito de Consumo|Tarjeta de Crédito,0,0.00,36247.11,4114.97,False,9200.00,7,True,2041.18,291.60,2026-08-03,False,False,False,False,0,,Generalista
C001580,Cliente 1580,Mass,False,Quito,False,39,561.91,1,False,Tarjeta de Crédito,0,0.00,166.13,166.13,False,1400.00,11,True,364.32,33.12,2026-04-27,False,False,True,False,1,Food Lover,Food Lover
C001581,Cliente 1581,Mass,False,Quito,False,49,995.58,1,False,Tarjeta de Crédito,0,0.00,622.65,622.65,False,1700.00,11,True,830.37,75.49,2026-08-21,False,True,False,False,1,Streaming Lover,Streaming Lover
C001582,Cliente 1582,Joven,False,Cuenca,False,49,609.03,3,True,Crédito Hipotecario|Crédito Vehicular|Tarjeta de Crédito,0,0.00,108676.36,556.11,False,1000.00,8,True,423.32,52.91,2026-06-06,False,True,False,False,1,Streaming Lover,Streaming Lover
C001583,Cliente 1583,Mass,False,Guayaquil,False,23,545.47,2,True,Crédito Hipotecario|Tarjeta de Crédito,0,0.00,71688.58,0.00,False,1200.00,13,True,580.68,44.67,2026-08-28,False,False,True,True,2,Food Lover|Tech Lover,Food Lover
C001584,Cliente 1584,Mass,False,Guayaquil,False,24,665.23,2,True,Crédito Vehicular|Tarjeta de Crédito,0,0.00,12825.65,827.13,False,1100.00,9,True,252.32,28.04,2026-08-31,False,False,False,True,1,Tech Lover,Tech Lover
C001585,Cliente 1585,PyME,False,Guayaquil,False,25,2990.35,2,True,Cuenta de Ahorros|Tarjeta de Crédito,0,167.43,2603.63,2603.63,False,4300.00,5,True,1266.07,253.21,2026-08-31,False,False,False,False,0,,Generalista
C001586,Cliente 1586,Mass,False,Quito,False,33,1228.98,2,True,Crédito Vehicular|Tarjeta de Crédito,0,0.00,19347.30,0.00,False,2000.00,9,True,632.11,70.23,2026-05-25,False,False,False,True,1,Tech Lover,Tech Lover
C001587,Cliente 1587,PyME,False,Quito,False,36,4721.90,2,True,Cuenta de Ahorros|Tarjeta de Crédito,0,15657.45,5928.48,5928.48,False,12900.00,12,True,4184.98,348.75,2026-08-19,False,False,False,False,0,,Generalista
C001588,Cliente 1588,Mass,False,Guayaquil,False,78,898.34,2,True,Cuenta de Ahorros|Tarjeta de Crédito,0,3935.25,486.48,486.48,False,1300.00,10,True,469.77,46.98,2026-08-29,False,False,False,False,0,,Generalista
C001589,Cliente 1589,PyME,True,Manta,False,41,3379.56,3,True,Crédito Hipotecario|Cuenta Corriente|Tarjeta de Crédito,0,4432.41,103018.85,1907.39,False,4500.00,13,True,1839.87,141.53,2026-07-25,False,False,True,False,1,Food Lover,Food Lover
C001590,Cliente 1590,Premium,True,Manta,False,48,4918.18,2,True,Cuenta Corriente|Tarjeta de Crédito,0,7439.99,4183.55,4183.55,False,9900.00,7,True,1090.66,155.81,2026-08-07,False,False,False,False,0,,Generalista
C001591,Cliente 1591,Mass,False,Guayaquil,False,37,650.91,2,True,Cuenta Corriente|Tarjeta de Crédito,0,-100.00,462.44,462.44,False,900.00,9,True,460.88,51.21,2026-05-15,True,False,False,False,1,Travel Lover,Travel Lover
C001592,Cliente 1592,Mass,False,Guayaquil,False,29,939.95,2,True,Cuenta de Ahorros|Tarjeta de Crédito,0,3045.71,468.47,468.47,False,1800.00,9,True,749.76,83.31,2026-08-16,False,False,False,False,0,,Generalista
C001593,Cliente 1593,Affluent,False,Guayaquil,False,34,1982.54,4,True,Crédito Hipotecario|Crédito Vehicular|Cuenta de Ahorros|Tarjeta de Crédito,0,311.41,90712.12,968.61,False,2100.00,10,True,2157.25,215.72,2026-06-12,True,False,True,False,2,Travel Lover|Food Lover,Food Lover
C001594,Cliente 1594,Affluent,False,Quito,False,30,2466.54,3,True,Crédito Hipotecario|Cuenta de Ahorros|Tarjeta de Crédito,0,-100.00,81210.42,1812.94,False,3600.00,14,True,1679.41,119.96,2026-06-19,False,False,True,False,1,Food Lover,Food Lover
C001595,Cliente 1595,Affluent,False,Guayaquil,False,35,1083.69,2,True,Cuenta Corriente|Tarjeta de Crédito,0,918.23,1042.75,1042.75,False,1800.00,6,True,396.07,66.01,2026-06-28,False,False,True,False,1,Food Lover,Food Lover
C001596,Cliente 1596,Affluent,False,Guayaquil,False,28,2964.52,2,True,Crédito Hipotecario|Crédito de Consumo,0,0.00,89893.85,0.00,False,0.00,0,False,0.00,,,False,False,False,False,0,,Sin información transaccional
C001597,Cliente 1597,PyME,False,Quito,False,41,1843.78,2,True,Crédito de Consumo|Cuenta de Ahorros,0,-100.00,9879.52,0.00,False,0.00,0,False,0.00,,,False,False,False,False,0,,Sin información transaccional
C001598,Cliente 1598,Premium,False,Guayaquil,False,45,3764.87,4,True,Crédito Hipotecario|Crédito de Consumo|Cuenta Corriente|Tarjeta de Crédito,0,-100.00,109758.71,3984.07,False,9000.00,11,True,2841.07,258.28,2026-05-23,False,True,False,True,2,Streaming Lover|Tech Lover,Streaming Lover
C001599,Cliente 1599,PyME,False,Guayaquil,False,47,3766.18,1,False,Tarjeta de Crédito,0,0.00,2708.23,2708.23,False,10000.00,7,True,1402.97,200.42,2026-05-07,False,True,False,False,1,Streaming Lover,Streaming Lover
C001600,Cliente 1600,Mass,False,Quito,False,33,787.15,3,True,Crédito Vehicular|Crédito de Consumo|Tarjeta de Crédito,0,0.00,35466.86,572.35,False,1100.00,7,True,343.77,49.11,2026-05-09,False,False,False,False,0,,Generalista
C001601,Cliente 1601,Mass,False,Guayaquil,False,44,713.38,2,True,Cuenta Corriente|Tarjeta de Crédito,0,2720.31,341.25,341.25,False,900.00,13,True,731.81,56.29,2026-07-27,False,False,True,False,1,Food Lover,Food Lover
C001602,Cliente 1602,PyME,False,Ambato,False,56,3486.42,3,True,Crédito Hipotecario|Crédito Vehicular|Cuenta Corriente,0,8760.47,97656.49,0.00,False,0.00,0,False,0.00,,,False,False,False,False,0,,Sin información transaccional
C001603,Cliente 1603,Affluent,True,Quito,False,41,2504.43,3,True,Crédito Vehicular|Cuenta Corriente|Tarjeta de Crédito,0,6530.64,24676.17,4364.12,False,6100.00,6,True,783.93,130.66,2026-04-28,False,True,False,False,1,Streaming Lover,Streaming Lover
C001604,Cliente 1604,Mass,False,Guayaquil,False,21,1058.16,3,True,Crédito Vehicular|Cuenta de Ahorros|Tarjeta de Crédito,0,3355.18,24570.96,811.21,False,2000.00,12,True,1009.00,84.08,2026-05-18,False,False,False,False,0,,Generalista
C001605,Cliente 1605,PyME,False,Quito,False,18,4199.66,2,True,Crédito Vehicular|Tarjeta de Crédito,0,0.00,19802.86,1381.80,False,7000.00,9,True,1862.09,206.90,2026-05-21,False,False,False,False,0,,Generalista
C001606,Cliente 1606,Affluent,False,Guayaquil,False,30,2779.09,3,True,Crédito de Consumo|Cuenta de Ahorros|Tarjeta de Crédito,0,11045.38,8353.30,1847.16,False,6800.00,5,True,1388.99,277.80,2026-07-29,False,False,False,False,0,,Generalista
C001607,Cliente 1607,Joven,False,Guayaquil,False,27,600.95,2,True,Cuenta Corriente|Tarjeta de Crédito,0,2243.49,968.78,968.78,False,1700.00,9,True,359.18,39.91,2026-08-24,False,False,False,False,0,,Generalista
C001608,Cliente 1608,PyME,False,Quito,False,40,3325.51,2,True,Crédito Hipotecario|Tarjeta de Crédito,0,0.00,68113.34,630.11,False,3700.00,8,True,1503.14,187.89,2026-06-04,False,True,False,False,1,Streaming Lover,Streaming Lover
C001609,Cliente 1609,Joven,True,Quito,False,48,468.41,1,False,Tarjeta de Crédito,0,0.00,184.78,184.78,False,700.00,8,True,196.80,24.60,2026-08-06,False,False,False,False,0,,Generalista
C001610,Cliente 1610,Affluent,False,Loja,False,42,2244.70,1,False,Crédito de Consumo,0,0.00,9406.26,0.00,False,0.00,0,False,0.00,,,False,False,False,False,0,,Sin información transaccional
C001611,Cliente 1611,Joven,False,Cuenca,False,43,852.06,1,False,Tarjeta de Crédito,0,0.00,132.44,132.44,False,1100.00,7,True,555.24,79.32,2026-07-24,False,False,False,False,0,,Generalista
C001612,Cliente 1612,PyME,False,Guayaquil,False,45,5140.35,1,False,Crédito Vehicular,0,0.00,20138.14,0.00,False,0.00,0,False,0.00,,,False,False,False,False,0,,Sin información transaccional
C001613,Cliente 1613,Joven,False,Guayaquil,False,46,601.98,1,False,Crédito de Consumo,0,0.00,3479.05,0.00,False,0.00,0,False,0.00,,,False,False,False,False,0,,Sin información transaccional
C001614,Cliente 1614,PyME,False,Cuenca,False,54,2794.94,3,True,Cuenta Corriente|Cuenta de Ahorros|Tarjeta de Crédito,0,1554.13,2216.30,2216.30,False,4300.00,10,True,2148.42,214.84,2026-01-27,False,False,False,False,0,,Generalista
C001615,Cliente 1615,Mass,True,Quito,False,36,1113.80,3,True,Crédito de Consumo|Cuenta Corriente|Tarjeta de Crédito,0,1147.61,6975.17,416.32,False,3300.00,4,True,129.78,32.45,2026-05-22,False,False,False,False,0,,Generalista
C001616,Cliente 1616,Mass,False,Guayaquil,False,38,1021.74,2,True,Crédito Hipotecario|Tarjeta de Crédito,0,0.00,65332.47,688.61,False,2200.00,12,True,1024.22,85.35,2026-06-25,False,False,False,False,0,,Generalista
C001617,Cliente 1617,Mass,False,Guayaquil,False,47,889.81,3,True,Crédito Hipotecario|Cuenta Corriente|Tarjeta de Crédito,0,2610.74,109662.74,553.92,False,1100.00,14,True,599.60,42.83,2026-05-09,False,False,True,False,1,Food Lover,Food Lover
C001618,Cliente 1618,Affluent,False,Guayaquil,False,34,3848.27,4,True,Crédito Hipotecario|Crédito Vehicular|Cuenta de Ahorros|Tarjeta de Crédito,0,6054.93,111712.88,3882.99,False,11100.00,12,True,3045.26,253.77,2026-08-14,False,False,True,False,1,Food Lover,Food Lover
C001619,Cliente 1619,Mass,False,Guayaquil,False,37,901.77,1,False,Crédito Hipotecario,0,0.00,85772.35,0.00,False,0.00,0,False,0.00,,,False,False,False,False,0,,Sin información transaccional
C001620,Cliente 1620,Mass,False,Quito,False,45,1090.87,1,False,Crédito de Consumo,0,0.00,6827.31,0.00,False,0.00,0,False,0.00,,,False,False,False,False,0,,Sin información transaccional
C001621,Cliente 1621,Mass,False,Guayaquil,False,32,1747.23,2,True,Crédito de Consumo|Tarjeta de Crédito,0,0.00,5487.20,514.23,False,4500.00,13,True,1409.39,108.41,2026-08-14,False,False,True,False,1,Food Lover,Food Lover
C001622,Cliente 1622,Mass,False,Cuenca,False,21,1336.86,2,True,Crédito Vehicular|Crédito de Consumo,0,0.00,18326.03,0.00,False,0.00,0,False,0.00,,,False,False,False,False,0,,Sin información transaccional
C001623,Cliente 1623,Premium,False,Guayaquil,False,41,4331.43,4,True,Crédito de Consumo|Cuenta Corriente|Cuenta de Ahorros|Tarjeta de Crédito,0,24102.84,20274.21,4344.82,False,10400.00,7,True,4872.83,696.12,2026-03-01,False,True,False,False,1,Streaming Lover,Streaming Lover
C001624,Cliente 1624,Mass,False,Guayaquil,False,37,913.64,2,True,Crédito Vehicular|Tarjeta de Crédito,0,0.00,16578.93,390.01,False,2200.00,9,True,954.59,106.07,2026-05-20,False,False,False,False,0,,Generalista
C001625,Cliente 1625,Affluent,False,Loja,False,28,2679.66,3,True,Crédito Hipotecario|Crédito Vehicular|Tarjeta de Crédito,0,0.00,121347.72,1133.75,False,3000.00,13,True,1954.80,150.37,2026-08-02,False,True,True,False,2,Streaming Lover|Food Lover,Streaming Lover
C001626,Cliente 1626,Premium,False,Guayaquil,False,39,4446.94,3,True,Crédito Hipotecario|Crédito Vehicular|Crédito de Consumo,0,0.00,109538.91,0.00,False,0.00,0,False,0.00,,,False,False,False,False,0,,Sin información transaccional
C001627,Cliente 1627,PyME,False,Ambato,False,46,3778.56,2,True,Cuenta Corriente|Tarjeta de Crédito,0,13968.89,4977.86,4977.86,False,5700.00,11,True,2373.91,215.81,2026-08-05,False,False,False,False,0,,Generalista
C001628,Cliente 1628,Mass,False,Cuenca,False,56,1242.46,2,True,Crédito Hipotecario|Tarjeta de Crédito,0,0.00,76762.25,1107.29,False,2600.00,12,True,1177.61,98.13,2026-08-16,True,False,True,False,2,Travel Lover|Food Lover,Travel Lover
C001629,Cliente 1629,PyME,False,Loja,False,34,2636.08,2,True,Crédito de Consumo|Tarjeta de Crédito,0,0.00,12997.47,3359.73,False,7800.00,5,True,697.01,139.40,2026-07-11,False,False,True,False,1,Food Lover,Food Lover
C001630,Cliente 1630,Joven,False,Guayaquil,False,50,554.40,1,False,Cuenta Corriente,0,1828.43,0.00,0.00,False,0.00,0,False,0.00,,,False,False,False,False,0,,Sin información transaccional
C001631,Cliente 1631,Mass,False,Quito,False,30,788.67,4,True,Crédito Hipotecario|Crédito Vehicular|Cuenta de Ahorros|Tarjeta de Crédito,0,-100.00,132411.80,593.71,False,1800.00,9,True,419.00,46.56,2026-08-27,False,False,False,True,1,Tech Lover,Tech Lover
C001632,Cliente 1632,Affluent,False,Guayaquil,False,33,2229.21,3,True,Crédito de Consumo|Cuenta de Ahorros|Tarjeta de Crédito,0,1644.10,17015.08,1661.36,False,3500.00,9,True,1640.85,182.32,2026-08-25,False,False,True,False,1,Food Lover,Food Lover
C001633,Cliente 1633,Joven,False,Loja,False,39,668.62,1,False,Cuenta de Ahorros,0,1716.12,0.00,0.00,False,0.00,0,False,0.00,,,False,False,False,False,0,,Sin información transaccional
C001634,Cliente 1634,Affluent,False,Guayaquil,False,32,2032.89,3,True,Crédito Vehicular|Cuenta Corriente|Tarjeta de Crédito,0,6244.23,16118.52,2919.16,False,5500.00,11,True,2149.46,195.41,2026-06-04,False,False,False,False,0,,Generalista
C001635,Cliente 1635,Mass,False,Guayaquil,False,30,618.26,2,True,Cuenta de Ahorros|Tarjeta de Crédito,0,1444.93,549.28,549.28,False,1000.00,6,True,203.84,33.97,2026-07-13,False,False,True,False,1,Food Lover,Food Lover
C001636,Cliente 1636,Affluent,False,Quito,False,46,1537.46,2,True,Crédito Vehicular|Tarjeta de Crédito,0,0.00,19599.69,2793.20,False,4300.00,10,True,810.81,81.08,2026-08-03,False,False,False,True,1,Tech Lover,Tech Lover
C001637,Cliente 1637,Joven,False,Quito,False,53,615.76,2,True,Crédito de Consumo|Tarjeta de Crédito,0,0.00,3294.27,156.61,False,1400.00,11,True,601.86,54.71,2026-07-08,True,False,False,False,1,Travel Lover,Travel Lover
C001638,Cliente 1638,Mass,False,Cuenca,False,27,829.28,3,True,Cuenta Corriente|Cuenta de Ahorros|Tarjeta de Crédito,0,4213.62,1750.83,1750.83,False,2400.00,8,True,362.99,45.37,2026-07-29,False,False,True,False,1,Food Lover,Food Lover
C001639,Cliente 1639,Affluent,False,Manta,False,46,1590.97,3,True,Crédito Hipotecario|Crédito Vehicular|Cuenta de Ahorros,0,1811.59,96684.10,0.00,False,0.00,0,False,0.00,,,False,False,False,False,0,,Sin información transaccional
C001640,Cliente 1640,PyME,False,Guayaquil,False,32,3014.74,2,True,Crédito de Consumo|Tarjeta de Crédito,0,0.00,17920.36,2179.92,False,5000.00,4,True,1083.17,270.79,2026-07-12,False,False,False,False,0,,Generalista
C001641,Cliente 1641,Affluent,False,Ambato,False,39,1835.35,4,True,Crédito Vehicular|Cuenta Corriente|Cuenta de Ahorros|Tarjeta de Crédito,1,294.82,12391.49,3218.04,True,5200.00,13,True,1761.29,135.48,2026-08-20,False,True,False,False,1,Streaming Lover,Streaming Lover
C001642,Cliente 1642,Premium,False,Quito,False,22,6664.01,4,True,Crédito Vehicular|Crédito de Consumo|Cuenta Corriente|Tarjeta de Crédito,0,12246.33,54957.83,1608.72,False,20000.00,6,True,2025.76,337.63,2026-06-23,True,False,False,False,1,Travel Lover,Travel Lover
C001643,Cliente 1643,Affluent,False,Quito,False,26,1338.55,4,True,Crédito Hipotecario|Crédito de Consumo|Cuenta de Ahorros|Tarjeta de Crédito,0,-100.00,65147.83,786.66,False,1700.00,5,True,335.30,67.06,2025-12-03,True,True,False,False,2,Travel Lover|Streaming Lover,Travel Lover
C001644,Cliente 1644,Premium,False,Cuenca,False,40,4784.92,1,False,Crédito Hipotecario,0,0.00,73477.92,0.00,False,0.00,0,False,0.00,,,False,False,False,False,0,,Sin información transaccional
C001645,Cliente 1645,Mass,False,Guayaquil,False,48,1224.59,3,True,Crédito Vehicular|Cuenta Corriente|Tarjeta de Crédito,0,2864.35,19060.86,0.00,False,2600.00,4,True,398.14,99.53,2026-04-11,False,False,False,True,1,Tech Lover,Tech Lover
C001646,Cliente 1646,Premium,False,Guayaquil,False,37,4310.65,3,True,Crédito Vehicular|Cuenta de Ahorros|Tarjeta de Crédito,0,3744.11,18168.48,0.00,False,4400.00,14,True,4121.39,294.39,2026-08-18,False,False,False,True,1,Tech Lover,Tech Lover
C001647,Cliente 1647,Joven,False,Loja,False,30,752.91,2,True,Crédito de Consumo|Tarjeta de Crédito,0,0.00,3622.48,392.08,False,1600.00,4,True,264.00,66.00,2026-02-20,False,False,False,False,0,,Generalista
C001648,Cliente 1648,Joven,False,Quito,False,29,374.93,3,True,Crédito Hipotecario|Crédito de Consumo|Tarjeta de Crédito,0,0.00,97286.76,194.17,False,1100.00,13,True,268.51,20.65,2026-07-29,False,True,False,False,1,Streaming Lover,Streaming Lover
C001649,Cliente 1649,PyME,False,Quito,False,35,2370.33,2,True,Crédito Hipotecario|Tarjeta de Crédito,0,0.00,135950.92,3145.42,False,5800.00,7,True,1155.89,165.13,2026-08-09,False,False,False,True,1,Tech Lover,Tech Lover
C001650,Cliente 1650,Mass,False,Guayaquil,False,30,1034.92,3,True,Crédito Vehicular|Cuenta Corriente|Tarjeta de Crédito,0,7055.74,16336.18,1407.04,False,3000.00,5,True,202.33,40.47,2026-01-25,False,False,False,False,0,,Generalista
C001651,Cliente 1651,Mass,False,Quito,False,44,658.20,3,True,Crédito de Consumo|Cuenta de Ahorros|Tarjeta de Crédito,0,2922.60,5835.83,686.35,False,1200.00,5,True,174.62,34.92,2026-08-21,False,False,False,False,0,,Generalista
C001652,Cliente 1652,Mass,False,Guayaquil,False,30,821.83,3,True,Crédito Hipotecario|Cuenta de Ahorros|Tarjeta de Crédito,0,2660.17,88220.38,560.75,False,1400.00,9,True,529.79,58.87,2026-07-06,False,False,True,False,1,Food Lover,Food Lover
C001653,Cliente 1653,PyME,False,Quito,False,30,3856.16,2,True,Cuenta de Ahorros|Tarjeta de Crédito,0,7040.08,3084.91,3084.91,False,11500.00,4,True,1651.13,412.78,2025-12-21,False,False,True,False,1,Food Lover,Food Lover
C001654,Cliente 1654,Premium,False,Guayaquil,False,48,2916.64,3,True,Crédito de Consumo|Cuenta Corriente|Cuenta de Ahorros,0,9229.37,13144.23,0.00,False,0.00,0,False,0.00,,,False,False,False,False,0,,Sin información transaccional
C001655,Cliente 1655,Mass,False,Guayaquil,False,48,1085.39,1,False,Crédito de Consumo,0,0.00,2909.06,0.00,False,0.00,0,False,0.00,,,False,False,False,False,0,,Sin información transaccional
C001656,Cliente 1656,Mass,False,Quito,False,66,942.15,1,False,Cuenta Corriente,0,4002.84,0.00,0.00,False,0.00,0,False,0.00,,,False,False,False,False,0,,Sin información transaccional
C001657,Cliente 1657,Joven,False,Quito,False,22,970.58,3,True,Cuenta Corriente|Cuenta de Ahorros|Tarjeta de Crédito,0,2179.77,1946.23,1946.23,False,2300.00,4,True,130.31,32.58,2026-07-22,False,False,False,False,0,,Generalista
C001658,Cliente 1658,Mass,False,Quito,False,39,743.63,2,True,Cuenta Corriente|Tarjeta de Crédito,0,1200.87,518.37,518.37,False,1500.00,12,True,561.31,46.78,2026-07-08,False,False,True,False,1,Food Lover,Food Lover
C001659,Cliente 1659,Mass,False,Loja,False,39,611.23,3,True,Crédito Hipotecario|Cuenta Corriente|Tarjeta de Crédito,0,2766.61,25684.26,869.21,False,1400.00,4,True,107.54,26.89,2026-06-01,False,False,False,False,0,,Generalista
C001660,Cliente 1660,Mass,False,Guayaquil,False,53,667.98,1,False,Cuenta de Ahorros,0,785.52,0.00,0.00,False,0.00,0,False,0.00,,,False,False,False,False,0,,Sin información transaccional
C001661,Cliente 1661,PyME,True,Loja,False,48,3493.30,2,True,Cuenta de Ahorros|Tarjeta de Crédito,0,12274.45,1028.50,1028.50,False,9900.00,12,True,2863.37,238.61,2026-08-30,True,False,False,False,1,Travel Lover,Travel Lover
C001662,Cliente 1662,Mass,False,Quito,False,30,877.66,1,False,Crédito Vehicular,0,0.00,20406.19,0.00,False,0.00,0,False,0.00,,,False,False,False,False,0,,Sin información transaccional
C001663,Cliente 1663,Premium,False,Quito,False,33,3135.17,2,True,Crédito Hipotecario|Cuenta Corriente,0,7710.28,67096.50,0.00,False,0.00,0,False,0.00,,,False,False,False,False,0,,Sin información transaccional
C001664,Cliente 1664,Mass,False,Cuenca,False,42,606.05,2,True,Cuenta de Ahorros|Tarjeta de Crédito,0,1812.07,500.38,500.38,False,1400.00,5,True,306.50,61.30,2026-07-01,False,True,False,False,1,Streaming Lover,Streaming Lover
C001665,Cliente 1665,Mass,False,Ambato,False,30,790.10,1,False,Cuenta de Ahorros,0,816.83,0.00,0.00,False,0.00,0,False,0.00,,,False,False,False,False,0,,Sin información transaccional
C001666,Cliente 1666,Premium,False,Guayaquil,False,32,5118.06,4,True,Crédito Vehicular|Crédito de Consumo|Cuenta de Ahorros|Tarjeta de Crédito,0,13888.31,38653.14,0.00,False,9300.00,5,True,1103.96,220.79,2025-12-20,False,False,False,False,0,,Generalista
C001667,Cliente 1667,Mass,False,Quito,False,31,1590.19,4,True,Crédito Vehicular|Crédito de Consumo|Cuenta Corriente|Tarjeta de Crédito,0,3884.30,26484.14,521.75,False,2300.00,9,True,1177.97,130.89,2026-07-09,False,False,False,True,1,Tech Lover,Tech Lover
C001668,Cliente 1668,Affluent,False,Quito,False,32,3138.46,2,True,Cuenta de Ahorros|Tarjeta de Crédito,0,2000.09,1019.34,1019.34,False,3600.00,6,True,1050.82,175.14,2026-06-26,False,True,False,False,1,Streaming Lover,Streaming Lover
C001669,Cliente 1669,Mass,False,Quito,False,62,877.15,2,True,Cuenta Corriente|Tarjeta de Crédito,0,3340.32,1877.48,1877.48,False,2300.00,10,True,652.51,65.25,2026-07-19,False,False,True,False,1,Food Lover,Food Lover
C001670,Cliente 1670,Premium,False,Quito,False,28,4861.33,3,True,Crédito Vehicular|Cuenta de Ahorros|Tarjeta de Crédito,0,29665.78,29930.64,9877.15,False,12600.00,7,True,4125.30,589.33,2026-07-11,True,False,False,False,1,Travel Lover,Travel Lover
C001671,Cliente 1671,Mass,False,Guayaquil,False,37,1267.11,3,True,Crédito Hipotecario|Cuenta Corriente|Tarjeta de Crédito,0,-100.00,46136.93,1282.51,False,3300.00,5,True,489.50,97.90,2026-05-19,False,False,True,False,1,Food Lover,Food Lover
C001672,Cliente 1672,Affluent,False,Quito,False,28,2221.26,3,True,Crédito de Consumo|Cuenta de Ahorros|Tarjeta de Crédito,0,2983.79,12824.12,1187.93,False,3900.00,5,True,1114.51,222.90,2026-08-10,False,False,True,False,1,Food Lover,Food Lover
C001673,Cliente 1673,Mass,False,Guayaquil,False,44,1021.82,2,True,Cuenta Corriente|Tarjeta de Crédito,0,1020.34,434.06,434.06,False,3100.00,6,True,324.02,54.00,2026-06-23,False,False,False,True,1,Tech Lover,Tech Lover
C001674,Cliente 1674,PyME,False,Cuenca,False,36,2362.21,2,True,Crédito Hipotecario|Tarjeta de Crédito,0,0.00,92260.10,1659.20,False,5100.00,4,True,1011.37,252.84,2026-05-29,False,False,False,False,0,,Generalista
C001675,Cliente 1675,Mass,False,Guayaquil,False,58,1297.91,2,True,Crédito Hipotecario|Crédito Vehicular,0,0.00,113121.10,0.00,False,0.00,0,False,0.00,,,False,False,False,False,0,,Sin información transaccional
C001676,Cliente 1676,Mass,False,Guayaquil,False,43,566.80,3,True,Crédito Vehicular|Crédito de Consumo|Tarjeta de Crédito,0,0.00,23860.76,237.94,False,600.00,12,True,371.65,30.97,2026-05-10,False,False,False,False,0,,Generalista
C001677,Cliente 1677,Joven,True,Quito,False,21,558.59,1,False,Tarjeta de Crédito,0,0.00,294.04,294.04,False,900.00,14,True,571.72,40.84,2026-05-17,False,False,False,True,1,Tech Lover,Tech Lover
C001678,Cliente 1678,Mass,False,Cuenca,False,37,829.32,2,True,Crédito Vehicular|Tarjeta de Crédito,0,0.00,26587.47,378.37,False,2000.00,8,True,460.57,57.57,2026-07-03,False,False,True,False,1,Food Lover,Food Lover
C001679,Cliente 1679,Mass,False,Loja,False,38,460.52,2,True,Crédito Hipotecario|Crédito Vehicular,0,0.00,101839.68,0.00,False,0.00,0,False,0.00,,,False,False,False,False,0,,Sin información transaccional
C001680,Cliente 1680,Premium,False,Quito,False,46,4316.87,2,True,Crédito Vehicular|Tarjeta de Crédito,0,0.00,23727.51,4643.99,False,9900.00,7,True,1867.25,266.75,2026-08-04,False,False,False,False,0,,Generalista
C001681,Cliente 1681,Affluent,False,Guayaquil,False,45,2216.71,2,True,Crédito Hipotecario|Tarjeta de Crédito,0,0.00,70375.94,457.10,False,4100.00,5,True,555.99,111.20,2026-05-09,False,False,False,False,0,,Generalista
C001682,Cliente 1682,Joven,False,Quito,False,49,666.87,3,True,Crédito Vehicular|Cuenta Corriente|Tarjeta de Crédito,0,3097.20,24338.52,302.46,False,900.00,6,True,289.71,48.28,2026-05-03,False,False,False,True,1,Tech Lover,Tech Lover
C001683,Cliente 1683,Affluent,True,Guayaquil,False,49,1646.20,2,True,Crédito de Consumo|Tarjeta de Crédito,0,0.00,14990.58,363.23,False,1900.00,12,True,1247.16,103.93,2026-07-08,False,False,False,False,0,,Generalista
C001684,Cliente 1684,Mass,False,Guayaquil,False,43,1174.02,3,True,Crédito Hipotecario|Cuenta Corriente|Tarjeta de Crédito,0,6916.22,42232.56,1021.18,False,3100.00,9,True,965.93,107.33,2026-07-09,False,False,False,True,1,Tech Lover,Tech Lover
C001685,Cliente 1685,Mass,False,Quito,False,49,1023.74,2,True,Crédito Hipotecario|Tarjeta de Crédito,0,0.00,49154.76,2168.45,False,2200.00,11,True,712.43,64.77,2026-08-10,False,False,False,True,1,Tech Lover,Tech Lover
C001686,Cliente 1686,Mass,False,Quito,False,18,891.58,3,True,Crédito Hipotecario|Cuenta Corriente|Tarjeta de Crédito,0,2364.41,45383.13,1108.14,False,2100.00,5,True,271.77,54.35,2026-06-13,False,False,False,False,0,,Generalista
C001687,Cliente 1687,Joven,True,Quito,False,19,414.75,2,True,Crédito de Consumo|Tarjeta de Crédito,0,0.00,2970.10,0.00,False,500.00,5,True,92.11,18.42,2026-06-29,False,True,False,False,1,Streaming Lover,Streaming Lover
C001688,Cliente 1688,Mass,False,Cuenca,False,43,515.76,2,True,Cuenta Corriente|Tarjeta de Crédito,0,-100.00,84.51,84.51,False,500.00,10,True,299.04,29.90,2026-05-09,False,False,False,False,0,,Generalista
C001689,Cliente 1689,Affluent,False,Guayaquil,False,46,2154.15,1,False,Crédito de Consumo,0,0.00,6891.84,0.00,False,0.00,0,False,0.00,,,False,False,False,False,0,,Sin información transaccional
C001690,Cliente 1690,Mass,False,Guayaquil,False,31,998.85,4,True,Crédito Hipotecario|Crédito Vehicular|Cuenta de Ahorros|Tarjeta de Crédito,0,2310.16,105084.87,1136.01,False,2500.00,4,True,156.32,39.08,2026-06-08,False,False,False,False,0,,Generalista
C001691,Cliente 1691,Affluent,False,Quito,False,29,1625.04,2,True,Crédito de Consumo|Cuenta Corriente,0,1484.10,17020.37,0.00,False,0.00,0,False,0.00,,,False,False,False,False,0,,Sin información transaccional
C001692,Cliente 1692,Mass,False,Guayaquil,False,23,559.70,3,True,Crédito de Consumo|Cuenta Corriente|Tarjeta de Crédito,0,191.77,5658.41,155.34,False,900.00,14,True,557.97,39.86,2026-08-12,False,False,False,False,0,,Generalista
C001693,Cliente 1693,Affluent,False,Quito,False,48,1905.81,2,True,Crédito Hipotecario|Tarjeta de Crédito,0,0.00,89548.08,772.55,False,2400.00,4,True,299.63,74.91,2026-01-31,False,False,False,False,0,,Generalista
C001694,Cliente 1694,Mass,True,Manta,False,23,1452.77,3,True,Crédito Hipotecario|Cuenta Corriente|Tarjeta de Crédito,0,2192.23,47976.09,183.86,False,2100.00,9,True,1273.39,141.49,2026-08-16,True,False,False,False,1,Travel Lover,Travel Lover
C001695,Cliente 1695,Joven,False,Guayaquil,False,55,937.84,1,False,Tarjeta de Crédito,0,0.00,498.07,498.07,False,1000.00,11,True,577.94,52.54,2026-06-12,False,False,False,True,1,Tech Lover,Tech Lover
C001696,Cliente 1696,Joven,False,Quito,False,32,592.94,4,True,Crédito Hipotecario|Crédito de Consumo|Cuenta Corriente|Tarjeta de Crédito,0,-99.77,98742.42,717.88,False,1500.00,10,True,452.49,45.25,2026-07-14,False,True,False,True,2,Streaming Lover|Tech Lover,Streaming Lover
C001697,Cliente 1697,Mass,False,Guayaquil,False,24,843.40,1,False,Cuenta de Ahorros,0,1197.50,0.00,0.00,False,0.00,0,False,0.00,,,False,False,False,False,0,,Sin información transaccional
C001698,Cliente 1698,Affluent,False,Loja,False,43,2614.00,2,True,Cuenta Corriente|Tarjeta de Crédito,0,2782.00,1691.22,1691.22,False,6000.00,11,True,2316.71,210.61,2026-05-12,False,False,True,True,2,Food Lover|Tech Lover,Food Lover
C001699,Cliente 1699,Premium,False,Quito,False,24,5861.34,2,True,Crédito Hipotecario|Crédito de Consumo,0,0.00,107064.31,0.00,False,0.00,0,False,0.00,,,False,False,False,False,0,,Sin información transaccional
C001700,Cliente 1700,PyME,False,Manta,False,33,2933.08,1,False,Tarjeta de Crédito,0,0.00,372.76,372.76,False,3500.00,5,True,1087.04,217.41,2025-11-13,False,False,False,False,0,,Generalista
C001701,Cliente 1701,Mass,False,Manta,False,39,650.35,2,True,Cuenta Corriente|Tarjeta de Crédito,0,1692.45,183.29,183.29,False,1000.00,9,True,667.36,74.15,2026-05-09,False,False,False,False,0,,Generalista
C001702,Cliente 1702,Affluent,False,Quito,False,35,2437.35,3,True,Crédito Hipotecario|Crédito Vehicular|Tarjeta de Crédito,0,0.00,138441.58,2017.11,False,5500.00,8,True,1508.32,188.54,2026-02-22,True,True,False,False,2,Travel Lover|Streaming Lover,Travel Lover
C001703,Cliente 1703,Premium,False,Manta,False,34,3762.88,2,True,Crédito Hipotecario|Cuenta de Ahorros,0,14004.25,55153.57,0.00,False,0.00,0,False,0.00,,,False,False,False,False,0,,Sin información transaccional
C001704,Cliente 1704,Mass,False,Quito,False,32,643.83,1,False,Crédito Hipotecario,0,0.00,73176.61,0.00,False,0.00,0,False,0.00,,,False,False,False,False,0,,Sin información transaccional
C001705,Cliente 1705,Mass,False,Quito,False,29,731.92,1,False,Tarjeta de Crédito,0,0.00,0.00,0.00,False,1800.00,12,True,477.74,39.81,2026-04-14,False,False,False,False,0,,Generalista
C001706,Cliente 1706,Affluent,False,Cuenca,False,66,2178.44,2,True,Crédito Hipotecario|Cuenta Corriente,0,-100.00,106183.62,0.00,False,0.00,0,False,0.00,,,False,False,False,False,0,,Sin información transaccional
C001707,Cliente 1707,Joven,False,Quito,False,42,897.74,1,False,Cuenta de Ahorros,0,1062.82,0.00,0.00,False,0.00,0,False,0.00,,,False,False,False,False,0,,Sin información transaccional
C001708,Cliente 1708,Mass,False,Guayaquil,False,32,1202.49,2,True,Crédito Hipotecario|Cuenta de Ahorros,0,3627.54,47071.43,0.00,False,0.00,0,False,0.00,,,False,False,False,False,0,,Sin información transaccional
C001709,Cliente 1709,Mass,False,Ambato,False,48,1165.92,2,True,Crédito Vehicular|Tarjeta de Crédito,0,0.00,23130.36,1481.39,False,3300.00,9,True,369.44,41.05,2026-08-12,False,False,False,False,0,,Generalista
C001710,Cliente 1710,Mass,False,Quito,False,37,1053.11,2,True,Crédito Vehicular|Tarjeta de Crédito,0,0.00,11035.34,463.85,False,2300.00,10,True,557.50,55.75,2026-06-02,False,False,True,False,1,Food Lover,Food Lover
C001711,Cliente 1711,Premium,False,Loja,False,36,3569.95,2,True,Crédito de Consumo|Tarjeta de Crédito,0,0.00,21289.74,1072.58,False,7100.00,9,True,2432.41,270.27,2025-12-18,True,False,False,False,1,Travel Lover,Travel Lover
C001712,Cliente 1712,Premium,False,Guayaquil,False,23,2896.76,3,True,Crédito Vehicular|Cuenta Corriente|Tarjeta de Crédito,0,10471.41,28906.66,1044.72,False,6600.00,12,True,2895.69,241.31,2026-07-09,True,False,False,False,1,Travel Lover,Travel Lover
C001713,Cliente 1713,Premium,False,Guayaquil,False,27,5406.70,3,True,Crédito Vehicular|Crédito de Consumo|Tarjeta de Crédito,0,0.00,48915.33,4912.96,False,12300.00,11,True,5397.28,490.66,2026-08-18,False,False,False,False,0,,Generalista
C001714,Cliente 1714,Mass,False,Ambato,False,46,851.86,2,True,Crédito de Consumo|Tarjeta de Crédito,0,0.00,5371.81,1095.77,False,2100.00,4,True,334.57,83.64,2026-04-17,False,False,False,False,0,,Generalista
C001715,Cliente 1715,Mass,False,Quito,False,36,790.28,2,True,Cuenta Corriente|Tarjeta de Crédito,0,2616.62,412.87,412.87,False,1000.00,14,True,723.44,51.67,2026-07-31,False,True,False,True,2,Streaming Lover|Tech Lover,Streaming Lover
C001716,Cliente 1716,Mass,False,Guayaquil,False,51,590.73,2,True,Crédito Vehicular|Tarjeta de Crédito,0,0.00,22399.90,156.12,False,1600.00,5,True,129.13,25.83,2026-08-16,False,False,False,False,0,,Generalista
C001717,Cliente 1717,Premium,False,Guayaquil,False,32,8806.30,3,True,Crédito Vehicular|Cuenta de Ahorros|Tarjeta de Crédito,0,30737.97,12797.81,3149.00,False,14600.00,9,True,2582.08,286.90,2026-04-28,False,True,False,False,1,Streaming Lover,Streaming Lover
C001718,Cliente 1718,Mass,False,Cuenca,False,42,662.20,2,True,Crédito Vehicular|Tarjeta de Crédito,0,0.00,10028.91,499.16,False,1300.00,13,True,698.29,53.71,2026-08-29,False,True,False,True,2,Streaming Lover|Tech Lover,Tech Lover
C001719,Cliente 1719,Joven,False,Quito,False,50,766.95,2,True,Crédito de Consumo|Tarjeta de Crédito,0,0.00,2393.85,290.64,False,2000.00,12,True,597.84,49.82,2026-06-09,False,False,False,False,0,,Generalista
C001720,Cliente 1720,Mass,False,Manta,False,29,1420.52,1,False,Cuenta de Ahorros,0,5404.26,0.00,0.00,False,0.00,0,False,0.00,,,False,False,False,False,0,,Sin información transaccional
C001721,Cliente 1721,Premium,False,Quito,False,48,7234.76,3,True,Crédito Vehicular|Crédito de Consumo|Tarjeta de Crédito,0,0.00,46922.39,4605.70,False,15800.00,5,True,1895.41,379.08,2026-02-05,False,True,False,False,1,Streaming Lover,Streaming Lover
C001722,Cliente 1722,Mass,False,Quito,False,18,683.18,3,True,Crédito Hipotecario|Crédito de Consumo|Tarjeta de Crédito,0,0.00,106095.10,429.33,False,1000.00,12,True,509.25,42.44,2026-07-16,False,False,False,False,0,,Generalista
C001723,Cliente 1723,Mass,False,Guayaquil,False,42,1085.37,2,True,Cuenta Corriente|Tarjeta de Crédito,0,4701.05,293.81,293.81,False,2700.00,9,True,673.75,74.86,2026-08-08,False,False,False,False,0,,Generalista
C001724,Cliente 1724,Mass,False,Quito,False,26,1025.83,3,True,Crédito Hipotecario|Crédito de Consumo|Tarjeta de Crédito,0,0.00,85700.92,492.38,False,2000.00,6,True,433.26,72.21,2026-05-24,False,False,False,False,0,,Generalista
C001725,Cliente 1725,Mass,False,Quito,False,49,1048.50,2,True,Crédito Hipotecario|Tarjeta de Crédito,0,0.00,65599.60,1024.52,False,2900.00,12,True,680.08,56.67,2026-08-08,False,False,False,False,0,,Generalista
C001726,Cliente 1726,Mass,False,Ambato,False,37,828.19,3,True,Crédito de Consumo|Cuenta de Ahorros|Tarjeta de Crédito,0,3059.58,3568.16,402.93,False,2300.00,10,True,631.37,63.14,2026-06-04,False,False,False,False,0,,Generalista
C001727,Cliente 1727,Mass,False,Cuenca,False,22,882.05,3,True,Crédito Hipotecario|Crédito de Consumo|Tarjeta de Crédito,0,0.00,51451.19,481.58,False,1700.00,8,True,568.42,71.05,2026-07-27,False,True,False,False,1,Streaming Lover,Streaming Lover
C001728,Cliente 1728,Mass,False,Manta,False,58,794.96,3,True,Crédito Hipotecario|Crédito Vehicular|Tarjeta de Crédito,0,0.00,106551.90,256.75,False,1200.00,8,True,428.13,53.52,2026-05-28,False,True,False,False,1,Streaming Lover,Streaming Lover
C001729,Cliente 1729,Affluent,False,Quito,False,44,2800.95,2,True,Crédito de Consumo|Cuenta Corriente,0,6349.86,15239.13,0.00,False,0.00,0,False,0.00,,,False,False,False,False,0,,Sin información transaccional
C001730,Cliente 1730,Mass,False,Quito,False,47,578.08,2,True,Crédito Hipotecario|Tarjeta de Crédito,0,0.00,42181.11,287.85,False,600.00,12,True,450.03,37.50,2026-05-13,False,True,False,False,1,Streaming Lover,Streaming Lover
C001731,Cliente 1731,Premium,True,Cuenca,False,34,2847.29,2,True,Cuenta de Ahorros|Tarjeta de Crédito,0,5949.16,3728.27,3728.27,False,6400.00,10,True,1892.54,189.25,2026-08-13,False,False,True,False,1,Food Lover,Food Lover
C001732,Cliente 1732,Mass,False,Cuenca,False,32,798.34,1,False,Crédito Hipotecario,0,0.00,24801.62,0.00,False,0.00,0,False,0.00,,,False,False,False,False,0,,Sin información transaccional
C001733,Cliente 1733,Premium,False,Quito,False,27,6102.53,4,True,Crédito Hipotecario|Cuenta Corriente|Cuenta de Ahorros|Tarjeta de Crédito,0,13186.78,63587.22,2835.98,False,10200.00,4,True,2063.29,515.82,2026-06-30,True,False,False,False,1,Travel Lover,Travel Lover
C001734,Cliente 1734,PyME,True,Quito,False,43,1477.21,2,True,Crédito de Consumo|Tarjeta de Crédito,0,0.00,25844.73,2076.08,False,3500.00,10,True,1260.96,126.10,2026-07-15,True,False,False,False,1,Travel Lover,Travel Lover
C001735,Cliente 1735,Mass,False,Quito,False,47,593.18,1,False,Cuenta de Ahorros,0,378.59,0.00,0.00,False,0.00,0,False,0.00,,,False,False,False,False,0,,Sin información transaccional
C001736,Cliente 1736,Mass,False,Ambato,False,41,2162.86,2,True,Crédito Hipotecario|Tarjeta de Crédito,0,0.00,58089.98,645.48,False,3600.00,5,True,1239.58,247.92,2026-08-09,False,True,True,False,2,Streaming Lover|Food Lover,Food Lover
C001737,Cliente 1737,Premium,False,Guayaquil,False,18,6709.71,3,True,Crédito Hipotecario|Crédito de Consumo|Tarjeta de Crédito,0,0.00,89502.46,6292.50,False,15400.00,13,True,3840.04,295.39,2026-08-28,True,False,False,False,1,Travel Lover,Travel Lover
C001738,Cliente 1738,Joven,False,Guayaquil,False,35,718.84,3,True,Crédito Hipotecario|Cuenta Corriente|Tarjeta de Crédito,0,1879.59,62812.01,650.21,False,1800.00,11,True,579.32,52.67,2026-08-27,False,False,True,False,1,Food Lover,Food Lover
C001739,Cliente 1739,Affluent,True,Manta,False,30,1389.25,2,True,Crédito Hipotecario|Crédito de Consumo,0,0.00,81682.90,0.00,False,0.00,0,False,0.00,,,False,False,False,False,0,,Sin información transaccional
C001740,Cliente 1740,Premium,False,Quito,False,32,4960.06,2,True,Crédito Hipotecario|Tarjeta de Crédito,0,0.00,27614.76,457.54,False,10000.00,5,True,1557.98,311.60,2026-03-27,False,False,False,False,0,,Generalista
C001741,Cliente 1741,PyME,False,Cuenca,False,39,2398.95,2,True,Cuenta Corriente|Tarjeta de Crédito,0,3521.84,1189.84,1189.84,False,2500.00,9,True,1670.54,185.62,2026-05-30,False,False,False,False,0,,Generalista
C001742,Cliente 1742,Joven,False,Quito,False,59,1071.82,1,False,Tarjeta de Crédito,0,0.00,379.42,379.42,False,1700.00,5,True,441.23,88.25,2026-08-04,False,False,False,False,0,,Generalista
C001743,Cliente 1743,PyME,False,Quito,False,36,2405.61,2,True,Crédito Hipotecario|Cuenta de Ahorros,0,8419.67,106377.30,0.00,False,0.00,0,False,0.00,,,False,False,False,False,0,,Sin información transaccional
C001744,Cliente 1744,Joven,False,Cuenca,False,26,892.33,3,True,Crédito Vehicular|Crédito de Consumo|Tarjeta de Crédito,0,0.00,15291.20,598.89,False,1300.00,4,True,140.62,35.16,2026-06-09,False,False,False,False,0,,Generalista
C001745,Cliente 1745,Mass,False,Quito,False,46,602.81,1,False,Tarjeta de Crédito,0,0.00,258.38,258.38,False,700.00,9,True,234.85,26.09,2026-07-25,False,False,False,False,0,,Generalista
C001746,Cliente 1746,PyME,False,Manta,False,49,1281.44,2,True,Crédito Vehicular|Tarjeta de Crédito,0,0.00,8675.82,1100.54,False,2500.00,4,True,729.38,182.34,2026-03-27,False,False,False,False,0,,Generalista
C001747,Cliente 1747,Mass,False,Guayaquil,False,34,1244.50,1,False,Tarjeta de Crédito,0,0.00,706.26,706.26,False,2000.00,7,True,640.89,91.56,2026-07-16,False,True,False,False,1,Streaming Lover,Streaming Lover
C001748,Cliente 1748,Mass,False,Quito,False,40,527.84,1,False,Cuenta de Ahorros,0,1623.21,0.00,0.00,False,0.00,0,False,0.00,,,False,False,False,False,0,,Sin información transaccional
C001749,Cliente 1749,Affluent,False,Quito,False,46,2540.07,3,True,Crédito Vehicular|Cuenta Corriente|Tarjeta de Crédito,0,8105.35,9288.68,2248.56,False,6200.00,4,True,498.57,124.64,2026-04-26,False,False,False,False,0,,Generalista
C001750,Cliente 1750,Mass,False,Cuenca,False,46,615.37,2,True,Crédito Hipotecario|Tarjeta de Crédito,0,0.00,49654.74,595.06,False,1800.00,13,True,470.16,36.17,2026-07-05,False,False,False,False,0,,Generalista
C001751,Cliente 1751,Premium,False,Loja,False,27,5392.29,1,False,Crédito Vehicular,0,0.00,14425.01,0.00,False,0.00,0,False,0.00,,,False,False,False,False,0,,Sin información transaccional
C001752,Cliente 1752,PyME,False,Guayaquil,False,43,2353.40,1,False,Tarjeta de Crédito,0,0.00,1037.87,1037.87,False,5200.00,10,True,1080.27,108.03,2026-05-19,False,False,True,False,1,Food Lover,Food Lover
C001753,Cliente 1753,Premium,False,Guayaquil,False,27,3898.70,1,False,Cuenta de Ahorros,0,-100.00,0.00,0.00,False,0.00,0,False,0.00,,,False,False,False,False,0,,Sin información transaccional
C001754,Cliente 1754,Mass,True,Guayaquil,False,41,646.46,2,True,Crédito Vehicular|Tarjeta de Crédito,0,0.00,12813.13,691.98,False,1700.00,10,True,677.24,67.72,2026-07-04,False,False,False,False,0,,Generalista
C001755,Cliente 1755,Mass,False,Loja,False,46,2462.35,4,True,Crédito Hipotecario|Crédito Vehicular|Cuenta Corriente|Tarjeta de Crédito,0,8998.83,90170.57,1680.75,False,4800.00,11,True,1553.06,141.19,2026-05-12,False,False,False,False,0,,Generalista
C001756,Cliente 1756,Mass,False,Quito,False,30,1468.03,1,False,Crédito Hipotecario,0,0.00,33477.09,0.00,False,0.00,0,False,0.00,,,False,False,False,False,0,,Sin información transaccional
C001757,Cliente 1757,PyME,False,Quito,False,62,3420.50,3,True,Crédito Hipotecario|Cuenta Corriente|Cuenta de Ahorros,0,15107.48,33296.17,0.00,False,0.00,0,False,0.00,,,False,False,False,False,0,,Sin información transaccional
C001758,Cliente 1758,Affluent,False,Quito,False,35,3670.94,4,True,Crédito Hipotecario|Crédito de Consumo|Cuenta de Ahorros|Tarjeta de Crédito,0,1772.70,75185.69,1588.28,False,3800.00,8,True,2034.09,254.26,2026-08-27,True,False,False,False,1,Travel Lover,Travel Lover
C001759,Cliente 1759,PyME,True,Cuenca,False,33,3047.98,3,True,Crédito Vehicular|Crédito de Consumo|Tarjeta de Crédito,0,0.00,37526.92,2001.95,False,4300.00,8,True,1681.65,210.21,2026-08-01,True,False,False,False,1,Travel Lover,Travel Lover
C001760,Cliente 1760,Affluent,False,Quito,False,41,4465.65,2,True,Cuenta de Ahorros|Tarjeta de Crédito,0,8318.77,3010.08,3010.08,False,6900.00,9,True,2842.81,315.87,2026-08-27,False,False,False,True,1,Tech Lover,Tech Lover
C001761,Cliente 1761,Mass,False,Guayaquil,False,45,710.39,1,False,Tarjeta de Crédito,0,0.00,144.95,144.95,False,1200.00,10,True,287.93,28.79,2026-06-11,False,False,False,False,0,,Generalista
C001762,Cliente 1762,Mass,False,Quito,False,51,887.19,3,True,Crédito Vehicular|Cuenta de Ahorros|Tarjeta de Crédito,0,2032.39,26432.28,570.19,False,2500.00,10,True,380.75,38.08,2026-07-28,True,True,False,False,2,Travel Lover|Streaming Lover,Travel Lover
C001763,Cliente 1763,PyME,False,Guayaquil,False,18,3464.76,3,True,Crédito Hipotecario|Crédito de Consumo|Tarjeta de Crédito,0,0.00,58788.10,2616.17,False,8600.00,11,True,2000.39,181.85,2026-02-28,False,False,False,False,0,,Generalista
C001764,Cliente 1764,Mass,False,Ambato,False,37,1408.61,1,False,Crédito de Consumo,0,0.00,5568.11,0.00,False,0.00,0,False,0.00,,,False,False,False,False,0,,Sin información transaccional
C001765,Cliente 1765,Mass,False,Guayaquil,False,18,1912.95,2,True,Crédito de Consumo|Cuenta Corriente,0,6587.63,5931.44,0.00,False,0.00,0,False,0.00,,,False,False,False,False,0,,Sin información transaccional
C001766,Cliente 1766,Mass,True,Manta,False,70,877.84,2,True,Crédito Hipotecario|Tarjeta de Crédito,0,0.00,73061.90,316.91,False,1100.00,8,True,588.36,73.55,2026-08-09,True,False,False,False,1,Travel Lover,Travel Lover
C001767,Cliente 1767,PyME,False,Guayaquil,False,43,2688.47,2,True,Crédito Hipotecario|Tarjeta de Crédito,0,0.00,102465.24,318.40,False,6400.00,9,True,1444.38,160.49,2026-08-16,True,False,False,True,2,Travel Lover|Tech Lover,Travel Lover
C001768,Cliente 1768,Mass,False,Quito,False,37,871.36,3,True,Crédito Hipotecario|Crédito Vehicular|Tarjeta de Crédito,0,0.00,141464.47,413.54,False,1700.00,9,True,779.21,86.58,2026-07-16,True,True,False,False,2,Travel Lover|Streaming Lover,Streaming Lover
C001769,Cliente 1769,Premium,False,Ambato,False,43,5077.58,3,True,Crédito Vehicular|Crédito de Consumo|Tarjeta de Crédito,0,0.00,38538.96,0.00,False,14300.00,13,True,7769.50,597.65,2026-05-18,True,False,False,True,2,Travel Lover|Tech Lover,Travel Lover
C001770,Cliente 1770,Affluent,False,Guayaquil,False,53,2449.09,4,True,Crédito Hipotecario|Crédito de Consumo|Cuenta Corriente|Tarjeta de Crédito,0,4639.59,143410.51,2459.85,False,4300.00,7,True,730.13,104.30,2026-04-18,False,False,False,False,0,,Generalista
C001771,Cliente 1771,Joven,False,Quito,False,44,858.05,2,True,Crédito de Consumo|Tarjeta de Crédito,0,0.00,4396.29,1791.64,False,2500.00,8,True,372.19,46.52,2026-07-21,False,False,False,False,0,,Generalista
C001772,Cliente 1772,Mass,False,Guayaquil,False,48,997.34,4,True,Crédito Hipotecario|Cuenta Corriente|Cuenta de Ahorros|Tarjeta de Crédito,0,5561.42,113267.83,640.76,False,2000.00,7,True,314.51,44.93,2026-08-22,False,False,False,False,0,,Generalista
C001773,Cliente 1773,Affluent,False,Cuenca,False,74,3214.41,3,True,Crédito Hipotecario|Cuenta Corriente|Tarjeta de Crédito,0,10376.51,65857.52,3582.99,False,6800.00,6,True,1051.37,175.23,2026-05-04,False,True,False,False,1,Streaming Lover,Streaming Lover
C001774,Cliente 1774,Affluent,False,Cuenca,False,43,1543.99,2,True,Cuenta de Ahorros|Tarjeta de Crédito,0,1033.55,474.36,474.36,False,1900.00,13,True,1780.22,136.94,2026-05-23,False,False,False,False,0,,Generalista
C001775,Cliente 1775,Premium,False,Cuenca,False,43,4433.01,2,True,Cuenta Corriente|Tarjeta de Crédito,0,12957.25,4362.27,4362.27,False,6900.00,13,True,3710.72,285.44,2026-08-28,False,True,False,False,1,Streaming Lover,Streaming Lover
C001776,Cliente 1776,Mass,False,Manta,False,26,660.70,2,True,Crédito Vehicular|Tarjeta de Crédito,0,0.00,20825.83,0.00,False,900.00,9,True,400.69,44.52,2026-06-09,False,False,False,False,0,,Generalista
C001777,Cliente 1777,Mass,False,Loja,False,57,793.43,1,False,Crédito Vehicular,0,0.00,14858.03,0.00,False,0.00,0,False,0.00,,,False,False,False,False,0,,Sin información transaccional
C001778,Cliente 1778,Mass,False,Quito,False,29,785.63,1,False,Tarjeta de Crédito,0,0.00,605.26,605.26,False,1400.00,11,True,735.52,66.87,2026-08-28,False,False,False,False,0,,Generalista
C001779,Cliente 1779,Affluent,False,Quito,False,21,2197.43,2,True,Crédito Vehicular|Tarjeta de Crédito,0,0.00,25755.56,1687.63,False,4300.00,8,True,1881.74,235.22,2026-08-16,False,False,False,False,0,,Generalista
C001780,Cliente 1780,Affluent,False,Quito,False,51,3527.59,2,True,Crédito de Consumo|Tarjeta de Crédito,0,0.00,5472.72,2240.35,False,7100.00,13,True,3297.98,253.69,2026-06-13,False,False,False,False,0,,Generalista
C001781,Cliente 1781,Premium,False,Guayaquil,False,50,2507.99,4,True,Crédito de Consumo|Cuenta Corriente|Cuenta de Ahorros|Tarjeta de Crédito,0,7332.03,19921.72,2281.94,False,5600.00,12,True,2131.13,177.59,2026-08-27,False,False,False,False,0,,Generalista
C001782,Cliente 1782,Premium,False,Loja,False,50,3131.30,3,True,Crédito Vehicular|Crédito de Consumo|Tarjeta de Crédito,0,0.00,39296.84,1249.32,False,6000.00,8,True,2111.48,263.94,2026-07-29,False,False,False,False,0,,Generalista
C001783,Cliente 1783,Mass,False,Guayaquil,False,41,1221.00,2,True,Crédito de Consumo|Tarjeta de Crédito,0,0.00,6406.80,51.34,False,1700.00,11,True,921.32,83.76,2026-04-26,True,False,False,False,1,Travel Lover,Travel Lover
C001784,Cliente 1784,Mass,False,Guayaquil,False,18,583.21,2,True,Crédito Hipotecario|Tarjeta de Crédito,0,0.00,103145.29,484.23,False,900.00,6,True,169.89,28.31,2026-06-15,False,True,False,False,1,Streaming Lover,Streaming Lover
C001785,Cliente 1785,Affluent,True,Cuenca,False,34,1097.42,2,True,Crédito de Consumo|Cuenta Corriente,0,3205.00,4575.70,0.00,False,0.00,0,False,0.00,,,False,False,False,False,0,,Sin información transaccional
C001786,Cliente 1786,Affluent,False,Quito,False,51,1495.64,2,True,Crédito Vehicular|Tarjeta de Crédito,0,0.00,11819.94,0.00,False,1800.00,4,True,556.01,139.00,2026-07-03,False,False,False,False,0,,Generalista
C001787,Cliente 1787,PyME,True,Guayaquil,False,59,2503.38,2,True,Crédito Hipotecario|Tarjeta de Crédito,0,0.00,29662.60,0.00,False,3300.00,8,True,1333.53,166.69,2026-06-17,False,False,False,False,0,,Generalista
C001788,Cliente 1788,Mass,False,Guayaquil,False,47,762.63,2,True,Cuenta Corriente|Tarjeta de Crédito,0,809.39,598.30,598.30,False,1200.00,7,True,376.32,53.76,2026-02-23,True,False,False,False,1,Travel Lover,Travel Lover
C001789,Cliente 1789,Premium,False,Guayaquil,False,33,3692.32,3,True,Crédito de Consumo|Cuenta de Ahorros|Tarjeta de Crédito,0,15995.19,28307.34,1044.94,False,4500.00,7,True,1426.07,203.72,2026-02-22,False,True,False,False,1,Streaming Lover,Streaming Lover
C001790,Cliente 1790,Affluent,False,Manta,False,24,2497.89,3,True,Crédito Hipotecario|Crédito de Consumo|Tarjeta de Crédito,0,0.00,107100.60,218.64,False,2600.00,6,True,725.50,120.92,2026-08-02,False,True,False,False,1,Streaming Lover,Streaming Lover
C001791,Cliente 1791,Affluent,False,Quito,False,40,963.79,1,False,Tarjeta de Crédito,0,0.00,576.91,576.91,False,2500.00,9,True,567.41,63.05,2026-07-21,True,True,True,False,3,Travel Lover|Streaming Lover|Food Lover,Travel Lover
C001792,Cliente 1792,Affluent,False,Quito,False,21,2103.48,4,True,Crédito Hipotecario|Crédito de Consumo|Cuenta de Ahorros|Tarjeta de Crédito,0,-100.00,72806.13,2144.97,False,3400.00,12,True,2457.98,204.83,2026-08-30,False,False,False,True,1,Tech Lover,Tech Lover
C001793,Cliente 1793,Mass,False,Guayaquil,False,44,636.16,2,True,Cuenta de Ahorros|Tarjeta de Crédito,0,2031.09,79.01,79.01,False,700.00,12,True,384.26,32.02,2026-08-06,False,False,False,False,0,,Generalista
C001794,Cliente 1794,Mass,False,Cuenca,False,19,909.85,3,True,Crédito de Consumo|Cuenta Corriente|Tarjeta de Crédito,0,1638.34,5407.09,427.53,False,1600.00,7,True,544.95,77.85,2026-07-04,True,False,False,False,1,Travel Lover,Travel Lover
C001795,Cliente 1795,Mass,False,Quito,False,50,1151.27,2,True,Cuenta de Ahorros|Tarjeta de Crédito,0,3296.93,1507.28,1507.28,False,2900.00,7,True,604.13,86.30,2026-05-09,False,False,False,True,1,Tech Lover,Tech Lover
C001796,Cliente 1796,Joven,False,Guayaquil,False,58,732.60,2,True,Crédito de Consumo|Cuenta de Ahorros,0,2939.44,2525.62,0.00,False,0.00,0,False,0.00,,,False,False,False,False,0,,Sin información transaccional
C001797,Cliente 1797,Mass,True,Ambato,False,34,773.18,3,True,Crédito de Consumo|Cuenta Corriente|Tarjeta de Crédito,0,1216.22,3126.81,687.48,False,1100.00,10,True,409.15,40.92,2026-08-03,True,False,False,False,1,Travel Lover,Travel Lover
C001798,Cliente 1798,Joven,False,Guayaquil,False,60,692.35,2,True,Crédito de Consumo|Tarjeta de Crédito,0,0.00,2726.02,303.48,False,1200.00,5,True,398.88,79.78,2026-06-01,False,True,False,False,1,Streaming Lover,Streaming Lover
C001799,Cliente 1799,Mass,False,Cuenca,False,28,597.70,2,True,Cuenta Corriente|Cuenta de Ahorros,0,4277.27,0.00,0.00,False,0.00,0,False,0.00,,,False,False,False,False,0,,Sin información transaccional
C001800,Cliente 1800,Mass,False,Manta,False,30,988.42,1,False,Crédito Vehicular,0,0.00,15928.31,0.00,False,0.00,0,False,0.00,,,False,False,False,False,0,,Sin información transaccional
C001801,Cliente 1801,Mass,False,Quito,False,29,762.96,1,False,Crédito Vehicular,0,0.00,28353.53,0.00,False,0.00,0,False,0.00,,,False,False,False,False,0,,Sin información transaccional
C001802,Cliente 1802,Joven,False,Quito,False,42,1094.32,1,False,Crédito Vehicular,0,0.00,22933.78,0.00,False,0.00,0,False,0.00,,,False,False,False,False,0,,Sin información transaccional
C001803,Cliente 1803,PyME,False,Guayaquil,False,20,3533.24,3,True,Crédito Hipotecario|Crédito de Consumo|Cuenta de Ahorros,0,5595.58,101490.30,0.00,False,0.00,0,False,0.00,,,False,False,False,False,0,,Sin información transaccional
C001804,Cliente 1804,Affluent,False,Guayaquil,False,18,2547.55,3,True,Crédito Vehicular|Cuenta Corriente|Tarjeta de Crédito,0,7041.33,18083.43,2422.53,False,6300.00,8,True,1727.24,215.91,2026-05-30,True,False,False,True,2,Travel Lover|Tech Lover,Tech Lover
C001805,Cliente 1805,Affluent,False,Guayaquil,False,53,1731.55,2,True,Cuenta de Ahorros|Tarjeta de Crédito,0,4915.25,1385.03,1385.03,False,3500.00,12,True,1145.96,95.50,2026-08-21,False,False,True,False,1,Food Lover,Food Lover
C001806,Cliente 1806,Mass,False,Guayaquil,False,45,655.98,3,True,Crédito Vehicular|Crédito de Consumo|Cuenta Corriente,0,1068.85,24677.18,0.00,False,0.00,0,False,0.00,,,False,False,False,False,0,,Sin información transaccional
C001807,Cliente 1807,Mass,False,Guayaquil,False,50,854.44,2,True,Crédito Hipotecario|Tarjeta de Crédito,0,0.00,44776.85,699.99,False,1400.00,5,True,331.97,66.39,2026-04-27,False,False,True,False,1,Food Lover,Food Lover
C001808,Cliente 1808,Premium,True,Quito,False,18,3833.19,3,True,Crédito Vehicular|Cuenta de Ahorros|Tarjeta de Crédito,0,19154.02,14898.59,1375.77,False,4400.00,7,True,1966.88,280.98,2026-07-25,False,True,False,False,1,Streaming Lover,Streaming Lover
C001809,Cliente 1809,Affluent,False,Quito,False,42,2295.86,3,True,Crédito Vehicular|Cuenta de Ahorros|Tarjeta de Crédito,0,1278.79,36069.20,742.11,False,5200.00,5,True,470.04,94.01,2026-07-28,False,False,False,True,1,Tech Lover,Tech Lover
C001810,Cliente 1810,Mass,False,Guayaquil,False,43,1183.72,3,True,Crédito Vehicular|Cuenta de Ahorros|Tarjeta de Crédito,0,-100.00,21928.74,0.00,False,3100.00,11,True,1047.82,95.26,2026-08-24,True,False,False,False,1,Travel Lover,Travel Lover
C001811,Cliente 1811,Affluent,False,Loja,False,51,1883.30,2,True,Crédito de Consumo|Tarjeta de Crédito,0,0.00,9297.50,850.09,False,2600.00,10,True,1290.85,129.08,2026-08-30,True,False,False,False,1,Travel Lover,Travel Lover
C001812,Cliente 1812,Mass,False,Guayaquil,False,28,442.90,2,True,Crédito Vehicular|Tarjeta de Crédito,0,0.00,16377.68,205.32,False,600.00,7,True,113.34,16.19,2026-06-08,False,False,False,False,0,,Generalista
C001813,Cliente 1813,Joven,False,Quito,False,48,1172.55,2,True,Cuenta de Ahorros|Tarjeta de Crédito,0,-100.00,559.85,559.85,False,2700.00,13,True,1548.51,119.12,2026-08-29,False,False,True,False,1,Food Lover,Food Lover
C001814,Cliente 1814,Mass,False,Manta,False,24,615.89,2,True,Cuenta Corriente|Tarjeta de Crédito,0,765.20,533.38,533.38,False,1000.00,14,True,1035.88,73.99,2026-05-26,False,False,False,False,0,,Generalista
C001815,Cliente 1815,Premium,False,Guayaquil,False,45,4682.68,3,True,Crédito Hipotecario|Crédito de Consumo|Cuenta Corriente,0,10909.16,88676.00,0.00,False,0.00,0,False,0.00,,,False,False,False,False,0,,Sin información transaccional
C001816,Cliente 1816,Premium,False,Ambato,False,47,4787.17,2,True,Cuenta Corriente|Tarjeta de Crédito,0,16391.52,4695.56,4695.56,False,5500.00,7,True,1176.21,168.03,2026-06-23,False,False,False,False,0,,Generalista
C001817,Cliente 1817,Mass,False,Guayaquil,False,45,781.86,2,True,Crédito Vehicular|Tarjeta de Crédito,0,0.00,12679.42,695.93,False,1900.00,9,True,474.56,52.73,2026-07-21,True,False,False,False,1,Travel Lover,Travel Lover
C001818,Cliente 1818,Mass,True,Guayaquil,False,44,716.61,1,False,Tarjeta de Crédito,0,0.00,270.76,270.76,False,2100.00,9,True,397.43,44.16,2026-07-01,False,True,False,True,2,Streaming Lover|Tech Lover,Streaming Lover
C001819,Cliente 1819,Mass,False,Quito,False,47,932.49,2,True,Crédito Vehicular|Cuenta de Ahorros,0,878.99,33732.79,0.00,False,0.00,0,False,0.00,,,False,False,False,False,0,,Sin información transaccional
C001820,Cliente 1820,PyME,False,Quito,False,37,1935.72,4,True,Crédito Hipotecario|Cuenta Corriente|Cuenta de Ahorros|Tarjeta de Crédito,0,12217.17,115042.25,1021.52,False,5100.00,7,True,847.47,121.07,2026-08-25,False,True,False,False,1,Streaming Lover,Streaming Lover
C001821,Cliente 1821,PyME,False,Cuenca,False,40,3537.27,2,True,Crédito Hipotecario|Crédito de Consumo,0,0.00,111154.67,0.00,False,0.00,0,False,0.00,,,False,False,False,False,0,,Sin información transaccional
C001822,Cliente 1822,Mass,False,Cuenca,False,19,927.32,2,True,Crédito Vehicular|Tarjeta de Crédito,0,0.00,20698.19,493.40,False,1500.00,7,True,260.30,37.19,2026-07-22,False,False,False,True,1,Tech Lover,Tech Lover
C001823,Cliente 1823,Joven,False,Guayaquil,False,45,492.02,2,True,Crédito de Consumo|Tarjeta de Crédito,0,0.00,3463.56,421.15,False,1000.00,8,True,242.72,30.34,2026-07-23,False,True,False,False,1,Streaming Lover,Streaming Lover
C001824,Cliente 1824,Affluent,True,Quito,False,18,1315.82,3,True,Crédito Hipotecario|Cuenta de Ahorros|Tarjeta de Crédito,0,1576.29,134707.03,748.33,False,2000.00,9,True,851.49,94.61,2026-08-15,False,False,False,False,0,,Generalista
C001825,Cliente 1825,Mass,False,Manta,False,48,1057.63,1,False,Crédito Vehicular,0,0.00,21671.91,0.00,False,0.00,0,False,0.00,,,False,False,False,False,0,,Sin información transaccional
C001826,Cliente 1826,Affluent,False,Guayaquil,False,50,2470.87,3,True,Crédito Hipotecario|Crédito de Consumo|Tarjeta de Crédito,0,0.00,60840.52,1529.23,False,3400.00,6,True,1235.49,205.91,2026-06-30,False,False,False,False,0,,Generalista
C001827,Cliente 1827,PyME,False,Quito,False,46,1911.00,3,True,Crédito Hipotecario|Crédito Vehicular|Tarjeta de Crédito,0,0.00,96107.67,607.18,False,4500.00,9,True,793.56,88.17,2026-04-29,False,False,True,False,1,Food Lover,Food Lover
C001828,Cliente 1828,Mass,False,Cuenca,False,36,819.32,1,False,Tarjeta de Crédito,0,0.00,1297.03,1297.03,False,2300.00,14,True,1067.29,76.23,2026-08-26,False,True,False,False,1,Streaming Lover,Streaming Lover
C001829,Cliente 1829,Mass,False,Manta,False,30,845.80,2,True,Cuenta Corriente|Tarjeta de Crédito,0,2731.30,551.48,551.48,False,2100.00,14,True,975.36,69.67,2026-06-16,False,False,False,False,0,,Generalista
C001830,Cliente 1830,Mass,False,Quito,False,29,1387.32,2,True,Crédito de Consumo|Tarjeta de Crédito,0,0.00,3516.56,581.79,False,4100.00,7,True,1192.38,170.34,2026-07-30,False,False,False,False,0,,Generalista
C001831,Cliente 1831,Joven,False,Guayaquil,False,33,531.30,3,True,Crédito Vehicular|Cuenta de Ahorros|Tarjeta de Crédito,0,211.12,28345.65,162.11,False,600.00,11,True,283.38,25.76,2026-03-04,False,True,False,True,2,Streaming Lover|Tech Lover,Tech Lover
C001832,Cliente 1832,Mass,True,Quito,False,47,951.19,2,True,Crédito Hipotecario|Tarjeta de Crédito,0,0.00,110109.02,756.91,False,1600.00,4,True,123.01,30.75,2026-02-08,False,False,True,False,1,Food Lover,Food Lover
C001833,Cliente 1833,PyME,False,Guayaquil,False,22,6267.12,2,True,Crédito Vehicular|Cuenta de Ahorros,0,30397.68,17983.16,0.00,False,0.00,0,False,0.00,,,False,False,False,False,0,,Sin información transaccional
C001834,Cliente 1834,PyME,False,Quito,False,40,2512.63,4,True,Crédito Vehicular|Crédito de Consumo|Cuenta de Ahorros|Tarjeta de Crédito,0,1261.23,42925.10,3894.65,False,7500.00,7,True,679.94,97.13,2026-01-21,False,False,False,False,0,,Generalista
C001835,Cliente 1835,Mass,False,Quito,False,19,517.08,2,True,Crédito Vehicular|Cuenta de Ahorros,0,1208.86,26882.80,0.00,False,0.00,0,False,0.00,,,False,False,False,False,0,,Sin información transaccional
C001836,Cliente 1836,Affluent,False,Cuenca,False,40,1810.83,1,False,Tarjeta de Crédito,0,0.00,1744.10,1744.10,False,3500.00,4,True,374.04,93.51,2026-07-31,False,False,False,False,0,,Generalista
C001837,Cliente 1837,PyME,True,Guayaquil,False,32,3113.53,3,True,Cuenta Corriente|Cuenta de Ahorros|Tarjeta de Crédito,0,17712.80,1131.03,1131.03,False,3900.00,12,True,2839.93,236.66,2026-08-23,True,False,False,True,2,Travel Lover|Tech Lover,Travel Lover
C001838,Cliente 1838,Mass,False,Guayaquil,False,30,705.01,3,True,Crédito Vehicular|Cuenta Corriente|Tarjeta de Crédito,0,1687.35,17355.58,216.19,False,1000.00,12,True,469.51,39.13,2026-05-03,False,False,False,False,0,,Generalista
C001839,Cliente 1839,Mass,False,Manta,False,48,1661.06,1,False,Tarjeta de Crédito,0,0.00,619.80,619.80,False,1700.00,14,True,1064.92,76.07,2026-03-18,False,False,False,False,0,,Generalista
C001840,Cliente 1840,Mass,False,Guayaquil,False,28,798.04,3,True,Crédito Hipotecario|Cuenta de Ahorros|Tarjeta de Crédito,0,2878.65,83137.16,937.81,False,2400.00,5,True,300.21,60.04,2026-04-10,True,False,False,False,1,Travel Lover,Travel Lover
C001841,Cliente 1841,Mass,False,Guayaquil,False,32,1004.26,1,False,Tarjeta de Crédito,0,0.00,370.00,370.00,False,1600.00,10,True,812.20,81.22,2026-08-29,False,False,False,False,0,,Generalista
C001842,Cliente 1842,Mass,False,Quito,False,18,989.25,3,True,Crédito de Consumo|Cuenta Corriente|Tarjeta de Crédito,0,-100.00,8150.12,1195.07,False,2900.00,5,True,685.61,137.12,2026-08-22,False,False,False,False,0,,Generalista
C001843,Cliente 1843,Joven,False,Quito,False,40,755.57,1,False,Crédito Hipotecario,0,0.00,140008.19,0.00,False,0.00,0,False,0.00,,,False,False,False,False,0,,Sin información transaccional
C001844,Cliente 1844,Affluent,False,Guayaquil,False,55,3045.11,3,True,Crédito Hipotecario|Crédito de Consumo|Tarjeta de Crédito,0,0.00,120226.13,3136.24,False,6100.00,12,True,2412.17,201.01,2026-08-01,False,False,False,False,0,,Generalista
C001845,Cliente 1845,Mass,False,Quito,False,18,1235.47,3,True,Crédito Hipotecario|Crédito de Consumo|Cuenta de Ahorros,0,2642.89,62780.16,0.00,False,0.00,0,False,0.00,,,False,False,False,False,0,,Sin información transaccional
C001846,Cliente 1846,Mass,False,Ambato,False,50,829.13,3,True,Crédito de Consumo|Cuenta de Ahorros|Tarjeta de Crédito,0,1311.47,7176.28,649.01,False,1200.00,7,True,324.85,46.41,2026-07-20,False,False,False,False,0,,Generalista
C001847,Cliente 1847,Premium,False,Quito,False,45,3650.34,2,True,Cuenta Corriente|Tarjeta de Crédito,0,15464.29,5117.13,5117.13,False,10900.00,7,True,1360.74,194.39,2026-08-27,False,False,False,False,0,,Generalista
C001848,Cliente 1848,Premium,False,Guayaquil,False,46,3037.26,3,True,Crédito Hipotecario|Cuenta de Ahorros|Tarjeta de Crédito,0,6389.85,111066.31,1955.00,False,8200.00,13,True,3367.59,259.05,2026-08-22,False,False,True,False,1,Food Lover,Food Lover
C001849,Cliente 1849,Mass,False,Loja,False,34,529.01,3,True,Crédito Vehicular|Cuenta Corriente|Tarjeta de Crédito,0,1293.06,18607.73,0.00,False,600.00,11,True,222.39,20.22,2026-08-23,True,False,False,False,1,Travel Lover,Travel Lover
C001850,Cliente 1850,Mass,False,Guayaquil,False,61,627.38,3,True,Crédito Hipotecario|Crédito Vehicular|Crédito de Consumo,0,0.00,92868.71,0.00,False,0.00,0,False,0.00,,,False,False,False,False,0,,Sin información transaccional
C001851,Cliente 1851,Affluent,False,Quito,False,45,2529.15,3,True,Crédito Vehicular|Cuenta de Ahorros|Tarjeta de Crédito,0,5609.86,26019.71,2474.90,False,4500.00,9,True,1418.38,157.60,2026-06-30,False,False,True,False,1,Food Lover,Food Lover
C001852,Cliente 1852,PyME,False,Quito,False,41,2706.31,1,False,Crédito Vehicular,0,0.00,21921.50,0.00,False,0.00,0,False,0.00,,,False,False,False,False,0,,Sin información transaccional
C001853,Cliente 1853,Mass,False,Guayaquil,False,38,556.68,2,True,Crédito Vehicular|Crédito de Consumo,0,0.00,23055.32,0.00,False,0.00,0,False,0.00,,,False,False,False,False,0,,Sin información transaccional
C001854,Cliente 1854,PyME,False,Manta,False,36,4009.66,2,True,Crédito de Consumo|Tarjeta de Crédito,0,0.00,9400.85,1152.17,False,10500.00,11,True,3795.21,345.02,2026-06-03,True,False,False,False,1,Travel Lover,Travel Lover
C001855,Cliente 1855,Joven,False,Quito,False,33,763.54,3,True,Crédito Vehicular|Cuenta Corriente|Tarjeta de Crédito,0,1890.07,11092.81,1106.26,False,1500.00,7,True,359.89,51.41,2026-08-13,True,False,False,False,1,Travel Lover,Travel Lover
C001856,Cliente 1856,Mass,False,Ambato,False,19,1061.78,2,True,Crédito Vehicular|Crédito de Consumo,0,0.00,28620.44,0.00,False,0.00,0,False,0.00,,,False,False,False,False,0,,Sin información transaccional
C001857,Cliente 1857,Mass,False,Guayaquil,False,44,888.12,2,True,Crédito Vehicular|Crédito de Consumo,0,0.00,24505.33,0.00,False,0.00,0,False,0.00,,,False,False,False,False,0,,Sin información transaccional
C001858,Cliente 1858,Mass,False,Quito,False,24,2390.24,4,True,Crédito Vehicular|Crédito de Consumo|Cuenta Corriente|Tarjeta de Crédito,0,2476.34,30589.57,1217.12,False,3200.00,8,True,1135.62,141.95,2026-07-08,False,False,False,False,0,,Generalista
C001859,Cliente 1859,Mass,False,Cuenca,False,28,659.51,2,True,Cuenta Corriente|Tarjeta de Crédito,0,939.07,526.52,526.52,False,1600.00,14,True,422.11,30.15,2026-07-12,False,True,False,False,1,Streaming Lover,Streaming Lover
C001860,Cliente 1860,Mass,False,Quito,False,31,682.75,2,True,Crédito de Consumo|Tarjeta de Crédito,0,0.00,4411.95,875.82,False,1900.00,13,True,659.25,50.71,2026-06-30,False,False,False,False,0,,Generalista
C001861,Cliente 1861,Affluent,False,Cuenca,False,41,1924.51,4,True,Crédito Vehicular|Cuenta Corriente|Cuenta de Ahorros|Tarjeta de Crédito,0,5745.97,16111.40,1728.25,False,4500.00,11,True,1116.56,101.51,2026-06-28,False,False,False,False,0,,Generalista
C001862,Cliente 1862,Joven,False,Ambato,False,64,681.23,3,True,Crédito de Consumo|Cuenta Corriente|Tarjeta de Crédito,0,635.66,4214.48,567.00,False,1800.00,7,True,207.37,29.62,2026-08-28,False,False,False,False,0,,Generalista
C001863,Cliente 1863,Joven,False,Quito,False,72,557.23,1,False,Crédito Hipotecario,0,0.00,94327.82,0.00,False,0.00,0,False,0.00,,,False,False,False,False,0,,Sin información transaccional
C001864,Cliente 1864,Premium,False,Ambato,False,43,3643.47,2,True,Crédito de Consumo|Cuenta de Ahorros,0,10143.46,22741.57,0.00,False,0.00,0,False,0.00,,,False,False,False,False,0,,Sin información transaccional
C001865,Cliente 1865,Affluent,False,Guayaquil,False,30,2813.92,4,True,Crédito Hipotecario|Cuenta Corriente|Cuenta de Ahorros|Tarjeta de Crédito,0,11673.95,75282.36,2118.51,False,4400.00,14,True,2694.85,192.49,2026-07-07,False,False,False,False,0,,Generalista
C001866,Cliente 1866,Affluent,False,Quito,False,42,1648.48,2,True,Cuenta de Ahorros|Tarjeta de Crédito,0,-100.00,22.86,22.86,False,2300.00,9,True,1076.78,119.64,2026-07-28,False,False,True,False,1,Food Lover,Food Lover
C001867,Cliente 1867,Joven,False,Guayaquil,False,40,587.81,1,False,Tarjeta de Crédito,0,0.00,248.32,248.32,False,700.00,6,True,241.86,40.31,2026-04-06,False,False,False,True,1,Tech Lover,Tech Lover
C001868,Cliente 1868,Mass,False,Guayaquil,False,40,1605.30,1,False,Tarjeta de Crédito,0,0.00,1429.14,1429.14,False,4600.00,11,True,1236.76,112.43,2026-07-27,False,False,False,False,0,,Generalista
C001869,Cliente 1869,Premium,True,Guayaquil,False,40,4413.31,3,True,Cuenta Corriente|Cuenta de Ahorros|Tarjeta de Crédito,0,13342.64,2424.22,2424.22,False,8200.00,10,True,2827.14,282.71,2026-06-28,True,False,False,False,1,Travel Lover,Travel Lover
C001870,Cliente 1870,Affluent,False,Loja,False,20,2595.35,4,True,Crédito Hipotecario|Crédito Vehicular|Crédito de Consumo|Tarjeta de Crédito,0,0.00,62583.55,1374.23,False,6000.00,14,True,1867.89,133.42,2026-08-14,False,False,False,False,0,,Generalista
C001871,Cliente 1871,Affluent,False,Cuenca,False,45,1392.55,4,True,Crédito Vehicular|Cuenta Corriente|Cuenta de Ahorros|Tarjeta de Crédito,0,9864.70,18254.80,1714.76,False,3900.00,5,True,369.31,73.86,2026-04-08,True,False,False,False,1,Travel Lover,Travel Lover
C001872,Cliente 1872,Mass,True,Ambato,False,44,992.05,1,False,Tarjeta de Crédito,0,0.00,163.26,163.26,False,1000.00,11,True,993.21,90.29,2026-08-14,False,True,False,False,1,Streaming Lover,Streaming Lover
C001873,Cliente 1873,Affluent,False,Guayaquil,False,47,2115.24,2,True,Crédito Vehicular|Tarjeta de Crédito,0,0.00,10438.48,1575.12,False,3500.00,6,True,664.61,110.77,2026-08-13,False,True,True,False,2,Streaming Lover|Food Lover,Food Lover
C001874,Cliente 1874,Joven,False,Manta,False,64,780.14,2,True,Cuenta de Ahorros|Tarjeta de Crédito,0,2154.62,264.92,264.92,False,1200.00,11,True,827.34,75.21,2026-06-12,False,True,False,False,1,Streaming Lover,Streaming Lover
C001875,Cliente 1875,Affluent,True,Quito,False,39,2801.77,4,True,Crédito de Consumo|Cuenta Corriente|Cuenta de Ahorros|Tarjeta de Crédito,0,4782.99,17784.37,471.38,False,3600.00,4,True,612.17,153.04,2026-04-24,False,True,False,False,1,Streaming Lover,Streaming Lover
C001876,Cliente 1876,Mass,False,Guayaquil,False,37,761.95,1,False,Crédito Vehicular,0,0.00,30269.69,0.00,False,0.00,0,False,0.00,,,False,False,False,False,0,,Sin información transaccional
C001877,Cliente 1877,PyME,False,Guayaquil,False,41,8297.84,3,True,Crédito Hipotecario|Crédito Vehicular|Cuenta de Ahorros,0,9395.91,106797.28,0.00,False,0.00,0,False,0.00,,,False,False,False,False,0,,Sin información transaccional
C001878,Cliente 1878,Mass,False,Manta,False,63,1667.96,1,False,Tarjeta de Crédito,0,0.00,1091.14,1091.14,False,2000.00,11,True,1293.44,117.59,2026-05-17,False,True,False,True,2,Streaming Lover|Tech Lover,Tech Lover
C001879,Cliente 1879,Mass,False,Loja,False,39,1401.53,2,True,Crédito Vehicular|Tarjeta de Crédito,0,0.00,15645.38,138.89,False,2000.00,10,True,979.34,97.93,2026-06-01,False,False,True,False,1,Food Lover,Food Lover
C001880,Cliente 1880,Mass,False,Quito,False,36,690.97,1,False,Crédito de Consumo,0,0.00,6955.81,0.00,False,0.00,0,False,0.00,,,False,False,False,False,0,,Sin información transaccional
C001881,Cliente 1881,PyME,False,Loja,False,62,4609.84,1,False,Cuenta de Ahorros,0,17585.08,0.00,0.00,False,0.00,0,False,0.00,,,False,False,False,False,0,,Sin información transaccional
C001882,Cliente 1882,Mass,True,Cuenca,False,33,572.49,3,True,Crédito de Consumo|Cuenta Corriente|Tarjeta de Crédito,0,1541.83,7568.81,164.86,False,1200.00,9,True,231.53,25.73,2026-08-29,False,True,False,False,1,Streaming Lover,Streaming Lover
C001883,Cliente 1883,Mass,False,Manta,False,34,488.28,1,False,Crédito Hipotecario,0,0.00,113053.06,0.00,False,0.00,0,False,0.00,,,False,False,False,False,0,,Sin información transaccional
C001884,Cliente 1884,PyME,False,Guayaquil,False,20,3923.69,3,True,Crédito Hipotecario|Crédito Vehicular|Tarjeta de Crédito,0,0.00,122555.71,2083.53,False,4100.00,14,True,4504.72,321.77,2026-07-21,False,False,False,False,0,,Generalista
C001885,Cliente 1885,Joven,False,Manta,False,41,829.99,3,True,Crédito Hipotecario|Crédito de Consumo|Tarjeta de Crédito,0,0.00,72628.13,446.50,False,2000.00,14,True,598.04,42.72,2026-07-30,True,False,False,False,1,Travel Lover,Travel Lover
C001886,Cliente 1886,Mass,False,Guayaquil,False,56,1266.60,2,True,Cuenta de Ahorros|Tarjeta de Crédito,0,796.85,108.74,108.74,False,2600.00,14,True,1517.78,108.41,2026-07-08,False,False,True,True,2,Food Lover|Tech Lover,Tech Lover
C001887,Cliente 1887,Mass,False,Quito,False,45,1419.54,2,True,Cuenta Corriente|Cuenta de Ahorros,0,11899.87,0.00,0.00,False,0.00,0,False,0.00,,,False,False,False,False,0,,Sin información transaccional
C001888,Cliente 1888,Joven,False,Quito,False,31,431.91,2,True,Cuenta de Ahorros|Tarjeta de Crédito,0,561.55,280.67,280.67,False,800.00,12,True,260.73,21.73,2026-05-17,False,True,False,False,1,Streaming Lover,Streaming Lover
C001889,Cliente 1889,Mass,False,Quito,False,23,1637.06,1,False,Cuenta Corriente,0,229.56,0.00,0.00,False,0.00,0,False,0.00,,,False,False,False,False,0,,Sin información transaccional
C001890,Cliente 1890,Premium,False,Guayaquil,False,38,3170.54,3,True,Crédito Hipotecario|Crédito de Consumo|Tarjeta de Crédito,0,0.00,131343.91,1491.76,False,7200.00,5,True,873.33,174.67,2026-04-19,False,False,False,False,0,,Generalista
C001891,Cliente 1891,Premium,False,Quito,False,34,5249.95,3,True,Crédito Hipotecario|Cuenta de Ahorros|Tarjeta de Crédito,0,17881.81,73718.78,1320.09,False,7300.00,10,True,4328.95,432.89,2026-07-10,True,False,True,False,2,Travel Lover|Food Lover,Travel Lover
C001892,Cliente 1892,Mass,False,Quito,False,45,350.00,3,True,Crédito de Consumo|Cuenta de Ahorros|Tarjeta de Crédito,0,979.16,5056.15,165.82,False,500.00,12,True,244.68,20.39,2026-08-05,False,False,False,False,0,,Generalista
C001893,Cliente 1893,Mass,False,Loja,False,41,1117.13,2,True,Cuenta Corriente|Cuenta de Ahorros,0,4248.40,0.00,0.00,False,0.00,0,False,0.00,,,False,False,False,False,0,,Sin información transaccional
C001894,Cliente 1894,Affluent,True,Quito,False,53,1805.25,2,True,Cuenta de Ahorros|Tarjeta de Crédito,0,1992.18,2096.68,2096.68,False,4000.00,9,True,1152.68,128.08,2026-05-04,False,False,False,False,0,,Generalista
C001895,Cliente 1895,Premium,False,Manta,False,33,1999.43,2,True,Crédito Hipotecario|Tarjeta de Crédito,0,0.00,102477.68,2314.82,False,5900.00,14,True,2012.49,143.75,2026-07-12,False,False,True,False,1,Food Lover,Food Lover
C001896,Cliente 1896,Mass,False,Manta,False,49,1054.59,4,True,Crédito Hipotecario|Crédito de Consumo|Cuenta de Ahorros|Tarjeta de Crédito,0,-100.00,85408.75,467.62,False,2500.00,5,True,278.00,55.60,2026-06-09,False,False,True,False,1,Food Lover,Food Lover
C001897,Cliente 1897,Affluent,False,Quito,False,42,1372.11,3,True,Crédito Vehicular|Cuenta de Ahorros|Tarjeta de Crédito,0,1280.18,28574.19,1201.93,False,3800.00,7,True,651.65,93.09,2026-03-26,False,False,False,False,0,,Generalista
C001898,Cliente 1898,Mass,False,Cuenca,False,47,1417.26,1,False,Tarjeta de Crédito,0,0.00,1382.44,1382.44,False,2700.00,14,True,1014.71,72.48,2026-07-27,False,False,True,False,1,Food Lover,Food Lover
C001899,Cliente 1899,Mass,False,Guayaquil,False,32,945.16,2,True,Crédito Vehicular|Tarjeta de Crédito,0,0.00,22704.01,692.87,False,1800.00,8,True,542.79,67.85,2026-04-13,True,False,False,False,1,Travel Lover,Travel Lover
C001900,Cliente 1900,Mass,False,Guayaquil,False,30,945.68,2,True,Crédito Vehicular|Tarjeta de Crédito,0,0.00,24471.30,1511.27,False,1900.00,5,True,465.23,93.05,2026-05-26,False,False,False,True,1,Tech Lover,Tech Lover
C001901,Cliente 1901,Premium,True,Cuenca,False,67,4831.38,1,False,Tarjeta de Crédito,0,0.00,603.96,603.96,False,8700.00,11,True,6025.41,547.76,2026-06-22,False,False,False,False,0,,Generalista
C001902,Cliente 1902,Affluent,False,Guayaquil,False,34,1895.62,2,True,Crédito Hipotecario|Tarjeta de Crédito,0,0.00,142537.60,686.31,False,1900.00,8,True,925.17,115.65,2026-06-23,False,False,False,False,0,,Generalista
C001903,Cliente 1903,Affluent,False,Cuenca,False,30,2202.31,3,True,Crédito de Consumo|Cuenta de Ahorros|Tarjeta de Crédito,0,5370.57,8040.20,2193.18,False,3900.00,4,True,494.37,123.59,2026-08-07,False,False,False,False,0,,Generalista
C001904,Cliente 1904,Mass,False,Guayaquil,False,33,722.77,2,True,Crédito Vehicular|Crédito de Consumo,0,0.00,23394.94,0.00,False,0.00,0,False,0.00,,,False,False,False,False,0,,Sin información transaccional
C001905,Cliente 1905,Affluent,False,Guayaquil,False,37,2954.87,4,True,Crédito Hipotecario|Cuenta Corriente|Cuenta de Ahorros|Tarjeta de Crédito,0,18625.74,58940.22,892.45,False,6200.00,12,True,2289.45,190.79,2026-08-18,False,False,True,False,1,Food Lover,Food Lover
C001906,Cliente 1906,Affluent,False,Manta,False,22,1077.10,2,True,Crédito de Consumo|Tarjeta de Crédito,0,0.00,7977.91,283.28,False,3000.00,12,True,687.00,57.25,2026-08-04,False,False,False,True,1,Tech Lover,Tech Lover
C001907,Cliente 1907,Joven,False,Manta,False,32,434.63,2,True,Crédito Vehicular|Tarjeta de Crédito,0,0.00,21022.56,64.63,False,500.00,7,True,163.77,23.40,2026-08-03,False,False,True,False,1,Food Lover,Food Lover
C001908,Cliente 1908,Mass,False,Quito,False,50,1109.08,2,True,Cuenta Corriente|Tarjeta de Crédito,0,1777.56,881.03,881.03,False,2700.00,9,True,427.04,47.45,2026-05-07,False,False,False,False,0,,Generalista
C001909,Cliente 1909,Affluent,False,Guayaquil,False,37,2385.58,4,True,Crédito Hipotecario|Crédito de Consumo|Cuenta Corriente|Cuenta de Ahorros,0,14159.72,23228.11,0.00,False,0.00,0,False,0.00,,,False,False,False,False,0,,Sin información transaccional
C001910,Cliente 1910,Premium,False,Quito,False,61,4154.87,4,True,Crédito Hipotecario|Crédito Vehicular|Cuenta Corriente|Tarjeta de Crédito,0,4625.15,118028.43,1144.09,False,6600.00,7,True,1691.90,241.70,2026-08-15,False,False,False,False,0,,Generalista
C001911,Cliente 1911,Premium,False,Quito,False,38,4813.46,1,False,Tarjeta de Crédito,0,0.00,5287.30,5287.30,False,13600.00,10,True,3331.91,333.19,2026-08-31,False,False,False,False,0,,Generalista
C001912,Cliente 1912,Mass,False,Quito,False,35,718.03,2,True,Crédito Vehicular|Crédito de Consumo,0,0.00,19709.41,0.00,False,0.00,0,False,0.00,,,False,False,False,False,0,,Sin información transaccional
C001913,Cliente 1913,Joven,False,Guayaquil,False,18,528.08,3,True,Crédito Hipotecario|Cuenta de Ahorros|Tarjeta de Crédito,0,1447.76,36347.19,153.78,False,600.00,7,True,285.36,40.77,2026-08-30,False,False,False,False,0,,Generalista
C001914,Cliente 1914,Mass,False,Guayaquil,False,39,922.92,1,False,Tarjeta de Crédito,0,0.00,542.35,542.35,False,1400.00,4,True,154.21,38.55,2026-04-01,False,False,False,False,0,,Generalista
C001915,Cliente 1915,Premium,False,Quito,False,64,4633.90,3,True,Crédito Hipotecario|Cuenta de Ahorros|Tarjeta de Crédito,0,-100.00,84093.92,1184.33,False,5400.00,12,True,3081.60,256.80,2026-07-20,False,True,False,False,1,Streaming Lover,Streaming Lover
C001916,Cliente 1916,Joven,False,Quito,False,45,756.48,2,True,Cuenta Corriente|Tarjeta de Crédito,0,2652.72,170.99,170.99,False,1100.00,12,True,534.10,44.51,2026-08-14,False,False,True,False,1,Food Lover,Food Lover
C001917,Cliente 1917,Premium,False,Manta,False,41,16177.54,2,True,Crédito Vehicular|Tarjeta de Crédito,0,0.00,43190.24,12963.33,False,29300.00,5,True,6045.44,1209.09,2026-07-27,False,False,False,True,1,Tech Lover,Tech Lover
C001918,Cliente 1918,Affluent,False,Cuenca,False,44,1318.00,3,True,Crédito Vehicular|Crédito de Consumo|Tarjeta de Crédito,0,0.00,18740.96,1135.94,False,3000.00,12,True,1061.83,88.49,2026-06-09,False,False,False,True,1,Tech Lover,Tech Lover
C001919,Cliente 1919,PyME,False,Cuenca,False,57,3404.62,4,True,Crédito Hipotecario|Cuenta Corriente|Cuenta de Ahorros|Tarjeta de Crédito,0,64.39,86899.11,4814.47,False,9200.00,13,True,2141.22,164.71,2026-08-22,False,False,True,False,1,Food Lover,Food Lover
C001920,Cliente 1920,Mass,False,Guayaquil,False,39,1632.76,2,True,Crédito de Consumo|Cuenta Corriente,0,3300.90,2784.18,0.00,False,0.00,0,False,0.00,,,False,False,False,False,0,,Sin información transaccional
C001921,Cliente 1921,Mass,False,Guayaquil,False,23,665.21,3,True,Crédito Hipotecario|Cuenta Corriente|Tarjeta de Crédito,0,1209.32,45325.83,199.16,False,1300.00,8,True,608.64,76.08,2026-08-31,False,True,True,False,2,Streaming Lover|Food Lover,Streaming Lover
C001922,Cliente 1922,Mass,False,Guayaquil,False,51,698.89,4,True,Crédito Vehicular|Crédito de Consumo|Cuenta Corriente|Cuenta de Ahorros,0,1525.37,20476.99,0.00,False,0.00,0,False,0.00,,,False,False,False,False,0,,Sin información transaccional
C001923,Cliente 1923,Joven,False,Cuenca,False,39,1319.34,2,True,Crédito Hipotecario|Tarjeta de Crédito,0,0.00,81713.71,387.81,False,3000.00,5,True,569.85,113.97,2025-12-02,False,False,True,False,1,Food Lover,Food Lover
C001924,Cliente 1924,Joven,False,Ambato,False,25,379.74,1,False,Crédito Vehicular,0,0.00,17822.88,0.00,False,0.00,0,False,0.00,,,False,False,False,False,0,,Sin información transaccional
C001925,Cliente 1925,Premium,False,Cuenca,False,25,5764.11,2,True,Crédito Hipotecario|Cuenta Corriente,0,10698.50,101782.72,0.00,False,0.00,0,False,0.00,,,False,False,False,False,0,,Sin información transaccional
C001926,Cliente 1926,Joven,False,Cuenca,False,36,1028.86,3,True,Crédito de Consumo|Cuenta Corriente|Tarjeta de Crédito,0,2584.74,2299.51,1176.98,False,2300.00,9,True,582.28,64.70,2026-06-30,False,False,False,False,0,,Generalista
C001927,Cliente 1927,Mass,False,Ambato,False,34,1414.32,4,True,Crédito Hipotecario|Crédito de Consumo|Cuenta Corriente|Tarjeta de Crédito,0,4702.71,90078.07,594.58,False,4000.00,7,True,1029.76,147.11,2026-07-29,True,False,False,False,1,Travel Lover,Travel Lover
C001928,Cliente 1928,Mass,False,Cuenca,False,41,847.45,2,True,Crédito Hipotecario|Tarjeta de Crédito,0,0.00,86229.35,748.49,False,1500.00,12,True,568.46,47.37,2026-07-29,False,False,False,False,0,,Generalista
C001929,Cliente 1929,Joven,False,Guayaquil,False,18,427.16,1,False,Crédito de Consumo,0,0.00,2729.01,0.00,False,0.00,0,False,0.00,,,False,False,False,False,0,,Sin información transaccional
C001930,Cliente 1930,Mass,False,Guayaquil,False,53,915.69,2,True,Crédito Hipotecario|Tarjeta de Crédito,0,0.00,97545.04,881.07,False,2100.00,14,True,918.15,65.58,2026-08-14,False,False,True,False,1,Food Lover,Food Lover
C001931,Cliente 1931,Mass,False,Guayaquil,False,27,650.20,3,True,Crédito de Consumo|Cuenta Corriente|Tarjeta de Crédito,0,1649.21,4227.31,88.45,False,800.00,8,True,280.50,35.06,2026-02-18,False,False,False,False,0,,Generalista
C001932,Cliente 1932,Premium,True,Quito,False,44,6990.24,3,True,Crédito Hipotecario|Crédito de Consumo|Tarjeta de Crédito,0,0.00,118035.57,4751.49,False,17100.00,14,True,9135.97,652.57,2026-08-30,False,False,False,False,0,,Generalista
C001933,Cliente 1933,Mass,False,Loja,False,36,887.42,2,True,Crédito Hipotecario|Tarjeta de Crédito,0,0.00,94572.42,164.60,False,1800.00,14,True,976.95,69.78,2026-08-07,False,False,False,True,1,Tech Lover,Tech Lover
C001934,Cliente 1934,Mass,False,Quito,False,25,702.23,1,False,Tarjeta de Crédito,0,0.00,346.09,346.09,False,1900.00,5,True,112.72,22.54,2026-04-04,False,True,False,False,1,Streaming Lover,Streaming Lover
C001935,Cliente 1935,Mass,False,Cuenca,False,18,889.13,2,True,Crédito Vehicular|Cuenta de Ahorros,0,366.96,20255.42,0.00,False,0.00,0,False,0.00,,,False,False,False,False,0,,Sin información transaccional
C001936,Cliente 1936,Premium,False,Quito,False,22,3801.20,4,True,Crédito Vehicular|Crédito de Consumo|Cuenta de Ahorros|Tarjeta de Crédito,0,4924.32,51269.12,1994.57,False,7200.00,13,True,2195.40,168.88,2026-08-24,False,False,False,False,0,,Generalista
C001937,Cliente 1937,Mass,False,Cuenca,False,45,678.24,3,True,Crédito Vehicular|Crédito de Consumo|Tarjeta de Crédito,0,0.00,28930.21,392.39,False,800.00,4,True,248.14,62.03,2026-07-26,False,False,False,False,0,,Generalista
C001938,Cliente 1938,Mass,False,Guayaquil,False,35,616.42,2,True,Cuenta Corriente|Cuenta de Ahorros,0,2763.42,0.00,0.00,False,0.00,0,False,0.00,,,False,False,False,False,0,,Sin información transaccional
C001939,Cliente 1939,Mass,False,Guayaquil,False,18,616.40,2,True,Cuenta Corriente|Tarjeta de Crédito,0,-5.99,427.56,427.56,False,1500.00,12,True,379.56,31.63,2026-08-21,False,False,False,False,0,,Generalista
C001940,Cliente 1940,Mass,False,Quito,False,30,526.18,2,True,Crédito de Consumo|Tarjeta de Crédito,0,0.00,4495.21,321.89,False,1400.00,4,True,148.52,37.13,2026-06-18,False,False,False,False,0,,Generalista
C001941,Cliente 1941,Joven,False,Guayaquil,False,42,984.08,4,True,Crédito Hipotecario|Crédito Vehicular|Crédito de Consumo|Tarjeta de Crédito,0,0.00,53618.12,375.39,False,1800.00,9,True,454.58,50.51,2026-07-14,False,False,False,False,0,,Generalista
C001942,Cliente 1942,Affluent,True,Manta,False,61,3357.44,2,True,Crédito Vehicular|Cuenta de Ahorros,0,12446.70,19728.87,0.00,False,0.00,0,False,0.00,,,False,False,False,False,0,,Sin información transaccional
C001943,Cliente 1943,PyME,False,Guayaquil,False,33,1920.72,2,True,Crédito Hipotecario|Cuenta Corriente,0,4891.34,89938.53,0.00,False,0.00,0,False,0.00,,,False,False,False,False,0,,Sin información transaccional
C001944,Cliente 1944,Mass,False,Quito,False,37,1281.13,3,True,Crédito de Consumo|Cuenta de Ahorros|Tarjeta de Crédito,0,2894.53,5081.82,1795.67,False,2400.00,9,True,776.01,86.22,2026-06-26,True,False,False,False,1,Travel Lover,Travel Lover
C001945,Cliente 1945,Mass,False,Quito,False,22,1244.89,2,True,Cuenta de Ahorros|Tarjeta de Crédito,0,3219.90,862.73,862.73,False,2800.00,11,True,530.06,48.19,2026-06-19,False,False,True,False,1,Food Lover,Food Lover
C001946,Cliente 1946,Affluent,False,Ambato,False,40,3059.94,1,False,Crédito Hipotecario,0,0.00,124821.83,0.00,False,0.00,0,False,0.00,,,False,False,False,False,0,,Sin información transaccional
C001947,Cliente 1947,Mass,False,Guayaquil,False,30,1204.19,1,False,Cuenta Corriente,0,6209.60,0.00,0.00,False,0.00,0,False,0.00,,,False,False,False,False,0,,Sin información transaccional
C001948,Cliente 1948,Joven,True,Quito,False,43,432.69,2,True,Cuenta de Ahorros|Tarjeta de Crédito,0,729.62,482.45,482.45,False,1200.00,11,True,225.20,20.47,2026-08-28,False,False,False,False,0,,Generalista
C001949,Cliente 1949,Mass,False,Quito,False,33,582.27,3,True,Cuenta Corriente|Cuenta de Ahorros|Tarjeta de Crédito,0,2582.56,140.32,140.32,False,600.00,13,True,649.20,49.94,2026-08-30,True,False,False,False,1,Travel Lover,Travel Lover
C001950,Cliente 1950,Mass,False,Quito,False,18,1139.09,2,True,Crédito de Consumo|Cuenta de Ahorros,0,80.48,2380.64,0.00,False,0.00,0,False,0.00,,,False,False,False,False,0,,Sin información transaccional
C001951,Cliente 1951,Mass,False,Guayaquil,False,35,1236.78,2,True,Crédito Vehicular|Tarjeta de Crédito,0,0.00,7287.41,481.47,False,1500.00,10,True,778.99,77.90,2026-05-27,False,True,False,False,1,Streaming Lover,Streaming Lover
C001952,Cliente 1952,Affluent,False,Guayaquil,False,44,2545.81,2,True,Crédito de Consumo|Tarjeta de Crédito,0,0.00,14053.43,622.74,False,3300.00,6,True,1152.02,192.00,2026-06-28,False,True,False,False,1,Streaming Lover,Streaming Lover
C001953,Cliente 1953,PyME,False,Guayaquil,False,29,1720.58,2,True,Crédito de Consumo|Tarjeta de Crédito,0,0.00,10853.63,210.81,False,2600.00,12,True,1630.84,135.90,2026-07-28,False,False,False,False,0,,Generalista
C001954,Cliente 1954,Mass,False,Guayaquil,False,36,485.26,4,True,Crédito Hipotecario|Crédito de Consumo|Cuenta Corriente|Tarjeta de Crédito,0,754.09,77540.68,336.72,False,800.00,7,True,412.50,58.93,2026-02-14,False,False,False,False,0,,Generalista
C001955,Cliente 1955,Joven,False,Guayaquil,False,38,777.98,2,True,Crédito Hipotecario|Tarjeta de Crédito,0,0.00,103587.41,282.36,False,900.00,14,True,588.32,42.02,2026-06-15,False,False,False,False,0,,Generalista
C001956,Cliente 1956,Mass,True,Cuenca,False,30,919.60,2,True,Crédito Vehicular|Tarjeta de Crédito,0,0.00,24503.37,654.50,False,1700.00,11,True,832.19,75.65,2026-07-30,False,False,False,True,1,Tech Lover,Tech Lover
C001957,Cliente 1957,Mass,False,Guayaquil,False,45,928.10,3,True,Crédito de Consumo|Cuenta de Ahorros|Tarjeta de Crédito,0,1965.28,5449.39,995.01,False,2400.00,4,True,452.68,113.17,2026-04-27,False,False,False,False,0,,Generalista
C001958,Cliente 1958,Mass,False,Quito,False,37,525.11,4,True,Crédito Hipotecario|Crédito de Consumo|Cuenta Corriente|Cuenta de Ahorros,0,3465.72,93313.09,0.00,False,0.00,0,False,0.00,,,False,False,False,False,0,,Sin información transaccional
C001959,Cliente 1959,Mass,False,Guayaquil,False,48,799.09,2,True,Crédito Vehicular|Tarjeta de Crédito,0,0.00,18405.93,0.00,False,1800.00,14,True,921.74,65.84,2026-07-21,False,True,False,False,1,Streaming Lover,Streaming Lover
C001960,Cliente 1960,Affluent,False,Guayaquil,False,29,2811.97,4,True,Crédito Hipotecario|Crédito de Consumo|Cuenta Corriente|Tarjeta de Crédito,0,7556.53,84137.49,2110.86,False,3200.00,9,True,3456.78,384.09,2026-07-17,False,True,False,False,1,Streaming Lover,Streaming Lover
C001961,Cliente 1961,Premium,False,Ambato,False,32,8640.44,2,True,Crédito Vehicular|Cuenta de Ahorros,0,26978.22,23826.73,0.00,False,0.00,0,False,0.00,,,False,False,False,False,0,,Sin información transaccional
C001962,Cliente 1962,Mass,False,Guayaquil,False,29,841.15,2,True,Crédito Vehicular|Tarjeta de Crédito,0,0.00,25511.68,874.35,False,2100.00,4,True,206.99,51.75,2025-11-24,False,False,False,False,0,,Generalista
C001963,Cliente 1963,Mass,False,Guayaquil,False,32,736.51,2,True,Crédito Hipotecario|Tarjeta de Crédito,0,0.00,51431.14,528.72,False,1400.00,10,True,388.21,38.82,2026-08-02,False,False,False,True,1,Tech Lover,Tech Lover
C001964,Cliente 1964,Mass,False,Guayaquil,False,39,1577.93,3,True,Crédito Hipotecario|Cuenta Corriente|Tarjeta de Crédito,0,5186.72,159015.29,849.78,False,1800.00,4,True,733.85,183.46,2026-03-29,False,False,False,False,0,,Generalista
C001965,Cliente 1965,Premium,False,Quito,False,44,3106.87,3,True,Crédito de Consumo|Cuenta Corriente|Tarjeta de Crédito,0,2159.80,21088.11,160.67,False,8300.00,10,True,1709.76,170.98,2026-06-25,False,False,True,False,1,Food Lover,Food Lover
C001966,Cliente 1966,PyME,False,Guayaquil,False,34,3805.86,1,False,Tarjeta de Crédito,0,0.00,7142.21,7142.21,False,10300.00,14,True,3368.49,240.61,2026-07-14,False,True,True,False,2,Streaming Lover|Food Lover,Food Lover
C001967,Cliente 1967,Mass,False,Ambato,False,30,947.49,2,True,Cuenta Corriente|Tarjeta de Crédito,0,1155.40,655.85,655.85,False,1500.00,5,True,220.85,44.17,2026-06-09,False,False,False,False,0,,Generalista
C001968,Cliente 1968,Mass,False,Quito,False,44,1315.13,2,True,Crédito Hipotecario|Tarjeta de Crédito,0,0.00,79617.44,399.79,False,1800.00,11,True,950.06,86.37,2026-08-08,False,False,False,False,0,,Generalista
C001969,Cliente 1969,Affluent,False,Guayaquil,False,31,2124.88,2,True,Crédito Hipotecario|Tarjeta de Crédito,0,0.00,99308.15,2672.60,False,5000.00,7,True,916.49,130.93,2026-06-29,False,True,True,False,2,Streaming Lover|Food Lover,Food Lover
C001970,Cliente 1970,Mass,False,Guayaquil,False,41,525.36,1,False,Tarjeta de Crédito,0,0.00,277.99,277.99,False,1000.00,11,True,486.91,44.26,2026-07-21,False,False,False,True,1,Tech Lover,Tech Lover
C001971,Cliente 1971,Affluent,False,Guayaquil,False,18,2343.82,4,True,Crédito Hipotecario|Crédito Vehicular|Cuenta Corriente|Tarjeta de Crédito,0,-100.00,91394.57,3880.66,False,5100.00,8,True,1652.06,206.51,2026-05-29,True,False,False,False,1,Travel Lover,Travel Lover
C001972,Cliente 1972,Premium,False,Quito,False,54,3101.76,3,True,Cuenta Corriente|Cuenta de Ahorros|Tarjeta de Crédito,0,24843.33,3131.23,3131.23,False,8200.00,7,True,1686.61,240.94,2026-01-11,False,False,False,False,0,,Generalista
C001973,Cliente 1973,Premium,False,Quito,False,45,3880.35,3,True,Crédito Hipotecario|Crédito Vehicular|Tarjeta de Crédito,0,0.00,62190.09,319.48,False,8700.00,10,True,2100.73,210.07,2026-05-17,False,False,False,False,0,,Generalista
C001974,Cliente 1974,Mass,False,Cuenca,False,30,1232.16,2,True,Crédito Vehicular|Crédito de Consumo,0,0.00,15693.55,0.00,False,0.00,0,False,0.00,,,False,False,False,False,0,,Sin información transaccional
C001975,Cliente 1975,Mass,False,Guayaquil,False,32,715.81,3,True,Crédito Hipotecario|Cuenta Corriente|Tarjeta de Crédito,0,1463.37,67518.74,244.09,False,1800.00,14,True,837.34,59.81,2026-06-29,False,False,True,False,1,Food Lover,Food Lover
C001976,Cliente 1976,Mass,False,Quito,False,28,858.11,2,True,Crédito Vehicular|Tarjeta de Crédito,0,0.00,16825.38,0.00,False,1400.00,14,True,842.96,60.21,2026-08-27,False,False,False,True,1,Tech Lover,Tech Lover
C001977,Cliente 1977,Premium,False,Loja,False,47,2896.70,2,True,Crédito Hipotecario|Cuenta Corriente,0,5059.10,77265.34,0.00,False,0.00,0,False,0.00,,,False,False,False,False,0,,Sin información transaccional
C001978,Cliente 1978,Mass,False,Guayaquil,False,43,943.00,2,True,Cuenta de Ahorros|Tarjeta de Crédito,0,630.76,625.44,625.44,False,2700.00,10,True,742.86,74.29,2026-08-28,False,True,False,False,1,Streaming Lover,Streaming Lover
C001979,Cliente 1979,Premium,False,Manta,False,27,3566.31,2,True,Cuenta de Ahorros|Tarjeta de Crédito,0,4758.91,1828.37,1828.37,False,5500.00,10,True,1865.75,186.57,2026-08-21,False,False,False,True,1,Tech Lover,Tech Lover
C001980,Cliente 1980,Mass,False,Guayaquil,False,38,985.92,1,False,Cuenta Corriente,0,689.21,0.00,0.00,False,0.00,0,False,0.00,,,False,False,False,False,0,,Sin información transaccional
C001981,Cliente 1981,PyME,True,Cuenca,False,36,2676.62,2,True,Cuenta Corriente|Tarjeta de Crédito,0,3068.20,861.48,861.48,False,3600.00,11,True,1304.88,118.63,2026-08-29,False,False,True,False,1,Food Lover,Food Lover
C001982,Cliente 1982,Mass,False,Guayaquil,False,18,578.92,4,True,Crédito Hipotecario|Crédito de Consumo|Cuenta de Ahorros|Tarjeta de Crédito,0,1358.96,82032.64,395.75,False,700.00,4,True,56.84,14.21,2026-06-22,False,False,False,False,0,,Generalista
C001983,Cliente 1983,Joven,False,Quito,False,58,822.01,3,True,Crédito de Consumo|Cuenta de Ahorros|Tarjeta de Crédito,0,1847.50,3207.09,416.32,False,1200.00,7,True,365.27,52.18,2026-07-12,False,False,False,True,1,Tech Lover,Tech Lover
C001984,Cliente 1984,Mass,False,Ambato,False,50,675.09,2,True,Cuenta Corriente|Tarjeta de Crédito,0,2159.99,1163.42,1163.42,False,1900.00,10,True,290.35,29.04,2026-06-15,False,False,False,False,0,,Generalista
C001985,Cliente 1985,PyME,False,Quito,False,29,1426.59,2,True,Cuenta de Ahorros|Tarjeta de Crédito,0,666.21,652.62,652.62,False,2300.00,8,True,667.16,83.39,2026-08-02,True,False,False,False,1,Travel Lover,Travel Lover
C001986,Cliente 1986,Premium,False,Quito,False,30,3202.45,2,True,Cuenta Corriente|Tarjeta de Crédito,0,6667.31,2001.61,2001.61,False,4600.00,11,True,3810.73,346.43,2026-08-08,False,False,True,False,1,Food Lover,Food Lover
C001987,Cliente 1987,Mass,True,Quito,False,18,903.40,1,False,Tarjeta de Crédito,0,0.00,1456.63,1456.63,False,2600.00,12,True,686.96,57.25,2026-08-14,False,False,False,False,0,,Generalista
C001988,Cliente 1988,Affluent,False,Quito,False,32,1944.13,2,True,Crédito Vehicular|Tarjeta de Crédito,0,0.00,20698.25,869.06,False,5000.00,6,True,562.81,93.80,2026-05-21,True,False,True,False,2,Travel Lover|Food Lover,Food Lover
C001989,Cliente 1989,Mass,False,Quito,False,39,1414.74,1,False,Crédito Hipotecario,0,0.00,138265.81,0.00,False,0.00,0,False,0.00,,,False,False,False,False,0,,Sin información transaccional
C001990,Cliente 1990,Affluent,False,Quito,False,30,1306.68,2,True,Crédito Vehicular|Tarjeta de Crédito,0,0.00,17474.42,2566.08,False,3000.00,8,True,590.89,73.86,2026-08-11,False,False,True,False,1,Food Lover,Food Lover
C001991,Cliente 1991,Mass,False,Guayaquil,False,50,1568.30,2,True,Crédito Vehicular|Tarjeta de Crédito,0,0.00,16904.57,580.08,False,2600.00,5,True,1083.83,216.77,2025-11-09,False,False,True,False,1,Food Lover,Food Lover
C001992,Cliente 1992,Joven,False,Guayaquil,False,37,893.31,1,False,Crédito de Consumo,0,0.00,3240.85,0.00,False,0.00,0,False,0.00,,,False,False,False,False,0,,Sin información transaccional
C001993,Cliente 1993,PyME,False,Quito,False,25,1556.54,3,True,Crédito de Consumo|Cuenta Corriente|Tarjeta de Crédito,0,592.44,16094.35,1783.46,False,2600.00,10,True,554.35,55.44,2026-06-22,False,False,True,False,1,Food Lover,Food Lover
C001994,Cliente 1994,Mass,True,Quito,False,24,680.06,3,True,Cuenta Corriente|Cuenta de Ahorros|Tarjeta de Crédito,0,3137.82,667.96,667.96,False,2000.00,5,True,153.91,30.78,2026-07-22,False,False,True,False,1,Food Lover,Food Lover
C001995,Cliente 1995,Mass,False,Loja,False,54,749.89,1,False,Tarjeta de Crédito,0,0.00,406.04,406.04,False,1600.00,14,True,601.18,42.94,2026-06-24,False,False,False,False,0,,Generalista
C001996,Cliente 1996,Mass,False,Ambato,False,30,758.15,2,True,Cuenta Corriente|Cuenta de Ahorros,0,1361.22,0.00,0.00,False,0.00,0,False,0.00,,,False,False,False,False,0,,Sin información transaccional
C001997,Cliente 1997,Mass,False,Manta,False,39,1204.94,2,True,Crédito Hipotecario|Tarjeta de Crédito,0,0.00,56724.56,1038.53,False,3400.00,9,True,549.69,61.08,2026-07-07,False,False,True,False,1,Food Lover,Food Lover
C001998,Cliente 1998,Mass,False,Loja,False,18,820.95,2,True,Crédito Hipotecario|Cuenta de Ahorros,0,930.99,74532.67,0.00,False,0.00,0,False,0.00,,,False,False,False,False,0,,Sin información transaccional
C001999,Cliente 1999,Affluent,False,Guayaquil,False,46,2835.18,2,True,Crédito Vehicular|Cuenta de Ahorros,0,9783.46,21178.13,0.00,False,0.00,0,False,0.00,,,False,False,False,False,0,,Sin información transaccional
C002000,Cliente 2000,Joven,False,Cuenca,False,35,597.59,3,True,Crédito Hipotecario|Cuenta Corriente|Tarjeta de Crédito,0,2107.15,30880.52,868.86,False,1200.00,4,True,144.00,36.00,2026-08-22,False,False,True,False,1,Food Lover,Food Lover
C002001,Cliente 2001,Affluent,False,Quito,False,52,2435.69,3,True,Crédito Hipotecario|Crédito de Consumo|Tarjeta de Crédito,0,0.00,67765.15,2911.94,False,6700.00,5,True,1456.42,291.28,2026-07-26,True,False,False,False,1,Travel Lover,Travel Lover
C002002,Cliente 2002,Premium,False,Ambato,False,28,6087.11,2,True,Crédito de Consumo|Cuenta Corriente,0,9526.86,19929.13,0.00,False,0.00,0,False,0.00,,,False,False,False,False,0,,Sin información transaccional
C002003,Cliente 2003,Affluent,False,Quito,False,26,4172.25,2,True,Crédito Hipotecario|Cuenta Corriente,0,3129.37,74263.25,0.00,False,0.00,0,False,0.00,,,False,False,False,False,0,,Sin información transaccional
C002004,Cliente 2004,PyME,False,Cuenca,False,44,1222.08,2,True,Crédito de Consumo|Cuenta de Ahorros,0,1233.09,14331.65,0.00,False,0.00,0,False,0.00,,,False,False,False,False,0,,Sin información transaccional
C002005,Cliente 2005,Mass,False,Loja,False,56,612.95,3,True,Crédito Hipotecario|Cuenta de Ahorros|Tarjeta de Crédito,0,1842.18,102862.99,436.40,False,1200.00,8,True,247.66,30.96,2026-08-02,True,False,False,True,2,Travel Lover|Tech Lover,Travel Lover
C002006,Cliente 2006,Affluent,True,Loja,False,38,2317.60,2,True,Crédito Vehicular|Tarjeta de Crédito,0,0.00,38180.58,1450.32,False,3700.00,14,True,2389.10,170.65,2026-08-27,False,True,False,True,2,Streaming Lover|Tech Lover,Streaming Lover
C002007,Cliente 2007,Mass,False,Guayaquil,False,56,1308.15,2,True,Cuenta Corriente|Tarjeta de Crédito,0,2205.38,294.38,294.38,False,2300.00,6,True,529.22,88.20,2026-03-28,True,False,False,False,1,Travel Lover,Travel Lover
C002008,Cliente 2008,Mass,False,Guayaquil,False,23,632.52,2,True,Cuenta de Ahorros|Tarjeta de Crédito,0,545.05,412.16,412.16,False,800.00,4,True,281.87,70.47,2026-04-16,False,False,False,False,0,,Generalista
C002009,Cliente 2009,Joven,False,Quito,False,28,706.71,1,False,Cuenta Corriente,0,1249.94,0.00,0.00,False,0.00,0,False,0.00,,,False,False,False,False,0,,Sin información transaccional
C002010,Cliente 2010,Premium,False,Ambato,False,35,4058.22,4,True,Crédito Hipotecario|Crédito Vehicular|Cuenta Corriente|Tarjeta de Crédito,0,6441.10,118112.78,3762.30,False,10300.00,6,True,1151.90,191.98,2026-07-11,False,False,False,False,0,,Generalista
C002011,Cliente 2011,Mass,False,Guayaquil,False,37,1062.10,2,True,Crédito de Consumo|Tarjeta de Crédito,0,0.00,1533.72,431.27,False,1800.00,4,True,235.29,58.82,2026-06-04,False,False,False,False,0,,Generalista
C002012,Cliente 2012,PyME,False,Guayaquil,False,32,2705.32,2,True,Cuenta Corriente|Tarjeta de Crédito,0,6552.05,1700.16,1700.16,False,7100.00,13,True,1780.57,136.97,2026-07-03,False,False,False,True,1,Tech Lover,Tech Lover
C002013,Cliente 2013,Affluent,False,Quito,False,18,1416.00,3,True,Crédito Vehicular|Cuenta Corriente|Tarjeta de Crédito,0,2394.47,15528.38,1708.67,False,4100.00,14,True,938.67,67.05,2026-07-28,False,True,True,False,2,Streaming Lover|Food Lover,Streaming Lover
C002014,Cliente 2014,Mass,False,Guayaquil,False,39,1237.40,2,True,Cuenta Corriente|Tarjeta de Crédito,0,5484.97,52.39,52.39,False,3400.00,4,True,207.70,51.93,2026-07-27,False,False,True,False,1,Food Lover,Food Lover
C002015,Cliente 2015,Mass,False,Guayaquil,False,40,1303.58,1,False,Tarjeta de Crédito,0,0.00,799.48,799.48,False,1600.00,14,True,1047.08,74.79,2026-08-13,False,False,False,False,0,,Generalista
C002016,Cliente 2016,Mass,False,Manta,False,18,1704.99,4,True,Crédito de Consumo|Cuenta Corriente|Cuenta de Ahorros|Tarjeta de Crédito,0,8190.23,3799.54,418.44,False,4600.00,4,True,370.96,92.74,2026-06-07,False,False,False,False,0,,Generalista
C002017,Cliente 2017,Premium,False,Quito,False,38,2028.50,1,False,Crédito Hipotecario,0,0.00,95883.17,0.00,False,0.00,0,False,0.00,,,False,False,False,False,0,,Sin información transaccional
C002018,Cliente 2018,Affluent,True,Quito,False,40,2238.02,2,True,Crédito de Consumo|Tarjeta de Crédito,0,0.00,6954.24,233.98,False,2400.00,11,True,2054.14,186.74,2026-07-26,False,False,False,True,1,Tech Lover,Tech Lover
C002019,Cliente 2019,Affluent,False,Guayaquil,False,33,1943.05,3,True,Crédito Vehicular|Crédito de Consumo|Tarjeta de Crédito,0,0.00,38514.66,2073.56,False,5400.00,8,True,1550.04,193.75,2026-07-24,False,False,True,False,1,Food Lover,Food Lover
C002020,Cliente 2020,Joven,False,Quito,False,45,466.57,2,True,Crédito Vehicular|Tarjeta de Crédito,0,0.00,20376.43,258.69,False,1000.00,11,True,565.95,51.45,2026-06-11,False,False,False,False,0,,Generalista
C002021,Cliente 2021,PyME,False,Quito,False,44,1653.92,3,True,Crédito Hipotecario|Cuenta de Ahorros|Tarjeta de Crédito,0,3510.09,110710.14,1611.91,False,4200.00,5,True,395.20,79.04,2025-10-15,False,True,False,False,1,Streaming Lover,Streaming Lover
C002022,Cliente 2022,Affluent,False,Loja,False,56,4003.36,4,True,Crédito Vehicular|Crédito de Consumo|Cuenta Corriente|Tarjeta de Crédito,0,7509.87,33817.38,825.70,False,8700.00,7,True,1450.77,207.25,2026-08-31,False,False,True,False,1,Food Lover,Food Lover
C002023,Cliente 2023,Mass,False,Quito,False,56,1432.86,1,False,Crédito Hipotecario,0,0.00,89993.58,0.00,False,0.00,0,False,0.00,,,False,False,False,False,0,,Sin información transaccional
C002024,Cliente 2024,Premium,False,Guayaquil,False,18,3386.47,2,True,Crédito Hipotecario|Tarjeta de Crédito,0,0.00,83613.20,2550.61,False,5400.00,10,True,1810.68,181.07,2026-08-21,False,False,False,False,0,,Generalista
C002025,Cliente 2025,Mass,False,Guayaquil,False,40,1181.41,2,True,Crédito Hipotecario|Tarjeta de Crédito,0,0.00,125299.58,1601.63,False,2800.00,5,True,288.06,57.61,2026-07-19,False,False,False,False,0,,Generalista
C002026,Cliente 2026,Affluent,False,Ambato,False,39,915.32,2,True,Crédito Hipotecario|Crédito Vehicular,0,0.00,63074.62,0.00,False,0.00,0,False,0.00,,,False,False,False,False,0,,Sin información transaccional
C002027,Cliente 2027,Mass,True,Quito,False,47,593.76,2,True,Crédito Hipotecario|Tarjeta de Crédito,0,0.00,64505.62,193.22,False,1100.00,12,True,397.85,33.15,2026-07-25,False,False,False,True,1,Tech Lover,Tech Lover
C002028,Cliente 2028,PyME,False,Manta,False,33,2927.90,1,False,Crédito Hipotecario,0,0.00,87498.06,0.00,False,0.00,0,False,0.00,,,False,False,False,False,0,,Sin información transaccional
C002029,Cliente 2029,PyME,False,Guayaquil,False,39,3354.15,2,True,Crédito Hipotecario|Crédito de Consumo,0,0.00,55399.82,0.00,False,0.00,0,False,0.00,,,False,False,False,False,0,,Sin información transaccional
C002030,Cliente 2030,Joven,False,Guayaquil,False,52,387.28,2,True,Cuenta Corriente|Tarjeta de Crédito,0,1316.36,329.71,329.71,False,800.00,5,True,196.38,39.28,2026-04-15,False,False,False,False,0,,Generalista
C002031,Cliente 2031,Joven,False,Manta,False,36,379.70,2,True,Cuenta Corriente|Cuenta de Ahorros,0,974.61,0.00,0.00,False,0.00,0,False,0.00,,,False,False,False,False,0,,Sin información transaccional
C002032,Cliente 2032,Premium,True,Cuenca,False,33,5783.32,3,True,Crédito Vehicular|Crédito de Consumo|Tarjeta de Crédito,0,0.00,38431.11,2180.36,False,7700.00,5,True,1785.83,357.17,2026-03-08,True,False,True,False,2,Travel Lover|Food Lover,Travel Lover
C002033,Cliente 2033,Affluent,False,Quito,False,49,2126.53,2,True,Crédito Hipotecario|Cuenta Corriente,0,235.58,87508.45,0.00,False,0.00,0,False,0.00,,,False,False,False,False,0,,Sin información transaccional
C002034,Cliente 2034,Affluent,False,Guayaquil,False,18,1396.32,3,True,Crédito Vehicular|Cuenta Corriente|Tarjeta de Crédito,0,2535.29,24116.93,506.68,False,3400.00,4,True,353.12,88.28,2026-03-10,False,False,True,False,1,Food Lover,Food Lover
C002035,Cliente 2035,Affluent,True,Cuenca,False,37,1615.87,1,False,Cuenta Corriente,0,2818.50,0.00,0.00,False,0.00,0,False,0.00,,,False,False,False,False,0,,Sin información transaccional
C002036,Cliente 2036,Joven,False,Guayaquil,False,58,688.95,3,True,Crédito de Consumo|Cuenta de Ahorros|Tarjeta de Crédito,0,1382.32,3088.62,860.26,False,1200.00,4,True,133.92,33.48,2026-01-10,False,False,False,False,0,,Generalista
C002037,Cliente 2037,Mass,False,Guayaquil,False,49,852.66,2,True,Crédito Vehicular|Tarjeta de Crédito,0,0.00,17772.87,937.87,False,2400.00,12,True,846.24,70.52,2026-05-13,False,False,True,False,1,Food Lover,Food Lover
C002038,Cliente 2038,Affluent,False,Guayaquil,False,20,3149.04,2,True,Cuenta de Ahorros|Tarjeta de Crédito,0,13497.19,2342.59,2342.59,False,6600.00,7,True,949.17,135.60,2026-06-23,False,True,False,False,1,Streaming Lover,Streaming Lover
C002039,Cliente 2039,Mass,False,Guayaquil,False,61,895.27,3,True,Crédito de Consumo|Cuenta de Ahorros|Tarjeta de Crédito,0,3871.67,6155.47,1401.30,False,2500.00,5,True,130.52,26.10,2026-02-18,False,True,False,False,1,Streaming Lover,Streaming Lover
C002040,Cliente 2040,PyME,False,Manta,False,36,1609.32,3,True,Crédito de Consumo|Cuenta Corriente|Tarjeta de Crédito,0,1986.86,16863.15,1404.22,False,4300.00,6,True,435.65,72.61,2026-05-10,False,False,True,False,1,Food Lover,Food Lover
C002041,Cliente 2041,Premium,False,Quito,False,34,4633.00,4,True,Crédito Vehicular|Crédito de Consumo|Cuenta Corriente|Tarjeta de Crédito,0,7840.76,48330.56,3754.72,False,12500.00,5,True,1224.67,244.93,2025-12-29,False,False,True,False,1,Food Lover,Food Lover
C002042,Cliente 2042,PyME,False,Guayaquil,False,30,1935.52,1,False,Cuenta de Ahorros,0,2212.90,0.00,0.00,False,0.00,0,False,0.00,,,False,False,False,False,0,,Sin información transaccional
C002043,Cliente 2043,Joven,False,Loja,False,54,691.95,3,True,Crédito Vehicular|Cuenta Corriente|Cuenta de Ahorros,0,2789.69,20974.27,0.00,False,0.00,0,False,0.00,,,False,False,False,False,0,,Sin información transaccional
C002044,Cliente 2044,Mass,False,Cuenca,False,60,853.26,1,False,Tarjeta de Crédito,0,0.00,382.43,382.43,False,1400.00,9,True,539.44,59.94,2026-07-02,False,False,False,False,0,,Generalista
C002045,Cliente 2045,Mass,False,Quito,False,43,1318.10,3,True,Cuenta Corriente|Cuenta de Ahorros|Tarjeta de Crédito,0,6113.00,413.43,413.43,False,1500.00,11,True,972.23,88.38,2026-06-12,True,False,False,False,1,Travel Lover,Travel Lover
C002046,Cliente 2046,Affluent,False,Guayaquil,False,39,1958.40,3,True,Crédito Hipotecario|Crédito Vehicular|Crédito de Consumo,0,0.00,80831.72,0.00,False,0.00,0,False,0.00,,,False,False,False,False,0,,Sin información transaccional
C002047,Cliente 2047,Premium,False,Guayaquil,False,40,4961.24,4,True,Crédito Hipotecario|Crédito de Consumo|Cuenta Corriente|Tarjeta de Crédito,0,-100.00,100178.25,8426.77,False,13700.00,14,True,3744.18,267.44,2026-08-28,False,False,False,True,1,Tech Lover,Tech Lover
C002048,Cliente 2048,Premium,True,Guayaquil,False,42,4451.47,3,True,Crédito Vehicular|Cuenta Corriente|Tarjeta de Crédito,0,6544.24,27937.36,2007.32,False,11100.00,12,True,3359.71,279.98,2026-07-24,True,False,False,False,1,Travel Lover,Travel Lover
C002049,Cliente 2049,Affluent,True,Quito,False,28,1812.53,3,True,Crédito Hipotecario|Cuenta de Ahorros|Tarjeta de Crédito,0,8359.41,90035.02,376.70,False,2800.00,7,True,519.53,74.22,2026-07-07,True,False,False,False,1,Travel Lover,Travel Lover
C002050,Cliente 2050,Mass,False,Ambato,False,40,592.55,3,True,Crédito Hipotecario|Cuenta de Ahorros|Tarjeta de Crédito,0,516.23,19472.70,51.37,False,900.00,12,True,452.33,37.69,2026-07-11,False,False,False,True,1,Tech Lover,Tech Lover
C002051,Cliente 2051,Premium,False,Quito,False,22,3720.24,3,True,Crédito Vehicular|Crédito de Consumo|Cuenta Corriente,0,4056.85,43310.06,0.00,False,0.00,0,False,0.00,,,False,False,False,False,0,,Sin información transaccional
C002052,Cliente 2052,PyME,False,Cuenca,False,55,2657.23,2,True,Crédito de Consumo|Tarjeta de Crédito,0,0.00,13499.31,1488.42,False,5300.00,11,True,1642.47,149.32,2026-01-09,False,False,False,False,0,,Generalista
C002053,Cliente 2053,Affluent,False,Quito,False,46,1759.70,3,True,Crédito Hipotecario|Crédito Vehicular|Tarjeta de Crédito,0,0.00,108204.84,667.31,False,4500.00,10,True,1444.28,144.43,2026-07-14,False,False,False,False,0,,Generalista
C002054,Cliente 2054,Mass,False,Cuenca,False,56,778.43,2,True,Crédito Hipotecario|Tarjeta de Crédito,0,0.00,101239.15,394.95,False,900.00,12,True,589.52,49.13,2026-08-26,False,False,False,False,0,,Generalista
C002055,Cliente 2055,Premium,False,Guayaquil,False,45,5689.03,3,True,Crédito Hipotecario|Crédito de Consumo|Tarjeta de Crédito,0,0.00,86870.06,0.00,False,14600.00,9,True,2694.89,299.43,2026-06-08,False,False,False,False,0,,Generalista
C002056,Cliente 2056,Mass,False,Guayaquil,False,29,1113.41,2,True,Cuenta de Ahorros|Tarjeta de Crédito,0,3511.66,1161.10,1161.10,False,2700.00,5,True,695.18,139.04,2026-07-05,False,False,False,True,1,Tech Lover,Tech Lover
C002057,Cliente 2057,Mass,False,Loja,False,39,1007.56,1,False,Crédito Hipotecario,0,0.00,75615.48,0.00,False,0.00,0,False,0.00,,,False,False,False,False,0,,Sin información transaccional
C002058,Cliente 2058,PyME,False,Loja,False,64,4964.99,2,True,Cuenta de Ahorros|Tarjeta de Crédito,0,24062.06,4489.32,4489.32,False,12700.00,13,True,3855.08,296.54,2026-07-22,False,False,False,False,0,,Generalista
C002059,Cliente 2059,Mass,False,Quito,False,59,514.32,3,True,Crédito Vehicular|Cuenta Corriente|Tarjeta de Crédito,0,887.16,13307.38,358.44,False,1500.00,8,True,206.48,25.81,2026-06-08,True,False,False,False,1,Travel Lover,Travel Lover
C002060,Cliente 2060,Mass,True,Quito,False,36,671.64,3,True,Crédito Hipotecario|Crédito de Consumo|Tarjeta de Crédito,0,0.00,91319.46,174.97,False,700.00,11,True,436.87,39.72,2026-08-08,False,False,False,True,1,Tech Lover,Tech Lover
C002061,Cliente 2061,Mass,False,Quito,False,45,1212.68,3,True,Crédito Vehicular|Cuenta Corriente|Tarjeta de Crédito,0,4839.64,13041.29,781.62,False,2500.00,6,True,450.04,75.01,2026-08-09,False,False,True,False,1,Food Lover,Food Lover
C002062,Cliente 2062,Premium,False,Guayaquil,False,49,5442.09,1,False,Cuenta Corriente,0,12984.85,0.00,0.00,False,0.00,0,False,0.00,,,False,False,False,False,0,,Sin información transaccional
C002063,Cliente 2063,Mass,False,Guayaquil,False,31,1283.26,4,True,Crédito Hipotecario|Crédito Vehicular|Crédito de Consumo|Cuenta Corriente,0,354.26,89174.95,0.00,False,0.00,0,False,0.00,,,False,False,False,False,0,,Sin información transaccional
C002064,Cliente 2064,Mass,False,Manta,False,54,814.50,1,False,Tarjeta de Crédito,0,0.00,531.62,531.62,False,1500.00,10,True,1441.73,144.17,2026-08-18,False,False,False,False,0,,Generalista
C002065,Cliente 2065,Mass,False,Quito,False,28,1069.40,2,True,Crédito Hipotecario|Tarjeta de Crédito,0,0.00,95021.21,80.98,False,2600.00,14,True,1002.41,71.60,2026-06-18,False,False,True,False,1,Food Lover,Food Lover
C002066,Cliente 2066,Mass,False,Manta,False,31,465.61,4,True,Crédito Hipotecario|Crédito Vehicular|Crédito de Consumo|Tarjeta de Crédito,0,0.00,106831.10,927.95,False,1300.00,4,True,371.42,92.85,2025-11-01,False,False,False,False,0,,Generalista
C002067,Cliente 2067,PyME,False,Ambato,False,38,1969.30,3,True,Cuenta Corriente|Cuenta de Ahorros|Tarjeta de Crédito,0,8080.51,2210.60,2210.60,False,5900.00,10,True,1158.72,115.87,2026-07-10,False,False,False,True,1,Tech Lover,Tech Lover
C002068,Cliente 2068,Affluent,False,Guayaquil,False,38,1288.45,2,True,Cuenta de Ahorros|Tarjeta de Crédito,0,4235.53,567.67,567.67,False,2600.00,14,True,1024.26,73.16,2026-08-04,True,False,False,False,1,Travel Lover,Travel Lover
C002069,Cliente 2069,Mass,False,Manta,False,40,961.79,1,False,Crédito de Consumo,0,0.00,372.49,0.00,False,0.00,0,False,0.00,,,False,False,False,False,0,,Sin información transaccional
C002070,Cliente 2070,Mass,False,Cuenca,False,62,597.28,3,True,Crédito de Consumo|Cuenta de Ahorros|Tarjeta de Crédito,0,1391.01,5481.91,568.04,False,1100.00,13,True,381.19,29.32,2026-04-26,True,False,False,False,1,Travel Lover,Travel Lover
C002071,Cliente 2071,PyME,False,Quito,False,39,3770.29,1,False,Cuenta Corriente,0,12659.37,0.00,0.00,False,0.00,0,False,0.00,,,False,False,False,False,0,,Sin información transaccional
C002072,Cliente 2072,Premium,False,Guayaquil,False,47,2994.21,1,False,Cuenta de Ahorros,0,1831.89,0.00,0.00,False,0.00,0,False,0.00,,,False,False,False,False,0,,Sin información transaccional
C002073,Cliente 2073,Mass,False,Manta,False,43,1307.53,2,True,Cuenta de Ahorros|Tarjeta de Crédito,0,2171.14,1452.60,1452.60,False,2100.00,5,True,465.64,93.13,2026-05-11,False,False,False,False,0,,Generalista
C002074,Cliente 2074,Affluent,False,Cuenca,False,40,2255.06,4,True,Crédito Hipotecario|Crédito de Consumo|Cuenta Corriente|Tarjeta de Crédito,0,2256.32,145986.98,1516.53,False,4500.00,4,True,425.83,106.46,2026-05-08,False,False,True,False,1,Food Lover,Food Lover
C002075,Cliente 2075,Affluent,False,Guayaquil,False,34,1689.56,3,True,Crédito Vehicular|Cuenta de Ahorros|Tarjeta de Crédito,0,1381.80,23009.35,2347.06,False,4800.00,4,True,700.00,175.00,2026-03-26,False,False,False,False,0,,Generalista
C002076,Cliente 2076,Affluent,False,Ambato,False,58,2046.20,1,False,Tarjeta de Crédito,0,0.00,1111.21,1111.21,False,2300.00,5,True,844.73,168.95,2026-07-24,False,False,True,False,1,Food Lover,Food Lover
C002077,Cliente 2077,Mass,False,Guayaquil,False,31,710.15,3,True,Crédito Hipotecario|Crédito de Consumo|Tarjeta de Crédito,0,0.00,86585.89,803.79,False,1600.00,4,True,192.90,48.23,2026-06-30,False,False,False,False,0,,Generalista
C002078,Cliente 2078,Mass,False,Quito,False,37,1083.17,3,True,Crédito Vehicular|Crédito de Consumo|Tarjeta de Crédito,0,0.00,23880.54,917.51,False,2100.00,5,True,316.39,63.28,2026-07-20,False,False,False,True,1,Tech Lover,Tech Lover
C002079,Cliente 2079,Affluent,False,Quito,False,37,1452.04,2,True,Crédito Hipotecario|Tarjeta de Crédito,0,0.00,103942.26,1036.56,False,3300.00,8,True,620.20,77.53,2026-07-30,False,False,False,False,0,,Generalista
C002080,Cliente 2080,Mass,False,Quito,False,30,913.43,1,False,Tarjeta de Crédito,0,0.00,524.61,524.61,False,1300.00,11,True,776.32,70.57,2026-01-29,False,False,False,False,0,,Generalista
C002081,Cliente 2081,PyME,False,Guayaquil,False,37,2346.30,2,True,Crédito Vehicular|Tarjeta de Crédito,0,0.00,3735.82,1337.47,False,4600.00,14,True,2699.59,192.83,2026-08-30,False,False,False,True,1,Tech Lover,Tech Lover
C002082,Cliente 2082,Mass,False,Loja,False,36,565.91,3,True,Crédito Vehicular|Cuenta Corriente|Tarjeta de Crédito,0,2711.22,3487.74,288.94,False,1000.00,5,True,276.01,55.20,2026-06-17,False,False,False,False,0,,Generalista
C002083,Cliente 2083,PyME,False,Quito,False,18,4060.33,2,True,Cuenta de Ahorros|Tarjeta de Crédito,0,6615.36,3980.55,3980.55,False,11600.00,6,True,1668.64,278.11,2026-05-03,False,False,False,False,0,,Generalista
C002084,Cliente 2084,Mass,False,Loja,False,25,637.12,3,True,Crédito Hipotecario|Crédito de Consumo|Tarjeta de Crédito,0,0.00,35149.87,653.23,False,1600.00,6,True,202.32,33.72,2026-03-21,False,True,False,False,1,Streaming Lover,Streaming Lover
C002085,Cliente 2085,Affluent,False,Guayaquil,False,33,2232.71,2,True,Crédito Hipotecario|Cuenta Corriente,0,1735.17,77732.04,0.00,False,0.00,0,False,0.00,,,False,False,False,False,0,,Sin información transaccional
C002086,Cliente 2086,Mass,False,Ambato,False,42,657.01,1,False,Crédito Vehicular,0,0.00,11525.12,0.00,False,0.00,0,False,0.00,,,False,False,False,False,0,,Sin información transaccional
C002087,Cliente 2087,Mass,False,Guayaquil,False,43,1552.37,2,True,Crédito Hipotecario|Tarjeta de Crédito,0,0.00,84128.34,171.24,False,1700.00,14,True,1216.53,86.89,2026-08-01,False,True,False,False,1,Streaming Lover,Streaming Lover
C002088,Cliente 2088,Premium,False,Quito,False,62,5256.47,2,True,Crédito Hipotecario|Tarjeta de Crédito,0,0.00,85148.58,861.01,False,9100.00,6,True,3265.47,544.25,2025-12-06,False,False,False,False,0,,Generalista
C002089,Cliente 2089,Affluent,False,Cuenca,False,49,1784.84,2,True,Crédito Vehicular|Cuenta Corriente,0,7486.23,16676.31,0.00,False,0.00,0,False,0.00,,,False,False,False,False,0,,Sin información transaccional
C002090,Cliente 2090,Mass,False,Guayaquil,False,41,612.33,2,True,Crédito de Consumo|Tarjeta de Crédito,0,0.00,3177.40,708.14,False,1800.00,9,True,467.00,51.89,2026-08-12,False,False,False,False,0,,Generalista
C002091,Cliente 2091,Mass,False,Guayaquil,False,43,676.82,2,True,Crédito Vehicular|Tarjeta de Crédito,0,0.00,18588.08,1076.99,False,1900.00,7,True,159.29,22.76,2026-08-25,False,True,False,False,1,Streaming Lover,Streaming Lover
C002092,Cliente 2092,Mass,False,Manta,False,23,778.29,2,True,Cuenta Corriente|Tarjeta de Crédito,0,2085.24,662.96,662.96,False,1600.00,8,True,322.40,40.30,2026-08-05,False,False,False,True,1,Tech Lover,Tech Lover
C002093,Cliente 2093,Affluent,False,Quito,False,30,1882.98,3,True,Crédito Hipotecario|Cuenta Corriente|Tarjeta de Crédito,0,3695.42,77639.95,1818.49,False,4400.00,8,True,1740.35,217.54,2026-07-02,False,False,False,True,1,Tech Lover,Tech Lover
C002094,Cliente 2094,Mass,False,Cuenca,False,31,1238.08,3,True,Crédito Hipotecario|Crédito de Consumo|Tarjeta de Crédito,0,0.00,62816.78,1386.99,False,2900.00,6,True,1165.28,194.21,2026-03-10,False,True,False,False,1,Streaming Lover,Streaming Lover
C002095,Cliente 2095,Premium,False,Guayaquil,False,41,2281.81,2,True,Crédito Vehicular|Crédito de Consumo,0,0.00,47847.92,0.00,False,0.00,0,False,0.00,,,False,False,False,False,0,,Sin información transaccional
C002096,Cliente 2096,Mass,False,Cuenca,False,54,1265.15,1,False,Crédito de Consumo,0,0.00,6203.27,0.00,False,0.00,0,False,0.00,,,False,False,False,False,0,,Sin información transaccional
C002097,Cliente 2097,Mass,True,Guayaquil,False,52,1556.21,3,True,Crédito Hipotecario|Cuenta Corriente|Tarjeta de Crédito,0,2276.19,44717.90,585.43,False,2200.00,14,True,1975.04,141.07,2026-07-28,False,False,True,False,1,Food Lover,Food Lover
C002098,Cliente 2098,Mass,True,Cuenca,False,40,1622.23,2,True,Crédito Hipotecario|Tarjeta de Crédito,0,0.00,102782.33,1244.20,False,2400.00,11,True,1073.50,97.59,2026-07-17,False,True,True,True,3,Streaming Lover|Food Lover|Tech Lover,Streaming Lover
C002099,Cliente 2099,Affluent,False,Quito,False,26,2147.60,1,False,Cuenta de Ahorros,0,8402.22,0.00,0.00,False,0.00,0,False,0.00,,,False,False,False,False,0,,Sin información transaccional
C002100,Cliente 2100,Mass,False,Quito,False,57,1282.60,1,False,Tarjeta de Crédito,0,0.00,509.71,509.71,False,2200.00,5,True,395.22,79.04,2026-08-04,False,False,False,False,0,,Generalista
C002101,Cliente 2101,Mass,False,Guayaquil,False,30,944.02,3,True,Crédito Hipotecario|Crédito de Consumo|Tarjeta de Crédito,0,0.00,95424.67,221.89,False,2000.00,14,True,845.06,60.36,2026-08-15,False,False,False,False,0,,Generalista
C002102,Cliente 2102,Mass,False,Guayaquil,False,55,797.92,1,False,Crédito Hipotecario,0,0.00,51742.32,0.00,False,0.00,0,False,0.00,,,False,False,False,False,0,,Sin información transaccional
C002103,Cliente 2103,Affluent,True,Cuenca,False,37,2223.20,1,False,Cuenta Corriente,0,3205.55,0.00,0.00,False,0.00,0,False,0.00,,,False,False,False,False,0,,Sin información transaccional
C002104,Cliente 2104,Affluent,False,Manta,False,38,3614.19,4,True,Crédito Hipotecario|Crédito Vehicular|Cuenta Corriente|Tarjeta de Crédito,0,3274.31,81224.69,3262.15,False,6400.00,12,True,3853.87,321.16,2026-07-05,False,False,False,True,1,Tech Lover,Tech Lover
C002105,Cliente 2105,Premium,True,Quito,False,26,3953.28,4,True,Crédito Hipotecario|Crédito de Consumo|Cuenta de Ahorros|Tarjeta de Crédito,0,4108.77,87942.73,619.27,False,5500.00,10,True,1947.57,194.76,2026-07-20,False,False,False,False,0,,Generalista
C002106,Cliente 2106,PyME,False,Loja,False,41,3169.37,3,True,Crédito de Consumo|Cuenta Corriente|Tarjeta de Crédito,0,18320.78,10608.81,3443.01,False,9200.00,7,True,1079.14,154.16,2026-07-14,False,False,False,False,0,,Generalista
C002107,Cliente 2107,Mass,False,Guayaquil,False,41,803.69,2,True,Crédito Vehicular|Tarjeta de Crédito,0,0.00,11784.90,1129.59,False,1600.00,7,True,248.34,35.48,2026-07-17,False,True,False,False,1,Streaming Lover,Streaming Lover
C002108,Cliente 2108,Mass,False,Loja,False,30,662.41,2,True,Crédito Hipotecario|Crédito Vehicular,0,0.00,50819.83,0.00,False,0.00,0,False,0.00,,,False,False,False,False,0,,Sin información transaccional
C002109,Cliente 2109,Mass,False,Guayaquil,False,35,1193.12,2,True,Crédito Hipotecario|Crédito de Consumo,0,0.00,57646.09,0.00,False,0.00,0,False,0.00,,,False,False,False,False,0,,Sin información transaccional
C002110,Cliente 2110,Affluent,False,Loja,False,26,1730.00,1,False,Crédito Vehicular,0,0.00,24898.63,0.00,False,0.00,0,False,0.00,,,False,False,False,False,0,,Sin información transaccional
C002111,Cliente 2111,Premium,False,Guayaquil,False,42,3325.71,1,False,Tarjeta de Crédito,0,0.00,1006.41,1006.41,False,5000.00,11,True,1330.18,120.93,2026-07-12,False,True,False,False,1,Streaming Lover,Streaming Lover
C002112,Cliente 2112,Mass,False,Quito,False,43,945.21,2,True,Crédito Vehicular|Tarjeta de Crédito,0,0.00,16951.09,1424.23,False,2700.00,7,True,403.66,57.67,2026-08-16,False,True,False,True,2,Streaming Lover|Tech Lover,Streaming Lover
C002113,Cliente 2113,PyME,False,Guayaquil,False,42,2592.00,3,True,Crédito Hipotecario|Crédito Vehicular|Tarjeta de Crédito,0,0.00,73505.60,3201.67,False,7600.00,14,True,2712.43,193.74,2026-08-06,False,False,False,False,0,,Generalista
C002114,Cliente 2114,Mass,False,Guayaquil,False,28,588.17,1,False,Tarjeta de Crédito,0,0.00,0.00,0.00,False,1500.00,14,True,587.30,41.95,2026-05-17,False,True,False,False,1,Streaming Lover,Streaming Lover
C002115,Cliente 2115,Joven,False,Guayaquil,False,18,703.16,4,True,Crédito de Consumo|Cuenta Corriente|Cuenta de Ahorros|Tarjeta de Crédito,0,4240.80,1154.42,0.00,False,1000.00,12,True,530.02,44.17,2026-06-26,False,False,False,False,0,,Generalista
C002116,Cliente 2116,PyME,False,Guayaquil,False,30,4839.20,2,True,Crédito Hipotecario|Tarjeta de Crédito,0,0.00,79454.77,2197.61,False,9700.00,9,True,1920.91,213.43,2026-07-17,False,False,False,False,0,,Generalista
C002117,Cliente 2117,PyME,False,Cuenca,False,18,3367.17,2,True,Crédito Vehicular|Cuenta Corriente,0,8180.12,27406.19,0.00,False,0.00,0,False,0.00,,,False,False,False,False,0,,Sin información transaccional
C002118,Cliente 2118,Mass,False,Cuenca,False,30,666.41,3,True,Crédito de Consumo|Cuenta de Ahorros|Tarjeta de Crédito,0,-100.00,7441.54,402.56,False,1600.00,4,True,440.19,110.05,2026-04-16,False,False,False,False,0,,Generalista
C002119,Cliente 2119,Mass,False,Ambato,False,55,895.50,4,True,Crédito Hipotecario|Crédito de Consumo|Cuenta Corriente|Tarjeta de Crédito,0,2303.66,113662.17,1124.13,False,2600.00,13,True,774.50,59.58,2026-08-30,False,True,False,True,2,Streaming Lover|Tech Lover,Streaming Lover
C002120,Cliente 2120,Mass,False,Manta,False,66,1093.13,3,True,Crédito de Consumo|Cuenta de Ahorros|Tarjeta de Crédito,0,2661.11,5922.27,1116.87,False,2100.00,14,True,1272.70,90.91,2026-08-27,True,False,True,False,2,Travel Lover|Food Lover,Food Lover
C002121,Cliente 2121,Mass,False,Quito,False,54,1593.00,2,True,Cuenta Corriente|Tarjeta de Crédito,0,3226.67,2053.49,2053.49,False,4300.00,4,True,225.93,56.48,2026-06-22,False,False,False,False,0,,Generalista
C002122,Cliente 2122,Affluent,False,Ambato,False,18,1380.06,2,True,Crédito Vehicular|Tarjeta de Crédito,0,0.00,19182.51,607.84,False,2000.00,7,True,696.62,99.52,2026-08-07,False,False,True,False,1,Food Lover,Food Lover
C002123,Cliente 2123,Mass,False,Quito,False,35,714.52,2,True,Crédito Vehicular|Cuenta de Ahorros,0,3286.79,19157.12,0.00,False,0.00,0,False,0.00,,,False,False,False,False,0,,Sin información transaccional
C002124,Cliente 2124,Joven,False,Guayaquil,False,29,703.08,2,True,Crédito Vehicular|Tarjeta de Crédito,0,0.00,33813.28,376.55,False,1000.00,12,True,403.58,33.63,2026-07-26,True,True,False,False,2,Travel Lover|Streaming Lover,Travel Lover
C002125,Cliente 2125,PyME,False,Manta,False,40,2420.55,3,True,Crédito Hipotecario|Cuenta Corriente|Cuenta de Ahorros,0,12723.04,81647.10,0.00,False,0.00,0,False,0.00,,,False,False,False,False,0,,Sin información transaccional
C002126,Cliente 2126,Affluent,False,Guayaquil,False,31,2710.74,4,True,Crédito Hipotecario|Crédito de Consumo|Cuenta de Ahorros|Tarjeta de Crédito,0,16957.77,85045.35,410.12,False,7800.00,4,True,689.37,172.34,2025-12-18,False,False,False,False,0,,Generalista
C002127,Cliente 2127,Affluent,False,Ambato,False,51,2537.48,2,True,Cuenta Corriente|Tarjeta de Crédito,0,6933.68,2730.33,2730.33,False,5500.00,5,True,1019.17,203.83,2026-07-09,False,False,False,True,1,Tech Lover,Tech Lover
C002128,Cliente 2128,Affluent,False,Guayaquil,False,39,2603.11,2,True,Crédito de Consumo|Cuenta de Ahorros,0,12134.01,15291.34,0.00,False,0.00,0,False,0.00,,,False,False,False,False,0,,Sin información transaccional
C002129,Cliente 2129,Mass,False,Quito,False,18,1380.28,1,False,Crédito de Consumo,0,0.00,5138.84,0.00,False,0.00,0,False,0.00,,,False,False,False,False,0,,Sin información transaccional
C002130,Cliente 2130,Affluent,False,Quito,False,44,2515.12,1,False,Crédito Vehicular,0,0.00,15853.72,0.00,False,0.00,0,False,0.00,,,False,False,False,False,0,,Sin información transaccional
C002131,Cliente 2131,Premium,False,Manta,False,34,4362.12,3,True,Crédito de Consumo|Cuenta Corriente|Tarjeta de Crédito,0,6323.55,22082.29,1834.02,False,7000.00,9,True,2638.10,293.12,2026-05-08,False,False,False,False,0,,Generalista
C002132,Cliente 2132,Mass,False,Quito,False,25,2473.72,3,True,Crédito de Consumo|Cuenta Corriente|Tarjeta de Crédito,0,-23.73,7179.93,1261.09,False,6700.00,10,True,2532.36,253.24,2026-07-03,True,False,False,True,2,Travel Lover|Tech Lover,Travel Lover
C002133,Cliente 2133,Affluent,False,Guayaquil,False,37,1578.64,3,True,Crédito Hipotecario|Cuenta Corriente|Tarjeta de Crédito,0,1657.38,64235.48,1340.10,False,2700.00,4,True,727.55,181.89,2026-04-28,False,False,False,False,0,,Generalista
C002134,Cliente 2134,Mass,False,Guayaquil,False,44,2000.48,2,True,Cuenta Corriente|Tarjeta de Crédito,0,4097.28,1109.54,1109.54,False,3100.00,4,True,313.08,78.27,2026-06-28,False,False,False,False,0,,Generalista
C002135,Cliente 2135,Affluent,False,Quito,False,56,1645.61,4,True,Crédito Vehicular|Crédito de Consumo|Cuenta de Ahorros|Tarjeta de Crédito,0,110.93,25329.75,535.01,False,2100.00,13,True,1279.37,98.41,2026-08-20,False,False,True,False,1,Food Lover,Food Lover
C002136,Cliente 2136,Mass,True,Quito,False,44,891.02,2,True,Crédito Hipotecario|Tarjeta de Crédito,0,0.00,77243.71,594.58,False,1100.00,8,True,591.50,73.94,2026-04-24,False,True,False,False,1,Streaming Lover,Streaming Lover
C002137,Cliente 2137,Affluent,False,Quito,False,49,2666.75,3,True,Crédito Hipotecario|Crédito de Consumo|Tarjeta de Crédito,0,0.00,111651.91,3265.66,False,7000.00,10,True,2528.95,252.89,2026-08-21,False,False,False,False,0,,Generalista
C002138,Cliente 2138,Mass,False,Quito,False,25,1093.98,2,True,Cuenta de Ahorros|Tarjeta de Crédito,0,5236.54,1061.19,1061.19,False,2200.00,14,True,1494.63,106.76,2026-08-30,False,False,True,False,1,Food Lover,Food Lover
C002139,Cliente 2139,Mass,False,Quito,False,52,547.66,3,True,Crédito Hipotecario|Cuenta Corriente|Tarjeta de Crédito,0,1397.49,71888.11,632.22,False,1400.00,6,True,168.29,28.05,2026-05-21,False,True,False,False,1,Streaming Lover,Streaming Lover
C002140,Cliente 2140,Affluent,False,Guayaquil,False,36,3289.15,1,False,Cuenta de Ahorros,0,13970.32,0.00,0.00,False,0.00,0,False,0.00,,,False,False,False,False,0,,Sin información transaccional
C002141,Cliente 2141,Premium,True,Ambato,False,43,7267.33,4,True,Crédito de Consumo|Cuenta Corriente|Cuenta de Ahorros|Tarjeta de Crédito,0,63876.07,26715.16,7792.23,False,17900.00,6,True,2429.71,404.95,2026-08-16,False,False,True,False,1,Food Lover,Food Lover
C002142,Cliente 2142,Mass,False,Quito,False,33,740.74,2,True,Crédito de Consumo|Tarjeta de Crédito,0,0.00,5774.04,140.80,False,1400.00,4,True,254.90,63.72,2026-07-10,False,False,False,False,0,,Generalista
C002143,Cliente 2143,Mass,False,Quito,False,48,1081.95,1,False,Crédito Hipotecario,0,0.00,0.00,0.00,False,0.00,0,False,0.00,,,False,False,False,False,0,,Sin información transaccional
C002144,Cliente 2144,Mass,False,Cuenca,False,55,1257.71,3,True,Crédito de Consumo|Cuenta Corriente|Tarjeta de Crédito,0,818.69,6098.08,1048.84,False,3700.00,11,True,846.57,76.96,2026-08-25,False,False,True,True,2,Food Lover|Tech Lover,Food Lover
C002145,Cliente 2145,Affluent,False,Quito,False,28,4751.29,3,True,Crédito Vehicular|Cuenta Corriente|Tarjeta de Crédito,0,10369.84,13059.19,3543.18,False,13200.00,7,True,2149.84,307.12,2026-06-11,False,False,False,False,0,,Generalista
C002146,Cliente 2146,Mass,False,Quito,False,50,845.49,2,True,Cuenta de Ahorros|Tarjeta de Crédito,0,196.16,356.16,356.16,False,1500.00,14,True,791.10,56.51,2026-07-31,True,False,False,False,1,Travel Lover,Travel Lover
C002147,Cliente 2147,Mass,False,Quito,False,25,704.22,3,True,Crédito Hipotecario|Crédito de Consumo|Cuenta de Ahorros,0,3495.89,79493.39,0.00,False,0.00,0,False,0.00,,,False,False,False,False,0,,Sin información transaccional
C002148,Cliente 2148,Mass,False,Cuenca,False,35,1708.97,2,True,Crédito Hipotecario|Tarjeta de Crédito,0,0.00,61207.58,1174.46,False,2500.00,6,True,443.41,73.90,2025-09-09,True,False,False,False,1,Travel Lover,Travel Lover
C002149,Cliente 2149,Joven,False,Guayaquil,False,27,485.21,2,True,Crédito de Consumo|Cuenta Corriente,0,757.05,1385.66,0.00,False,0.00,0,False,0.00,,,False,False,False,False,0,,Sin información transaccional
C002150,Cliente 2150,Mass,False,Quito,False,34,1421.96,2,True,Crédito Hipotecario|Tarjeta de Crédito,0,0.00,111728.38,453.54,False,2800.00,11,True,756.86,68.81,2026-08-29,False,False,False,False,0,,Generalista
C002151,Cliente 2151,Premium,False,Cuenca,False,68,3976.36,2,True,Cuenta de Ahorros|Tarjeta de Crédito,0,6933.44,2500.63,2500.63,False,11600.00,11,True,3955.37,359.58,2026-06-11,False,True,False,False,1,Streaming Lover,Streaming Lover
C002152,Cliente 2152,Mass,False,Quito,False,24,898.97,3,True,Crédito Hipotecario|Cuenta Corriente|Cuenta de Ahorros,0,2375.84,37693.15,0.00,False,0.00,0,False,0.00,,,False,False,False,False,0,,Sin información transaccional
C002153,Cliente 2153,PyME,False,Quito,False,32,1371.74,3,True,Crédito Vehicular|Crédito de Consumo|Tarjeta de Crédito,0,0.00,42090.20,617.31,False,4000.00,5,True,1381.47,276.29,2026-05-11,False,False,False,False,0,,Generalista
C002154,Cliente 2154,Affluent,False,Guayaquil,False,29,3785.79,4,True,Crédito Vehicular|Crédito de Consumo|Cuenta Corriente|Tarjeta de Crédito,0,16689.48,51162.26,256.50,False,7200.00,14,True,3574.79,255.34,2026-08-21,False,False,False,False,0,,Generalista
C002155,Cliente 2155,Affluent,False,Quito,False,35,2157.22,1,False,Crédito de Consumo,0,0.00,11106.83,0.00,False,0.00,0,False,0.00,,,False,False,False,False,0,,Sin información transaccional
C002156,Cliente 2156,Mass,False,Guayaquil,False,60,1156.19,2,True,Crédito Vehicular|Cuenta de Ahorros,0,6301.21,24548.07,0.00,False,0.00,0,False,0.00,,,False,False,False,False,0,,Sin información transaccional
C002157,Cliente 2157,Affluent,False,Quito,False,22,2194.82,2,True,Cuenta de Ahorros|Tarjeta de Crédito,0,12671.52,1622.18,1622.18,False,5800.00,6,True,1730.55,288.43,2026-07-19,False,False,False,False,0,,Generalista
C002158,Cliente 2158,Mass,False,Manta,False,18,505.70,2,True,Crédito Vehicular|Tarjeta de Crédito,0,0.00,21084.45,282.57,False,1300.00,8,True,168.05,21.01,2026-06-21,False,False,False,False,0,,Generalista
C002159,Cliente 2159,Mass,False,Cuenca,False,37,960.42,2,True,Crédito de Consumo|Tarjeta de Crédito,0,0.00,7315.41,1389.69,False,2800.00,8,True,1102.44,137.81,2026-07-11,False,False,False,False,0,,Generalista
C002160,Cliente 2160,Affluent,False,Guayaquil,False,18,3836.13,2,True,Cuenta de Ahorros|Tarjeta de Crédito,0,12067.29,0.00,0.00,False,11100.00,10,True,1946.77,194.68,2026-08-19,False,False,False,False,0,,Generalista
C002161,Cliente 2161,Mass,True,Guayaquil,False,39,712.66,2,True,Cuenta de Ahorros|Tarjeta de Crédito,0,1344.82,365.14,365.14,False,900.00,13,True,664.13,51.09,2026-08-23,False,True,False,False,1,Streaming Lover,Streaming Lover
C002162,Cliente 2162,Premium,False,Guayaquil,False,55,3623.87,2,True,Cuenta de Ahorros|Tarjeta de Crédito,0,3974.47,2513.04,2513.04,False,4900.00,5,True,681.23,136.25,2026-08-31,False,False,False,False,0,,Generalista
C002163,Cliente 2163,Premium,False,Quito,False,38,3717.22,3,True,Crédito Vehicular|Crédito de Consumo|Tarjeta de Crédito,0,0.00,34577.27,2138.36,False,4900.00,10,True,2211.78,221.18,2026-06-16,True,False,False,True,2,Travel Lover|Tech Lover,Tech Lover
C002164,Cliente 2164,PyME,True,Guayaquil,False,27,7229.81,2,True,Cuenta Corriente|Tarjeta de Crédito,0,4522.08,1787.41,1787.41,False,12900.00,4,True,821.90,205.47,2026-08-26,False,False,False,True,1,Tech Lover,Tech Lover
C002165,Cliente 2165,PyME,True,Quito,False,40,3598.71,3,True,Crédito Vehicular|Crédito de Consumo|Tarjeta de Crédito,0,0.00,50916.83,3660.25,False,10600.00,12,True,2859.87,238.32,2026-08-22,False,True,False,False,1,Streaming Lover,Streaming Lover
C002166,Cliente 2166,Mass,False,Quito,False,51,1061.75,2,True,Crédito Vehicular|Tarjeta de Crédito,0,0.00,18052.63,912.60,False,3100.00,4,True,201.01,50.25,2026-07-05,False,False,False,False,0,,Generalista
C002167,Cliente 2167,Mass,True,Guayaquil,False,41,1171.49,2,True,Crédito de Consumo|Tarjeta de Crédito,0,0.00,1726.44,833.00,False,2100.00,14,True,984.57,70.33,2026-05-19,False,False,True,False,1,Food Lover,Food Lover
C002168,Cliente 2168,PyME,False,Quito,False,47,3244.80,2,True,Crédito Vehicular|Tarjeta de Crédito,0,0.00,28242.55,3000.85,False,7100.00,11,True,3358.26,305.30,2026-08-25,False,False,False,False,0,,Generalista
C002169,Cliente 2169,Mass,False,Guayaquil,False,57,878.34,3,True,Cuenta Corriente|Cuenta de Ahorros|Tarjeta de Crédito,0,6252.09,366.65,366.65,False,2600.00,11,True,391.49,35.59,2026-08-11,True,False,True,False,2,Travel Lover|Food Lover,Food Lover
C002170,Cliente 2170,Joven,False,Guayaquil,False,32,783.86,3,True,Cuenta Corriente|Cuenta de Ahorros|Tarjeta de Crédito,0,4516.15,483.61,483.61,False,1700.00,14,True,1064.77,76.05,2026-08-10,False,True,False,False,1,Streaming Lover,Streaming Lover
C002171,Cliente 2171,Mass,True,Guayaquil,False,23,1159.30,2,True,Cuenta de Ahorros|Tarjeta de Crédito,0,5001.88,789.51,789.51,False,2500.00,6,True,517.10,86.18,2026-08-31,True,False,False,False,1,Travel Lover,Travel Lover
C002172,Cliente 2172,Mass,True,Ambato,False,18,1832.64,4,True,Crédito Vehicular|Cuenta Corriente|Cuenta de Ahorros|Tarjeta de Crédito,0,13035.49,16777.59,674.13,False,2500.00,7,True,934.32,133.47,2026-06-21,True,False,False,False,1,Travel Lover,Travel Lover
C002173,Cliente 2173,Mass,False,Quito,False,33,1134.65,2,True,Cuenta de Ahorros|Tarjeta de Crédito,0,3365.91,1774.93,1774.93,False,2700.00,8,True,483.58,60.45,2025-11-11,False,False,False,False,0,,Generalista
C002174,Cliente 2174,Mass,False,Guayaquil,False,26,380.86,3,True,Crédito de Consumo|Cuenta Corriente|Tarjeta de Crédito,0,1433.98,5485.12,382.92,False,1000.00,7,True,227.21,32.46,2026-05-20,True,False,False,False,1,Travel Lover,Travel Lover
C002175,Cliente 2175,Mass,False,Manta,False,33,1147.02,3,True,Crédito Vehicular|Crédito de Consumo|Tarjeta de Crédito,0,0.00,23116.84,1339.34,False,2700.00,11,True,1344.64,122.24,2026-04-29,False,False,True,False,1,Food Lover,Food Lover
C002176,Cliente 2176,Mass,False,Loja,False,36,506.40,2,True,Crédito Hipotecario|Tarjeta de Crédito,0,0.00,36933.91,879.51,False,1300.00,5,True,183.85,36.77,2026-08-18,False,False,False,False,0,,Generalista
C002177,Cliente 2177,Mass,False,Quito,False,34,952.78,3,True,Crédito Vehicular|Crédito de Consumo|Tarjeta de Crédito,0,0.00,26420.93,716.98,False,1700.00,4,True,234.50,58.62,2026-08-25,False,False,False,False,0,,Generalista
C002178,Cliente 2178,Mass,False,Guayaquil,False,27,960.95,2,True,Crédito Hipotecario|Tarjeta de Crédito,0,0.00,88218.67,589.72,False,1700.00,11,True,479.01,43.55,2026-03-14,False,False,False,True,1,Tech Lover,Tech Lover
C002179,Cliente 2179,Mass,True,Cuenca,False,52,1010.75,3,True,Crédito Hipotecario|Crédito Vehicular|Tarjeta de Crédito,0,0.00,103627.04,136.03,False,1700.00,12,True,579.98,48.33,2026-07-24,True,False,True,False,2,Travel Lover|Food Lover,Travel Lover
C002180,Cliente 2180,Mass,True,Guayaquil,False,44,405.37,1,False,Tarjeta de Crédito,0,0.00,234.57,234.57,False,700.00,10,True,279.62,27.96,2026-08-16,False,False,True,False,1,Food Lover,Food Lover
C002181,Cliente 2181,Mass,False,Quito,False,38,722.97,2,True,Crédito de Consumo|Tarjeta de Crédito,0,0.00,2466.85,0.00,False,2100.00,13,True,636.13,48.93,2026-05-20,False,False,False,False,0,,Generalista
C002182,Cliente 2182,Affluent,False,Guayaquil,False,27,3440.92,4,True,Crédito Vehicular|Cuenta Corriente|Cuenta de Ahorros|Tarjeta de Crédito,0,11077.93,18301.26,4689.75,False,9000.00,9,True,1389.20,154.36,2026-08-05,False,False,False,False,0,,Generalista
C002183,Cliente 2183,Premium,False,Manta,False,29,3712.98,2,True,Cuenta Corriente|Cuenta de Ahorros,0,18065.62,0.00,0.00,False,0.00,0,False,0.00,,,False,False,False,False,0,,Sin información transaccional
C002184,Cliente 2184,Mass,False,Loja,False,33,942.79,1,False,Crédito de Consumo,0,0.00,5840.74,0.00,False,0.00,0,False,0.00,,,False,False,False,False,0,,Sin información transaccional
C002185,Cliente 2185,Premium,False,Quito,False,47,3532.66,3,True,Cuenta Corriente|Cuenta de Ahorros|Tarjeta de Crédito,0,21562.92,0.00,0.00,False,7700.00,12,True,2570.30,214.19,2026-06-26,False,True,True,False,2,Streaming Lover|Food Lover,Food Lover
C002186,Cliente 2186,Mass,False,Guayaquil,False,18,489.30,3,True,Cuenta Corriente|Cuenta de Ahorros|Tarjeta de Crédito,0,1803.74,337.03,337.03,False,900.00,11,True,382.99,34.82,2026-08-14,False,False,False,True,1,Tech Lover,Tech Lover
C002187,Cliente 2187,Mass,False,Quito,False,27,1058.88,3,True,Crédito Hipotecario|Cuenta Corriente|Tarjeta de Crédito,0,405.38,76825.63,1380.80,False,2400.00,14,True,786.43,56.17,2026-05-16,False,True,False,False,1,Streaming Lover,Streaming Lover
C002188,Cliente 2188,Affluent,False,Loja,False,60,1919.32,2,True,Cuenta Corriente|Tarjeta de Crédito,0,5914.25,835.64,835.64,False,2400.00,7,True,952.54,136.08,2026-07-31,False,False,True,False,1,Food Lover,Food Lover
C002189,Cliente 2189,Affluent,False,Quito,False,45,2494.80,1,False,Tarjeta de Crédito,0,0.00,3614.07,3614.07,False,6000.00,11,True,1888.23,171.66,2026-07-29,False,False,False,True,1,Tech Lover,Tech Lover
C002190,Cliente 2190,Mass,False,Quito,False,38,1141.09,3,True,Crédito de Consumo|Cuenta de Ahorros|Tarjeta de Crédito,0,2527.68,7239.61,842.47,False,2800.00,4,True,223.62,55.91,2026-04-24,False,False,False,False,0,,Generalista
C002191,Cliente 2191,Affluent,False,Loja,False,39,1997.48,3,True,Cuenta Corriente|Cuenta de Ahorros|Tarjeta de Crédito,0,10820.94,672.67,672.67,False,4500.00,7,True,791.29,113.04,2026-08-14,False,True,False,False,1,Streaming Lover,Streaming Lover
C002192,Cliente 2192,PyME,True,Quito,False,37,3727.98,4,True,Crédito Vehicular|Crédito de Consumo|Cuenta de Ahorros|Tarjeta de Crédito,0,14508.96,44805.42,3625.87,False,8000.00,10,True,2084.59,208.46,2026-08-21,False,False,True,False,1,Food Lover,Food Lover
C002193,Cliente 2193,Affluent,False,Quito,False,46,2171.46,2,True,Cuenta Corriente|Tarjeta de Crédito,0,3383.84,0.00,0.00,False,4700.00,11,True,1429.58,129.96,2026-07-07,False,False,False,False,0,,Generalista
C002194,Cliente 2194,Mass,False,Quito,False,45,1102.46,2,True,Crédito de Consumo|Tarjeta de Crédito,0,0.00,4504.12,752.74,False,3000.00,8,True,395.10,49.39,2026-08-27,False,False,True,False,1,Food Lover,Food Lover
C002195,Cliente 2195,Mass,False,Guayaquil,False,58,695.15,3,True,Crédito Hipotecario|Crédito de Consumo|Tarjeta de Crédito,0,0.00,67998.85,473.37,False,2000.00,8,True,419.03,52.38,2026-08-12,False,True,False,True,2,Streaming Lover|Tech Lover,Tech Lover
C002196,Cliente 2196,Mass,False,Ambato,False,29,647.18,2,True,Crédito de Consumo|Tarjeta de Crédito,0,0.00,1336.10,321.45,False,800.00,12,True,834.41,69.53,2026-08-18,True,False,False,True,2,Travel Lover|Tech Lover,Tech Lover
C002197,Cliente 2197,Affluent,False,Manta,False,33,1383.72,1,False,Crédito de Consumo,0,0.00,8680.02,0.00,False,0.00,0,False,0.00,,,False,False,False,False,0,,Sin información transaccional
C002198,Cliente 2198,Mass,False,Quito,False,31,1010.80,2,True,Cuenta Corriente|Tarjeta de Crédito,0,4677.20,1094.34,1094.34,False,1700.00,9,True,413.19,45.91,2026-06-08,True,False,False,False,1,Travel Lover,Travel Lover
C002199,Cliente 2199,Joven,False,Quito,False,31,812.96,2,True,Crédito Hipotecario|Tarjeta de Crédito,0,0.00,86491.88,80.16,False,1000.00,8,True,241.73,30.22,2026-08-31,False,False,False,False,0,,Generalista
C002200,Cliente 2200,Premium,True,Ambato,False,32,4968.54,2,True,Crédito Hipotecario|Tarjeta de Crédito,0,0.00,73113.34,4787.44,False,9900.00,9,True,2044.53,227.17,2026-08-16,False,False,True,False,1,Food Lover,Food Lover
