cliente_id,nombre_cliente,segmento_cliente,segmentos_observados,cantidad_segmentos_observados,segmento_conflictivo,segmento_metodo_resolucion,ciudad,ciudad_desconocida,ciudad_presento_nulos,edad,ingreso_estimado
C000001,Cliente 0001,Affluent,Affluent|Mass,2,True,moda,Guayaquil,False,False,37,5885.36
C000002,Cliente 0002,Mass,Mass|PyME,2,True,moda,Loja,False,False,55,651.61
C000003,Cliente 0003,Affluent,Affluent,1,False,unico,Manta,False,False,31,2471.02
C000004,Cliente 0004,Mass,Mass,1,False,unico,Guayaquil,False,False,53,2186.70
C000005,Cliente 0005,Premium,Premium,1,False,unico,Manta,False,False,45,3223.56
C000006,Cliente 0006,Affluent,Affluent,1,False,unico,Manta,False,False,38,898.59
C000007,Cliente 0007,Affluent,Affluent,1,False,unico,Quito,False,True,49,2302.95
C000008,Cliente 0008,PyME,PyME,1,False,unico,Ambato,False,False,44,3050.52
C000009,Cliente 0009,Joven,Joven,1,False,unico,Quito,False,False,36,350.00
C000010,Cliente 0010,Mass,Mass,1,False,unico,Quito,False,False,45,695.13
C000011,Cliente 0011,Mass,Mass,1,False,unico,Guayaquil,False,False,36,964.58
C000012,Cliente 0012,Mass,Mass,1,False,unico,Cuenca,False,False,33,929.56
C000013,Cliente 0013,Mass,Mass,1,False,unico,Quito,False,False,47,720.55
C000014,Cliente 0014,Mass,Mass,1,False,unico,Quito,False,False,18,731.54
C000015,Cliente 0015,Mass,Mass,1,False,unico,Ambato,False,False,61,474.67
C000016,Cliente 0016,Mass,Mass,1,False,unico,Guayaquil,False,False,47,622.99
C000017,Cliente 0017,Mass,Mass,1,False,unico,Loja,False,False,46,612.39
C000018,Cliente 0018,Mass,Mass,1,False,unico,Manta,False,False,42,505.61
C000019,Cliente 0019,Mass,Mass|Premium,2,True,moda,Guayaquil,False,False,41,1682.29
C000020,Cliente 0020,Mass,Mass,1,False,unico,Guayaquil,False,False,48,600.42
C000021,Cliente 0021,Mass,Mass,1,False,unico,Quito,False,False,31,997.11
C000022,Cliente 0022,Mass,Mass,1,False,unico,Manta,False,False,49,855.90
C000023,Cliente 0023,Affluent,Affluent,1,False,unico,Quito,False,False,41,3313.83
C000024,Cliente 0024,Mass,Mass|Premium,2,True,moda,Guayaquil,False,False,53,599.45
C000025,Cliente 0025,Joven,Joven,1,False,unico,Manta,False,False,26,350.00
C000026,Cliente 0026,Mass,Mass,1,False,unico,Quito,False,False,18,784.00
C000027,Cliente 0027,Mass,Mass,1,False,unico,Guayaquil,False,False,18,1471.27
C000028,Cliente 0028,Mass,Mass,1,False,unico,Loja,False,False,18,781.82
C000029,Cliente 0029,Joven,Joven,1,False,unico,Guayaquil,False,False,28,632.38
C000030,Cliente 0030,Joven,Joven,1,False,unico,Quito,False,False,37,1002.91
C000031,Cliente 0031,Joven,Joven,1,False,unico,Quito,False,False,48,1683.31
C000032,Cliente 0032,Affluent,Affluent,1,False,unico,Quito,False,False,19,2495.57
C000033,Cliente 0033,PyME,PyME,1,False,unico,Ambato,False,False,45,2874.75
C000034,Cliente 0034,Premium,Premium,1,False,unico,Quito,False,False,39,4102.36
C000035,Cliente 0035,PyME,PyME,1,False,unico,Guayaquil,False,False,36,2601.37
C000036,Cliente 0036,Mass,Mass,1,False,unico,Cuenca,False,False,18,1709.76
C000037,Cliente 0037,PyME,PyME,1,False,unico,Guayaquil,False,False,46,2294.24
C000038,Cliente 0038,Mass,Mass,1,False,unico,Guayaquil,False,False,44,713.90
C000039,Cliente 0039,PyME,PyME,1,False,unico,Cuenca,False,False,37,3507.57
C000040,Cliente 0040,Mass,Mass,1,False,unico,Guayaquil,False,False,56,656.11
C000041,Cliente 0041,Joven,Joven,1,False,unico,Quito,False,False,42,591.95
C000042,Cliente 0042,Premium,Premium,1,False,unico,Quito,False,False,43,7961.83
C000043,Cliente 0043,Affluent,Affluent,1,False,unico,Quito,False,False,36,1339.41
C000044,Cliente 0044,Mass,Mass,1,False,unico,Guayaquil,False,False,33,717.90
C000045,Cliente 0045,Mass,Mass,1,False,unico,Cuenca,False,False,18,806.19
C000046,Cliente 0046,Mass,Mass,1,False,unico,Cuenca,False,False,40,1222.90
C000047,Cliente 0047,Mass,Mass,1,False,unico,Quito,False,False,44,610.24
C000048,Cliente 0048,Mass,Mass,1,False,unico,Guayaquil,False,False,56,1735.56
C000049,Cliente 0049,Mass,Mass,1,False,unico,Guayaquil,False,False,27,1168.89
C000050,Cliente 0050,Mass,Affluent|Mass,2,True,moda,Cuenca,False,False,34,760.94
C000051,Cliente 0051,Joven,Joven,1,False,unico,Guayaquil,False,False,48,621.93
C000052,Cliente 0052,Mass,Mass,1,False,unico,Cuenca,False,False,47,492.23
C000053,Cliente 0053,Affluent,Affluent,1,False,unico,Quito,False,False,31,1802.10
C000054,Cliente 0054,Affluent,Affluent,1,False,unico,Quito,False,False,27,2185.19
C000055,Cliente 0055,Mass,Mass,1,False,unico,Quito,False,False,30,1880.45
C000056,Cliente 0056,Affluent,Affluent,1,False,unico,Ambato,False,False,56,2546.17
C000057,Cliente 0057,Mass,Mass,1,False,unico,Quito,False,False,25,1511.91
C000058,Cliente 0058,Affluent,Affluent,1,False,unico,Ambato,False,False,34,2848.80
C000059,Cliente 0059,Affluent,Affluent,1,False,unico,Guayaquil,False,False,31,2880.75
C000060,Cliente 0060,Premium,Premium,1,False,unico,Cuenca,False,False,18,8409.75
C000061,Cliente 0061,PyME,PyME,1,False,unico,Quito,False,False,49,2806.06
C000062,Cliente 0062,Premium,Premium,1,False,unico,Quito,False,False,47,3540.36
C000063,Cliente 0063,Mass,Mass,1,False,unico,Quito,False,False,21,1134.37
C000064,Cliente 0064,Affluent,Affluent,1,False,unico,Quito,False,False,55,3066.82
C000065,Cliente 0065,Premium,Premium,1,False,unico,Cuenca,False,False,24,6186.59
C000066,Cliente 0066,Mass,Mass,1,False,unico,Cuenca,False,False,18,1104.18
C000067,Cliente 0067,Joven,Joven|Premium,2,True,moda,Manta,False,False,20,844.75
C000068,Cliente 0068,Affluent,Affluent,1,False,unico,Quito,False,False,33,2180.77
C000069,Cliente 0069,Mass,Mass,1,False,unico,Loja,False,False,30,658.85
C000070,Cliente 0070,Premium,Premium,1,False,unico,Guayaquil,False,False,18,7092.08
C000071,Cliente 0071,PyME,PyME,1,False,unico,Ambato,False,False,37,3031.86
C000072,Cliente 0072,Premium,Premium,1,False,unico,Guayaquil,False,False,47,2316.76
C000073,Cliente 0073,Premium,Premium,1,False,unico,Quito,False,False,39,7344.02
C000074,Cliente 0074,Mass,Mass,1,False,unico,Ambato,False,False,49,1221.20
C000075,Cliente 0075,PyME,PyME,1,False,unico,Quito,False,False,57,3180.02
C000076,Cliente 0076,Premium,Premium,1,False,unico,Quito,False,False,47,3283.02
C000077,Cliente 0077,Mass,Mass,1,False,unico,Quito,False,False,29,1140.64
C000078,Cliente 0078,Mass,Affluent|Mass,2,True,moda,Quito,False,False,55,680.08
C000079,Cliente 0079,Mass,Mass,1,False,unico,Ambato,False,False,38,1077.30
C000080,Cliente 0080,Mass,Mass,1,False,unico,Ambato,False,False,18,891.27
C000081,Cliente 0081,Mass,Mass,1,False,unico,Guayaquil,False,True,24,956.20
C000082,Cliente 0082,Affluent,Affluent|Mass,2,True,moda,Guayaquil,False,False,35,1462.58
C000083,Cliente 0083,Mass,Mass,1,False,unico,Cuenca,False,False,36,555.30
C000084,Cliente 0084,Premium,Joven|Premium,2,True,moda,Guayaquil,False,False,50,4630.39
C000085,Cliente 0085,Mass,Mass,1,False,unico,Guayaquil,False,False,51,2098.71
C000086,Cliente 0086,Mass,Mass,1,False,unico,Quito,False,False,36,969.86
C000087,Cliente 0087,Mass,Mass,1,False,unico,Guayaquil,False,False,47,797.22
C000088,Cliente 0088,Affluent,Affluent,1,False,unico,Guayaquil,False,False,49,2038.02
C000089,Cliente 0089,Premium,Premium,1,False,unico,Quito,False,False,39,9401.64
C000090,Cliente 0090,Mass,Mass,1,False,unico,Quito,False,False,30,883.43
C000091,Cliente 0091,Affluent,Affluent,1,False,unico,Quito,False,False,38,2527.20
C000092,Cliente 0092,Mass,Mass,1,False,unico,Quito,False,False,48,1339.39
C000093,Cliente 0093,Mass,Mass,1,False,unico,Ambato,False,False,38,1229.98
C000094,Cliente 0094,Mass,Mass,1,False,unico,Cuenca,False,False,38,467.24
C000095,Cliente 0095,Mass,Mass,1,False,unico,Quito,False,False,48,750.36
C000096,Cliente 0096,Premium,Premium,1,False,unico,Cuenca,False,False,52,3886.76
C000097,Cliente 0097,Mass,Mass,1,False,unico,Guayaquil,False,False,46,952.91
C000098,Cliente 0098,Mass,Mass,1,False,unico,Guayaquil,False,False,49,636.04
C000099,Cliente 0099,Mass,Mass,1,False,unico,Guayaquil,False,False,18,1703.63
C000100,Cliente 0100,Mass,Mass,1,False,unico,Cuenca,False,False,46,870.10
C000101,Cliente 0101,Mass,Joven|Mass,2,True,moda,Quito,False,False,34,2125.11
C000102,Cliente 0102,Mass,Mass|PyME,2,True,moda,Quito,False,False,34,518.55
C000103,Cliente 0103,Premium,Premium,1,False,unico,Guayaquil,False,False,42,4597.87
C000104,Cliente 0104,Mass,Mass,1,False,unico,Quito,False,False,49,1507.45
C000105,Cliente 0105,Premium,Premium,1,False,unico,Guayaquil,False,False,40,5297.82
C000106,Cliente 0106,Affluent,Affluent,1,False,unico,Guayaquil,False,False,40,2414.50
C000107,Cliente 0107,Mass,Mass,1,False,unico,Guayaquil,False,False,61,670.08
C000108,Cliente 0108,PyME,PyME,1,False,unico,Guayaquil,False,False,27,2121.18
C000109,Cliente 0109,Affluent,Affluent,1,False,unico,Quito,False,False,48,2444.48
C000110,Cliente 0110,Premium,Premium,1,False,unico,Quito,False,False,35,6842.24
C000111,Cliente 0111,PyME,PyME,1,False,unico,Quito,False,True,46,2412.35
C000112,Cliente 0112,PyME,PyME,1,False,unico,Quito,False,False,38,1584.01
C000113,Cliente 0113,Mass,Mass,1,False,unico,Guayaquil,False,False,65,741.54
C000114,Cliente 0114,Premium,Premium,1,False,unico,Guayaquil,False,False,57,2243.46
C000115,Cliente 0115,Mass,Mass,1,False,unico,Manta,False,True,34,1717.11
C000116,Cliente 0116,Affluent,Affluent|Premium,2,True,moda,Loja,False,False,31,2641.54
C000117,Cliente 0117,Affluent,Affluent,1,False,unico,Manta,False,False,47,2881.36
C000118,Cliente 0118,Affluent,Affluent,1,False,unico,Guayaquil,False,False,32,1531.34
C000119,Cliente 0119,Mass,Mass,1,False,unico,Guayaquil,False,False,42,1054.25
C000120,Cliente 0120,Affluent,Affluent,1,False,unico,Quito,False,False,18,2728.30
C000121,Cliente 0121,PyME,PyME,1,False,unico,Quito,False,True,25,2508.43
C000122,Cliente 0122,Affluent,Affluent|PyME,2,True,moda,Guayaquil,False,False,24,1393.52
C000123,Cliente 0123,Premium,Premium,1,False,unico,Loja,False,False,18,3945.89
C000124,Cliente 0124,Joven,Joven,1,False,unico,Guayaquil,False,False,56,561.33
C000125,Cliente 0125,Mass,Affluent|Mass,2,True,moda,Loja,False,False,35,935.90
C000126,Cliente 0126,Premium,Premium,1,False,unico,Loja,False,False,51,2957.88
C000127,Cliente 0127,Premium,Premium,1,False,unico,Cuenca,False,False,37,6218.82
C000128,Cliente 0128,Affluent,Affluent,1,False,unico,Guayaquil,False,True,42,2200.52
C000129,Cliente 0129,Mass,Mass,1,False,unico,Guayaquil,False,False,35,1417.06
C000130,Cliente 0130,Affluent,Affluent,1,False,unico,Quito,False,False,40,1565.48
C000131,Cliente 0131,Mass,Mass,1,False,unico,Guayaquil,False,False,31,2146.75
C000132,Cliente 0132,Affluent,Affluent,1,False,unico,Manta,False,False,28,1917.03
C000133,Cliente 0133,Affluent,Affluent,1,False,unico,Cuenca,False,False,49,1819.21
C000134,Cliente 0134,Mass,Mass,1,False,unico,Manta,False,True,37,568.13
C000135,Cliente 0135,Premium,Affluent|Premium,2,True,moda,Quito,False,False,18,4219.85
C000136,Cliente 0136,Affluent,Affluent,1,False,unico,Quito,False,False,29,2702.05
C000137,Cliente 0137,Joven,Joven,1,False,unico,Manta,False,False,56,511.61
C000138,Cliente 0138,Mass,Mass,1,False,unico,Quito,False,False,54,825.89
C000139,Cliente 0139,Affluent,Affluent,1,False,unico,Loja,False,False,74,1675.95
C000140,Cliente 0140,Mass,Mass,1,False,unico,Quito,False,False,35,2554.25
C000141,Cliente 0141,Affluent,Affluent,1,False,unico,Quito,False,False,51,2728.62
C000142,Cliente 0142,Premium,Premium,1,False,unico,Guayaquil,False,False,20,7922.70
C000143,Cliente 0143,PyME,PyME,1,False,unico,Guayaquil,False,False,26,1499.27
C000144,Cliente 0144,Premium,Premium,1,False,unico,Quito,False,False,42,5164.52
C000145,Cliente 0145,Joven,Joven,1,False,unico,Cuenca,False,False,37,1649.94
C000146,Cliente 0146,Mass,Mass|PyME,2,True,moda,Guayaquil,False,False,56,1151.49
C000147,Cliente 0147,Premium,Premium,1,False,unico,Quito,False,False,59,3968.35
C000148,Cliente 0148,Mass,Joven|Mass,2,True,moda,Loja,False,False,29,705.23
C000149,Cliente 0149,Mass,Mass,1,False,unico,Quito,False,False,37,1125.25
C000150,Cliente 0150,Mass,Mass,1,False,unico,Guayaquil,False,False,52,472.26
C000151,Cliente 0151,Premium,Affluent|Premium,2,True,moda,Guayaquil,False,False,18,2238.32
C000152,Cliente 0152,Affluent,Affluent,1,False,unico,Manta,False,False,35,1951.46
C000153,Cliente 0153,PyME,Mass|PyME,2,True,moda,Loja,False,False,48,1866.27
C000154,Cliente 0154,Premium,Premium|PyME,2,True,moda,Quito,False,False,34,2386.12
C000155,Cliente 0155,Premium,Premium,1,False,unico,Guayaquil,False,False,44,4576.61
C000156,Cliente 0156,Joven,Joven,1,False,unico,Quito,False,False,53,819.40
C000157,Cliente 0157,Joven,Joven,1,False,unico,Quito,False,True,50,476.96
C000158,Cliente 0158,Premium,Premium,1,False,unico,Loja,False,False,31,2213.43
C000159,Cliente 0159,Joven,Affluent|Joven,2,True,moda,Guayaquil,False,False,50,675.06
C000160,Cliente 0160,Premium,Premium,1,False,unico,Guayaquil,False,True,46,5649.60
C000161,Cliente 0161,Premium,Premium,1,False,unico,Ambato,False,False,36,3315.29
C000162,Cliente 0162,PyME,PyME,1,False,unico,Ambato,False,False,28,2851.56
C000163,Cliente 0163,Mass,Mass,1,False,unico,Quito,False,False,48,838.21
C000164,Cliente 0164,Mass,Mass,1,False,unico,Cuenca,False,False,47,767.23
C000165,Cliente 0165,Affluent,Affluent,1,False,unico,Quito,False,False,45,1891.00
C000166,Cliente 0166,PyME,PyME,1,False,unico,Quito,False,False,53,4279.25
C000167,Cliente 0167,Mass,Mass,1,False,unico,Quito,False,False,51,752.33
C000168,Cliente 0168,Premium,Premium|PyME,2,True,moda,Cuenca,False,False,54,2986.96
C000169,Cliente 0169,PyME,PyME,1,False,unico,Quito,False,False,23,4894.01
C000170,Cliente 0170,Affluent,Affluent,1,False,unico,Quito,False,False,24,2017.19
C000171,Cliente 0171,Mass,Mass,1,False,unico,Ambato,False,False,28,854.99
C000172,Cliente 0172,Mass,Mass,1,False,unico,Quito,False,False,35,827.51
C000173,Cliente 0173,Mass,Mass,1,False,unico,Quito,False,False,43,1110.88
C000174,Cliente 0174,Mass,Mass,1,False,unico,Cuenca,False,False,35,1247.27
C000175,Cliente 0175,Premium,Premium,1,False,unico,Cuenca,False,False,47,3004.56
C000176,Cliente 0176,Mass,Mass,1,False,unico,Guayaquil,False,False,39,491.22
C000177,Cliente 0177,Affluent,Affluent,1,False,unico,Quito,False,True,32,2256.64
C000178,Cliente 0178,Premium,Premium,1,False,unico,Quito,False,False,41,3750.70
C000179,Cliente 0179,Affluent,Affluent,1,False,unico,Ambato,False,False,23,1926.31
C000180,Cliente 0180,Joven,Joven,1,False,unico,Guayaquil,False,False,34,643.32
C000181,Cliente 0181,Affluent,Affluent,1,False,unico,Quito,False,False,36,2016.02
C000182,Cliente 0182,Joven,Joven,1,False,unico,Manta,False,True,41,655.96
C000183,Cliente 0183,Mass,Mass,1,False,unico,Guayaquil,False,False,54,852.35
C000184,Cliente 0184,Affluent,Affluent|PyME,2,True,moda,Cuenca,False,False,27,2082.50
C000185,Cliente 0185,Affluent,Affluent,1,False,unico,Quito,False,False,18,1403.69
C000186,Cliente 0186,Premium,Premium,1,False,unico,Manta,False,False,41,1907.37
C000187,Cliente 0187,PyME,PyME,1,False,unico,Quito,False,False,38,2366.51
C000188,Cliente 0188,Joven,Joven,1,False,unico,Guayaquil,False,False,31,914.66
C000189,Cliente 0189,Premium,Premium,1,False,unico,Ambato,False,False,26,3262.28
C000190,Cliente 0190,Joven,Joven,1,False,unico,Guayaquil,False,False,68,481.66
C000191,Cliente 0191,Mass,Mass,1,False,unico,Cuenca,False,False,35,1357.34
C000192,Cliente 0192,PyME,PyME,1,False,unico,Cuenca,False,False,42,3163.61
C000193,Cliente 0193,Affluent,Affluent,1,False,unico,Cuenca,False,False,38,2968.92
C000194,Cliente 0194,Mass,Mass|Premium,2,True,moda,Cuenca,False,False,37,980.57
C000195,Cliente 0195,Mass,Mass,1,False,unico,Cuenca,False,False,51,550.60
C000196,Cliente 0196,Joven,Joven,1,False,unico,Quito,False,False,50,350.53
C000197,Cliente 0197,Mass,Affluent|Mass,2,True,moda,Guayaquil,False,False,40,1318.72
C000198,Cliente 0198,Mass,Mass,1,False,unico,Guayaquil,False,False,52,1269.30
C000199,Cliente 0199,Mass,Mass,1,False,unico,Ambato,False,False,47,1013.70
C000200,Cliente 0200,Mass,Mass|Premium,2,True,moda,Manta,False,False,36,1255.17
C000201,Cliente 0201,PyME,PyME,1,False,unico,Cuenca,False,False,34,4113.93
C000202,Cliente 0202,Mass,Mass,1,False,unico,Quito,False,False,43,725.19
C000203,Cliente 0203,Mass,Mass,1,False,unico,Cuenca,False,False,49,1126.81
C000204,Cliente 0204,PyME,PyME,1,False,unico,Cuenca,False,False,54,1239.60
C000205,Cliente 0205,Affluent,Affluent,1,False,unico,Loja,False,False,41,1908.82
C000206,Cliente 0206,Mass,Mass,1,False,unico,Quito,False,False,34,1131.13
C000207,Cliente 0207,Premium,Premium,1,False,unico,Cuenca,False,False,39,3319.89
C000208,Cliente 0208,Joven,Joven,1,False,unico,Manta,False,False,35,436.36
C000209,Cliente 0209,Joven,Joven,1,False,unico,Quito,False,False,48,931.16
C000210,Cliente 0210,PyME,PyME,1,False,unico,Quito,False,False,54,3174.97
C000211,Cliente 0211,Mass,Mass,1,False,unico,Manta,False,False,37,1203.00
C000212,Cliente 0212,Premium,Joven|Premium,2,True,moda,Guayaquil,False,False,41,7047.97
C000213,Cliente 0213,Affluent,Affluent,1,False,unico,Guayaquil,False,False,39,4846.13
C000214,Cliente 0214,Mass,Mass,1,False,unico,Guayaquil,False,False,32,872.35
C000215,Cliente 0215,Mass,Mass,1,False,unico,Cuenca,False,False,35,826.91
C000216,Cliente 0216,PyME,PyME,1,False,unico,Guayaquil,False,False,43,2895.72
C000217,Cliente 0217,Affluent,Affluent,1,False,unico,Cuenca,False,False,40,1401.83
C000218,Cliente 0218,Joven,Joven,1,False,unico,Guayaquil,False,False,27,567.27
C000219,Cliente 0219,PyME,PyME,1,False,unico,Guayaquil,False,False,38,4107.32
C000220,Cliente 0220,Mass,Mass,1,False,unico,Guayaquil,False,False,35,713.47
C000221,Cliente 0221,Mass,Mass,1,False,unico,Guayaquil,False,False,46,1075.39
C000222,Cliente 0222,Mass,Mass,1,False,unico,Quito,False,False,45,933.02
C000223,Cliente 0223,Mass,Mass,1,False,unico,Quito,False,False,44,804.31
C000224,Cliente 0224,Joven,Joven,1,False,unico,Quito,False,False,29,503.52
C000225,Cliente 0225,PyME,PyME,1,False,unico,Quito,False,False,46,2189.29
C000226,Cliente 0226,Mass,Mass,1,False,unico,Cuenca,False,False,42,897.82
C000227,Cliente 0227,Mass,Mass,1,False,unico,Cuenca,False,False,23,1267.59
C000228,Cliente 0228,Affluent,Affluent,1,False,unico,Quito,False,False,31,2041.50
C000229,Cliente 0229,Mass,Mass,1,False,unico,Manta,False,False,34,710.86
C000230,Cliente 0230,Mass,Mass,1,False,unico,Manta,False,False,45,722.09
C000231,Cliente 0231,Mass,Mass,1,False,unico,Quito,False,False,23,1263.81
C000232,Cliente 0232,Affluent,Affluent,1,False,unico,Quito,False,False,34,1953.34
C000233,Cliente 0233,Mass,Mass,1,False,unico,Guayaquil,False,False,40,846.93
C000234,Cliente 0234,Joven,Joven,1,False,unico,Manta,False,False,36,638.49
C000235,Cliente 0235,Mass,Mass,1,False,unico,Guayaquil,False,False,21,2087.63
C000236,Cliente 0236,Mass,Mass,1,False,unico,Guayaquil,False,False,44,896.24
C000237,Cliente 0237,Premium,Premium,1,False,unico,Quito,False,False,58,3209.19
C000238,Cliente 0238,Premium,Premium,1,False,unico,Quito,False,False,26,6381.30
C000239,Cliente 0239,Premium,Premium,1,False,unico,Guayaquil,False,False,58,5326.97
C000240,Cliente 0240,Mass,Mass,1,False,unico,Guayaquil,False,False,22,1139.62
C000241,Cliente 0241,Affluent,Affluent,1,False,unico,Loja,False,False,34,2594.07
C000242,Cliente 0242,Mass,Mass,1,False,unico,Guayaquil,False,False,33,831.65
C000243,Cliente 0243,PyME,PyME,1,False,unico,Guayaquil,False,True,18,1598.36
C000244,Cliente 0244,Mass,Mass|Premium,2,True,moda,Guayaquil,False,False,39,1317.44
C000245,Cliente 0245,Mass,Mass,1,False,unico,Cuenca,False,False,50,1227.75
C000246,Cliente 0246,Mass,Mass,1,False,unico,Quito,False,False,51,1268.00
C000247,Cliente 0247,Premium,Premium,1,False,unico,Ambato,False,False,18,3485.16
C000248,Cliente 0248,Affluent,Affluent,1,False,unico,Manta,False,False,27,4412.28
C000249,Cliente 0249,Premium,Affluent|Premium,2,True,moda,Manta,False,False,33,6269.80
C000250,Cliente 0250,Joven,Joven,1,False,unico,Cuenca,False,False,44,661.63
C000251,Cliente 0251,Mass,Mass,1,False,unico,Manta,False,True,51,1535.46
C000252,Cliente 0252,Mass,Mass,1,False,unico,Cuenca,False,False,46,1101.33
C000253,Cliente 0253,PyME,PyME,1,False,unico,Guayaquil,False,False,18,785.98
C000254,Cliente 0254,Premium,Premium,1,False,unico,Quito,False,False,48,5336.00
C000255,Cliente 0255,Mass,Mass,1,False,unico,Cuenca,False,False,50,421.85
C000256,Cliente 0256,Premium,Premium,1,False,unico,Guayaquil,False,False,44,3492.90
C000257,Cliente 0257,Mass,Mass,1,False,unico,Guayaquil,False,False,39,651.41
C000258,Cliente 0258,Mass,Mass,1,False,unico,Quito,False,False,48,1405.36
C000259,Cliente 0259,Affluent,Affluent,1,False,unico,Quito,False,False,43,2565.52
C000260,Cliente 0260,Joven,Joven,1,False,unico,Guayaquil,False,False,32,516.73
C000261,Cliente 0261,Affluent,Affluent,1,False,unico,Cuenca,False,False,27,1648.15
C000262,Cliente 0262,Joven,Joven,1,False,unico,Loja,False,False,36,423.69
C000263,Cliente 0263,Mass,Mass,1,False,unico,Quito,False,False,41,359.78
C000264,Cliente 0264,PyME,PyME,1,False,unico,Guayaquil,False,False,35,3886.97
C000265,Cliente 0265,PyME,PyME,1,False,unico,Quito,False,False,41,1785.79
C000266,Cliente 0266,Mass,Mass,1,False,unico,Quito,False,False,37,570.01
C000267,Cliente 0267,Mass,Mass,1,False,unico,Manta,False,False,37,683.73
C000268,Cliente 0268,Affluent,Affluent,1,False,unico,Guayaquil,False,False,54,5040.50
C000269,Cliente 0269,Mass,Mass,1,False,unico,Cuenca,False,False,18,860.71
C000270,Cliente 0270,Affluent,Affluent,1,False,unico,Guayaquil,False,False,45,3590.44
C000271,Cliente 0271,PyME,PyME,1,False,unico,Guayaquil,False,False,38,1861.81
C000272,Cliente 0272,Joven,Joven,1,False,unico,Guayaquil,False,False,28,1101.71
C000273,Cliente 0273,Mass,Mass,1,False,unico,Loja,False,False,37,947.93
C000274,Cliente 0274,PyME,PyME,1,False,unico,Quito,False,False,36,3106.39
C000275,Cliente 0275,Mass,Mass,1,False,unico,Guayaquil,False,False,24,1452.64
C000276,Cliente 0276,Mass,Mass,1,False,unico,Quito,False,False,41,647.57
C000277,Cliente 0277,Affluent,Affluent,1,False,unico,Quito,False,False,43,1261.04
C000278,Cliente 0278,Mass,Mass,1,False,unico,Ambato,False,False,31,2409.96
C000279,Cliente 0279,Mass,Mass,1,False,unico,Cuenca,False,False,45,762.11
C000280,Cliente 0280,Premium,Premium,1,False,unico,Loja,False,False,56,3491.98
C000281,Cliente 0281,PyME,PyME,1,False,unico,Quito,False,False,45,2112.72
C000282,Cliente 0282,Mass,Mass,1,False,unico,Manta,False,False,37,1211.62
C000283,Cliente 0283,Premium,Premium,1,False,unico,Cuenca,False,False,42,4915.73
C000284,Cliente 0284,Premium,Premium,1,False,unico,Cuenca,False,False,65,8694.58
C000285,Cliente 0285,Mass,Mass,1,False,unico,Guayaquil,False,False,28,841.54
C000286,Cliente 0286,PyME,PyME,1,False,unico,Quito,False,False,42,1933.85
C000287,Cliente 0287,Premium,Premium,1,False,unico,Guayaquil,False,True,25,3735.51
C000288,Cliente 0288,Mass,Affluent|Mass,2,True,moda,Guayaquil,False,False,25,658.77
C000289,Cliente 0289,Joven,Joven,1,False,unico,Loja,False,False,26,545.63
C000290,Cliente 0290,Mass,Mass,1,False,unico,Ambato,False,False,47,1427.00
C000291,Cliente 0291,Mass,Mass,1,False,unico,Quito,False,False,35,1079.76
C000292,Cliente 0292,Mass,Mass,1,False,unico,Cuenca,False,False,33,366.30
C000293,Cliente 0293,Mass,Mass,1,False,unico,Guayaquil,False,False,48,751.24
C000294,Cliente 0294,Joven,Joven,1,False,unico,Guayaquil,False,False,42,544.70
C000295,Cliente 0295,Mass,Mass,1,False,unico,Ambato,False,False,48,610.83
C000296,Cliente 0296,Premium,Premium,1,False,unico,Quito,False,False,24,3755.33
C000297,Cliente 0297,Premium,Premium,1,False,unico,Manta,False,False,23,3243.76
C000298,Cliente 0298,Joven,Joven,1,False,unico,Manta,False,False,18,785.54
C000299,Cliente 0299,Premium,Premium,1,False,unico,Guayaquil,False,False,29,4386.72
C000300,Cliente 0300,Mass,Mass,1,False,unico,Quito,False,False,34,743.79
C000301,Cliente 0301,Joven,Joven,1,False,unico,Cuenca,False,False,59,365.79
C000302,Cliente 0302,Mass,Mass,1,False,unico,Guayaquil,False,False,51,1101.08
C000303,Cliente 0303,Affluent,Affluent,1,False,unico,Guayaquil,False,False,46,2031.33
C000304,Cliente 0304,Joven,Joven,1,False,unico,Guayaquil,False,False,40,606.73
C000305,Cliente 0305,Mass,Mass,1,False,unico,Guayaquil,False,False,60,941.84
C000306,Cliente 0306,Premium,Premium,1,False,unico,Quito,False,False,42,3837.12
C000307,Cliente 0307,Premium,Premium,1,False,unico,Guayaquil,False,False,58,4532.63
C000308,Cliente 0308,Affluent,Affluent,1,False,unico,Guayaquil,False,False,35,2728.00
C000309,Cliente 0309,Affluent,Affluent,1,False,unico,Quito,False,False,35,3795.65
C000310,Cliente 0310,Mass,Mass,1,False,unico,Cuenca,False,False,46,668.95
C000311,Cliente 0311,Affluent,Affluent,1,False,unico,Guayaquil,False,False,39,1966.45
C000312,Cliente 0312,Mass,Mass|PyME,2,True,moda,Quito,False,False,21,901.93
C000313,Cliente 0313,Mass,Mass,1,False,unico,Quito,False,False,60,925.40
C000314,Cliente 0314,Premium,Premium,1,False,unico,Loja,False,False,18,3769.96
C000315,Cliente 0315,Mass,Mass,1,False,unico,Quito,False,False,33,992.60
C000316,Cliente 0316,Mass,Mass,1,False,unico,Quito,False,False,34,984.58
C000317,Cliente 0317,Premium,Premium,1,False,unico,Guayaquil,False,False,50,2356.15
C000318,Cliente 0318,Mass,Mass,1,False,unico,Ambato,False,False,42,1264.31
C000319,Cliente 0319,Mass,Mass,1,False,unico,Guayaquil,False,False,34,552.26
C000320,Cliente 0320,Mass,Mass,1,False,unico,Guayaquil,False,False,22,1914.69
C000321,Cliente 0321,Mass,Mass,1,False,unico,Guayaquil,False,False,51,751.80
C000322,Cliente 0322,Affluent,Affluent,1,False,unico,Quito,False,True,40,1897.67
C000323,Cliente 0323,Joven,Joven,1,False,unico,Guayaquil,False,False,22,627.83
C000324,Cliente 0324,Mass,Mass,1,False,unico,Manta,False,False,38,719.65
C000325,Cliente 0325,Joven,Joven,1,False,unico,Quito,False,True,35,459.53
C000326,Cliente 0326,Affluent,Affluent,1,False,unico,Quito,False,False,39,2323.50
C000327,Cliente 0327,Mass,Mass,1,False,unico,Cuenca,False,False,45,1028.70
C000328,Cliente 0328,Joven,Joven,1,False,unico,Cuenca,False,False,35,603.41
C000329,Cliente 0329,Mass,Mass,1,False,unico,Guayaquil,False,False,27,843.23
C000330,Cliente 0330,Mass,Mass,1,False,unico,Quito,False,False,45,413.57
C000331,Cliente 0331,Mass,Mass,1,False,unico,Guayaquil,False,False,34,968.27
C000332,Cliente 0332,Affluent,Affluent,1,False,unico,Guayaquil,False,False,47,2804.31
C000333,Cliente 0333,Premium,Joven|Mass|Premium,3,True,moda,Cuenca,False,False,34,5129.15
C000334,Cliente 0334,Mass,Mass,1,False,unico,Guayaquil,False,False,48,788.87
C000335,Cliente 0335,PyME,PyME,1,False,unico,Cuenca,False,False,43,3355.55
C000336,Cliente 0336,Mass,Mass,1,False,unico,Guayaquil,False,False,37,835.43
C000337,Cliente 0337,Affluent,Affluent|Premium,2,True,moda,Quito,False,False,41,1778.52
C000338,Cliente 0338,Mass,Mass,1,False,unico,Quito,False,False,34,1337.42
C000339,Cliente 0339,Premium,Premium,1,False,unico,Quito,False,False,38,4009.34
C000340,Cliente 0340,Affluent,Affluent|Joven,2,True,moda,Guayaquil,False,False,40,1902.78
C000341,Cliente 0341,Mass,Mass,1,False,unico,Ambato,False,False,31,860.36
C000342,Cliente 0342,Mass,Mass,1,False,unico,Cuenca,False,False,37,705.84
C000343,Cliente 0343,PyME,PyME,1,False,unico,Quito,False,False,33,5926.01
C000344,Cliente 0344,PyME,PyME,1,False,unico,Cuenca,False,False,41,4594.33
C000345,Cliente 0345,PyME,PyME,1,False,unico,Quito,False,False,36,1694.63
C000346,Cliente 0346,Mass,Mass,1,False,unico,Guayaquil,False,False,55,1309.99
C000347,Cliente 0347,Mass,Mass,1,False,unico,Guayaquil,False,False,40,588.77
C000348,Cliente 0348,Affluent,Affluent,1,False,unico,Guayaquil,False,False,43,4111.28
C000349,Cliente 0349,Mass,Affluent|Mass,2,True,moda,Guayaquil,False,False,26,1247.85
C000350,Cliente 0350,Joven,Joven,1,False,unico,Ambato,False,False,51,633.22
C000351,Cliente 0351,Mass,Mass,1,False,unico,Loja,False,False,60,629.39
C000352,Cliente 0352,Mass,Mass,1,False,unico,Cuenca,False,False,39,1364.83
C000353,Cliente 0353,PyME,PyME,1,False,unico,Guayaquil,False,False,18,1420.51
C000354,Cliente 0354,Affluent,Affluent,1,False,unico,Loja,False,False,32,1703.34
C000355,Cliente 0355,Joven,Joven,1,False,unico,Guayaquil,False,False,40,798.77
C000356,Cliente 0356,Mass,Mass,1,False,unico,Manta,False,False,38,559.96
C000357,Cliente 0357,Mass,Mass,1,False,unico,Ambato,False,False,41,530.21
C000358,Cliente 0358,Premium,Premium,1,False,unico,Guayaquil,False,False,42,2072.26
C000359,Cliente 0359,Mass,Mass,1,False,unico,Quito,False,False,43,851.19
C000360,Cliente 0360,Mass,Mass,1,False,unico,Guayaquil,False,False,24,599.10
C000361,Cliente 0361,Premium,Premium,1,False,unico,Guayaquil,False,False,55,2979.86
C000362,Cliente 0362,Affluent,Affluent,1,False,unico,Guayaquil,False,False,47,2527.46
C000363,Cliente 0363,Affluent,Affluent,1,False,unico,Guayaquil,False,False,42,1872.54
C000364,Cliente 0364,Mass,Mass,1,False,unico,Quito,False,False,29,1063.68
C000365,Cliente 0365,Mass,Mass,1,False,unico,Quito,False,False,29,1128.69
C000366,Cliente 0366,Mass,Mass,1,False,unico,Guayaquil,False,False,34,840.88
C000367,Cliente 0367,Joven,Joven,1,False,unico,Quito,False,False,22,785.39
C000368,Cliente 0368,Mass,Mass|Premium,2,True,moda,Loja,False,False,30,653.21
C000369,Cliente 0369,Affluent,Affluent,1,False,unico,Cuenca,False,False,42,2964.95
C000370,Cliente 0370,PyME,PyME,1,False,unico,Guayaquil,False,False,58,3180.36
C000371,Cliente 0371,Mass,Mass,1,False,unico,Guayaquil,False,False,19,1332.89
C000372,Cliente 0372,Affluent,Affluent,1,False,unico,Guayaquil,False,False,40,1688.49
C000373,Cliente 0373,Mass,Mass,1,False,unico,Guayaquil,False,False,32,1150.24
C000374,Cliente 0374,Mass,Mass,1,False,unico,Cuenca,False,False,43,719.00
C000375,Cliente 0375,Mass,Joven|Mass,2,True,moda,Quito,False,False,48,671.40
C000376,Cliente 0376,Premium,Premium,1,False,unico,Guayaquil,False,False,46,1741.64
C000377,Cliente 0377,Premium,Premium,1,False,unico,Quito,False,False,27,4698.34
C000378,Cliente 0378,Joven,Joven,1,False,unico,Cuenca,False,False,37,553.56
C000379,Cliente 0379,Mass,Mass,1,False,unico,Ambato,False,False,41,663.09
C000380,Cliente 0380,Mass,Mass,1,False,unico,Cuenca,False,True,22,1214.19
C000381,Cliente 0381,Affluent,Affluent|Mass,2,True,moda,Guayaquil,False,False,26,1530.46
C000382,Cliente 0382,Premium,Premium,1,False,unico,Loja,False,False,39,4263.31
C000383,Cliente 0383,Mass,Mass,1,False,unico,Guayaquil,False,True,31,1038.79
C000384,Cliente 0384,Mass,Mass,1,False,unico,Guayaquil,False,True,39,769.73
C000385,Cliente 0385,Affluent,Affluent,1,False,unico,Guayaquil,False,False,42,3141.00
C000386,Cliente 0386,Premium,Premium,1,False,unico,Guayaquil,False,False,27,4837.81
C000387,Cliente 0387,Mass,Mass,1,False,unico,Guayaquil,False,False,24,1337.39
C000388,Cliente 0388,Mass,Mass,1,False,unico,Quito,False,False,46,853.29
C000389,Cliente 0389,PyME,PyME,1,False,unico,Ambato,False,False,32,3594.14
C000390,Cliente 0390,Affluent,Affluent,1,False,unico,Cuenca,False,False,46,1620.32
C000391,Cliente 0391,Mass,Mass,1,False,unico,Ambato,False,False,25,1490.78
C000392,Cliente 0392,PyME,PyME,1,False,unico,Cuenca,False,False,25,1756.96
C000393,Cliente 0393,Mass,Mass|PyME,2,True,moda,Guayaquil,False,False,30,1408.42
C000394,Cliente 0394,Affluent,Affluent,1,False,unico,Quito,False,False,33,2583.03
C000395,Cliente 0395,Joven,Joven,1,False,unico,Cuenca,False,False,47,594.63
C000396,Cliente 0396,Affluent,Affluent,1,False,unico,Guayaquil,False,False,63,2016.23
C000397,Cliente 0397,Premium,Premium,1,False,unico,Guayaquil,False,False,67,3278.61
C000398,Cliente 0398,Affluent,Affluent,1,False,unico,Guayaquil,False,False,51,3645.09
C000399,Cliente 0399,Mass,Mass,1,False,unico,Quito,False,False,55,796.69
C000400,Cliente 0400,Mass,Mass,1,False,unico,Manta,False,False,40,1001.77
C000401,Cliente 0401,Premium,Affluent|Premium,2,True,moda,Guayaquil,False,False,32,4211.19
C000402,Cliente 0402,PyME,Joven|PyME,2,True,moda,Guayaquil,False,False,42,3125.81
C000403,Cliente 0403,PyME,PyME,1,False,unico,Quito,False,False,38,3338.95
C000404,Cliente 0404,Affluent,Affluent|Premium,2,True,moda_desempate_recencia,Quito,False,False,38,2533.56
C000405,Cliente 0405,Mass,Mass,1,False,unico,Guayaquil,False,False,35,1172.73
C000406,Cliente 0406,Affluent,Affluent,1,False,unico,Guayaquil,False,False,68,2173.31
C000407,Cliente 0407,Joven,Joven,1,False,unico,Guayaquil,False,False,40,803.94
C000408,Cliente 0408,Mass,Mass,1,False,unico,Quito,False,False,43,1026.42
C000409,Cliente 0409,Mass,Mass,1,False,unico,Quito,False,False,48,1408.52
C000410,Cliente 0410,Mass,Mass,1,False,unico,Manta,False,True,41,956.06
C000411,Cliente 0411,Joven,Joven,1,False,unico,Quito,False,False,31,611.88
C000412,Cliente 0412,Joven,Joven,1,False,unico,Quito,False,False,18,538.75
C000413,Cliente 0413,Premium,Premium,1,False,unico,Guayaquil,False,False,36,1720.90
C000414,Cliente 0414,Joven,Joven|Premium,2,True,moda,Manta,False,False,37,350.00
C000415,Cliente 0415,Joven,Joven,1,False,unico,Quito,False,True,56,1008.25
C000416,Cliente 0416,Mass,Mass,1,False,unico,Quito,False,True,31,909.53
C000417,Cliente 0417,Mass,Mass,1,False,unico,Manta,False,True,35,1009.22
C000418,Cliente 0418,Affluent,Affluent,1,False,unico,Ambato,False,False,61,2544.37
C000419,Cliente 0419,Mass,Mass,1,False,unico,Ambato,False,False,23,1341.78
C000420,Cliente 0420,Mass,Mass,1,False,unico,Guayaquil,False,True,44,523.23
C000421,Cliente 0421,Joven,Joven|Premium,2,True,moda,Guayaquil,False,False,41,904.42
C000422,Cliente 0422,Affluent,Affluent,1,False,unico,Ambato,False,False,63,1264.45
C000423,Cliente 0423,Affluent,Affluent,1,False,unico,Guayaquil,False,False,24,2401.35
C000424,Cliente 0424,Mass,Mass,1,False,unico,Loja,False,False,53,744.95
C000425,Cliente 0425,Premium,Premium,1,False,unico,Guayaquil,False,False,54,3745.05
C000426,Cliente 0426,Joven,Joven|Premium,2,True,moda,Guayaquil,False,False,29,804.88
C000427,Cliente 0427,Affluent,Affluent,1,False,unico,Guayaquil,False,False,28,2069.57
C000428,Cliente 0428,Mass,Affluent|Mass,2,True,moda,Guayaquil,False,False,25,490.90
C000429,Cliente 0429,Mass,Mass,1,False,unico,Quito,False,False,19,877.47
C000430,Cliente 0430,Premium,Premium,1,False,unico,Guayaquil,False,False,18,4528.06
C000431,Cliente 0431,Mass,Mass,1,False,unico,Guayaquil,False,False,46,943.23
C000432,Cliente 0432,Mass,Mass,1,False,unico,Guayaquil,False,False,39,1061.42
C000433,Cliente 0433,Joven,Joven,1,False,unico,Guayaquil,False,False,22,927.25
C000434,Cliente 0434,Mass,Mass,1,False,unico,Quito,False,False,33,1499.55
C000435,Cliente 0435,Mass,Mass,1,False,unico,Manta,False,False,32,862.79
C000436,Cliente 0436,Joven,Joven,1,False,unico,Quito,False,False,66,494.76
C000437,Cliente 0437,Mass,Joven|Mass,2,True,moda,Manta,False,False,52,1256.27
C000438,Cliente 0438,Affluent,Affluent,1,False,unico,Guayaquil,False,False,22,4394.06
C000439,Cliente 0439,Mass,Mass,1,False,unico,Guayaquil,False,False,41,828.51
C000440,Cliente 0440,Mass,Mass,1,False,unico,Cuenca,False,False,48,754.17
C000441,Cliente 0441,Mass,Mass,1,False,unico,Guayaquil,False,False,59,960.53
C000442,Cliente 0442,Mass,Mass,1,False,unico,Quito,False,False,52,550.99
C000443,Cliente 0443,Mass,Mass,1,False,unico,Loja,False,False,36,510.61
C000444,Cliente 0444,Affluent,Affluent,1,False,unico,Guayaquil,False,False,78,1084.38
C000445,Cliente 0445,Mass,Mass,1,False,unico,Quito,False,False,50,1295.28
C000446,Cliente 0446,Joven,Joven,1,False,unico,Manta,False,False,40,659.14
C000447,Cliente 0447,Mass,Mass,1,False,unico,Quito,False,False,44,770.13
C000448,Cliente 0448,Affluent,Affluent,1,False,unico,Guayaquil,False,False,40,5077.41
C000449,Cliente 0449,Mass,Joven|Mass|PyME,3,True,moda,Quito,False,False,18,1004.83
C000450,Cliente 0450,Joven,Joven,1,False,unico,Quito,False,False,34,350.00
C000451,Cliente 0451,Affluent,Affluent,1,False,unico,Guayaquil,False,False,35,2421.47
C000452,Cliente 0452,Joven,Joven,1,False,unico,Quito,False,False,39,1218.74
C000453,Cliente 0453,Joven,Joven,1,False,unico,Manta,False,False,39,445.25
C000454,Cliente 0454,Mass,Mass,1,False,unico,Cuenca,False,False,36,930.40
C000455,Cliente 0455,Joven,Joven,1,False,unico,Cuenca,False,False,54,460.22
C000456,Cliente 0456,Mass,Mass,1,False,unico,Manta,False,False,25,1534.20
C000457,Cliente 0457,Mass,Mass,1,False,unico,Manta,False,False,35,485.51
C000458,Cliente 0458,PyME,PyME,1,False,unico,Quito,False,False,20,3840.77
C000459,Cliente 0459,Joven,Joven,1,False,unico,Guayaquil,False,False,47,838.89
C000460,Cliente 0460,Premium,Premium,1,False,unico,Loja,False,False,53,4476.51
C000461,Cliente 0461,Mass,Mass,1,False,unico,Quito,False,False,28,1410.84
C000462,Cliente 0462,Joven,Joven,1,False,unico,Quito,False,False,36,746.86
C000463,Cliente 0463,Mass,Mass,1,False,unico,Quito,False,True,35,1258.62
C000464,Cliente 0464,Premium,Premium,1,False,unico,Quito,False,True,38,4388.54
C000465,Cliente 0465,Mass,Mass,1,False,unico,Guayaquil,False,False,45,863.89
C000466,Cliente 0466,Mass,Mass,1,False,unico,Guayaquil,False,False,36,766.85
C000467,Cliente 0467,Affluent,Affluent,1,False,unico,Guayaquil,False,False,61,3237.81
C000468,Cliente 0468,Mass,Mass,1,False,unico,Quito,False,False,42,1276.38
C000469,Cliente 0469,Mass,Mass,1,False,unico,Quito,False,False,29,1250.19
C000470,Cliente 0470,Mass,Mass,1,False,unico,Quito,False,False,47,1118.19
C000471,Cliente 0471,Affluent,Affluent,1,False,unico,Manta,False,True,37,2505.03
C000472,Cliente 0472,Affluent,Affluent,1,False,unico,Ambato,False,False,48,2995.63
C000473,Cliente 0473,Affluent,Affluent,1,False,unico,Loja,False,False,56,1984.74
C000474,Cliente 0474,Premium,Premium,1,False,unico,Quito,False,False,56,4641.96
C000475,Cliente 0475,Mass,Mass,1,False,unico,Cuenca,False,False,36,1236.69
C000476,Cliente 0476,Mass,Mass,1,False,unico,Quito,False,False,36,989.44
C000477,Cliente 0477,Premium,Premium,1,False,unico,Cuenca,False,False,64,3107.36
C000478,Cliente 0478,Mass,Mass,1,False,unico,Manta,False,False,53,1092.95
C000479,Cliente 0479,PyME,Affluent|PyME,2,True,moda,Cuenca,False,False,35,1033.60
C000480,Cliente 0480,Mass,Mass,1,False,unico,Cuenca,False,False,41,430.22
C000481,Cliente 0481,PyME,PyME,1,False,unico,Quito,False,False,36,2467.61
C000482,Cliente 0482,Affluent,Affluent,1,False,unico,Quito,False,False,32,1254.56
C000483,Cliente 0483,Affluent,Affluent,1,False,unico,Quito,False,False,31,3260.26
C000484,Cliente 0484,Premium,Mass|Premium,2,True,moda,Guayaquil,False,False,39,7416.87
C000485,Cliente 0485,Mass,Mass,1,False,unico,Loja,False,False,18,789.07
C000486,Cliente 0486,Premium,Premium,1,False,unico,Guayaquil,False,False,53,3805.37
C000487,Cliente 0487,Mass,Mass,1,False,unico,Quito,False,True,23,484.15
C000488,Cliente 0488,Joven,Joven,1,False,unico,Manta,False,False,47,648.72
C000489,Cliente 0489,Mass,Mass,1,False,unico,Loja,False,False,43,1056.60
C000490,Cliente 0490,Mass,Mass,1,False,unico,Quito,False,False,52,1212.76
C000491,Cliente 0491,Mass,Mass|Premium,2,True,moda,Quito,False,False,41,1105.28
C000492,Cliente 0492,Joven,Joven,1,False,unico,Cuenca,False,False,40,784.97
C000493,Cliente 0493,Affluent,Affluent,1,False,unico,Cuenca,False,False,26,835.28
C000494,Cliente 0494,Affluent,Affluent,1,False,unico,Manta,False,False,51,2246.88
C000495,Cliente 0495,Affluent,Affluent,1,False,unico,Guayaquil,False,True,36,1759.52
C000496,Cliente 0496,Joven,Joven,1,False,unico,Cuenca,False,False,28,1540.09
C000497,Cliente 0497,Affluent,Affluent,1,False,unico,Manta,False,False,35,2406.38
C000498,Cliente 0498,PyME,PyME,1,False,unico,Guayaquil,False,False,57,2783.68
C000499,Cliente 0499,Premium,Premium,1,False,unico,Quito,False,False,20,4277.03
C000500,Cliente 0500,Mass,Mass,1,False,unico,Guayaquil,False,False,34,1206.86
C000501,Cliente 0501,Premium,Premium,1,False,unico,Guayaquil,False,False,41,6577.22
C000502,Cliente 0502,Mass,Mass,1,False,unico,Guayaquil,False,True,49,631.70
C000503,Cliente 0503,PyME,PyME,1,False,unico,Ambato,False,False,45,3104.87
C000504,Cliente 0504,Mass,Mass,1,False,unico,Quito,False,False,55,686.35
C000505,Cliente 0505,Premium,Premium,1,False,unico,Quito,False,False,50,3095.13
C000506,Cliente 0506,Mass,Mass,1,False,unico,Quito,False,False,34,535.20
C000507,Cliente 0507,Mass,Affluent|Mass,2,True,moda,Cuenca,False,False,56,1921.08
C000508,Cliente 0508,Affluent,Affluent,1,False,unico,Quito,False,False,35,1331.37
C000509,Cliente 0509,Mass,Mass,1,False,unico,Cuenca,False,False,51,727.42
C000510,Cliente 0510,Mass,Mass,1,False,unico,Quito,False,False,29,880.46
C000511,Cliente 0511,Mass,Affluent|Mass,2,True,moda,Guayaquil,False,True,42,859.97
C000512,Cliente 0512,PyME,PyME,1,False,unico,Quito,False,False,53,2532.18
C000513,Cliente 0513,PyME,Affluent|PyME,2,True,moda,Quito,False,False,41,2200.13
C000514,Cliente 0514,Mass,Mass,1,False,unico,Quito,False,False,29,710.62
C000515,Cliente 0515,Joven,Joven,1,False,unico,Ambato,False,False,42,428.68
C000516,Cliente 0516,Mass,Mass,1,False,unico,Guayaquil,False,False,29,762.38
C000517,Cliente 0517,Joven,Affluent|Joven,2,True,moda,Quito,False,False,36,542.35
C000518,Cliente 0518,Mass,Mass,1,False,unico,Guayaquil,False,False,30,428.44
C000519,Cliente 0519,Joven,Joven,1,False,unico,Manta,False,False,38,627.12
C000520,Cliente 0520,Mass,Mass,1,False,unico,Cuenca,False,False,40,928.56
C000521,Cliente 0521,Premium,Premium,1,False,unico,Guayaquil,False,False,55,4631.87
C000522,Cliente 0522,Mass,Mass,1,False,unico,Cuenca,False,False,41,853.05
C000523,Cliente 0523,Mass,Affluent|Mass,2,True,moda,Quito,False,False,45,839.22
C000524,Cliente 0524,PyME,PyME,1,False,unico,Guayaquil,False,False,35,1382.36
C000525,Cliente 0525,Mass,Mass,1,False,unico,Guayaquil,False,False,44,809.82
C000526,Cliente 0526,Mass,Mass,1,False,unico,Quito,False,False,32,525.02
C000527,Cliente 0527,Mass,Mass,1,False,unico,Quito,False,False,18,568.56
C000528,Cliente 0528,Affluent,Affluent,1,False,unico,Quito,False,False,59,2353.61
C000529,Cliente 0529,Affluent,Affluent,1,False,unico,Guayaquil,False,False,57,1497.26
C000530,Cliente 0530,Mass,Mass,1,False,unico,Quito,False,False,29,1482.02
C000531,Cliente 0531,Joven,Joven,1,False,unico,Quito,False,False,56,670.99
C000532,Cliente 0532,Joven,Joven,1,False,unico,Guayaquil,False,False,20,730.45
C000533,Cliente 0533,Mass,Mass,1,False,unico,Quito,False,True,45,766.22
C000534,Cliente 0534,Mass,Mass,1,False,unico,Manta,False,False,22,1135.26
C000535,Cliente 0535,Affluent,Affluent,1,False,unico,Quito,False,True,18,2732.78
C000536,Cliente 0536,Mass,Mass,1,False,unico,Manta,False,False,36,643.63
C000537,Cliente 0537,Mass,Mass,1,False,unico,Loja,False,False,27,837.67
C000538,Cliente 0538,Mass,Mass,1,False,unico,Guayaquil,False,False,44,773.91
C000539,Cliente 0539,Mass,Mass,1,False,unico,Guayaquil,False,False,25,1124.80
C000540,Cliente 0540,Mass,Mass,1,False,unico,Guayaquil,False,False,41,756.61
C000541,Cliente 0541,Mass,Mass,1,False,unico,Cuenca,False,False,53,882.92
C000542,Cliente 0542,Mass,Mass,1,False,unico,Cuenca,False,False,43,1125.96
C000543,Cliente 0543,Mass,Mass,1,False,unico,Guayaquil,False,False,36,778.05
C000544,Cliente 0544,PyME,PyME,1,False,unico,Cuenca,False,False,43,1371.56
C000545,Cliente 0545,Mass,Mass,1,False,unico,Guayaquil,False,False,46,1194.51
C000546,Cliente 0546,Mass,Mass,1,False,unico,Manta,False,False,48,916.39
C000547,Cliente 0547,Mass,Mass,1,False,unico,Guayaquil,False,False,34,1212.24
C000548,Cliente 0548,Premium,Premium,1,False,unico,Guayaquil,False,False,33,2792.79
C000549,Cliente 0549,Mass,Mass,1,False,unico,Cuenca,False,True,47,1141.13
C000550,Cliente 0550,PyME,PyME,1,False,unico,Manta,False,False,18,1666.88
C000551,Cliente 0551,Mass,Mass,1,False,unico,Cuenca,False,False,47,479.36
C000552,Cliente 0552,Affluent,Affluent,1,False,unico,Guayaquil,False,True,35,1993.66
C000553,Cliente 0553,Joven,Joven,1,False,unico,Ambato,False,False,43,469.47
C000554,Cliente 0554,Affluent,Affluent,1,False,unico,Manta,False,False,23,2445.71
C000555,Cliente 0555,Joven,Joven,1,False,unico,Quito,False,False,42,539.48
C000556,Cliente 0556,Mass,Mass,1,False,unico,Ambato,False,False,27,881.10
C000557,Cliente 0557,Premium,Premium,1,False,unico,Guayaquil,False,False,50,5055.60
C000558,Cliente 0558,Mass,Mass,1,False,unico,Guayaquil,False,False,38,932.23
C000559,Cliente 0559,Mass,Mass,1,False,unico,Quito,False,True,43,852.91
C000560,Cliente 0560,Mass,Joven|Mass,2,True,moda,Quito,False,False,40,884.71
C000561,Cliente 0561,Affluent,Affluent,1,False,unico,Quito,False,False,50,2103.11
C000562,Cliente 0562,Mass,Mass,1,False,unico,Manta,False,False,22,963.67
C000563,Cliente 0563,Premium,Premium,1,False,unico,Guayaquil,False,False,59,5012.14
C000564,Cliente 0564,Joven,Joven,1,False,unico,Guayaquil,False,False,24,845.79
C000565,Cliente 0565,Mass,Mass,1,False,unico,Quito,False,False,38,1201.96
C000566,Cliente 0566,Joven,Joven,1,False,unico,Guayaquil,False,False,42,735.71
C000567,Cliente 0567,Mass,Mass,1,False,unico,Guayaquil,False,False,50,1103.12
C000568,Cliente 0568,Mass,Mass,1,False,unico,Cuenca,False,False,44,751.60
C000569,Cliente 0569,Mass,Mass,1,False,unico,Guayaquil,False,False,25,820.48
C000570,Cliente 0570,Mass,Mass,1,False,unico,Quito,False,False,36,1227.75
C000571,Cliente 0571,Premium,Premium,1,False,unico,Guayaquil,False,False,52,9931.98
C000572,Cliente 0572,Mass,Mass,1,False,unico,Ambato,False,False,52,896.11
C000573,Cliente 0573,Premium,Affluent|Premium,2,True,moda,Cuenca,False,False,18,5486.83
C000574,Cliente 0574,Affluent,Affluent,1,False,unico,Quito,False,True,45,3953.96
C000575,Cliente 0575,Mass,Mass,1,False,unico,Guayaquil,False,False,25,484.83
C000576,Cliente 0576,Affluent,Affluent,1,False,unico,Cuenca,False,False,39,3245.47
C000577,Cliente 0577,Affluent,Affluent,1,False,unico,Guayaquil,False,False,36,1925.81
C000578,Cliente 0578,Affluent,Affluent,1,False,unico,Manta,False,False,47,2798.85
C000579,Cliente 0579,Premium,Premium,1,False,unico,Guayaquil,False,True,18,5599.58
C000580,Cliente 0580,Joven,Joven,1,False,unico,Guayaquil,False,False,56,575.50
C000581,Cliente 0581,Affluent,Affluent|PyME,2,True,moda,Guayaquil,False,True,36,2946.73
C000582,Cliente 0582,Mass,Mass,1,False,unico,Guayaquil,False,False,46,1230.41
C000583,Cliente 0583,Affluent,Affluent,1,False,unico,Loja,False,True,36,1577.87
C000584,Cliente 0584,Affluent,Affluent,1,False,unico,Guayaquil,False,False,47,6325.61
C000585,Cliente 0585,PyME,PyME,1,False,unico,Quito,False,False,40,5513.05
C000586,Cliente 0586,Premium,Premium,1,False,unico,Quito,False,False,42,3325.94
C000587,Cliente 0587,Affluent,Affluent,1,False,unico,Quito,False,False,27,2112.97
C000588,Cliente 0588,Mass,Mass,1,False,unico,Loja,False,False,19,1098.82
C000589,Cliente 0589,PyME,Affluent|PyME,2,True,moda,Loja,False,False,56,2534.15
C000590,Cliente 0590,Affluent,Affluent,1,False,unico,Quito,False,False,22,1567.10
C000591,Cliente 0591,Mass,Mass,1,False,unico,Guayaquil,False,False,37,1044.72
C000592,Cliente 0592,Mass,Mass,1,False,unico,Guayaquil,False,False,39,563.77
C000593,Cliente 0593,PyME,PyME,1,False,unico,Guayaquil,False,False,40,1276.29
C000594,Cliente 0594,Mass,Mass,1,False,unico,Guayaquil,False,False,49,973.26
C000595,Cliente 0595,Mass,Mass,1,False,unico,Quito,False,False,29,1173.43
C000596,Cliente 0596,Mass,Mass,1,False,unico,Guayaquil,False,False,18,661.13
C000597,Cliente 0597,Affluent,Affluent,1,False,unico,Guayaquil,False,False,61,3321.62
C000598,Cliente 0598,Premium,Premium,1,False,unico,Quito,False,False,38,6821.75
C000599,Cliente 0599,Mass,Mass,1,False,unico,Cuenca,False,False,23,1038.01
C000600,Cliente 0600,Joven,Joven,1,False,unico,Guayaquil,False,False,28,350.00
C000601,Cliente 0601,Joven,Joven|PyME,2,True,moda,Guayaquil,False,False,37,833.98
C000602,Cliente 0602,Affluent,Affluent,1,False,unico,Loja,False,False,28,1891.75
C000603,Cliente 0603,Joven,Affluent|Joven,2,True,moda,Quito,False,False,29,350.00
C000604,Cliente 0604,Premium,Premium,1,False,unico,Ambato,False,False,28,4163.61
C000605,Cliente 0605,Joven,Joven,1,False,unico,Quito,False,False,23,828.68
C000606,Cliente 0606,Mass,Mass|PyME,2,True,moda,Quito,False,False,37,1097.71
C000607,Cliente 0607,Affluent,Affluent,1,False,unico,Ambato,False,False,18,2513.53
C000608,Cliente 0608,Mass,Joven|Mass,2,True,moda,Guayaquil,False,False,26,553.49
C000609,Cliente 0609,Mass,Mass,1,False,unico,Cuenca,False,False,23,786.95
C000610,Cliente 0610,Mass,Mass,1,False,unico,Quito,False,False,25,810.71
C000611,Cliente 0611,Premium,Premium,1,False,unico,Quito,False,False,34,6658.78
C000612,Cliente 0612,Premium,Premium,1,False,unico,Manta,False,False,57,3765.71
C000613,Cliente 0613,Mass,Mass,1,False,unico,Guayaquil,False,False,39,1064.77
C000614,Cliente 0614,Premium,Premium,1,False,unico,Quito,False,False,46,8425.25
C000615,Cliente 0615,Mass,Mass,1,False,unico,Loja,False,False,31,580.94
C000616,Cliente 0616,Joven,Joven,1,False,unico,Quito,False,False,41,893.25
C000617,Cliente 0617,Premium,Premium,1,False,unico,Guayaquil,False,False,18,3236.15
C000618,Cliente 0618,Mass,Mass|PyME,2,True,moda,Guayaquil,False,False,52,1159.75
C000619,Cliente 0619,Premium,Premium,1,False,unico,Guayaquil,False,False,38,6522.81
C000620,Cliente 0620,Premium,Premium,1,False,unico,Quito,False,False,48,5739.22
C000621,Cliente 0621,PyME,PyME,1,False,unico,Manta,False,False,18,2782.77
C000622,Cliente 0622,Mass,Mass,1,False,unico,Quito,False,False,42,1018.94
C000623,Cliente 0623,Mass,Mass,1,False,unico,Ambato,False,False,29,706.93
C000624,Cliente 0624,Affluent,Affluent,1,False,unico,Cuenca,False,True,54,2030.65
C000625,Cliente 0625,Mass,Mass,1,False,unico,Guayaquil,False,False,23,649.62
C000626,Cliente 0626,Affluent,Affluent,1,False,unico,Quito,False,False,51,3523.58
C000627,Cliente 0627,Affluent,Affluent,1,False,unico,Loja,False,False,36,2964.96
C000628,Cliente 0628,Joven,Joven|PyME,2,True,moda,Quito,False,False,60,700.19
C000629,Cliente 0629,Mass,Joven|Mass,2,True,moda,Guayaquil,False,False,32,1784.58
C000630,Cliente 0630,Affluent,Affluent,1,False,unico,Quito,False,True,49,2733.71
C000631,Cliente 0631,Mass,Joven|Mass,2,True,moda,Cuenca,False,False,47,1307.68
C000632,Cliente 0632,Mass,Mass,1,False,unico,Manta,False,False,56,570.62
C000633,Cliente 0633,Joven,Joven,1,False,unico,Quito,False,False,55,483.47
C000634,Cliente 0634,Joven,Joven,1,False,unico,Guayaquil,False,False,25,1043.27
C000635,Cliente 0635,Mass,Mass,1,False,unico,Guayaquil,False,False,38,533.90
C000636,Cliente 0636,Mass,Mass,1,False,unico,Guayaquil,False,False,41,1096.03
C000637,Cliente 0637,Affluent,Affluent,1,False,unico,Guayaquil,False,False,47,2940.24
C000638,Cliente 0638,Mass,Mass,1,False,unico,Guayaquil,False,False,26,1604.64
C000639,Cliente 0639,Joven,Joven,1,False,unico,Guayaquil,False,False,64,400.05
C000640,Cliente 0640,Affluent,Affluent,1,False,unico,Guayaquil,False,False,29,1048.61
C000641,Cliente 0641,Joven,Joven,1,False,unico,Cuenca,False,False,46,650.58
C000642,Cliente 0642,Mass,Mass,1,False,unico,Guayaquil,False,False,43,876.35
C000643,Cliente 0643,Joven,Joven,1,False,unico,Guayaquil,False,True,29,713.25
C000644,Cliente 0644,PyME,PyME,1,False,unico,Manta,False,False,45,5561.48
C000645,Cliente 0645,Joven,Joven,1,False,unico,Loja,False,False,43,466.62
C000646,Cliente 0646,Mass,Mass,1,False,unico,Guayaquil,False,False,21,972.71
C000647,Cliente 0647,Mass,Mass,1,False,unico,Guayaquil,False,False,30,2328.96
C000648,Cliente 0648,Mass,Mass,1,False,unico,Ambato,False,False,39,1465.69
C000649,Cliente 0649,Joven,Joven,1,False,unico,Cuenca,False,False,50,393.85
C000650,Cliente 0650,Premium,Premium,1,False,unico,Manta,False,False,22,2668.41
C000651,Cliente 0651,Joven,Joven,1,False,unico,Cuenca,False,False,49,1023.60
C000652,Cliente 0652,Affluent,Affluent,1,False,unico,Guayaquil,False,False,45,3141.08
C000653,Cliente 0653,Affluent,Affluent,1,False,unico,Quito,False,False,25,2368.46
C000654,Cliente 0654,Mass,Mass,1,False,unico,Manta,False,False,26,1505.26
C000655,Cliente 0655,Affluent,Affluent,1,False,unico,Guayaquil,False,False,28,1154.13
C000656,Cliente 0656,Mass,Mass,1,False,unico,Quito,False,False,26,1107.83
C000657,Cliente 0657,Mass,Mass,1,False,unico,Cuenca,False,False,30,1386.36
C000658,Cliente 0658,Mass,Mass,1,False,unico,Guayaquil,False,False,49,985.86
C000659,Cliente 0659,Joven,Joven,1,False,unico,Guayaquil,False,False,29,1033.60
C000660,Cliente 0660,PyME,PyME,1,False,unico,Manta,False,False,40,2081.18
C000661,Cliente 0661,Mass,Mass,1,False,unico,Cuenca,False,False,44,931.41
C000662,Cliente 0662,PyME,PyME,1,False,unico,Manta,False,False,62,4204.98
C000663,Cliente 0663,Affluent,Affluent,1,False,unico,Guayaquil,False,False,41,2268.42
C000664,Cliente 0664,Affluent,Affluent|Mass,2,True,moda,Manta,False,False,51,1861.92
C000665,Cliente 0665,Joven,Joven|Premium,2,True,moda,Quito,False,False,42,533.87
C000666,Cliente 0666,PyME,PyME,1,False,unico,Quito,False,False,27,2216.17
C000667,Cliente 0667,Mass,Mass,1,False,unico,Ambato,False,False,61,912.99
C000668,Cliente 0668,PyME,PyME,1,False,unico,Guayaquil,False,False,49,1523.88
C000669,Cliente 0669,Joven,Joven,1,False,unico,Guayaquil,False,False,40,636.48
C000670,Cliente 0670,Mass,Mass,1,False,unico,Guayaquil,False,False,58,802.67
C000671,Cliente 0671,Premium,Premium,1,False,unico,Cuenca,False,False,22,3177.69
C000672,Cliente 0672,Affluent,Affluent,1,False,unico,Guayaquil,False,False,44,2131.21
C000673,Cliente 0673,Premium,Premium,1,False,unico,Quito,False,False,30,5597.19
C000674,Cliente 0674,Mass,Mass,1,False,unico,Quito,False,False,43,1518.72
C000675,Cliente 0675,Mass,Mass,1,False,unico,Quito,False,False,56,1227.07
C000676,Cliente 0676,Mass,Mass,1,False,unico,Guayaquil,False,False,40,824.59
C000677,Cliente 0677,Mass,Mass,1,False,unico,Guayaquil,False,False,39,1213.01
C000678,Cliente 0678,Affluent,Affluent,1,False,unico,Quito,False,False,39,2492.72
C000679,Cliente 0679,Affluent,Affluent,1,False,unico,Guayaquil,False,True,26,3199.44
C000680,Cliente 0680,PyME,PyME,1,False,unico,Cuenca,False,True,42,2679.05
C000681,Cliente 0681,Affluent,Affluent,1,False,unico,Quito,False,False,41,2182.48
C000682,Cliente 0682,Affluent,Affluent,1,False,unico,Quito,False,False,31,1482.52
C000683,Cliente 0683,Affluent,Affluent,1,False,unico,Quito,False,False,18,1454.15
C000684,Cliente 0684,Mass,Mass,1,False,unico,Manta,False,False,51,1066.23
C000685,Cliente 0685,Mass,Mass,1,False,unico,Guayaquil,False,False,35,3012.44
C000686,Cliente 0686,Mass,Mass,1,False,unico,Guayaquil,False,False,40,829.25
C000687,Cliente 0687,Premium,Premium,1,False,unico,Quito,False,False,18,6306.81
C000688,Cliente 0688,Affluent,Affluent,1,False,unico,Quito,False,False,25,2435.13
C000689,Cliente 0689,PyME,PyME,1,False,unico,Quito,False,False,18,2457.93
C000690,Cliente 0690,Premium,Premium,1,False,unico,Cuenca,False,False,53,3287.27
C000691,Cliente 0691,Mass,Affluent|Mass,2,True,moda,Loja,False,False,46,1021.09
C000692,Cliente 0692,Mass,Mass,1,False,unico,Ambato,False,False,18,938.15
C000693,Cliente 0693,Affluent,Affluent,1,False,unico,Guayaquil,False,False,51,3424.44
C000694,Cliente 0694,Premium,Premium,1,False,unico,Guayaquil,False,False,43,4619.61
C000695,Cliente 0695,Mass,Mass|Premium,2,True,moda,Manta,False,False,29,587.07
C000696,Cliente 0696,Mass,Mass,1,False,unico,Guayaquil,False,False,42,1264.90
C000697,Cliente 0697,Premium,Premium,1,False,unico,Quito,False,False,23,3312.77
C000698,Cliente 0698,PyME,PyME,1,False,unico,Manta,False,False,40,1599.74
C000699,Cliente 0699,Mass,Joven|Mass,2,True,moda,Quito,False,False,18,620.29
C000700,Cliente 0700,Mass,Mass,1,False,unico,Manta,False,False,48,1501.49
C000701,Cliente 0701,Mass,Mass,1,False,unico,Quito,False,False,53,1291.36
C000702,Cliente 0702,Premium,Premium,1,False,unico,Quito,False,False,26,3542.06
C000703,Cliente 0703,Premium,Premium,1,False,unico,Manta,False,False,41,3746.18
C000704,Cliente 0704,Mass,Mass,1,False,unico,Ambato,False,False,37,1294.74
C000705,Cliente 0705,Mass,Mass,1,False,unico,Guayaquil,False,False,60,1002.42
C000706,Cliente 0706,Mass,Mass,1,False,unico,Quito,False,False,59,1388.79
C000707,Cliente 0707,Mass,Mass,1,False,unico,Manta,False,False,39,841.09
C000708,Cliente 0708,Mass,Mass,1,False,unico,Ambato,False,False,51,482.04
C000709,Cliente 0709,Mass,Mass,1,False,unico,Quito,False,False,25,598.15
C000710,Cliente 0710,Mass,Mass,1,False,unico,Guayaquil,False,False,38,1177.05
C000711,Cliente 0711,PyME,PyME,1,False,unico,Guayaquil,False,False,42,2943.75
C000712,Cliente 0712,Joven,Joven,1,False,unico,Guayaquil,False,False,53,770.09
C000713,Cliente 0713,Premium,Premium,1,False,unico,Guayaquil,False,False,29,3583.01
C000714,Cliente 0714,Joven,Joven,1,False,unico,Guayaquil,False,False,37,1047.40
C000715,Cliente 0715,Affluent,Affluent,1,False,unico,Guayaquil,False,False,39,2515.17
C000716,Cliente 0716,Mass,Mass,1,False,unico,Guayaquil,False,False,19,913.03
C000717,Cliente 0717,Mass,Mass,1,False,unico,Quito,False,False,28,539.88
C000718,Cliente 0718,Mass,Mass,1,False,unico,Guayaquil,False,False,55,1898.20
C000719,Cliente 0719,PyME,PyME,1,False,unico,Quito,False,True,40,2582.43
C000720,Cliente 0720,Mass,Mass,1,False,unico,Guayaquil,False,False,26,1146.08
C000721,Cliente 0721,Mass,Mass,1,False,unico,Guayaquil,False,False,28,1225.46
C000722,Cliente 0722,Affluent,Affluent,1,False,unico,Guayaquil,False,False,47,2116.37
C000723,Cliente 0723,Mass,Mass,1,False,unico,Guayaquil,False,False,38,1325.87
C000724,Cliente 0724,PyME,PyME,1,False,unico,Guayaquil,False,False,33,2884.28
C000725,Cliente 0725,Joven,Joven,1,False,unico,Guayaquil,False,False,30,703.23
C000726,Cliente 0726,Mass,Mass,1,False,unico,Ambato,False,False,33,497.70
C000727,Cliente 0727,Mass,Mass,1,False,unico,Quito,False,True,29,1519.48
C000728,Cliente 0728,Mass,Mass,1,False,unico,Loja,False,False,50,1019.90
C000729,Cliente 0729,Mass,Mass,1,False,unico,Quito,False,False,20,1123.88
C000730,Cliente 0730,Mass,Mass,1,False,unico,Quito,False,False,62,545.17
C000731,Cliente 0731,Premium,Premium,1,False,unico,Cuenca,False,False,33,2445.99
C000732,Cliente 0732,PyME,PyME,1,False,unico,Quito,False,False,48,1448.17
C000733,Cliente 0733,Mass,Mass,1,False,unico,Quito,False,False,52,1981.25
C000734,Cliente 0734,Joven,Joven,1,False,unico,Manta,False,False,39,595.59
C000735,Cliente 0735,PyME,PyME,1,False,unico,Quito,False,False,47,2493.63
C000736,Cliente 0736,Mass,Mass,1,False,unico,Quito,False,False,42,647.42
C000737,Cliente 0737,Mass,Mass,1,False,unico,Guayaquil,False,False,32,850.50
C000738,Cliente 0738,Mass,Mass,1,False,unico,Manta,False,False,43,910.72
C000739,Cliente 0739,Premium,Premium,1,False,unico,Manta,False,False,52,3953.64
C000740,Cliente 0740,Affluent,Affluent,1,False,unico,Cuenca,False,True,40,3428.43
C000741,Cliente 0741,PyME,PyME,1,False,unico,Guayaquil,False,False,39,2649.04
C000742,Cliente 0742,Mass,Mass,1,False,unico,Guayaquil,False,False,37,1058.89
C000743,Cliente 0743,Mass,Mass,1,False,unico,Guayaquil,False,False,39,1318.04
C000744,Cliente 0744,Mass,Mass,1,False,unico,Guayaquil,False,False,18,807.72
C000745,Cliente 0745,Mass,Mass,1,False,unico,Quito,False,False,33,1011.19
C000746,Cliente 0746,Affluent,Affluent,1,False,unico,Quito,False,False,50,2051.18
C000747,Cliente 0747,PyME,Joven|PyME,2,True,moda,Manta,False,False,40,2314.43
C000748,Cliente 0748,Mass,Mass,1,False,unico,Quito,False,False,50,1065.79
C000749,Cliente 0749,PyME,PyME,1,False,unico,Quito,False,False,46,3548.66
C000750,Cliente 0750,Mass,Mass,1,False,unico,Guayaquil,False,False,22,1311.89
C000751,Cliente 0751,Mass,Mass,1,False,unico,Quito,False,False,28,666.32
C000752,Cliente 0752,Joven,Joven,1,False,unico,Cuenca,False,False,47,456.60
C000753,Cliente 0753,Affluent,Affluent,1,False,unico,Quito,False,False,39,1151.51
C000754,Cliente 0754,Mass,Mass,1,False,unico,Guayaquil,False,False,54,1515.54
C000755,Cliente 0755,Premium,Premium,1,False,unico,Guayaquil,False,False,50,4207.24
C000756,Cliente 0756,Joven,Joven,1,False,unico,Manta,False,False,44,492.59
C000757,Cliente 0757,Joven,Joven,1,False,unico,Loja,False,True,30,502.95
C000758,Cliente 0758,Mass,Mass,1,False,unico,Manta,False,False,22,1587.05
C000759,Cliente 0759,Mass,Mass,1,False,unico,Guayaquil,False,True,37,813.83
C000760,Cliente 0760,Premium,Mass|Premium,2,True,moda,Guayaquil,False,False,46,4056.48
C000761,Cliente 0761,Affluent,Affluent,1,False,unico,Guayaquil,False,False,18,3377.92
C000762,Cliente 0762,Mass,Affluent|Mass,2,True,moda,Quito,False,False,61,883.08
C000763,Cliente 0763,Affluent,Affluent,1,False,unico,Quito,False,False,35,2517.46
C000764,Cliente 0764,Mass,Mass,1,False,unico,Ambato,False,False,53,651.50
C000765,Cliente 0765,Affluent,Affluent,1,False,unico,Manta,False,False,54,1643.49
C000766,Cliente 0766,PyME,PyME,1,False,unico,Cuenca,False,False,31,3262.26
C000767,Cliente 0767,Mass,Mass,1,False,unico,Guayaquil,False,False,55,967.80
C000768,Cliente 0768,Affluent,Affluent,1,False,unico,Cuenca,False,False,28,1303.62
C000769,Cliente 0769,Mass,Mass|PyME,2,True,moda,Quito,False,False,45,955.31
C000770,Cliente 0770,PyME,PyME,1,False,unico,Quito,False,False,45,5100.35
C000771,Cliente 0771,PyME,PyME,1,False,unico,Guayaquil,False,True,41,3317.77
C000772,Cliente 0772,Affluent,Affluent,1,False,unico,Quito,False,True,55,2540.96
C000773,Cliente 0773,Affluent,Affluent,1,False,unico,Loja,False,False,29,2645.17
C000774,Cliente 0774,Mass,Mass,1,False,unico,Cuenca,False,False,47,1060.22
C000775,Cliente 0775,Mass,Mass,1,False,unico,Quito,False,False,39,600.30
C000776,Cliente 0776,Affluent,Affluent|Joven,2,True,moda,Guayaquil,False,False,32,2432.59
C000777,Cliente 0777,Premium,Affluent|Premium,2,True,moda,Quito,False,False,43,3548.72
C000778,Cliente 0778,Mass,Mass,1,False,unico,Cuenca,False,False,44,622.42
C000779,Cliente 0779,Mass,Mass,1,False,unico,Manta,False,False,27,603.71
C000780,Cliente 0780,Mass,Mass,1,False,unico,Guayaquil,False,False,55,830.14
C000781,Cliente 0781,PyME,Mass|PyME,2,True,moda,Guayaquil,False,False,43,3667.99
C000782,Cliente 0782,Mass,Mass|PyME,2,True,moda,Guayaquil,False,False,32,716.11
C000783,Cliente 0783,PyME,PyME,1,False,unico,Guayaquil,False,False,31,2301.42
C000784,Cliente 0784,Mass,Mass,1,False,unico,Quito,False,False,43,1591.28
C000785,Cliente 0785,Mass,Mass,1,False,unico,Manta,False,False,46,735.18
C000786,Cliente 0786,Premium,Affluent|Premium,2,True,moda,Quito,False,False,35,4708.36
C000787,Cliente 0787,Joven,Joven,1,False,unico,Cuenca,False,False,41,604.83
C000788,Cliente 0788,Affluent,Affluent|PyME,2,True,moda,Guayaquil,False,False,21,2639.21
C000789,Cliente 0789,Affluent,Affluent,1,False,unico,Ambato,False,False,63,2669.15
C000790,Cliente 0790,Joven,Joven|PyME,2,True,moda,Quito,False,True,31,944.69
C000791,Cliente 0791,Mass,Mass,1,False,unico,Quito,False,True,34,645.18
C000792,Cliente 0792,PyME,Mass|PyME,2,True,moda,Quito,False,False,47,2947.00
C000793,Cliente 0793,Mass,Mass|PyME,2,True,moda,Quito,False,True,48,986.32
C000794,Cliente 0794,Affluent,Affluent,1,False,unico,Guayaquil,False,False,32,1808.61
C000795,Cliente 0795,PyME,PyME,1,False,unico,Ambato,False,False,27,3986.64
C000796,Cliente 0796,PyME,PyME,1,False,unico,Quito,False,False,45,1784.74
C000797,Cliente 0797,Mass,Mass,1,False,unico,Ambato,False,False,36,1212.29
C000798,Cliente 0798,Mass,Mass,1,False,unico,Manta,False,False,51,820.36
C000799,Cliente 0799,Joven,Joven,1,False,unico,Cuenca,False,False,35,420.94
C000800,Cliente 0800,Joven,Joven,1,False,unico,Cuenca,False,True,31,350.00
C000801,Cliente 0801,Mass,Mass,1,False,unico,Cuenca,False,False,39,1308.02
C000802,Cliente 0802,PyME,PyME,1,False,unico,Cuenca,False,False,60,2352.35
C000803,Cliente 0803,Mass,Affluent|Mass,2,True,moda,Guayaquil,False,False,30,703.50
C000804,Cliente 0804,Affluent,Affluent,1,False,unico,Quito,False,False,25,2511.33
C000805,Cliente 0805,Mass,Mass,1,False,unico,Guayaquil,False,False,42,951.13
C000806,Cliente 0806,Mass,Mass,1,False,unico,Quito,False,False,28,1399.61
C000807,Cliente 0807,Affluent,Affluent,1,False,unico,Manta,False,False,24,1552.95
C000808,Cliente 0808,Joven,Joven,1,False,unico,Loja,False,True,57,797.47
C000809,Cliente 0809,Premium,Premium,1,False,unico,Quito,False,False,44,3188.85
C000810,Cliente 0810,Joven,Joven,1,False,unico,Cuenca,False,False,43,882.20
C000811,Cliente 0811,Affluent,Affluent,1,False,unico,Guayaquil,False,False,27,1784.27
C000812,Cliente 0812,Mass,Mass,1,False,unico,Guayaquil,False,False,36,769.62
C000813,Cliente 0813,Joven,Joven,1,False,unico,Ambato,False,False,52,935.02
C000814,Cliente 0814,Joven,Joven,1,False,unico,Guayaquil,False,False,36,757.25
C000815,Cliente 0815,Mass,Mass,1,False,unico,Loja,False,False,21,1162.66
C000816,Cliente 0816,PyME,PyME,1,False,unico,Quito,False,False,53,2868.59
C000817,Cliente 0817,Premium,Premium,1,False,unico,Quito,False,False,46,6827.21
C000818,Cliente 0818,Mass,Mass,1,False,unico,Guayaquil,False,False,51,548.63
C000819,Cliente 0819,Premium,Premium,1,False,unico,Quito,False,False,32,3839.55
C000820,Cliente 0820,Mass,Mass,1,False,unico,Loja,False,False,32,597.97
C000821,Cliente 0821,Premium,Mass|Premium,2,True,moda,Cuenca,False,False,18,5343.34
C000822,Cliente 0822,PyME,PyME,1,False,unico,Quito,False,False,46,1726.48
C000823,Cliente 0823,Mass,Mass,1,False,unico,Cuenca,False,False,42,534.08
C000824,Cliente 0824,Premium,Premium,1,False,unico,Guayaquil,False,False,45,3171.02
C000825,Cliente 0825,Mass,Mass,1,False,unico,Cuenca,False,False,29,1371.70
C000826,Cliente 0826,Joven,Joven|PyME,2,True,moda,Guayaquil,False,False,50,596.12
C000827,Cliente 0827,PyME,PyME,1,False,unico,Guayaquil,False,False,33,2015.96
C000828,Cliente 0828,Mass,Mass,1,False,unico,Loja,False,False,28,801.83
C000829,Cliente 0829,Joven,Joven,1,False,unico,Guayaquil,False,False,36,1120.27
C000830,Cliente 0830,Joven,Joven,1,False,unico,Guayaquil,False,False,19,653.32
C000831,Cliente 0831,Affluent,Affluent|Mass,2,True,moda,Guayaquil,False,False,25,2279.75
C000832,Cliente 0832,Mass,Mass,1,False,unico,Manta,False,False,31,1629.63
C000833,Cliente 0833,PyME,PyME,1,False,unico,Quito,False,False,28,2227.42
C000834,Cliente 0834,Mass,Mass,1,False,unico,Quito,False,False,48,1116.19
C000835,Cliente 0835,Joven,Joven,1,False,unico,Guayaquil,False,False,37,623.34
C000836,Cliente 0836,Mass,Mass,1,False,unico,Guayaquil,False,False,38,754.10
C000837,Cliente 0837,Joven,Joven,1,False,unico,Quito,False,False,42,847.78
C000838,Cliente 0838,Affluent,Affluent,1,False,unico,Loja,False,False,39,2497.79
C000839,Cliente 0839,Premium,Premium,1,False,unico,Quito,False,False,26,3484.24
C000840,Cliente 0840,Premium,Premium,1,False,unico,Quito,False,False,36,5814.32
C000841,Cliente 0841,Mass,Mass,1,False,unico,Manta,False,False,30,1155.77
C000842,Cliente 0842,PyME,PyME,1,False,unico,Guayaquil,False,False,25,5124.11
C000843,Cliente 0843,Affluent,Affluent,1,False,unico,Quito,False,False,38,1302.41
C000844,Cliente 0844,Mass,Mass,1,False,unico,Manta,False,False,34,1392.82
C000845,Cliente 0845,Mass,Joven|Mass|PyME,3,True,moda,Ambato,False,False,31,670.03
C000846,Cliente 0846,Mass,Mass,1,False,unico,Quito,False,True,47,922.83
C000847,Cliente 0847,Premium,Premium,1,False,unico,Cuenca,False,False,47,5872.56
C000848,Cliente 0848,Mass,Mass,1,False,unico,Ambato,False,False,32,931.47
C000849,Cliente 0849,Mass,Mass,1,False,unico,Quito,False,False,29,587.26
C000850,Cliente 0850,Premium,Premium,1,False,unico,Quito,False,False,36,3258.71
C000851,Cliente 0851,Joven,Joven,1,False,unico,Quito,False,False,24,1043.27
C000852,Cliente 0852,Affluent,Affluent,1,False,unico,Quito,False,False,38,2885.47
C000853,Cliente 0853,Mass,Mass,1,False,unico,Quito,False,False,42,1028.61
C000854,Cliente 0854,Affluent,Affluent,1,False,unico,Ambato,False,False,62,2505.50
C000855,Cliente 0855,PyME,PyME,1,False,unico,Ambato,False,False,31,2741.08
C000856,Cliente 0856,Premium,Premium,1,False,unico,Quito,False,False,36,4550.48
C000857,Cliente 0857,Joven,Joven,1,False,unico,Ambato,False,False,22,620.24
C000858,Cliente 0858,PyME,PyME,1,False,unico,Guayaquil,False,True,35,3547.26
C000859,Cliente 0859,Mass,Mass,1,False,unico,Cuenca,False,False,46,1072.28
C000860,Cliente 0860,Affluent,Affluent|Joven,2,True,moda,Guayaquil,False,False,44,1770.34
C000861,Cliente 0861,Mass,Mass,1,False,unico,Quito,False,False,29,470.88
C000862,Cliente 0862,Affluent,Affluent,1,False,unico,Cuenca,False,False,44,1780.04
C000863,Cliente 0863,Mass,Mass|PyME,2,True,moda,Ambato,False,True,55,1021.60
C000864,Cliente 0864,Mass,Mass,1,False,unico,Loja,False,False,18,852.05
C000865,Cliente 0865,PyME,PyME,1,False,unico,Quito,False,False,52,1682.33
C000866,Cliente 0866,Mass,Mass,1,False,unico,Loja,False,False,40,770.15
C000867,Cliente 0867,Mass,Mass,1,False,unico,Quito,False,False,41,834.01
C000868,Cliente 0868,Mass,Mass,1,False,unico,Quito,False,False,39,626.90
C000869,Cliente 0869,Mass,Mass,1,False,unico,Guayaquil,False,False,28,963.59
C000870,Cliente 0870,Premium,Premium,1,False,unico,Quito,False,False,66,7977.34
C000871,Cliente 0871,Mass,Mass,1,False,unico,Ambato,False,False,47,904.20
C000872,Cliente 0872,Joven,Joven,1,False,unico,Loja,False,False,38,1141.47
C000873,Cliente 0873,Mass,Mass,1,False,unico,Guayaquil,False,False,53,599.16
C000874,Cliente 0874,Affluent,Affluent,1,False,unico,Quito,False,False,49,1313.62
C000875,Cliente 0875,PyME,PyME,1,False,unico,Guayaquil,False,True,33,3585.40
C000876,Cliente 0876,Mass,Mass,1,False,unico,Guayaquil,False,True,35,603.29
C000877,Cliente 0877,PyME,PyME,1,False,unico,Loja,False,False,32,1854.11
C000878,Cliente 0878,PyME,PyME,1,False,unico,Manta,False,False,43,2773.93
C000879,Cliente 0879,Mass,Mass,1,False,unico,Ambato,False,True,34,685.55
C000880,Cliente 0880,Mass,Mass,1,False,unico,Guayaquil,False,False,27,1036.46
C000881,Cliente 0881,Affluent,Affluent,1,False,unico,Guayaquil,False,False,43,1813.46
C000882,Cliente 0882,Mass,Mass,1,False,unico,Guayaquil,False,False,57,1197.49
C000883,Cliente 0883,Mass,Mass,1,False,unico,Guayaquil,False,False,53,992.34
C000884,Cliente 0884,Mass,Mass,1,False,unico,Manta,False,False,39,602.63
C000885,Cliente 0885,Affluent,Affluent,1,False,unico,Guayaquil,False,False,19,1533.26
C000886,Cliente 0886,Mass,Mass,1,False,unico,Guayaquil,False,False,29,1029.83
C000887,Cliente 0887,Mass,Mass,1,False,unico,Cuenca,False,True,58,759.64
C000888,Cliente 0888,Affluent,Affluent,1,False,unico,Guayaquil,False,False,44,5559.27
C000889,Cliente 0889,Mass,Mass,1,False,unico,Ambato,False,False,21,952.71
C000890,Cliente 0890,Mass,Mass,1,False,unico,Guayaquil,False,False,40,1429.48
C000891,Cliente 0891,Mass,Mass,1,False,unico,Quito,False,False,55,674.26
C000892,Cliente 0892,Mass,Mass,1,False,unico,Guayaquil,False,False,33,870.02
C000893,Cliente 0893,Mass,Mass,1,False,unico,Quito,False,False,52,1021.95
C000894,Cliente 0894,Mass,Mass,1,False,unico,Quito,False,False,47,1844.76
C000895,Cliente 0895,Affluent,Affluent,1,False,unico,Guayaquil,False,False,18,1758.52
C000896,Cliente 0896,PyME,PyME,1,False,unico,Quito,False,True,56,1244.41
C000897,Cliente 0897,Mass,Mass,1,False,unico,Guayaquil,False,False,39,827.18
C000898,Cliente 0898,Mass,Mass,1,False,unico,Guayaquil,False,False,28,1010.08
C000899,Cliente 0899,Mass,Mass,1,False,unico,Guayaquil,False,False,45,973.05
C000900,Cliente 0900,Joven,Joven,1,False,unico,Manta,False,False,59,350.00
C000901,Cliente 0901,Affluent,Affluent,1,False,unico,Quito,False,False,44,1254.37
C000902,Cliente 0902,PyME,PyME,1,False,unico,Guayaquil,False,True,35,4218.20
C000903,Cliente 0903,Mass,Mass,1,False,unico,Guayaquil,False,False,32,1193.53
C000904,Cliente 0904,Joven,Joven,1,False,unico,Quito,False,False,46,583.06
C000905,Cliente 0905,Joven,Joven,1,False,unico,Guayaquil,False,False,35,384.85
C000906,Cliente 0906,Mass,Mass,1,False,unico,Cuenca,False,False,44,1584.19
C000907,Cliente 0907,Joven,Joven|Mass,2,True,moda,Quito,False,False,54,655.66
C000908,Cliente 0908,Affluent,Affluent,1,False,unico,Cuenca,False,False,18,1339.38
C000909,Cliente 0909,Mass,Mass,1,False,unico,Cuenca,False,False,55,1480.84
C000910,Cliente 0910,Joven,Joven,1,False,unico,Quito,False,False,52,445.84
C000911,Cliente 0911,Mass,Mass,1,False,unico,Guayaquil,False,False,25,661.48
C000912,Cliente 0912,Mass,Mass|PyME,2,True,moda,Guayaquil,False,False,64,582.78
C000913,Cliente 0913,PyME,PyME,1,False,unico,Guayaquil,False,False,27,2091.54
C000914,Cliente 0914,Affluent,Affluent,1,False,unico,Guayaquil,False,False,36,2003.39
C000915,Cliente 0915,Joven,Joven,1,False,unico,Quito,False,True,33,558.37
C000916,Cliente 0916,Joven,Joven,1,False,unico,Manta,False,False,61,817.50
C000917,Cliente 0917,Premium,Premium,1,False,unico,Cuenca,False,False,31,5969.34
C000918,Cliente 0918,Affluent,Affluent,1,False,unico,Quito,False,False,26,2437.59
C000919,Cliente 0919,Joven,Joven,1,False,unico,Quito,False,False,46,1045.75
C000920,Cliente 0920,Joven,Joven,1,False,unico,Guayaquil,False,False,35,716.42
C000921,Cliente 0921,PyME,PyME,1,False,unico,Guayaquil,False,False,43,3369.31
C000922,Cliente 0922,Mass,Mass,1,False,unico,Quito,False,False,48,1593.38
C000923,Cliente 0923,Joven,Joven,1,False,unico,Quito,False,False,34,886.28
C000924,Cliente 0924,Affluent,Affluent,1,False,unico,Cuenca,False,False,34,1404.49
C000925,Cliente 0925,Mass,Mass|PyME,2,True,moda,Ambato,False,False,44,1638.08
C000926,Cliente 0926,Mass,Mass,1,False,unico,Cuenca,False,False,26,430.79
C000927,Cliente 0927,Mass,Mass,1,False,unico,Cuenca,False,True,39,1086.07
C000928,Cliente 0928,Joven,Joven,1,False,unico,Cuenca,False,False,35,907.43
C000929,Cliente 0929,Mass,Mass,1,False,unico,Ambato,False,False,50,833.66
C000930,Cliente 0930,Mass,Mass,1,False,unico,Guayaquil,False,False,27,911.57
C000931,Cliente 0931,Affluent,Affluent,1,False,unico,Quito,False,False,34,1638.11
C000932,Cliente 0932,Premium,Premium,1,False,unico,Cuenca,False,False,46,5686.29
C000933,Cliente 0933,Mass,Mass,1,False,unico,Quito,False,False,48,1310.69
C000934,Cliente 0934,Joven,Joven,1,False,unico,Manta,False,False,47,921.54
C000935,Cliente 0935,Affluent,Affluent,1,False,unico,Quito,False,False,46,2973.95
C000936,Cliente 0936,Mass,Mass,1,False,unico,Manta,False,False,36,977.90
C000937,Cliente 0937,Joven,Joven,1,False,unico,Quito,False,False,32,640.37
C000938,Cliente 0938,Mass,Mass,1,False,unico,Loja,False,False,36,886.80
C000939,Cliente 0939,Affluent,Affluent,1,False,unico,Cuenca,False,False,33,2923.02
C000940,Cliente 0940,Mass,Mass|PyME,2,True,moda,Quito,False,False,40,959.22
C000941,Cliente 0941,Affluent,Affluent,1,False,unico,Ambato,False,False,18,2785.30
C000942,Cliente 0942,Mass,Mass,1,False,unico,Cuenca,False,False,41,695.58
C000943,Cliente 0943,PyME,PyME,1,False,unico,Loja,False,False,44,1213.13
C000944,Cliente 0944,Premium,Premium,1,False,unico,Loja,False,False,45,4187.12
C000945,Cliente 0945,Premium,Premium,1,False,unico,Guayaquil,False,False,42,4798.45
C000946,Cliente 0946,Mass,Mass,1,False,unico,Cuenca,False,False,46,1037.27
C000947,Cliente 0947,PyME,PyME,1,False,unico,Manta,False,False,30,2048.06
C000948,Cliente 0948,Mass,Mass,1,False,unico,Quito,False,False,58,544.41
C000949,Cliente 0949,Premium,Premium,1,False,unico,Guayaquil,False,False,42,3453.01
C000950,Cliente 0950,PyME,PyME,1,False,unico,Guayaquil,False,False,33,2530.41
C000951,Cliente 0951,Affluent,Affluent|PyME,2,True,moda,Quito,False,False,45,2377.29
C000952,Cliente 0952,Mass,Mass,1,False,unico,Guayaquil,False,False,32,1190.55
C000953,Cliente 0953,Mass,Mass,1,False,unico,Cuenca,False,False,33,627.02
C000954,Cliente 0954,Mass,Mass,1,False,unico,Quito,False,False,29,957.23
C000955,Cliente 0955,Premium,Affluent|Mass|Premium,3,True,moda,Guayaquil,False,False,44,4027.47
C000956,Cliente 0956,Mass,Mass,1,False,unico,Loja,False,True,34,1109.09
C000957,Cliente 0957,Joven,Joven,1,False,unico,Quito,False,False,67,892.29
C000958,Cliente 0958,Mass,Mass,1,False,unico,Quito,False,False,42,1104.10
C000959,Cliente 0959,Joven,Joven,1,False,unico,Manta,False,False,38,1401.36
C000960,Cliente 0960,Mass,Mass,1,False,unico,Guayaquil,False,False,37,454.80
C000961,Cliente 0961,Mass,Mass,1,False,unico,Quito,False,False,37,1041.35
C000962,Cliente 0962,Joven,Joven,1,False,unico,Guayaquil,False,False,26,814.83
C000963,Cliente 0963,Mass,Mass,1,False,unico,Cuenca,False,False,48,1204.81
C000964,Cliente 0964,Joven,Joven,1,False,unico,Guayaquil,False,False,57,484.33
C000965,Cliente 0965,Mass,Mass,1,False,unico,Ambato,False,False,39,1087.12
C000966,Cliente 0966,Affluent,Affluent|Premium,2,True,moda,Manta,False,False,29,2687.20
C000967,Cliente 0967,Premium,Premium,1,False,unico,Cuenca,False,False,34,5788.66
C000968,Cliente 0968,Mass,Mass,1,False,unico,Quito,False,False,23,851.35
C000969,Cliente 0969,PyME,Affluent|PyME,2,True,moda,Guayaquil,False,False,33,4931.55
C000970,Cliente 0970,Joven,Joven,1,False,unico,Quito,False,False,46,741.88
C000971,Cliente 0971,Mass,Mass,1,False,unico,Guayaquil,False,False,34,813.79
C000972,Cliente 0972,Mass,Mass,1,False,unico,Guayaquil,False,False,41,621.80
C000973,Cliente 0973,Mass,Mass,1,False,unico,Ambato,False,False,37,962.65
C000974,Cliente 0974,Premium,Premium,1,False,unico,Guayaquil,False,False,58,3002.49
C000975,Cliente 0975,Mass,Mass,1,False,unico,Guayaquil,False,False,18,1512.50
C000976,Cliente 0976,Premium,Premium,1,False,unico,Quito,False,False,50,4217.65
C000977,Cliente 0977,Mass,Mass,1,False,unico,Guayaquil,False,False,24,1088.00
C000978,Cliente 0978,Mass,Mass,1,False,unico,Guayaquil,False,False,40,1066.80
C000979,Cliente 0979,Mass,Mass,1,False,unico,Guayaquil,False,False,34,1126.86
C000980,Cliente 0980,Mass,Mass,1,False,unico,Cuenca,False,False,47,1518.98
C000981,Cliente 0981,Mass,Mass,1,False,unico,Manta,False,False,46,1098.41
C000982,Cliente 0982,Affluent,Affluent,1,False,unico,Guayaquil,False,True,26,3261.21
C000983,Cliente 0983,Mass,Affluent|Mass,2,True,moda,Guayaquil,False,False,46,1131.08
C000984,Cliente 0984,Joven,Joven|Premium,2,True,moda,Quito,False,False,35,425.47
C000985,Cliente 0985,Joven,Joven,1,False,unico,Guayaquil,False,False,40,552.24
C000986,Cliente 0986,Premium,Premium,1,False,unico,Quito,False,False,31,5764.43
C000987,Cliente 0987,PyME,PyME,1,False,unico,Manta,False,False,31,2573.11
C000988,Cliente 0988,Mass,Mass,1,False,unico,Ambato,False,False,30,1019.71
C000989,Cliente 0989,Mass,Mass,1,False,unico,Guayaquil,False,False,18,1409.88
C000990,Cliente 0990,Mass,Mass,1,False,unico,Cuenca,False,False,51,431.82
C000991,Cliente 0991,Affluent,Affluent|PyME,2,True,moda,Guayaquil,False,False,42,1981.67
C000992,Cliente 0992,Affluent,Affluent,1,False,unico,Guayaquil,False,False,37,2331.23
C000993,Cliente 0993,Mass,Mass,1,False,unico,Guayaquil,False,True,18,744.71
C000994,Cliente 0994,Mass,Mass|Premium,2,True,moda,Quito,False,True,40,612.13
C000995,Cliente 0995,Premium,Premium,1,False,unico,Guayaquil,False,False,22,3063.86
C000996,Cliente 0996,Affluent,Affluent,1,False,unico,Ambato,False,False,30,1504.74
C000997,Cliente 0997,Mass,Mass,1,False,unico,Quito,False,False,33,953.27
C000998,Cliente 0998,Premium,Premium,1,False,unico,Ambato,False,True,47,5225.78
C000999,Cliente 0999,Mass,Mass|Premium,2,True,moda,Guayaquil,False,False,32,1125.07
C001000,Cliente 1000,Mass,Mass,1,False,unico,Quito,False,False,46,487.69
C001001,Cliente 1001,Joven,Joven,1,False,unico,Guayaquil,False,False,37,353.12
C001002,Cliente 1002,Mass,Mass,1,False,unico,Guayaquil,False,True,39,966.28
C001003,Cliente 1003,Mass,Mass,1,False,unico,Quito,False,False,50,1222.30
C001004,Cliente 1004,Affluent,Affluent,1,False,unico,Guayaquil,False,False,57,3171.47
C001005,Cliente 1005,Premium,Premium,1,False,unico,Guayaquil,False,False,43,3893.00
C001006,Cliente 1006,Mass,Mass,1,False,unico,Quito,False,False,18,865.82
C001007,Cliente 1007,Mass,Mass,1,False,unico,Guayaquil,False,False,42,1413.70
C001008,Cliente 1008,Affluent,Affluent,1,False,unico,Quito,False,False,40,2120.42
C001009,Cliente 1009,Mass,Mass,1,False,unico,Quito,False,False,29,1048.43
C001010,Cliente 1010,Mass,Mass,1,False,unico,Guayaquil,False,False,49,1429.76
C001011,Cliente 1011,Mass,Mass,1,False,unico,Cuenca,False,False,31,1117.54
C001012,Cliente 1012,PyME,PyME,1,False,unico,Guayaquil,False,False,36,5911.60
C001013,Cliente 1013,Affluent,Affluent,1,False,unico,Guayaquil,False,False,31,1407.83
C001014,Cliente 1014,Mass,Mass,1,False,unico,Ambato,False,False,59,519.98
C001015,Cliente 1015,Joven,Joven,1,False,unico,Quito,False,False,46,1025.11
C001016,Cliente 1016,Mass,Mass,1,False,unico,Cuenca,False,False,58,1963.47
C001017,Cliente 1017,Mass,Mass,1,False,unico,Guayaquil,False,False,27,792.36
C001018,Cliente 1018,Premium,Premium,1,False,unico,Guayaquil,False,False,37,3183.46
C001019,Cliente 1019,Affluent,Affluent,1,False,unico,Guayaquil,False,False,39,1958.11
C001020,Cliente 1020,Affluent,Affluent,1,False,unico,Guayaquil,False,False,32,4227.36
C001021,Cliente 1021,Mass,Mass,1,False,unico,Manta,False,False,41,1063.24
C001022,Cliente 1022,Mass,Affluent|Mass,2,True,moda,Guayaquil,False,False,18,523.86
C001023,Cliente 1023,Premium,Premium,1,False,unico,Loja,False,False,39,4623.40
C001024,Cliente 1024,Joven,Joven,1,False,unico,Quito,False,False,23,593.97
C001025,Cliente 1025,Premium,Premium,1,False,unico,Guayaquil,False,False,58,5756.07
C001026,Cliente 1026,Joven,Joven,1,False,unico,Quito,False,False,41,886.35
C001027,Cliente 1027,PyME,PyME,1,False,unico,Ambato,False,False,55,3014.99
C001028,Cliente 1028,Mass,Mass,1,False,unico,Ambato,False,False,38,1156.82
C001029,Cliente 1029,Mass,Mass,1,False,unico,Ambato,False,False,32,811.18
C001030,Cliente 1030,Premium,Premium,1,False,unico,Quito,False,False,35,1611.42
C001031,Cliente 1031,Joven,Joven,1,False,unico,Manta,False,False,22,611.70
C001032,Cliente 1032,Mass,Mass,1,False,unico,Guayaquil,False,False,26,557.10
C001033,Cliente 1033,Joven,Joven,1,False,unico,Quito,False,False,36,538.06
C001034,Cliente 1034,Mass,Mass,1,False,unico,Quito,False,False,48,808.64
C001035,Cliente 1035,Mass,Mass,1,False,unico,Quito,False,True,48,1002.62
C001036,Cliente 1036,Mass,Mass,1,False,unico,Desconocida,True,True,37,1059.35
C001037,Cliente 1037,Mass,Mass,1,False,unico,Guayaquil,False,False,29,589.33
C001038,Cliente 1038,Joven,Joven,1,False,unico,Quito,False,False,32,350.00
C001039,Cliente 1039,Affluent,Affluent,1,False,unico,Loja,False,False,44,1631.74
C001040,Cliente 1040,Joven,Joven,1,False,unico,Ambato,False,False,63,731.18
C001041,Cliente 1041,Mass,Mass,1,False,unico,Guayaquil,False,False,48,860.55
C001042,Cliente 1042,Mass,Mass,1,False,unico,Loja,False,False,35,1302.18
C001043,Cliente 1043,Mass,Mass,1,False,unico,Quito,False,False,45,2114.04
C001044,Cliente 1044,Premium,Premium,1,False,unico,Guayaquil,False,False,68,3015.08
C001045,Cliente 1045,Joven,Joven,1,False,unico,Guayaquil,False,False,23,1076.74
C001046,Cliente 1046,Mass,Mass,1,False,unico,Quito,False,False,21,666.86
C001047,Cliente 1047,Mass,Mass,1,False,unico,Guayaquil,False,False,40,1364.13
C001048,Cliente 1048,Joven,Joven,1,False,unico,Ambato,False,False,30,821.43
C001049,Cliente 1049,PyME,PyME,1,False,unico,Guayaquil,False,False,30,3689.30
C001050,Cliente 1050,Mass,Mass,1,False,unico,Quito,False,False,48,567.03
C001051,Cliente 1051,PyME,PyME,1,False,unico,Cuenca,False,False,18,5401.36
C001052,Cliente 1052,Mass,Mass,1,False,unico,Guayaquil,False,False,37,350.00
C001053,Cliente 1053,Premium,Premium,1,False,unico,Guayaquil,False,False,18,3751.88
C001054,Cliente 1054,Mass,Mass,1,False,unico,Cuenca,False,False,38,708.09
C001055,Cliente 1055,Affluent,Affluent,1,False,unico,Quito,False,False,38,4891.41
C001056,Cliente 1056,Mass,Mass,1,False,unico,Quito,False,False,53,887.52
C001057,Cliente 1057,Mass,Mass,1,False,unico,Cuenca,False,False,50,620.43
C001058,Cliente 1058,Premium,Premium,1,False,unico,Ambato,False,False,46,4483.93
C001059,Cliente 1059,Premium,Premium,1,False,unico,Guayaquil,False,False,18,2279.53
C001060,Cliente 1060,Affluent,Affluent|Mass,2,True,moda,Quito,False,True,45,1601.47
C001061,Cliente 1061,Joven,Joven,1,False,unico,Quito,False,False,37,630.07
C001062,Cliente 1062,Mass,Mass,1,False,unico,Quito,False,False,59,1040.99
C001063,Cliente 1063,Premium,Premium,1,False,unico,Quito,False,False,34,5404.28
C001064,Cliente 1064,Affluent,Affluent,1,False,unico,Guayaquil,False,False,63,2076.59
C001065,Cliente 1065,Affluent,Affluent,1,False,unico,Quito,False,False,46,2819.34
C001066,Cliente 1066,Affluent,Affluent,1,False,unico,Cuenca,False,False,36,1272.62
C001067,Cliente 1067,Mass,Mass,1,False,unico,Quito,False,False,44,879.14
C001068,Cliente 1068,Mass,Mass,1,False,unico,Manta,False,False,45,997.97
C001069,Cliente 1069,Premium,Premium,1,False,unico,Cuenca,False,False,38,5736.83
C001070,Cliente 1070,Affluent,Affluent,1,False,unico,Quito,False,False,56,1492.52
C001071,Cliente 1071,Joven,Joven|PyME,2,True,moda,Quito,False,False,40,374.33
C001072,Cliente 1072,Joven,Joven,1,False,unico,Cuenca,False,False,28,707.61
C001073,Cliente 1073,PyME,PyME,1,False,unico,Guayaquil,False,False,37,3030.13
C001074,Cliente 1074,Affluent,Affluent|PyME,2,True,moda,Cuenca,False,False,30,3684.82
C001075,Cliente 1075,Mass,Mass,1,False,unico,Quito,False,False,43,712.56
C001076,Cliente 1076,Mass,Mass,1,False,unico,Quito,False,False,44,462.46
C001077,Cliente 1077,Mass,Mass,1,False,unico,Guayaquil,False,False,36,1269.28
C001078,Cliente 1078,Joven,Joven,1,False,unico,Guayaquil,False,False,26,713.35
C001079,Cliente 1079,Affluent,Affluent,1,False,unico,Guayaquil,False,True,42,2800.18
C001080,Cliente 1080,Mass,Mass,1,False,unico,Guayaquil,False,False,52,697.65
C001081,Cliente 1081,Affluent,Affluent,1,False,unico,Ambato,False,False,32,1963.70
C001082,Cliente 1082,Mass,Mass,1,False,unico,Guayaquil,False,False,56,782.80
C001083,Cliente 1083,Mass,Mass,1,False,unico,Cuenca,False,False,45,597.45
C001084,Cliente 1084,Mass,Mass,1,False,unico,Quito,False,True,27,638.66
C001085,Cliente 1085,Mass,Mass,1,False,unico,Guayaquil,False,False,45,1109.37
C001086,Cliente 1086,Mass,Mass,1,False,unico,Loja,False,False,28,884.87
C001087,Cliente 1087,Joven,Joven,1,False,unico,Quito,False,False,67,415.51
C001088,Cliente 1088,Mass,Mass,1,False,unico,Quito,False,False,18,1388.66
C001089,Cliente 1089,Mass,Mass,1,False,unico,Quito,False,False,36,958.90
C001090,Cliente 1090,Joven,Joven|PyME,2,True,moda,Guayaquil,False,False,35,1149.37
C001091,Cliente 1091,Affluent,Affluent,1,False,unico,Guayaquil,False,False,52,1703.75
C001092,Cliente 1092,Affluent,Affluent,1,False,unico,Guayaquil,False,False,42,1905.63
C001093,Cliente 1093,Affluent,Affluent,1,False,unico,Guayaquil,False,False,41,3445.57
C001094,Cliente 1094,Affluent,Affluent,1,False,unico,Manta,False,False,35,1675.57
C001095,Cliente 1095,Affluent,Affluent,1,False,unico,Manta,False,False,52,1273.91
C001096,Cliente 1096,Mass,Mass,1,False,unico,Cuenca,False,False,29,645.91
C001097,Cliente 1097,Mass,Mass,1,False,unico,Cuenca,False,False,32,965.01
C001098,Cliente 1098,Affluent,Affluent,1,False,unico,Manta,False,False,18,1566.84
C001099,Cliente 1099,Mass,Mass,1,False,unico,Quito,False,False,69,1002.65
C001100,Cliente 1100,Mass,Mass,1,False,unico,Quito,False,False,29,871.55
C001101,Cliente 1101,Affluent,Affluent,1,False,unico,Ambato,False,False,27,2491.34
C001102,Cliente 1102,Premium,Premium,1,False,unico,Manta,False,False,41,4931.14
C001103,Cliente 1103,Mass,Mass,1,False,unico,Guayaquil,False,False,58,504.33
C001104,Cliente 1104,Mass,Mass,1,False,unico,Guayaquil,False,False,29,921.90
C001105,Cliente 1105,Mass,Mass,1,False,unico,Quito,False,False,56,422.26
C001106,Cliente 1106,Mass,Mass,1,False,unico,Manta,False,False,52,584.23
C001107,Cliente 1107,Premium,Premium,1,False,unico,Manta,False,False,68,4519.24
C001108,Cliente 1108,Mass,Mass,1,False,unico,Manta,False,False,34,1034.26
C001109,Cliente 1109,Joven,Joven,1,False,unico,Guayaquil,False,False,42,444.49
C001110,Cliente 1110,Mass,Mass,1,False,unico,Guayaquil,False,True,33,1013.03
C001111,Cliente 1111,Mass,Mass,1,False,unico,Manta,False,False,39,1223.14
C001112,Cliente 1112,Mass,Mass,1,False,unico,Guayaquil,False,False,19,2833.59
C001113,Cliente 1113,Premium,Premium,1,False,unico,Quito,False,False,55,4170.39
C001114,Cliente 1114,Mass,Mass,1,False,unico,Ambato,False,False,53,905.95
C001115,Cliente 1115,Joven,Joven,1,False,unico,Guayaquil,False,False,28,763.56
C001116,Cliente 1116,Mass,Mass,1,False,unico,Cuenca,False,False,50,1240.42
C001117,Cliente 1117,Premium,Premium,1,False,unico,Cuenca,False,False,29,4267.35
C001118,Cliente 1118,Mass,Mass|Premium,2,True,moda,Manta,False,False,32,634.16
C001119,Cliente 1119,Mass,Mass|PyME,2,True,moda,Quito,False,False,40,481.02
C001120,Cliente 1120,Mass,Mass,1,False,unico,Cuenca,False,False,38,880.62
C001121,Cliente 1121,Mass,Mass,1,False,unico,Quito,False,False,32,1212.64
C001122,Cliente 1122,Affluent,Affluent,1,False,unico,Quito,False,True,21,2472.84
C001123,Cliente 1123,Mass,Mass,1,False,unico,Guayaquil,False,True,32,1061.47
C001124,Cliente 1124,Affluent,Affluent,1,False,unico,Quito,False,False,52,3971.07
C001125,Cliente 1125,Premium,Premium,1,False,unico,Manta,False,False,45,3639.06
C001126,Cliente 1126,Mass,Mass,1,False,unico,Manta,False,False,18,761.56
C001127,Cliente 1127,Affluent,Affluent,1,False,unico,Quito,False,False,49,2181.69
C001128,Cliente 1128,Mass,Mass,1,False,unico,Guayaquil,False,False,18,1315.61
C001129,Cliente 1129,Joven,Joven,1,False,unico,Cuenca,False,False,22,1008.03
C001130,Cliente 1130,Mass,Mass,1,False,unico,Guayaquil,False,False,18,488.53
C001131,Cliente 1131,Mass,Mass,1,False,unico,Quito,False,False,18,1083.82
C001132,Cliente 1132,Joven,Joven|Premium,2,True,moda,Quito,False,False,23,634.96
C001133,Cliente 1133,Mass,Mass,1,False,unico,Guayaquil,False,False,24,1164.40
C001134,Cliente 1134,Mass,Mass,1,False,unico,Manta,False,False,34,1105.86
C001135,Cliente 1135,Premium,Premium,1,False,unico,Ambato,False,False,35,2048.43
C001136,Cliente 1136,Mass,Mass,1,False,unico,Manta,False,False,18,874.63
C001137,Cliente 1137,Mass,Mass,1,False,unico,Quito,False,False,38,948.21
C001138,Cliente 1138,Mass,Mass,1,False,unico,Quito,False,False,25,1244.71
C001139,Cliente 1139,Affluent,Affluent|Joven,2,True,moda,Quito,False,False,31,2469.76
C001140,Cliente 1140,Joven,Joven,1,False,unico,Guayaquil,False,False,31,651.60
C001141,Cliente 1141,Joven,Joven,1,False,unico,Guayaquil,False,False,48,1153.68
C001142,Cliente 1142,Mass,Mass,1,False,unico,Guayaquil,False,False,35,917.62
C001143,Cliente 1143,Premium,Premium,1,False,unico,Guayaquil,False,False,20,7075.00
C001144,Cliente 1144,Mass,Mass,1,False,unico,Guayaquil,False,False,46,846.56
C001145,Cliente 1145,Mass,Mass,1,False,unico,Loja,False,False,44,440.43
C001146,Cliente 1146,Mass,Mass,1,False,unico,Cuenca,False,False,18,1348.39
C001147,Cliente 1147,Premium,Premium,1,False,unico,Ambato,False,False,28,2769.68
C001148,Cliente 1148,Mass,Mass,1,False,unico,Quito,False,False,43,434.22
C001149,Cliente 1149,Affluent,Affluent,1,False,unico,Guayaquil,False,False,26,2352.69
C001150,Cliente 1150,Mass,Mass,1,False,unico,Ambato,False,False,22,1170.43
C001151,Cliente 1151,Mass,Mass,1,False,unico,Quito,False,False,31,1033.24
C001152,Cliente 1152,Mass,Mass,1,False,unico,Manta,False,False,29,691.70
C001153,Cliente 1153,Premium,Premium,1,False,unico,Loja,False,True,30,6713.74
C001154,Cliente 1154,Affluent,Affluent,1,False,unico,Ambato,False,False,38,2395.40
C001155,Cliente 1155,Mass,Mass,1,False,unico,Guayaquil,False,False,37,754.58
C001156,Cliente 1156,Affluent,Affluent,1,False,unico,Cuenca,False,False,22,2024.98
C001157,Cliente 1157,PyME,PyME,1,False,unico,Quito,False,False,37,2185.15
C001158,Cliente 1158,Mass,Mass,1,False,unico,Quito,False,False,58,867.75
C001159,Cliente 1159,Affluent,Affluent,1,False,unico,Manta,False,False,27,1454.50
C001160,Cliente 1160,Mass,Mass,1,False,unico,Manta,False,False,46,1187.60
C001161,Cliente 1161,Mass,Mass,1,False,unico,Guayaquil,False,False,28,979.20
C001162,Cliente 1162,Mass,Mass,1,False,unico,Quito,False,False,39,539.46
C001163,Cliente 1163,Mass,Mass|PyME,2,True,moda,Cuenca,False,False,38,1038.05
C001164,Cliente 1164,Mass,Mass,1,False,unico,Loja,False,False,47,614.40
C001165,Cliente 1165,Mass,Mass,1,False,unico,Guayaquil,False,False,43,749.12
C001166,Cliente 1166,Affluent,Affluent,1,False,unico,Guayaquil,False,False,36,2741.29
C001167,Cliente 1167,Mass,Mass,1,False,unico,Quito,False,False,46,1208.97
C001168,Cliente 1168,Affluent,Affluent|Mass,2,True,moda,Quito,False,False,38,2359.49
C001169,Cliente 1169,Premium,Premium,1,False,unico,Guayaquil,False,False,31,3846.12
C001170,Cliente 1170,Affluent,Affluent,1,False,unico,Loja,False,False,46,1729.21
C001171,Cliente 1171,Mass,Mass,1,False,unico,Quito,False,False,47,1098.76
C001172,Cliente 1172,Affluent,Affluent,1,False,unico,Guayaquil,False,False,33,1529.34
C001173,Cliente 1173,Mass,Mass,1,False,unico,Quito,False,False,34,989.23
C001174,Cliente 1174,Mass,Mass,1,False,unico,Guayaquil,False,False,42,729.85
C001175,Cliente 1175,Premium,Premium,1,False,unico,Guayaquil,False,False,35,3976.34
C001176,Cliente 1176,Mass,Mass,1,False,unico,Guayaquil,False,False,38,655.73
C001177,Cliente 1177,Affluent,Affluent|Premium,2,True,moda,Guayaquil,False,False,18,2705.50
C001178,Cliente 1178,Affluent,Affluent,1,False,unico,Guayaquil,False,False,43,2966.11
C001179,Cliente 1179,Mass,Mass,1,False,unico,Guayaquil,False,False,28,1007.40
C001180,Cliente 1180,PyME,PyME,1,False,unico,Quito,False,False,37,1985.30
C001181,Cliente 1181,Mass,Mass,1,False,unico,Quito,False,False,34,589.76
C001182,Cliente 1182,Premium,Premium,1,False,unico,Guayaquil,False,False,32,4665.85
C001183,Cliente 1183,Mass,Mass,1,False,unico,Guayaquil,False,False,18,669.61
C001184,Cliente 1184,Mass,Mass,1,False,unico,Guayaquil,False,False,26,1088.49
C001185,Cliente 1185,Joven,Joven,1,False,unico,Quito,False,False,34,602.55
C001186,Cliente 1186,Joven,Joven,1,False,unico,Cuenca,False,False,36,1276.71
C001187,Cliente 1187,Affluent,Affluent,1,False,unico,Cuenca,False,False,19,1927.48
C001188,Cliente 1188,PyME,PyME,1,False,unico,Guayaquil,False,False,36,3212.29
C001189,Cliente 1189,Mass,Mass,1,False,unico,Guayaquil,False,False,30,837.04
C001190,Cliente 1190,Premium,Premium,1,False,unico,Guayaquil,False,False,49,4134.83
C001191,Cliente 1191,Mass,Mass,1,False,unico,Cuenca,False,False,40,1255.23
C001192,Cliente 1192,Joven,Joven,1,False,unico,Quito,False,False,54,741.22
C001193,Cliente 1193,Premium,Premium,1,False,unico,Cuenca,False,False,25,6049.38
C001194,Cliente 1194,Affluent,Affluent,1,False,unico,Quito,False,False,35,2391.27
C001195,Cliente 1195,Premium,Premium,1,False,unico,Guayaquil,False,False,68,3235.69
C001196,Cliente 1196,Mass,Mass,1,False,unico,Quito,False,True,65,1005.52
C001197,Cliente 1197,Mass,Mass,1,False,unico,Guayaquil,False,True,32,1067.47
C001198,Cliente 1198,Mass,Mass,1,False,unico,Quito,False,False,48,753.79
C001199,Cliente 1199,Affluent,Affluent,1,False,unico,Quito,False,False,29,1726.62
C001200,Cliente 1200,Mass,Mass,1,False,unico,Cuenca,False,False,19,1433.44
C001201,Cliente 1201,Affluent,Affluent,1,False,unico,Guayaquil,False,False,25,2464.33
C001202,Cliente 1202,Affluent,Affluent,1,False,unico,Guayaquil,False,False,43,1886.66
C001203,Cliente 1203,Joven,Joven,1,False,unico,Quito,False,False,43,514.92
C001204,Cliente 1204,Affluent,Affluent,1,False,unico,Guayaquil,False,False,24,1669.62
C001205,Cliente 1205,PyME,PyME,1,False,unico,Manta,False,False,25,3172.19
C001206,Cliente 1206,Mass,Mass,1,False,unico,Guayaquil,False,True,47,1387.68
C001207,Cliente 1207,Affluent,Affluent,1,False,unico,Quito,False,False,56,5089.73
C001208,Cliente 1208,Premium,Premium,1,False,unico,Quito,False,False,55,3339.94
C001209,Cliente 1209,Affluent,Affluent,1,False,unico,Guayaquil,False,False,22,2089.70
C001210,Cliente 1210,Mass,Mass,1,False,unico,Quito,False,False,40,964.70
C001211,Cliente 1211,Mass,Mass,1,False,unico,Guayaquil,False,False,51,712.17
C001212,Cliente 1212,Affluent,Affluent|Mass,2,True,moda,Guayaquil,False,False,51,2277.81
C001213,Cliente 1213,Mass,Joven|Mass,2,True,moda,Cuenca,False,False,20,798.21
C001214,Cliente 1214,Mass,Affluent|Mass,2,True,moda,Cuenca,False,False,25,920.90
C001215,Cliente 1215,Mass,Mass,1,False,unico,Guayaquil,False,False,52,753.39
C001216,Cliente 1216,Joven,Joven,1,False,unico,Quito,False,False,50,470.81
C001217,Cliente 1217,Premium,Premium,1,False,unico,Quito,False,False,42,4394.84
C001218,Cliente 1218,Mass,Mass,1,False,unico,Loja,False,False,53,423.55
C001219,Cliente 1219,Premium,Premium,1,False,unico,Cuenca,False,False,18,6232.12
C001220,Cliente 1220,Joven,Joven,1,False,unico,Manta,False,False,38,404.05
C001221,Cliente 1221,Mass,Mass,1,False,unico,Guayaquil,False,False,39,508.66
C001222,Cliente 1222,Mass,Mass,1,False,unico,Quito,False,False,24,851.60
C001223,Cliente 1223,Joven,Joven,1,False,unico,Cuenca,False,False,25,660.73
C001224,Cliente 1224,Joven,Joven,1,False,unico,Quito,False,False,62,452.45
C001225,Cliente 1225,Affluent,Affluent,1,False,unico,Quito,False,False,47,4269.08
C001226,Cliente 1226,Premium,Premium,1,False,unico,Cuenca,False,True,32,4224.23
C001227,Cliente 1227,Joven,Joven,1,False,unico,Guayaquil,False,False,32,350.00
C001228,Cliente 1228,PyME,PyME,1,False,unico,Cuenca,False,False,44,3041.17
C001229,Cliente 1229,PyME,PyME,1,False,unico,Quito,False,False,36,3733.66
C001230,Cliente 1230,Affluent,Affluent,1,False,unico,Cuenca,False,False,31,3533.86
C001231,Cliente 1231,Mass,Mass,1,False,unico,Ambato,False,False,62,810.80
C001232,Cliente 1232,Affluent,Affluent,1,False,unico,Cuenca,False,False,18,2181.03
C001233,Cliente 1233,Premium,Premium,1,False,unico,Guayaquil,False,False,49,5660.37
C001234,Cliente 1234,Mass,Mass,1,False,unico,Quito,False,False,31,613.32
C001235,Cliente 1235,Joven,Joven,1,False,unico,Quito,False,False,42,635.65
C001236,Cliente 1236,Premium,Premium,1,False,unico,Manta,False,False,52,2875.66
C001237,Cliente 1237,Mass,Mass|PyME,2,True,moda,Quito,False,False,39,574.32
C001238,Cliente 1238,Affluent,Affluent,1,False,unico,Cuenca,False,True,23,2625.14
C001239,Cliente 1239,Mass,Mass,1,False,unico,Guayaquil,False,False,55,814.94
C001240,Cliente 1240,Affluent,Affluent,1,False,unico,Guayaquil,False,False,39,1315.56
C001241,Cliente 1241,Affluent,Affluent,1,False,unico,Ambato,False,False,36,1764.35
C001242,Cliente 1242,Affluent,Affluent,1,False,unico,Ambato,False,False,36,2129.56
C001243,Cliente 1243,Mass,Mass,1,False,unico,Guayaquil,False,True,50,1954.89
C001244,Cliente 1244,Mass,Mass,1,False,unico,Cuenca,False,False,45,883.21
C001245,Cliente 1245,Affluent,Affluent,1,False,unico,Guayaquil,False,False,52,2084.40
C001246,Cliente 1246,Premium,Affluent|Premium,2,True,moda,Guayaquil,False,False,27,2955.96
C001247,Cliente 1247,Mass,Mass,1,False,unico,Quito,False,True,52,1477.61
C001248,Cliente 1248,Affluent,Affluent,1,False,unico,Quito,False,False,47,2442.61
C001249,Cliente 1249,Mass,Mass,1,False,unico,Guayaquil,False,False,43,1156.61
C001250,Cliente 1250,PyME,PyME,1,False,unico,Guayaquil,False,False,35,2916.91
C001251,Cliente 1251,Mass,Mass,1,False,unico,Guayaquil,False,True,29,1349.65
C001252,Cliente 1252,Mass,Mass,1,False,unico,Ambato,False,False,22,1102.59
C001253,Cliente 1253,PyME,PyME,1,False,unico,Guayaquil,False,False,31,2630.16
C001254,Cliente 1254,Mass,Affluent|Mass,2,True,moda,Guayaquil,False,False,46,827.24
C001255,Cliente 1255,Mass,Mass,1,False,unico,Quito,False,False,28,1422.95
C001256,Cliente 1256,Mass,Mass,1,False,unico,Guayaquil,False,False,24,1115.06
C001257,Cliente 1257,Mass,Mass,1,False,unico,Guayaquil,False,False,40,1648.10
C001258,Cliente 1258,Mass,Mass,1,False,unico,Quito,False,False,47,942.97
C001259,Cliente 1259,Mass,Mass,1,False,unico,Quito,False,True,45,670.30
C001260,Cliente 1260,Affluent,Affluent,1,False,unico,Loja,False,False,18,3567.11
C001261,Cliente 1261,Joven,Joven,1,False,unico,Guayaquil,False,False,23,350.00
C001262,Cliente 1262,Affluent,Affluent,1,False,unico,Guayaquil,False,True,42,1949.59
C001263,Cliente 1263,Mass,Mass,1,False,unico,Quito,False,False,51,859.19
C001264,Cliente 1264,Mass,Mass,1,False,unico,Guayaquil,False,False,57,471.10
C001265,Cliente 1265,Affluent,Affluent,1,False,unico,Guayaquil,False,False,50,1785.13
C001266,Cliente 1266,Mass,Mass,1,False,unico,Quito,False,False,34,1466.84
C001267,Cliente 1267,Premium,Premium,1,False,unico,Quito,False,False,41,4644.62
C001268,Cliente 1268,Joven,Joven,1,False,unico,Guayaquil,False,False,36,428.24
C001269,Cliente 1269,Mass,Mass,1,False,unico,Quito,False,False,34,1159.74
C001270,Cliente 1270,Mass,Mass,1,False,unico,Ambato,False,False,32,535.31
C001271,Cliente 1271,Mass,Mass,1,False,unico,Guayaquil,False,False,42,861.47
C001272,Cliente 1272,Mass,Mass,1,False,unico,Ambato,False,False,45,2012.91
C001273,Cliente 1273,Mass,Mass,1,False,unico,Quito,False,False,47,691.28
C001274,Cliente 1274,Joven,Joven,1,False,unico,Quito,False,False,27,481.35
C001275,Cliente 1275,Mass,Mass,1,False,unico,Quito,False,False,18,588.47
C001276,Cliente 1276,Mass,Mass,1,False,unico,Quito,False,False,23,1053.99
C001277,Cliente 1277,Mass,Mass,1,False,unico,Loja,False,False,72,1463.95
C001278,Cliente 1278,Affluent,Affluent,1,False,unico,Loja,False,False,56,1989.56
C001279,Cliente 1279,Premium,Premium,1,False,unico,Quito,False,False,50,3855.23
C001280,Cliente 1280,Mass,Mass,1,False,unico,Quito,False,False,38,601.70
C001281,Cliente 1281,Premium,Premium,1,False,unico,Guayaquil,False,False,50,5937.85
C001282,Cliente 1282,Joven,Joven,1,False,unico,Cuenca,False,False,29,1111.41
C001283,Cliente 1283,Affluent,Affluent,1,False,unico,Ambato,False,True,47,2805.12
C001284,Cliente 1284,Affluent,Affluent,1,False,unico,Guayaquil,False,False,27,3073.48
C001285,Cliente 1285,Mass,Mass,1,False,unico,Quito,False,False,36,681.98
C001286,Cliente 1286,Premium,Premium,1,False,unico,Guayaquil,False,False,42,7075.74
C001287,Cliente 1287,Premium,Premium,1,False,unico,Guayaquil,False,False,26,6595.43
C001288,Cliente 1288,Mass,Mass,1,False,unico,Guayaquil,False,False,31,988.87
C001289,Cliente 1289,Premium,Premium,1,False,unico,Quito,False,False,51,4273.72
C001290,Cliente 1290,Mass,Joven|Mass,2,True,moda,Quito,False,False,25,840.91
C001291,Cliente 1291,Affluent,Affluent,1,False,unico,Guayaquil,False,False,36,2992.57
C001292,Cliente 1292,Affluent,Affluent,1,False,unico,Quito,False,False,36,1812.92
C001293,Cliente 1293,Mass,Mass,1,False,unico,Ambato,False,False,38,562.73
C001294,Cliente 1294,Affluent,Affluent,1,False,unico,Guayaquil,False,False,60,2017.29
C001295,Cliente 1295,Affluent,Affluent,1,False,unico,Quito,False,True,44,1086.43
C001296,Cliente 1296,Premium,Premium,1,False,unico,Quito,False,False,48,2443.47
C001297,Cliente 1297,Joven,Joven,1,False,unico,Quito,False,False,18,923.61
C001298,Cliente 1298,Mass,Mass,1,False,unico,Guayaquil,False,False,64,1030.53
C001299,Cliente 1299,Mass,Mass,1,False,unico,Quito,False,False,48,469.83
C001300,Cliente 1300,PyME,PyME,1,False,unico,Guayaquil,False,False,59,3921.28
C001301,Cliente 1301,Affluent,Affluent,1,False,unico,Loja,False,False,56,2829.63
C001302,Cliente 1302,Mass,Mass,1,False,unico,Guayaquil,False,True,33,1864.58
C001303,Cliente 1303,Mass,Mass,1,False,unico,Guayaquil,False,False,28,501.77
C001304,Cliente 1304,Mass,Mass,1,False,unico,Guayaquil,False,False,29,899.68
C001305,Cliente 1305,Mass,Mass,1,False,unico,Quito,False,False,34,934.35
C001306,Cliente 1306,Mass,Mass,1,False,unico,Guayaquil,False,False,38,1255.87
C001307,Cliente 1307,Mass,Mass,1,False,unico,Guayaquil,False,False,61,628.73
C001308,Cliente 1308,Mass,Mass,1,False,unico,Cuenca,False,False,37,738.81
C001309,Cliente 1309,Mass,Mass,1,False,unico,Guayaquil,False,False,37,1483.00
C001310,Cliente 1310,Joven,Joven,1,False,unico,Guayaquil,False,False,48,485.56
C001311,Cliente 1311,Joven,Joven,1,False,unico,Ambato,False,False,27,459.76
C001312,Cliente 1312,Mass,Mass,1,False,unico,Quito,False,False,36,848.55
C001313,Cliente 1313,PyME,Mass|PyME,2,True,moda,Cuenca,False,True,36,2777.20
C001314,Cliente 1314,Premium,Premium,1,False,unico,Guayaquil,False,False,36,5231.98
C001315,Cliente 1315,Mass,Mass,1,False,unico,Cuenca,False,False,27,868.69
C001316,Cliente 1316,Premium,Premium,1,False,unico,Quito,False,False,49,3639.22
C001317,Cliente 1317,PyME,PyME,1,False,unico,Guayaquil,False,False,46,2954.68
C001318,Cliente 1318,Mass,Joven|Mass,2,True,moda,Loja,False,False,45,689.42
C001319,Cliente 1319,Affluent,Affluent,1,False,unico,Manta,False,False,28,2178.04
C001320,Cliente 1320,PyME,PyME,1,False,unico,Cuenca,False,False,38,7250.00
C001321,Cliente 1321,Mass,Mass,1,False,unico,Quito,False,False,24,1610.55
C001322,Cliente 1322,Mass,Mass,1,False,unico,Loja,False,False,29,752.04
C001323,Cliente 1323,Joven,Joven,1,False,unico,Ambato,False,False,46,586.40
C001324,Cliente 1324,Joven,Joven,1,False,unico,Cuenca,False,False,38,1236.83
C001325,Cliente 1325,PyME,PyME,1,False,unico,Quito,False,True,47,2637.52
C001326,Cliente 1326,Mass,Mass,1,False,unico,Guayaquil,False,False,25,974.49
C001327,Cliente 1327,Mass,Mass,1,False,unico,Loja,False,False,18,569.36
C001328,Cliente 1328,Affluent,Affluent,1,False,unico,Quito,False,False,35,3967.62
C001329,Cliente 1329,Mass,Joven|Mass,2,True,moda,Guayaquil,False,False,50,617.24
C001330,Cliente 1330,Mass,Mass,1,False,unico,Ambato,False,True,18,907.10
C001331,Cliente 1331,Premium,Premium,1,False,unico,Quito,False,False,55,3976.15
C001332,Cliente 1332,Mass,Mass,1,False,unico,Loja,False,False,38,579.31
C001333,Cliente 1333,Affluent,Affluent,1,False,unico,Quito,False,False,35,2156.49
C001334,Cliente 1334,Mass,Mass,1,False,unico,Cuenca,False,False,42,950.87
C001335,Cliente 1335,Premium,Premium,1,False,unico,Cuenca,False,False,51,3925.14
C001336,Cliente 1336,Joven,Joven,1,False,unico,Cuenca,False,False,50,1189.12
C001337,Cliente 1337,Premium,Premium,1,False,unico,Cuenca,False,False,37,3724.17
C001338,Cliente 1338,Joven,Joven,1,False,unico,Cuenca,False,False,52,515.06
C001339,Cliente 1339,Affluent,Affluent,1,False,unico,Guayaquil,False,False,43,2379.39
C001340,Cliente 1340,PyME,PyME,1,False,unico,Quito,False,False,37,2629.00
C001341,Cliente 1341,Mass,Mass,1,False,unico,Manta,False,False,32,821.09
C001342,Cliente 1342,Joven,Joven,1,False,unico,Guayaquil,False,False,42,532.55
C001343,Cliente 1343,Mass,Mass,1,False,unico,Guayaquil,False,False,57,978.59
C001344,Cliente 1344,Mass,Mass,1,False,unico,Quito,False,False,63,664.11
C001345,Cliente 1345,Premium,Premium,1,False,unico,Guayaquil,False,False,48,4897.34
C001346,Cliente 1346,PyME,PyME,1,False,unico,Quito,False,False,33,1778.67
C001347,Cliente 1347,Mass,Mass,1,False,unico,Quito,False,False,41,1171.99
C001348,Cliente 1348,Mass,Mass,1,False,unico,Guayaquil,False,False,51,580.20
C001349,Cliente 1349,Joven,Joven,1,False,unico,Guayaquil,False,False,38,535.74
C001350,Cliente 1350,Mass,Mass,1,False,unico,Cuenca,False,False,29,1360.67
C001351,Cliente 1351,Mass,Mass,1,False,unico,Quito,False,False,29,840.84
C001352,Cliente 1352,Mass,Mass,1,False,unico,Quito,False,False,36,1014.65
C001353,Cliente 1353,Mass,Mass,1,False,unico,Quito,False,False,46,1316.39
C001354,Cliente 1354,Mass,Mass,1,False,unico,Quito,False,False,58,705.08
C001355,Cliente 1355,Mass,Mass,1,False,unico,Quito,False,False,50,1164.09
C001356,Cliente 1356,Mass,Joven|Mass,2,True,moda,Ambato,False,False,34,2557.24
C001357,Cliente 1357,Mass,Mass,1,False,unico,Loja,False,False,24,976.97
C001358,Cliente 1358,PyME,Affluent|PyME,2,True,moda,Guayaquil,False,False,40,2644.18
C001359,Cliente 1359,Premium,Premium,1,False,unico,Cuenca,False,False,38,1982.17
C001360,Cliente 1360,Affluent,Affluent,1,False,unico,Ambato,False,False,43,2605.66
C001361,Cliente 1361,Affluent,Affluent,1,False,unico,Quito,False,False,50,3066.38
C001362,Cliente 1362,Premium,Premium|PyME,2,True,moda,Manta,False,False,23,6519.54
C001363,Cliente 1363,Affluent,Affluent,1,False,unico,Ambato,False,False,51,1981.91
C001364,Cliente 1364,Affluent,Affluent,1,False,unico,Manta,False,False,36,2344.19
C001365,Cliente 1365,Affluent,Affluent,1,False,unico,Guayaquil,False,False,67,1137.00
C001366,Cliente 1366,Premium,Premium,1,False,unico,Cuenca,False,False,18,2477.51
C001367,Cliente 1367,Mass,Mass,1,False,unico,Quito,False,False,49,911.61
C001368,Cliente 1368,Affluent,Affluent,1,False,unico,Guayaquil,False,False,48,2416.08
C001369,Cliente 1369,Mass,Mass,1,False,unico,Guayaquil,False,False,34,839.47
C001370,Cliente 1370,Mass,Mass,1,False,unico,Cuenca,False,False,42,882.47
C001371,Cliente 1371,Affluent,Affluent,1,False,unico,Manta,False,False,45,5276.95
C001372,Cliente 1372,Mass,Mass,1,False,unico,Cuenca,False,False,37,1218.21
C001373,Cliente 1373,Joven,Joven,1,False,unico,Guayaquil,False,False,57,502.21
C001374,Cliente 1374,Premium,Affluent|Premium,2,True,moda,Quito,False,False,41,2374.23
C001375,Cliente 1375,Mass,Joven|Mass,2,True,moda,Quito,False,False,45,524.90
C001376,Cliente 1376,PyME,PyME,1,False,unico,Guayaquil,False,False,33,2950.19
C001377,Cliente 1377,Joven,Joven,1,False,unico,Quito,False,False,38,1119.85
C001378,Cliente 1378,Mass,Mass,1,False,unico,Guayaquil,False,False,29,462.01
C001379,Cliente 1379,Joven,Joven,1,False,unico,Guayaquil,False,False,62,1688.96
C001380,Cliente 1380,Mass,Mass,1,False,unico,Quito,False,False,18,862.92
C001381,Cliente 1381,PyME,PyME,1,False,unico,Ambato,False,False,53,2351.78
C001382,Cliente 1382,Affluent,Affluent,1,False,unico,Ambato,False,False,30,2132.78
C001383,Cliente 1383,Affluent,Affluent,1,False,unico,Ambato,False,False,41,4285.75
C001384,Cliente 1384,Affluent,Affluent|Premium,2,True,moda,Cuenca,False,False,30,3841.34
C001385,Cliente 1385,Affluent,Affluent,1,False,unico,Cuenca,False,False,46,3444.15
C001386,Cliente 1386,PyME,PyME,1,False,unico,Manta,False,False,45,1808.64
C001387,Cliente 1387,Affluent,Affluent|Premium,2,True,moda,Quito,False,False,55,1839.61
C001388,Cliente 1388,Premium,Premium,1,False,unico,Guayaquil,False,False,44,2991.70
C001389,Cliente 1389,Mass,Mass,1,False,unico,Quito,False,False,46,934.03
C001390,Cliente 1390,Affluent,Affluent,1,False,unico,Guayaquil,False,False,46,2104.66
C001391,Cliente 1391,Affluent,Affluent,1,False,unico,Guayaquil,False,False,55,3430.37
C001392,Cliente 1392,Mass,Mass,1,False,unico,Ambato,False,False,45,1380.09
C001393,Cliente 1393,Mass,Mass,1,False,unico,Cuenca,False,False,37,981.00
C001394,Cliente 1394,Affluent,Affluent|Mass,2,True,moda,Guayaquil,False,False,30,2496.90
C001395,Cliente 1395,Joven,Joven,1,False,unico,Guayaquil,False,False,44,438.86
C001396,Cliente 1396,Mass,Mass,1,False,unico,Quito,False,False,31,818.22
C001397,Cliente 1397,Mass,Mass,1,False,unico,Cuenca,False,False,35,731.67
C001398,Cliente 1398,Mass,Mass,1,False,unico,Quito,False,False,35,512.31
C001399,Cliente 1399,Mass,Joven|Mass,2,True,moda,Manta,False,False,49,962.64
C001400,Cliente 1400,Affluent,Affluent,1,False,unico,Guayaquil,False,False,47,1985.16
C001401,Cliente 1401,Mass,Mass,1,False,unico,Guayaquil,False,False,30,1011.59
C001402,Cliente 1402,Mass,Mass,1,False,unico,Quito,False,False,52,752.86
C001403,Cliente 1403,Affluent,Affluent,1,False,unico,Quito,False,False,29,2582.06
C001404,Cliente 1404,Mass,Mass,1,False,unico,Guayaquil,False,False,36,756.77
C001405,Cliente 1405,Mass,Mass,1,False,unico,Ambato,False,False,22,673.45
C001406,Cliente 1406,PyME,PyME,1,False,unico,Guayaquil,False,False,30,5284.03
C001407,Cliente 1407,Mass,Mass,1,False,unico,Ambato,False,False,22,630.56
C001408,Cliente 1408,Joven,Joven,1,False,unico,Guayaquil,False,False,21,559.62
C001409,Cliente 1409,Affluent,Affluent,1,False,unico,Ambato,False,True,36,3015.72
C001410,Cliente 1410,Affluent,Affluent,1,False,unico,Quito,False,False,43,4201.04
C001411,Cliente 1411,Affluent,Affluent,1,False,unico,Cuenca,False,True,42,3441.93
C001412,Cliente 1412,Mass,Mass,1,False,unico,Cuenca,False,False,49,901.19
C001413,Cliente 1413,Mass,Mass,1,False,unico,Guayaquil,False,False,23,783.36
C001414,Cliente 1414,Premium,Premium,1,False,unico,Guayaquil,False,False,54,3373.15
C001415,Cliente 1415,Joven,Joven,1,False,unico,Manta,False,False,40,463.40
C001416,Cliente 1416,PyME,PyME,1,False,unico,Loja,False,False,38,3977.08
C001417,Cliente 1417,Mass,Mass,1,False,unico,Guayaquil,False,False,48,784.48
C001418,Cliente 1418,Affluent,Affluent,1,False,unico,Quito,False,False,33,2491.55
C001419,Cliente 1419,Mass,Mass,1,False,unico,Guayaquil,False,False,52,419.03
C001420,Cliente 1420,Mass,Mass,1,False,unico,Manta,False,False,33,923.03
C001421,Cliente 1421,Affluent,Affluent,1,False,unico,Manta,False,False,36,1818.38
C001422,Cliente 1422,Affluent,Affluent,1,False,unico,Quito,False,False,42,1307.79
C001423,Cliente 1423,Joven,Joven,1,False,unico,Quito,False,False,48,626.65
C001424,Cliente 1424,Mass,Mass,1,False,unico,Guayaquil,False,False,55,774.59
C001425,Cliente 1425,Premium,Premium,1,False,unico,Guayaquil,False,False,37,3807.81
C001426,Cliente 1426,Premium,Joven|Premium,2,True,moda,Guayaquil,False,False,40,5753.58
C001427,Cliente 1427,Mass,Mass,1,False,unico,Manta,False,True,54,822.14
C001428,Cliente 1428,PyME,PyME,1,False,unico,Quito,False,False,34,2623.60
C001429,Cliente 1429,Affluent,Affluent,1,False,unico,Guayaquil,False,False,53,1521.00
C001430,Cliente 1430,Mass,Mass,1,False,unico,Loja,False,False,50,792.27
C001431,Cliente 1431,Mass,Mass,1,False,unico,Guayaquil,False,False,42,937.87
C001432,Cliente 1432,Mass,Mass,1,False,unico,Quito,False,False,41,761.05
C001433,Cliente 1433,Mass,Mass,1,False,unico,Guayaquil,False,False,18,812.81
C001434,Cliente 1434,Mass,Mass,1,False,unico,Cuenca,False,False,47,1225.68
C001435,Cliente 1435,Mass,Mass,1,False,unico,Ambato,False,False,30,543.08
C001436,Cliente 1436,Mass,Mass,1,False,unico,Quito,False,False,24,1591.92
C001437,Cliente 1437,Mass,Mass,1,False,unico,Guayaquil,False,False,44,1222.79
C001438,Cliente 1438,Mass,Mass|Premium,2,True,moda,Ambato,False,False,49,834.80
C001439,Cliente 1439,Mass,Affluent|Mass,2,True,moda,Quito,False,False,25,960.05
C001440,Cliente 1440,Joven,Joven,1,False,unico,Quito,False,False,31,716.14
C001441,Cliente 1441,Joven,Joven,1,False,unico,Quito,False,False,28,751.30
C001442,Cliente 1442,Joven,Joven,1,False,unico,Guayaquil,False,False,50,1033.23
C001443,Cliente 1443,Mass,Mass,1,False,unico,Ambato,False,False,61,620.01
C001444,Cliente 1444,Mass,Mass,1,False,unico,Loja,False,False,38,704.13
C001445,Cliente 1445,Mass,Mass,1,False,unico,Guayaquil,False,False,27,888.80
C001446,Cliente 1446,PyME,PyME,1,False,unico,Quito,False,False,19,5186.27
C001447,Cliente 1447,Mass,Mass,1,False,unico,Cuenca,False,False,25,487.60
C001448,Cliente 1448,Affluent,Affluent,1,False,unico,Guayaquil,False,False,52,1225.57
C001449,Cliente 1449,Joven,Joven,1,False,unico,Guayaquil,False,False,51,725.29
C001450,Cliente 1450,Affluent,Affluent|PyME,2,True,moda,Quito,False,False,25,1941.71
C001451,Cliente 1451,Mass,Joven|Mass,2,True,moda,Guayaquil,False,False,61,888.64
C001452,Cliente 1452,Mass,Mass,1,False,unico,Quito,False,False,31,472.14
C001453,Cliente 1453,PyME,PyME,1,False,unico,Ambato,False,False,20,1441.41
C001454,Cliente 1454,Mass,Mass,1,False,unico,Guayaquil,False,False,47,1173.62
C001455,Cliente 1455,Mass,Mass,1,False,unico,Ambato,False,False,22,587.50
C001456,Cliente 1456,Affluent,Affluent,1,False,unico,Guayaquil,False,True,36,1709.64
C001457,Cliente 1457,Mass,Mass,1,False,unico,Guayaquil,False,False,30,731.97
C001458,Cliente 1458,Mass,Mass,1,False,unico,Guayaquil,False,False,45,1469.01
C001459,Cliente 1459,Mass,Mass,1,False,unico,Guayaquil,False,False,45,865.81
C001460,Cliente 1460,Premium,Premium,1,False,unico,Quito,False,False,36,2363.82
C001461,Cliente 1461,Mass,Mass,1,False,unico,Quito,False,False,29,1057.68
C001462,Cliente 1462,Joven,Joven,1,False,unico,Quito,False,True,21,515.40
C001463,Cliente 1463,Joven,Joven,1,False,unico,Guayaquil,False,False,35,846.22
C001464,Cliente 1464,Premium,Joven|Premium,2,True,moda,Guayaquil,False,False,38,6482.36
C001465,Cliente 1465,Premium,Premium,1,False,unico,Guayaquil,False,True,31,6500.55
C001466,Cliente 1466,Mass,Mass,1,False,unico,Quito,False,False,32,932.68
C001467,Cliente 1467,Affluent,Affluent,1,False,unico,Cuenca,False,False,21,2071.99
C001468,Cliente 1468,Affluent,Affluent,1,False,unico,Quito,False,False,43,3340.94
C001469,Cliente 1469,Mass,Mass,1,False,unico,Quito,False,False,40,980.04
C001470,Cliente 1470,PyME,PyME,1,False,unico,Guayaquil,False,False,18,1533.17
C001471,Cliente 1471,Mass,Mass,1,False,unico,Ambato,False,False,39,637.98
C001472,Cliente 1472,Affluent,Affluent,1,False,unico,Guayaquil,False,False,43,3510.21
C001473,Cliente 1473,Affluent,Affluent|PyME,2,True,moda,Cuenca,False,False,40,1671.56
C001474,Cliente 1474,Mass,Mass|PyME,2,True,moda,Quito,False,False,51,1200.18
C001475,Cliente 1475,PyME,PyME,1,False,unico,Guayaquil,False,False,43,1793.01
C001476,Cliente 1476,PyME,PyME,1,False,unico,Quito,False,False,42,2704.30
C001477,Cliente 1477,Affluent,Affluent,1,False,unico,Guayaquil,False,False,20,1828.43
C001478,Cliente 1478,Affluent,Affluent,1,False,unico,Cuenca,False,False,38,2281.94
C001479,Cliente 1479,Mass,Mass,1,False,unico,Quito,False,False,43,777.60
C001480,Cliente 1480,Premium,Premium,1,False,unico,Quito,False,False,21,3364.48
C001481,Cliente 1481,Mass,Mass,1,False,unico,Quito,False,False,39,1058.95
C001482,Cliente 1482,Mass,Mass,1,False,unico,Cuenca,False,False,37,591.82
C001483,Cliente 1483,Affluent,Affluent,1,False,unico,Cuenca,False,False,33,1688.74
C001484,Cliente 1484,PyME,PyME,1,False,unico,Guayaquil,False,False,36,1995.37
C001485,Cliente 1485,Mass,Mass,1,False,unico,Guayaquil,False,False,40,831.80
C001486,Cliente 1486,Joven,Joven,1,False,unico,Quito,False,False,34,600.41
C001487,Cliente 1487,Mass,Mass,1,False,unico,Cuenca,False,False,24,1465.83
C001488,Cliente 1488,Mass,Mass,1,False,unico,Manta,False,False,42,916.96
C001489,Cliente 1489,Affluent,Affluent,1,False,unico,Cuenca,False,False,46,1821.74
C001490,Cliente 1490,Mass,Mass,1,False,unico,Quito,False,False,29,1056.58
C001491,Cliente 1491,PyME,PyME,1,False,unico,Quito,False,False,26,2786.48
C001492,Cliente 1492,Joven,Joven,1,False,unico,Manta,False,False,40,774.02
C001493,Cliente 1493,Joven,Joven,1,False,unico,Guayaquil,False,False,39,988.95
C001494,Cliente 1494,Joven,Joven,1,False,unico,Quito,False,False,49,822.81
C001495,Cliente 1495,Mass,Mass,1,False,unico,Guayaquil,False,False,37,794.34
C001496,Cliente 1496,Mass,Mass,1,False,unico,Quito,False,False,41,624.02
C001497,Cliente 1497,Joven,Joven,1,False,unico,Quito,False,False,36,481.75
C001498,Cliente 1498,Mass,Mass,1,False,unico,Guayaquil,False,False,31,1401.26
C001499,Cliente 1499,Premium,Premium,1,False,unico,Loja,False,False,33,3151.49
C001500,Cliente 1500,Affluent,Affluent,1,False,unico,Quito,False,False,37,2411.82
C001501,Cliente 1501,Mass,Mass,1,False,unico,Quito,False,False,35,685.80
C001502,Cliente 1502,Mass,Mass,1,False,unico,Guayaquil,False,False,29,1252.91
C001503,Cliente 1503,Premium,Premium,1,False,unico,Manta,False,False,30,4018.88
C001504,Cliente 1504,Premium,Premium,1,False,unico,Guayaquil,False,True,43,4300.21
C001505,Cliente 1505,PyME,PyME,1,False,unico,Guayaquil,False,False,24,2623.76
C001506,Cliente 1506,PyME,PyME,1,False,unico,Quito,False,False,47,3387.78
C001507,Cliente 1507,Mass,Mass,1,False,unico,Cuenca,False,False,29,1410.27
C001508,Cliente 1508,Mass,Mass,1,False,unico,Quito,False,False,34,853.66
C001509,Cliente 1509,Joven,Joven,1,False,unico,Quito,False,False,51,789.42
C001510,Cliente 1510,Mass,Mass,1,False,unico,Quito,False,False,52,1227.38
C001511,Cliente 1511,Joven,Joven,1,False,unico,Ambato,False,False,42,1101.93
C001512,Cliente 1512,Affluent,Affluent|Premium,2,True,moda,Cuenca,False,False,47,2942.34
C001513,Cliente 1513,Mass,Mass,1,False,unico,Guayaquil,False,False,47,975.35
C001514,Cliente 1514,Premium,Premium,1,False,unico,Quito,False,False,65,6632.69
C001515,Cliente 1515,Joven,Joven,1,False,unico,Manta,False,False,45,639.34
C001516,Cliente 1516,Mass,Mass,1,False,unico,Guayaquil,False,False,18,581.10
C001517,Cliente 1517,Premium,Premium,1,False,unico,Guayaquil,False,False,45,5070.78
C001518,Cliente 1518,Mass,Mass,1,False,unico,Guayaquil,False,False,31,815.70
C001519,Cliente 1519,Mass,Mass,1,False,unico,Quito,False,False,43,729.55
C001520,Cliente 1520,Mass,Mass,1,False,unico,Manta,False,False,27,910.19
C001521,Cliente 1521,Mass,Mass,1,False,unico,Guayaquil,False,False,43,576.10
C001522,Cliente 1522,PyME,PyME,1,False,unico,Quito,False,False,45,2386.56
C001523,Cliente 1523,Mass,Mass,1,False,unico,Quito,False,False,33,1047.59
C001524,Cliente 1524,Joven,Affluent|Joven,2,True,moda,Cuenca,False,True,60,496.40
C001525,Cliente 1525,Affluent,Affluent,1,False,unico,Cuenca,False,True,41,2041.88
C001526,Cliente 1526,Joven,Joven,1,False,unico,Quito,False,False,47,547.97
C001527,Cliente 1527,Joven,Joven,1,False,unico,Guayaquil,False,False,37,909.53
C001528,Cliente 1528,Mass,Mass,1,False,unico,Ambato,False,False,25,1036.70
C001529,Cliente 1529,Joven,Joven,1,False,unico,Quito,False,False,37,676.99
C001530,Cliente 1530,Mass,Mass,1,False,unico,Guayaquil,False,False,51,1191.18
C001531,Cliente 1531,Affluent,Affluent,1,False,unico,Guayaquil,False,False,43,3326.04
C001532,Cliente 1532,Joven,Joven,1,False,unico,Guayaquil,False,False,28,998.28
C001533,Cliente 1533,Affluent,Affluent,1,False,unico,Quito,False,True,53,1922.96
C001534,Cliente 1534,PyME,PyME,1,False,unico,Ambato,False,False,50,4234.56
C001535,Cliente 1535,Joven,Joven,1,False,unico,Quito,False,False,29,784.72
C001536,Cliente 1536,Joven,Joven,1,False,unico,Quito,False,False,28,1775.52
C001537,Cliente 1537,Mass,Mass,1,False,unico,Guayaquil,False,False,52,641.30
C001538,Cliente 1538,Mass,Mass,1,False,unico,Guayaquil,False,False,42,1021.96
C001539,Cliente 1539,Mass,Mass,1,False,unico,Cuenca,False,False,48,949.99
C001540,Cliente 1540,Affluent,Affluent,1,False,unico,Guayaquil,False,False,40,2862.31
C001541,Cliente 1541,Mass,Joven|Mass,2,True,moda,Quito,False,False,32,711.96
C001542,Cliente 1542,Premium,Premium,1,False,unico,Cuenca,False,False,53,3559.57
C001543,Cliente 1543,Joven,Joven,1,False,unico,Quito,False,False,30,912.57
C001544,Cliente 1544,Joven,Joven,1,False,unico,Loja,False,False,48,853.15
C001545,Cliente 1545,Premium,Premium,1,False,unico,Quito,False,True,18,4769.77
C001546,Cliente 1546,Mass,Mass,1,False,unico,Quito,False,False,26,1021.68
C001547,Cliente 1547,PyME,PyME,1,False,unico,Quito,False,False,30,3298.23
C001548,Cliente 1548,Mass,Mass,1,False,unico,Guayaquil,False,False,57,1131.08
C001549,Cliente 1549,Joven,Joven,1,False,unico,Cuenca,False,False,18,350.00
C001550,Cliente 1550,Joven,Joven,1,False,unico,Quito,False,False,18,981.84
C001551,Cliente 1551,Joven,Joven,1,False,unico,Quito,False,False,25,780.41
C001552,Cliente 1552,Affluent,Affluent,1,False,unico,Guayaquil,False,False,48,2188.86
C001553,Cliente 1553,Mass,Mass,1,False,unico,Guayaquil,False,False,52,920.99
C001554,Cliente 1554,Affluent,Affluent|Joven,2,True,moda,Cuenca,False,False,56,1667.45
C001555,Cliente 1555,Premium,Premium,1,False,unico,Cuenca,False,False,62,4726.80
C001556,Cliente 1556,Affluent,Affluent,1,False,unico,Quito,False,True,41,3933.01
C001557,Cliente 1557,Mass,Mass,1,False,unico,Guayaquil,False,False,31,790.60
C001558,Cliente 1558,Mass,Mass,1,False,unico,Cuenca,False,False,18,774.40
C001559,Cliente 1559,Mass,Mass,1,False,unico,Manta,False,False,46,783.45
C001560,Cliente 1560,Affluent,Affluent,1,False,unico,Guayaquil,False,False,44,1993.43
C001561,Cliente 1561,Joven,Joven,1,False,unico,Ambato,False,False,28,629.96
C001562,Cliente 1562,Mass,Mass,1,False,unico,Quito,False,False,38,1356.21
C001563,Cliente 1563,Mass,Mass,1,False,unico,Quito,False,False,62,570.62
C001564,Cliente 1564,Mass,Mass,1,False,unico,Guayaquil,False,False,39,730.78
C001565,Cliente 1565,PyME,PyME,1,False,unico,Guayaquil,False,False,35,2973.57
C001566,Cliente 1566,Mass,Mass,1,False,unico,Manta,False,False,29,385.67
C001567,Cliente 1567,PyME,PyME,1,False,unico,Guayaquil,False,True,40,4534.21
C001568,Cliente 1568,Joven,Joven,1,False,unico,Quito,False,True,77,816.73
C001569,Cliente 1569,Premium,Premium,1,False,unico,Loja,False,False,50,3086.44
C001570,Cliente 1570,Mass,Joven|Mass,2,True,moda,Manta,False,False,47,802.03
C001571,Cliente 1571,Affluent,Affluent,1,False,unico,Guayaquil,False,False,49,2212.23
C001572,Cliente 1572,Mass,Mass,1,False,unico,Quito,False,False,35,753.08
C001573,Cliente 1573,Mass,Mass,1,False,unico,Quito,False,False,18,564.58
C001574,Cliente 1574,Premium,Premium,1,False,unico,Loja,False,False,42,3157.48
C001575,Cliente 1575,Premium,Premium,1,False,unico,Quito,False,False,24,5508.21
C001576,Cliente 1576,Mass,Mass,1,False,unico,Guayaquil,False,False,38,2174.57
C001577,Cliente 1577,Mass,Mass,1,False,unico,Guayaquil,False,False,51,964.82
C001578,Cliente 1578,Joven,Joven,1,False,unico,Guayaquil,False,False,39,552.13
C001579,Cliente 1579,Premium,Premium,1,False,unico,Manta,False,False,28,6233.73
C001580,Cliente 1580,Mass,Mass,1,False,unico,Quito,False,False,39,561.91
C001581,Cliente 1581,Mass,Mass,1,False,unico,Quito,False,True,49,995.58
C001582,Cliente 1582,Joven,Joven,1,False,unico,Cuenca,False,False,49,609.03
C001583,Cliente 1583,Mass,Mass,1,False,unico,Guayaquil,False,False,23,545.47
C001584,Cliente 1584,Mass,Mass,1,False,unico,Guayaquil,False,False,24,665.23
C001585,Cliente 1585,PyME,PyME,1,False,unico,Guayaquil,False,False,25,2990.35
C001586,Cliente 1586,Mass,Mass,1,False,unico,Quito,False,False,33,1228.98
C001587,Cliente 1587,PyME,PyME,1,False,unico,Quito,False,False,36,4721.90
C001588,Cliente 1588,Mass,Mass,1,False,unico,Guayaquil,False,False,78,898.34
C001589,Cliente 1589,PyME,Joven|PyME,2,True,moda,Manta,False,False,41,3379.56
C001590,Cliente 1590,Premium,Premium|PyME,2,True,moda,Manta,False,False,48,4918.18
C001591,Cliente 1591,Mass,Mass,1,False,unico,Guayaquil,False,False,37,650.91
C001592,Cliente 1592,Mass,Mass,1,False,unico,Guayaquil,False,False,29,939.95
C001593,Cliente 1593,Affluent,Affluent,1,False,unico,Guayaquil,False,False,34,1982.54
C001594,Cliente 1594,Affluent,Affluent,1,False,unico,Quito,False,False,30,2466.54
C001595,Cliente 1595,Affluent,Affluent,1,False,unico,Guayaquil,False,False,35,1083.69
C001596,Cliente 1596,Affluent,Affluent,1,False,unico,Guayaquil,False,False,28,2964.52
C001597,Cliente 1597,PyME,PyME,1,False,unico,Quito,False,False,41,1843.78
C001598,Cliente 1598,Premium,Premium,1,False,unico,Guayaquil,False,False,45,3764.87
C001599,Cliente 1599,PyME,PyME,1,False,unico,Guayaquil,False,True,47,3766.18
C001600,Cliente 1600,Mass,Mass,1,False,unico,Quito,False,False,33,787.15
C001601,Cliente 1601,Mass,Mass,1,False,unico,Guayaquil,False,False,44,713.38
C001602,Cliente 1602,PyME,PyME,1,False,unico,Ambato,False,False,56,3486.42
C001603,Cliente 1603,Affluent,Affluent|Premium,2,True,moda,Quito,False,False,41,2504.43
C001604,Cliente 1604,Mass,Mass,1,False,unico,Guayaquil,False,False,21,1058.16
C001605,Cliente 1605,PyME,PyME,1,False,unico,Quito,False,False,18,4199.66
C001606,Cliente 1606,Affluent,Affluent,1,False,unico,Guayaquil,False,False,30,2779.09
C001607,Cliente 1607,Joven,Joven,1,False,unico,Guayaquil,False,False,27,600.95
C001608,Cliente 1608,PyME,PyME,1,False,unico,Quito,False,False,40,3325.51
C001609,Cliente 1609,Joven,Joven|Premium,2,True,moda,Quito,False,False,48,468.41
C001610,Cliente 1610,Affluent,Affluent,1,False,unico,Loja,False,False,42,2244.70
C001611,Cliente 1611,Joven,Joven,1,False,unico,Cuenca,False,False,43,852.06
C001612,Cliente 1612,PyME,PyME,1,False,unico,Guayaquil,False,False,45,5140.35
C001613,Cliente 1613,Joven,Joven,1,False,unico,Guayaquil,False,False,46,601.98
C001614,Cliente 1614,PyME,PyME,1,False,unico,Cuenca,False,False,54,2794.94
C001615,Cliente 1615,Mass,Affluent|Mass,2,True,moda,Quito,False,False,36,1113.80
C001616,Cliente 1616,Mass,Mass,1,False,unico,Guayaquil,False,False,38,1021.74
C001617,Cliente 1617,Mass,Mass,1,False,unico,Guayaquil,False,False,47,889.81
C001618,Cliente 1618,Affluent,Affluent,1,False,unico,Guayaquil,False,False,34,3848.27
C001619,Cliente 1619,Mass,Mass,1,False,unico,Guayaquil,False,False,37,901.77
C001620,Cliente 1620,Mass,Mass,1,False,unico,Quito,False,False,45,1090.87
C001621,Cliente 1621,Mass,Mass,1,False,unico,Guayaquil,False,False,32,1747.23
C001622,Cliente 1622,Mass,Mass,1,False,unico,Cuenca,False,False,21,1336.86
C001623,Cliente 1623,Premium,Premium,1,False,unico,Guayaquil,False,False,41,4331.43
C001624,Cliente 1624,Mass,Mass,1,False,unico,Guayaquil,False,False,37,913.64
C001625,Cliente 1625,Affluent,Affluent,1,False,unico,Loja,False,True,28,2679.66
C001626,Cliente 1626,Premium,Premium,1,False,unico,Guayaquil,False,False,39,4446.94
C001627,Cliente 1627,PyME,PyME,1,False,unico,Ambato,False,False,46,3778.56
C001628,Cliente 1628,Mass,Mass,1,False,unico,Cuenca,False,False,56,1242.46
C001629,Cliente 1629,PyME,PyME,1,False,unico,Loja,False,False,34,2636.08
C001630,Cliente 1630,Joven,Joven,1,False,unico,Guayaquil,False,False,50,554.40
C001631,Cliente 1631,Mass,Mass,1,False,unico,Quito,False,False,30,788.67
C001632,Cliente 1632,Affluent,Affluent,1,False,unico,Guayaquil,False,False,33,2229.21
C001633,Cliente 1633,Joven,Joven,1,False,unico,Loja,False,False,39,668.62
C001634,Cliente 1634,Affluent,Affluent,1,False,unico,Guayaquil,False,False,32,2032.89
C001635,Cliente 1635,Mass,Mass,1,False,unico,Guayaquil,False,False,30,618.26
C001636,Cliente 1636,Affluent,Affluent,1,False,unico,Quito,False,False,46,1537.46
C001637,Cliente 1637,Joven,Joven,1,False,unico,Quito,False,True,53,615.76
C001638,Cliente 1638,Mass,Mass,1,False,unico,Cuenca,False,True,27,829.28
C001639,Cliente 1639,Affluent,Affluent,1,False,unico,Manta,False,False,46,1590.97
C001640,Cliente 1640,PyME,PyME,1,False,unico,Guayaquil,False,False,32,3014.74
C001641,Cliente 1641,Affluent,Affluent,1,False,unico,Ambato,False,True,39,1835.35
C001642,Cliente 1642,Premium,Premium,1,False,unico,Quito,False,False,22,6664.01
C001643,Cliente 1643,Affluent,Affluent,1,False,unico,Quito,False,False,26,1338.55
C001644,Cliente 1644,Premium,Premium,1,False,unico,Cuenca,False,False,40,4784.92
C001645,Cliente 1645,Mass,Mass,1,False,unico,Guayaquil,False,False,48,1224.59
C001646,Cliente 1646,Premium,Premium,1,False,unico,Guayaquil,False,False,37,4310.65
C001647,Cliente 1647,Joven,Joven,1,False,unico,Loja,False,False,30,752.91
C001648,Cliente 1648,Joven,Joven,1,False,unico,Quito,False,False,29,374.93
C001649,Cliente 1649,PyME,PyME,1,False,unico,Quito,False,False,35,2370.33
C001650,Cliente 1650,Mass,Mass,1,False,unico,Guayaquil,False,False,30,1034.92
C001651,Cliente 1651,Mass,Mass,1,False,unico,Quito,False,False,44,658.20
C001652,Cliente 1652,Mass,Mass,1,False,unico,Guayaquil,False,False,30,821.83
C001653,Cliente 1653,PyME,PyME,1,False,unico,Quito,False,False,30,3856.16
C001654,Cliente 1654,Premium,Premium,1,False,unico,Guayaquil,False,False,48,2916.64
C001655,Cliente 1655,Mass,Mass,1,False,unico,Guayaquil,False,False,48,1085.39
C001656,Cliente 1656,Mass,Mass,1,False,unico,Quito,False,False,66,942.15
C001657,Cliente 1657,Joven,Joven,1,False,unico,Quito,False,False,22,970.58
C001658,Cliente 1658,Mass,Mass,1,False,unico,Quito,False,False,39,743.63
C001659,Cliente 1659,Mass,Mass,1,False,unico,Loja,False,False,39,611.23
C001660,Cliente 1660,Mass,Mass,1,False,unico,Guayaquil,False,False,53,667.98
C001661,Cliente 1661,PyME,Affluent|PyME,2,True,moda,Loja,False,False,48,3493.30
C001662,Cliente 1662,Mass,Mass,1,False,unico,Quito,False,False,30,877.66
C001663,Cliente 1663,Premium,Premium,1,False,unico,Quito,False,False,33,3135.17
C001664,Cliente 1664,Mass,Mass,1,False,unico,Cuenca,False,False,42,606.05
C001665,Cliente 1665,Mass,Mass,1,False,unico,Ambato,False,False,30,790.10
C001666,Cliente 1666,Premium,Premium,1,False,unico,Guayaquil,False,False,32,5118.06
C001667,Cliente 1667,Mass,Mass,1,False,unico,Quito,False,False,31,1590.19
C001668,Cliente 1668,Affluent,Affluent,1,False,unico,Quito,False,False,32,3138.46
C001669,Cliente 1669,Mass,Mass,1,False,unico,Quito,False,False,62,877.15
C001670,Cliente 1670,Premium,Premium,1,False,unico,Quito,False,False,28,4861.33
C001671,Cliente 1671,Mass,Mass,1,False,unico,Guayaquil,False,False,37,1267.11
C001672,Cliente 1672,Affluent,Affluent,1,False,unico,Quito,False,True,28,2221.26
C001673,Cliente 1673,Mass,Mass,1,False,unico,Guayaquil,False,False,44,1021.82
C001674,Cliente 1674,PyME,PyME,1,False,unico,Cuenca,False,False,36,2362.21
C001675,Cliente 1675,Mass,Mass,1,False,unico,Guayaquil,False,False,58,1297.91
C001676,Cliente 1676,Mass,Mass,1,False,unico,Guayaquil,False,False,43,566.80
C001677,Cliente 1677,Joven,Joven|Premium,2,True,moda,Quito,False,False,21,558.59
C001678,Cliente 1678,Mass,Mass,1,False,unico,Cuenca,False,False,37,829.32
C001679,Cliente 1679,Mass,Mass,1,False,unico,Loja,False,False,38,460.52
C001680,Cliente 1680,Premium,Premium,1,False,unico,Quito,False,True,46,4316.87
C001681,Cliente 1681,Affluent,Affluent,1,False,unico,Guayaquil,False,False,45,2216.71
C001682,Cliente 1682,Joven,Joven,1,False,unico,Quito,False,False,49,666.87
C001683,Cliente 1683,Affluent,Affluent|Premium,2,True,moda,Guayaquil,False,False,49,1646.20
C001684,Cliente 1684,Mass,Mass,1,False,unico,Guayaquil,False,False,43,1174.02
C001685,Cliente 1685,Mass,Mass,1,False,unico,Quito,False,True,49,1023.74
C001686,Cliente 1686,Mass,Mass,1,False,unico,Quito,False,False,18,891.58
C001687,Cliente 1687,Joven,Joven|PyME,2,True,moda,Quito,False,False,19,414.75
C001688,Cliente 1688,Mass,Mass,1,False,unico,Cuenca,False,False,43,515.76
C001689,Cliente 1689,Affluent,Affluent,1,False,unico,Guayaquil,False,False,46,2154.15
C001690,Cliente 1690,Mass,Mass,1,False,unico,Guayaquil,False,False,31,998.85
C001691,Cliente 1691,Affluent,Affluent,1,False,unico,Quito,False,False,29,1625.04
C001692,Cliente 1692,Mass,Mass,1,False,unico,Guayaquil,False,False,23,559.70
C001693,Cliente 1693,Affluent,Affluent,1,False,unico,Quito,False,False,48,1905.81
C001694,Cliente 1694,Mass,Affluent|Mass,2,True,moda,Manta,False,True,23,1452.77
C001695,Cliente 1695,Joven,Joven,1,False,unico,Guayaquil,False,False,55,937.84
C001696,Cliente 1696,Joven,Joven,1,False,unico,Quito,False,False,32,592.94
C001697,Cliente 1697,Mass,Mass,1,False,unico,Guayaquil,False,False,24,843.40
C001698,Cliente 1698,Affluent,Affluent,1,False,unico,Loja,False,False,43,2614.00
C001699,Cliente 1699,Premium,Premium,1,False,unico,Quito,False,False,24,5861.34
C001700,Cliente 1700,PyME,PyME,1,False,unico,Manta,False,False,33,2933.08
C001701,Cliente 1701,Mass,Mass,1,False,unico,Manta,False,False,39,650.35
C001702,Cliente 1702,Affluent,Affluent,1,False,unico,Quito,False,True,35,2437.35
C001703,Cliente 1703,Premium,Premium,1,False,unico,Manta,False,False,34,3762.88
C001704,Cliente 1704,Mass,Mass,1,False,unico,Quito,False,False,32,643.83
C001705,Cliente 1705,Mass,Mass,1,False,unico,Quito,False,False,29,731.92
C001706,Cliente 1706,Affluent,Affluent,1,False,unico,Cuenca,False,False,66,2178.44
C001707,Cliente 1707,Joven,Joven,1,False,unico,Quito,False,False,42,897.74
C001708,Cliente 1708,Mass,Mass,1,False,unico,Guayaquil,False,False,32,1202.49
C001709,Cliente 1709,Mass,Mass,1,False,unico,Ambato,False,True,48,1165.92
C001710,Cliente 1710,Mass,Mass,1,False,unico,Quito,False,False,37,1053.11
C001711,Cliente 1711,Premium,Premium,1,False,unico,Loja,False,True,36,3569.95
C001712,Cliente 1712,Premium,Premium,1,False,unico,Guayaquil,False,True,23,2896.76
C001713,Cliente 1713,Premium,Premium,1,False,unico,Guayaquil,False,False,27,5406.70
C001714,Cliente 1714,Mass,Mass,1,False,unico,Ambato,False,False,46,851.86
C001715,Cliente 1715,Mass,Mass,1,False,unico,Quito,False,False,36,790.28
C001716,Cliente 1716,Mass,Mass,1,False,unico,Guayaquil,False,False,51,590.73
C001717,Cliente 1717,Premium,Premium,1,False,unico,Guayaquil,False,False,32,8806.30
C001718,Cliente 1718,Mass,Mass,1,False,unico,Cuenca,False,True,42,662.20
C001719,Cliente 1719,Joven,Joven,1,False,unico,Quito,False,False,50,766.95
C001720,Cliente 1720,Mass,Mass,1,False,unico,Manta,False,False,29,1420.52
C001721,Cliente 1721,Premium,Premium,1,False,unico,Quito,False,False,48,7234.76
C001722,Cliente 1722,Mass,Mass,1,False,unico,Quito,False,True,18,683.18
C001723,Cliente 1723,Mass,Mass,1,False,unico,Guayaquil,False,False,42,1085.37
C001724,Cliente 1724,Mass,Mass,1,False,unico,Quito,False,False,26,1025.83
C001725,Cliente 1725,Mass,Mass,1,False,unico,Quito,False,False,49,1048.50
C001726,Cliente 1726,Mass,Mass,1,False,unico,Ambato,False,False,37,828.19
C001727,Cliente 1727,Mass,Mass,1,False,unico,Cuenca,False,True,22,882.05
C001728,Cliente 1728,Mass,Mass,1,False,unico,Manta,False,False,58,794.96
C001729,Cliente 1729,Affluent,Affluent,1,False,unico,Quito,False,False,44,2800.95
C001730,Cliente 1730,Mass,Mass,1,False,unico,Quito,False,False,47,578.08
C001731,Cliente 1731,Premium,Mass|Premium,2,True,moda,Cuenca,False,False,34,2847.29
C001732,Cliente 1732,Mass,Mass,1,False,unico,Cuenca,False,False,32,798.34
C001733,Cliente 1733,Premium,Premium,1,False,unico,Quito,False,False,27,6102.53
C001734,Cliente 1734,PyME,Affluent|PyME,2,True,moda,Quito,False,True,43,1477.21
C001735,Cliente 1735,Mass,Mass,1,False,unico,Quito,False,False,47,593.18
C001736,Cliente 1736,Mass,Mass,1,False,unico,Ambato,False,False,41,2162.86
C001737,Cliente 1737,Premium,Premium,1,False,unico,Guayaquil,False,False,18,6709.71
C001738,Cliente 1738,Joven,Joven,1,False,unico,Guayaquil,False,True,35,718.84
C001739,Cliente 1739,Affluent,Affluent|PyME,2,True,moda,Manta,False,False,30,1389.25
C001740,Cliente 1740,Premium,Premium,1,False,unico,Quito,False,False,32,4960.06
C001741,Cliente 1741,PyME,PyME,1,False,unico,Cuenca,False,False,39,2398.95
C001742,Cliente 1742,Joven,Joven,1,False,unico,Quito,False,False,59,1071.82
C001743,Cliente 1743,PyME,PyME,1,False,unico,Quito,False,False,36,2405.61
C001744,Cliente 1744,Joven,Joven,1,False,unico,Cuenca,False,False,26,892.33
C001745,Cliente 1745,Mass,Mass,1,False,unico,Quito,False,False,46,602.81
C001746,Cliente 1746,PyME,PyME,1,False,unico,Manta,False,False,49,1281.44
C001747,Cliente 1747,Mass,Mass,1,False,unico,Guayaquil,False,False,34,1244.50
C001748,Cliente 1748,Mass,Mass,1,False,unico,Quito,False,False,40,527.84
C001749,Cliente 1749,Affluent,Affluent,1,False,unico,Quito,False,False,46,2540.07
C001750,Cliente 1750,Mass,Mass,1,False,unico,Cuenca,False,False,46,615.37
C001751,Cliente 1751,Premium,Premium,1,False,unico,Loja,False,False,27,5392.29
C001752,Cliente 1752,PyME,PyME,1,False,unico,Guayaquil,False,False,43,2353.40
C001753,Cliente 1753,Premium,Premium,1,False,unico,Guayaquil,False,True,27,3898.70
C001754,Cliente 1754,Mass,Affluent|Mass,2,True,moda,Guayaquil,False,False,41,646.46
C001755,Cliente 1755,Mass,Mass,1,False,unico,Loja,False,False,46,2462.35
C001756,Cliente 1756,Mass,Mass,1,False,unico,Quito,False,False,30,1468.03
C001757,Cliente 1757,PyME,PyME,1,False,unico,Quito,False,False,62,3420.50
C001758,Cliente 1758,Affluent,Affluent,1,False,unico,Quito,False,False,35,3670.94
C001759,Cliente 1759,PyME,Joven|PyME,2,True,moda,Cuenca,False,True,33,3047.98
C001760,Cliente 1760,Affluent,Affluent,1,False,unico,Quito,False,False,41,4465.65
C001761,Cliente 1761,Mass,Mass,1,False,unico,Guayaquil,False,False,45,710.39
C001762,Cliente 1762,Mass,Mass,1,False,unico,Quito,False,True,51,887.19
C001763,Cliente 1763,PyME,PyME,1,False,unico,Guayaquil,False,True,18,3464.76
C001764,Cliente 1764,Mass,Mass,1,False,unico,Ambato,False,False,37,1408.61
C001765,Cliente 1765,Mass,Mass,1,False,unico,Guayaquil,False,False,18,1912.95
C001766,Cliente 1766,Mass,Joven|Mass,2,True,moda,Manta,False,False,70,877.84
C001767,Cliente 1767,PyME,PyME,1,False,unico,Guayaquil,False,False,43,2688.47
C001768,Cliente 1768,Mass,Mass,1,False,unico,Quito,False,False,37,871.36
C001769,Cliente 1769,Premium,Premium,1,False,unico,Ambato,False,True,43,5077.58
C001770,Cliente 1770,Affluent,Affluent,1,False,unico,Guayaquil,False,False,53,2449.09
C001771,Cliente 1771,Joven,Joven,1,False,unico,Quito,False,False,44,858.05
C001772,Cliente 1772,Mass,Mass,1,False,unico,Guayaquil,False,False,48,997.34
C001773,Cliente 1773,Affluent,Affluent,1,False,unico,Cuenca,False,True,74,3214.41
C001774,Cliente 1774,Affluent,Affluent,1,False,unico,Cuenca,False,False,43,1543.99
C001775,Cliente 1775,Premium,Premium,1,False,unico,Cuenca,False,False,43,4433.01
C001776,Cliente 1776,Mass,Mass,1,False,unico,Manta,False,False,26,660.70
C001777,Cliente 1777,Mass,Mass,1,False,unico,Loja,False,False,57,793.43
C001778,Cliente 1778,Mass,Mass,1,False,unico,Quito,False,False,29,785.63
C001779,Cliente 1779,Affluent,Affluent,1,False,unico,Quito,False,False,21,2197.43
C001780,Cliente 1780,Affluent,Affluent,1,False,unico,Quito,False,False,51,3527.59
C001781,Cliente 1781,Premium,Premium,1,False,unico,Guayaquil,False,False,50,2507.99
C001782,Cliente 1782,Premium,Premium,1,False,unico,Loja,False,False,50,3131.30
C001783,Cliente 1783,Mass,Mass,1,False,unico,Guayaquil,False,False,41,1221.00
C001784,Cliente 1784,Mass,Mass,1,False,unico,Guayaquil,False,False,18,583.21
C001785,Cliente 1785,Affluent,Affluent|PyME,2,True,moda,Cuenca,False,False,34,1097.42
C001786,Cliente 1786,Affluent,Affluent,1,False,unico,Quito,False,True,51,1495.64
C001787,Cliente 1787,PyME,Mass|PyME,2,True,moda,Guayaquil,False,False,59,2503.38
C001788,Cliente 1788,Mass,Mass,1,False,unico,Guayaquil,False,False,47,762.63
C001789,Cliente 1789,Premium,Premium,1,False,unico,Guayaquil,False,False,33,3692.32
C001790,Cliente 1790,Affluent,Affluent,1,False,unico,Manta,False,False,24,2497.89
C001791,Cliente 1791,Affluent,Affluent,1,False,unico,Quito,False,False,40,963.79
C001792,Cliente 1792,Affluent,Affluent,1,False,unico,Quito,False,False,21,2103.48
C001793,Cliente 1793,Mass,Mass,1,False,unico,Guayaquil,False,False,44,636.16
C001794,Cliente 1794,Mass,Mass,1,False,unico,Cuenca,False,False,19,909.85
C001795,Cliente 1795,Mass,Mass,1,False,unico,Quito,False,False,50,1151.27
C001796,Cliente 1796,Joven,Joven,1,False,unico,Guayaquil,False,False,58,732.60
C001797,Cliente 1797,Mass,Joven|Mass,2,True,moda,Ambato,False,False,34,773.18
C001798,Cliente 1798,Joven,Joven,1,False,unico,Guayaquil,False,False,60,692.35
C001799,Cliente 1799,Mass,Mass,1,False,unico,Cuenca,False,False,28,597.70
C001800,Cliente 1800,Mass,Mass,1,False,unico,Manta,False,False,30,988.42
C001801,Cliente 1801,Mass,Mass,1,False,unico,Quito,False,False,29,762.96
C001802,Cliente 1802,Joven,Joven,1,False,unico,Quito,False,False,42,1094.32
C001803,Cliente 1803,PyME,PyME,1,False,unico,Guayaquil,False,False,20,3533.24
C001804,Cliente 1804,Affluent,Affluent,1,False,unico,Guayaquil,False,False,18,2547.55
C001805,Cliente 1805,Affluent,Affluent,1,False,unico,Guayaquil,False,False,53,1731.55
C001806,Cliente 1806,Mass,Mass,1,False,unico,Guayaquil,False,False,45,655.98
C001807,Cliente 1807,Mass,Mass,1,False,unico,Guayaquil,False,False,50,854.44
C001808,Cliente 1808,Premium,Joven|Premium,2,True,moda,Quito,False,False,18,3833.19
C001809,Cliente 1809,Affluent,Affluent,1,False,unico,Quito,False,False,42,2295.86
C001810,Cliente 1810,Mass,Mass,1,False,unico,Guayaquil,False,False,43,1183.72
C001811,Cliente 1811,Affluent,Affluent,1,False,unico,Loja,False,False,51,1883.30
C001812,Cliente 1812,Mass,Mass,1,False,unico,Guayaquil,False,False,28,442.90
C001813,Cliente 1813,Joven,Joven,1,False,unico,Quito,False,False,48,1172.55
C001814,Cliente 1814,Mass,Mass,1,False,unico,Manta,False,False,24,615.89
C001815,Cliente 1815,Premium,Premium,1,False,unico,Guayaquil,False,False,45,4682.68
C001816,Cliente 1816,Premium,Premium,1,False,unico,Ambato,False,False,47,4787.17
C001817,Cliente 1817,Mass,Mass,1,False,unico,Guayaquil,False,False,45,781.86
C001818,Cliente 1818,Mass,Mass|PyME,2,True,moda,Guayaquil,False,True,44,716.61
C001819,Cliente 1819,Mass,Mass,1,False,unico,Quito,False,False,47,932.49
C001820,Cliente 1820,PyME,PyME,1,False,unico,Quito,False,False,37,1935.72
C001821,Cliente 1821,PyME,PyME,1,False,unico,Cuenca,False,False,40,3537.27
C001822,Cliente 1822,Mass,Mass,1,False,unico,Cuenca,False,False,19,927.32
C001823,Cliente 1823,Joven,Joven,1,False,unico,Guayaquil,False,False,45,492.02
C001824,Cliente 1824,Affluent,Affluent|PyME,2,True,moda,Quito,False,False,18,1315.82
C001825,Cliente 1825,Mass,Mass,1,False,unico,Manta,False,False,48,1057.63
C001826,Cliente 1826,Affluent,Affluent,1,False,unico,Guayaquil,False,False,50,2470.87
C001827,Cliente 1827,PyME,PyME,1,False,unico,Quito,False,True,46,1911.00
C001828,Cliente 1828,Mass,Mass,1,False,unico,Cuenca,False,False,36,819.32
C001829,Cliente 1829,Mass,Mass,1,False,unico,Manta,False,False,30,845.80
C001830,Cliente 1830,Mass,Mass,1,False,unico,Quito,False,False,29,1387.32
C001831,Cliente 1831,Joven,Joven,1,False,unico,Guayaquil,False,False,33,531.30
C001832,Cliente 1832,Mass,Mass|Premium,2,True,moda,Quito,False,False,47,951.19
C001833,Cliente 1833,PyME,PyME,1,False,unico,Guayaquil,False,False,22,6267.12
C001834,Cliente 1834,PyME,PyME,1,False,unico,Quito,False,False,40,2512.63
C001835,Cliente 1835,Mass,Mass,1,False,unico,Quito,False,False,19,517.08
C001836,Cliente 1836,Affluent,Affluent,1,False,unico,Cuenca,False,False,40,1810.83
C001837,Cliente 1837,PyME,Affluent|PyME,2,True,moda,Guayaquil,False,False,32,3113.53
C001838,Cliente 1838,Mass,Mass,1,False,unico,Guayaquil,False,False,30,705.01
C001839,Cliente 1839,Mass,Mass,1,False,unico,Manta,False,False,48,1661.06
C001840,Cliente 1840,Mass,Mass,1,False,unico,Guayaquil,False,False,28,798.04
C001841,Cliente 1841,Mass,Mass,1,False,unico,Guayaquil,False,False,32,1004.26
C001842,Cliente 1842,Mass,Mass,1,False,unico,Quito,False,False,18,989.25
C001843,Cliente 1843,Joven,Joven,1,False,unico,Quito,False,False,40,755.57
C001844,Cliente 1844,Affluent,Affluent,1,False,unico,Guayaquil,False,False,55,3045.11
C001845,Cliente 1845,Mass,Mass,1,False,unico,Quito,False,False,18,1235.47
C001846,Cliente 1846,Mass,Mass,1,False,unico,Ambato,False,False,50,829.13
C001847,Cliente 1847,Premium,Premium,1,False,unico,Quito,False,False,45,3650.34
C001848,Cliente 1848,Premium,Premium,1,False,unico,Guayaquil,False,False,46,3037.26
C001849,Cliente 1849,Mass,Mass,1,False,unico,Loja,False,False,34,529.01
C001850,Cliente 1850,Mass,Mass,1,False,unico,Guayaquil,False,False,61,627.38
C001851,Cliente 1851,Affluent,Affluent,1,False,unico,Quito,False,False,45,2529.15
C001852,Cliente 1852,PyME,PyME,1,False,unico,Quito,False,False,41,2706.31
C001853,Cliente 1853,Mass,Mass,1,False,unico,Guayaquil,False,False,38,556.68
C001854,Cliente 1854,PyME,PyME,1,False,unico,Manta,False,False,36,4009.66
C001855,Cliente 1855,Joven,Joven,1,False,unico,Quito,False,False,33,763.54
C001856,Cliente 1856,Mass,Mass,1,False,unico,Ambato,False,False,19,1061.78
C001857,Cliente 1857,Mass,Mass,1,False,unico,Guayaquil,False,False,44,888.12
C001858,Cliente 1858,Mass,Mass,1,False,unico,Quito,False,False,24,2390.24
C001859,Cliente 1859,Mass,Mass,1,False,unico,Cuenca,False,False,28,659.51
C001860,Cliente 1860,Mass,Mass,1,False,unico,Quito,False,False,31,682.75
C001861,Cliente 1861,Affluent,Affluent,1,False,unico,Cuenca,False,False,41,1924.51
C001862,Cliente 1862,Joven,Joven,1,False,unico,Ambato,False,False,64,681.23
C001863,Cliente 1863,Joven,Joven,1,False,unico,Quito,False,False,72,557.23
C001864,Cliente 1864,Premium,Premium,1,False,unico,Ambato,False,True,43,3643.47
C001865,Cliente 1865,Affluent,Affluent,1,False,unico,Guayaquil,False,False,30,2813.92
C001866,Cliente 1866,Affluent,Affluent,1,False,unico,Quito,False,False,42,1648.48
C001867,Cliente 1867,Joven,Joven,1,False,unico,Guayaquil,False,False,40,587.81
C001868,Cliente 1868,Mass,Mass,1,False,unico,Guayaquil,False,False,40,1605.30
C001869,Cliente 1869,Premium,Affluent|Joven|Premium,3,True,moda,Guayaquil,False,False,40,4413.31
C001870,Cliente 1870,Affluent,Affluent,1,False,unico,Loja,False,False,20,2595.35
C001871,Cliente 1871,Affluent,Affluent,1,False,unico,Cuenca,False,True,45,1392.55
C001872,Cliente 1872,Mass,Mass|Premium,2,True,moda,Ambato,False,False,44,992.05
C001873,Cliente 1873,Affluent,Affluent,1,False,unico,Guayaquil,False,False,47,2115.24
C001874,Cliente 1874,Joven,Joven,1,False,unico,Manta,False,False,64,780.14
C001875,Cliente 1875,Affluent,Affluent|Premium,2,True,moda,Quito,False,False,39,2801.77
C001876,Cliente 1876,Mass,Mass,1,False,unico,Guayaquil,False,False,37,761.95
C001877,Cliente 1877,PyME,PyME,1,False,unico,Guayaquil,False,False,41,8297.84
C001878,Cliente 1878,Mass,Mass,1,False,unico,Manta,False,False,63,1667.96
C001879,Cliente 1879,Mass,Mass,1,False,unico,Loja,False,False,39,1401.53
C001880,Cliente 1880,Mass,Mass,1,False,unico,Quito,False,False,36,690.97
C001881,Cliente 1881,PyME,PyME,1,False,unico,Loja,False,False,62,4609.84
C001882,Cliente 1882,Mass,Joven|Mass,2,True,moda,Cuenca,False,True,33,572.49
C001883,Cliente 1883,Mass,Mass,1,False,unico,Manta,False,False,34,488.28
C001884,Cliente 1884,PyME,PyME,1,False,unico,Guayaquil,False,True,20,3923.69
C001885,Cliente 1885,Joven,Joven,1,False,unico,Manta,False,False,41,829.99
C001886,Cliente 1886,Mass,Mass,1,False,unico,Guayaquil,False,False,56,1266.60
C001887,Cliente 1887,Mass,Mass,1,False,unico,Quito,False,False,45,1419.54
C001888,Cliente 1888,Joven,Joven,1,False,unico,Quito,False,True,31,431.91
C001889,Cliente 1889,Mass,Mass,1,False,unico,Quito,False,False,23,1637.06
C001890,Cliente 1890,Premium,Premium,1,False,unico,Guayaquil,False,False,38,3170.54
C001891,Cliente 1891,Premium,Premium,1,False,unico,Quito,False,False,34,5249.95
C001892,Cliente 1892,Mass,Mass,1,False,unico,Quito,False,False,45,350.00
C001893,Cliente 1893,Mass,Mass,1,False,unico,Loja,False,False,41,1117.13
C001894,Cliente 1894,Affluent,Affluent|PyME,2,True,moda,Quito,False,False,53,1805.25
C001895,Cliente 1895,Premium,Premium,1,False,unico,Manta,False,False,33,1999.43
C001896,Cliente 1896,Mass,Mass,1,False,unico,Manta,False,False,49,1054.59
C001897,Cliente 1897,Affluent,Affluent,1,False,unico,Quito,False,False,42,1372.11
C001898,Cliente 1898,Mass,Mass,1,False,unico,Cuenca,False,False,47,1417.26
C001899,Cliente 1899,Mass,Mass,1,False,unico,Guayaquil,False,False,32,945.16
C001900,Cliente 1900,Mass,Mass,1,False,unico,Guayaquil,False,False,30,945.68
C001901,Cliente 1901,Premium,Premium|PyME,2,True,moda,Cuenca,False,False,67,4831.38
C001902,Cliente 1902,Affluent,Affluent,1,False,unico,Guayaquil,False,False,34,1895.62
C001903,Cliente 1903,Affluent,Affluent,1,False,unico,Cuenca,False,False,30,2202.31
C001904,Cliente 1904,Mass,Mass,1,False,unico,Guayaquil,False,False,33,722.77
C001905,Cliente 1905,Affluent,Affluent,1,False,unico,Guayaquil,False,True,37,2954.87
C001906,Cliente 1906,Affluent,Affluent,1,False,unico,Manta,False,False,22,1077.10
C001907,Cliente 1907,Joven,Joven,1,False,unico,Manta,False,False,32,434.63
C001908,Cliente 1908,Mass,Mass,1,False,unico,Quito,False,False,50,1109.08
C001909,Cliente 1909,Affluent,Affluent,1,False,unico,Guayaquil,False,False,37,2385.58
C001910,Cliente 1910,Premium,Premium,1,False,unico,Quito,False,False,61,4154.87
C001911,Cliente 1911,Premium,Premium,1,False,unico,Quito,False,False,38,4813.46
C001912,Cliente 1912,Mass,Mass,1,False,unico,Quito,False,False,35,718.03
C001913,Cliente 1913,Joven,Joven,1,False,unico,Guayaquil,False,False,18,528.08
C001914,Cliente 1914,Mass,Mass,1,False,unico,Guayaquil,False,False,39,922.92
C001915,Cliente 1915,Premium,Premium,1,False,unico,Quito,False,False,64,4633.90
C001916,Cliente 1916,Joven,Joven,1,False,unico,Quito,False,False,45,756.48
C001917,Cliente 1917,Premium,Premium,1,False,unico,Manta,False,True,41,16177.54
C001918,Cliente 1918,Affluent,Affluent,1,False,unico,Cuenca,False,True,44,1318.00
C001919,Cliente 1919,PyME,PyME,1,False,unico,Cuenca,False,False,57,3404.62
C001920,Cliente 1920,Mass,Mass,1,False,unico,Guayaquil,False,False,39,1632.76
C001921,Cliente 1921,Mass,Mass,1,False,unico,Guayaquil,False,False,23,665.21
C001922,Cliente 1922,Mass,Mass,1,False,unico,Guayaquil,False,False,51,698.89
C001923,Cliente 1923,Joven,Joven,1,False,unico,Cuenca,False,False,39,1319.34
C001924,Cliente 1924,Joven,Joven,1,False,unico,Ambato,False,False,25,379.74
C001925,Cliente 1925,Premium,Premium,1,False,unico,Cuenca,False,False,25,5764.11
C001926,Cliente 1926,Joven,Joven,1,False,unico,Cuenca,False,False,36,1028.86
C001927,Cliente 1927,Mass,Mass,1,False,unico,Ambato,False,False,34,1414.32
C001928,Cliente 1928,Mass,Mass,1,False,unico,Cuenca,False,False,41,847.45
C001929,Cliente 1929,Joven,Joven,1,False,unico,Guayaquil,False,False,18,427.16
C001930,Cliente 1930,Mass,Mass,1,False,unico,Guayaquil,False,False,53,915.69
C001931,Cliente 1931,Mass,Mass,1,False,unico,Guayaquil,False,False,27,650.20
C001932,Cliente 1932,Premium,Mass|Premium,2,True,moda,Quito,False,True,44,6990.24
C001933,Cliente 1933,Mass,Mass,1,False,unico,Loja,False,False,36,887.42
C001934,Cliente 1934,Mass,Mass,1,False,unico,Quito,False,True,25,702.23
C001935,Cliente 1935,Mass,Mass,1,False,unico,Cuenca,False,False,18,889.13
C001936,Cliente 1936,Premium,Premium,1,False,unico,Quito,False,False,22,3801.20
C001937,Cliente 1937,Mass,Mass,1,False,unico,Cuenca,False,False,45,678.24
C001938,Cliente 1938,Mass,Mass,1,False,unico,Guayaquil,False,False,35,616.42
C001939,Cliente 1939,Mass,Mass,1,False,unico,Guayaquil,False,False,18,616.40
C001940,Cliente 1940,Mass,Mass,1,False,unico,Quito,False,False,30,526.18
C001941,Cliente 1941,Joven,Joven,1,False,unico,Guayaquil,False,False,42,984.08
C001942,Cliente 1942,Affluent,Affluent|Mass,2,True,moda,Manta,False,False,61,3357.44
C001943,Cliente 1943,PyME,PyME,1,False,unico,Guayaquil,False,False,33,1920.72
C001944,Cliente 1944,Mass,Mass,1,False,unico,Quito,False,True,37,1281.13
C001945,Cliente 1945,Mass,Mass,1,False,unico,Quito,False,False,22,1244.89
C001946,Cliente 1946,Affluent,Affluent,1,False,unico,Ambato,False,False,40,3059.94
C001947,Cliente 1947,Mass,Mass,1,False,unico,Guayaquil,False,False,30,1204.19
C001948,Cliente 1948,Joven,Joven|Premium,2,True,moda,Quito,False,False,43,432.69
C001949,Cliente 1949,Mass,Mass,1,False,unico,Quito,False,False,33,582.27
C001950,Cliente 1950,Mass,Mass,1,False,unico,Quito,False,False,18,1139.09
C001951,Cliente 1951,Mass,Mass,1,False,unico,Guayaquil,False,False,35,1236.78
C001952,Cliente 1952,Affluent,Affluent,1,False,unico,Guayaquil,False,False,44,2545.81
C001953,Cliente 1953,PyME,PyME,1,False,unico,Guayaquil,False,False,29,1720.58
C001954,Cliente 1954,Mass,Mass,1,False,unico,Guayaquil,False,False,36,485.26
C001955,Cliente 1955,Joven,Joven,1,False,unico,Guayaquil,False,False,38,777.98
C001956,Cliente 1956,Mass,Mass|Premium,2,True,moda,Cuenca,False,False,30,919.60
C001957,Cliente 1957,Mass,Mass,1,False,unico,Guayaquil,False,False,45,928.10
C001958,Cliente 1958,Mass,Mass,1,False,unico,Quito,False,False,37,525.11
C001959,Cliente 1959,Mass,Mass,1,False,unico,Guayaquil,False,False,48,799.09
C001960,Cliente 1960,Affluent,Affluent,1,False,unico,Guayaquil,False,True,29,2811.97
C001961,Cliente 1961,Premium,Premium,1,False,unico,Ambato,False,False,32,8640.44
C001962,Cliente 1962,Mass,Mass,1,False,unico,Guayaquil,False,False,29,841.15
C001963,Cliente 1963,Mass,Mass,1,False,unico,Guayaquil,False,False,32,736.51
C001964,Cliente 1964,Mass,Mass,1,False,unico,Guayaquil,False,False,39,1577.93
C001965,Cliente 1965,Premium,Premium,1,False,unico,Quito,False,False,44,3106.87
C001966,Cliente 1966,PyME,PyME,1,False,unico,Guayaquil,False,False,34,3805.86
C001967,Cliente 1967,Mass,Mass,1,False,unico,Ambato,False,False,30,947.49
C001968,Cliente 1968,Mass,Mass,1,False,unico,Quito,False,False,44,1315.13
C001969,Cliente 1969,Affluent,Affluent,1,False,unico,Guayaquil,False,False,31,2124.88
C001970,Cliente 1970,Mass,Mass,1,False,unico,Guayaquil,False,False,41,525.36
C001971,Cliente 1971,Affluent,Affluent,1,False,unico,Guayaquil,False,False,18,2343.82
C001972,Cliente 1972,Premium,Premium,1,False,unico,Quito,False,False,54,3101.76
C001973,Cliente 1973,Premium,Premium,1,False,unico,Quito,False,False,45,3880.35
C001974,Cliente 1974,Mass,Mass,1,False,unico,Cuenca,False,False,30,1232.16
C001975,Cliente 1975,Mass,Mass,1,False,unico,Guayaquil,False,False,32,715.81
C001976,Cliente 1976,Mass,Mass,1,False,unico,Quito,False,False,28,858.11
C001977,Cliente 1977,Premium,Premium,1,False,unico,Loja,False,False,47,2896.70
C001978,Cliente 1978,Mass,Mass,1,False,unico,Guayaquil,False,False,43,943.00
C001979,Cliente 1979,Premium,Premium,1,False,unico,Manta,False,False,27,3566.31
C001980,Cliente 1980,Mass,Mass,1,False,unico,Guayaquil,False,True,38,985.92
C001981,Cliente 1981,PyME,Mass|PyME,2,True,moda,Cuenca,False,False,36,2676.62
C001982,Cliente 1982,Mass,Mass,1,False,unico,Guayaquil,False,False,18,578.92
C001983,Cliente 1983,Joven,Joven,1,False,unico,Quito,False,False,58,822.01
C001984,Cliente 1984,Mass,Mass,1,False,unico,Ambato,False,False,50,675.09
C001985,Cliente 1985,PyME,PyME,1,False,unico,Quito,False,False,29,1426.59
C001986,Cliente 1986,Premium,Premium,1,False,unico,Quito,False,False,30,3202.45
C001987,Cliente 1987,Mass,Mass|PyME,2,True,moda,Quito,False,False,18,903.40
C001988,Cliente 1988,Affluent,Affluent,1,False,unico,Quito,False,False,32,1944.13
C001989,Cliente 1989,Mass,Mass,1,False,unico,Quito,False,False,39,1414.74
C001990,Cliente 1990,Affluent,Affluent,1,False,unico,Quito,False,False,30,1306.68
C001991,Cliente 1991,Mass,Mass,1,False,unico,Guayaquil,False,False,50,1568.30
C001992,Cliente 1992,Joven,Joven,1,False,unico,Guayaquil,False,False,37,893.31
C001993,Cliente 1993,PyME,PyME,1,False,unico,Quito,False,False,25,1556.54
C001994,Cliente 1994,Mass,Mass|Premium,2,True,moda,Quito,False,False,24,680.06
C001995,Cliente 1995,Mass,Mass,1,False,unico,Loja,False,False,54,749.89
C001996,Cliente 1996,Mass,Mass,1,False,unico,Ambato,False,False,30,758.15
C001997,Cliente 1997,Mass,Mass,1,False,unico,Manta,False,False,39,1204.94
C001998,Cliente 1998,Mass,Mass,1,False,unico,Loja,False,False,18,820.95
C001999,Cliente 1999,Affluent,Affluent,1,False,unico,Guayaquil,False,False,46,2835.18
C002000,Cliente 2000,Joven,Joven,1,False,unico,Cuenca,False,False,35,597.59
C002001,Cliente 2001,Affluent,Affluent,1,False,unico,Quito,False,False,52,2435.69
C002002,Cliente 2002,Premium,Premium,1,False,unico,Ambato,False,False,28,6087.11
C002003,Cliente 2003,Affluent,Affluent,1,False,unico,Quito,False,False,26,4172.25
C002004,Cliente 2004,PyME,PyME,1,False,unico,Cuenca,False,False,44,1222.08
C002005,Cliente 2005,Mass,Mass,1,False,unico,Loja,False,False,56,612.95
C002006,Cliente 2006,Affluent,Affluent|Mass,2,True,moda,Loja,False,False,38,2317.60
C002007,Cliente 2007,Mass,Mass,1,False,unico,Guayaquil,False,False,56,1308.15
C002008,Cliente 2008,Mass,Mass,1,False,unico,Guayaquil,False,False,23,632.52
C002009,Cliente 2009,Joven,Joven,1,False,unico,Quito,False,False,28,706.71
C002010,Cliente 2010,Premium,Premium,1,False,unico,Ambato,False,False,35,4058.22
C002011,Cliente 2011,Mass,Mass,1,False,unico,Guayaquil,False,False,37,1062.10
C002012,Cliente 2012,PyME,PyME,1,False,unico,Guayaquil,False,False,32,2705.32
C002013,Cliente 2013,Affluent,Affluent,1,False,unico,Quito,False,False,18,1416.00
C002014,Cliente 2014,Mass,Mass,1,False,unico,Guayaquil,False,False,39,1237.40
C002015,Cliente 2015,Mass,Mass,1,False,unico,Guayaquil,False,False,40,1303.58
C002016,Cliente 2016,Mass,Mass,1,False,unico,Manta,False,False,18,1704.99
C002017,Cliente 2017,Premium,Premium,1,False,unico,Quito,False,False,38,2028.50
C002018,Cliente 2018,Affluent,Affluent|Joven,2,True,moda,Quito,False,False,40,2238.02
C002019,Cliente 2019,Affluent,Affluent,1,False,unico,Guayaquil,False,False,33,1943.05
C002020,Cliente 2020,Joven,Joven,1,False,unico,Quito,False,False,45,466.57
C002021,Cliente 2021,PyME,PyME,1,False,unico,Quito,False,True,44,1653.92
C002022,Cliente 2022,Affluent,Affluent,1,False,unico,Loja,False,False,56,4003.36
C002023,Cliente 2023,Mass,Mass,1,False,unico,Quito,False,False,56,1432.86
C002024,Cliente 2024,Premium,Premium,1,False,unico,Guayaquil,False,True,18,3386.47
C002025,Cliente 2025,Mass,Mass,1,False,unico,Guayaquil,False,False,40,1181.41
C002026,Cliente 2026,Affluent,Affluent,1,False,unico,Ambato,False,False,39,915.32
C002027,Cliente 2027,Mass,Joven|Mass,2,True,moda,Quito,False,False,47,593.76
C002028,Cliente 2028,PyME,PyME,1,False,unico,Manta,False,False,33,2927.90
C002029,Cliente 2029,PyME,PyME,1,False,unico,Guayaquil,False,False,39,3354.15
C002030,Cliente 2030,Joven,Joven,1,False,unico,Guayaquil,False,False,52,387.28
C002031,Cliente 2031,Joven,Joven,1,False,unico,Manta,False,False,36,379.70
C002032,Cliente 2032,Premium,Premium|PyME,2,True,moda,Cuenca,False,False,33,5783.32
C002033,Cliente 2033,Affluent,Affluent,1,False,unico,Quito,False,False,49,2126.53
C002034,Cliente 2034,Affluent,Affluent,1,False,unico,Guayaquil,False,False,18,1396.32
C002035,Cliente 2035,Affluent,Affluent|Mass,2,True,moda,Cuenca,False,False,37,1615.87
C002036,Cliente 2036,Joven,Joven,1,False,unico,Guayaquil,False,False,58,688.95
C002037,Cliente 2037,Mass,Mass,1,False,unico,Guayaquil,False,False,49,852.66
C002038,Cliente 2038,Affluent,Affluent,1,False,unico,Guayaquil,False,True,20,3149.04
C002039,Cliente 2039,Mass,Mass,1,False,unico,Guayaquil,False,False,61,895.27
C002040,Cliente 2040,PyME,PyME,1,False,unico,Manta,False,False,36,1609.32
C002041,Cliente 2041,Premium,Premium,1,False,unico,Quito,False,False,34,4633.00
C002042,Cliente 2042,PyME,PyME,1,False,unico,Guayaquil,False,False,30,1935.52
C002043,Cliente 2043,Joven,Joven,1,False,unico,Loja,False,False,54,691.95
C002044,Cliente 2044,Mass,Mass,1,False,unico,Cuenca,False,True,60,853.26
C002045,Cliente 2045,Mass,Mass,1,False,unico,Quito,False,False,43,1318.10
C002046,Cliente 2046,Affluent,Affluent,1,False,unico,Guayaquil,False,False,39,1958.40
C002047,Cliente 2047,Premium,Premium,1,False,unico,Guayaquil,False,False,40,4961.24
C002048,Cliente 2048,Premium,Premium|PyME,2,True,moda,Guayaquil,False,True,42,4451.47
C002049,Cliente 2049,Affluent,Affluent|PyME,2,True,moda,Quito,False,False,28,1812.53
C002050,Cliente 2050,Mass,Mass,1,False,unico,Ambato,False,False,40,592.55
C002051,Cliente 2051,Premium,Premium,1,False,unico,Quito,False,False,22,3720.24
C002052,Cliente 2052,PyME,PyME,1,False,unico,Cuenca,False,False,55,2657.23
C002053,Cliente 2053,Affluent,Affluent,1,False,unico,Quito,False,False,46,1759.70
C002054,Cliente 2054,Mass,Mass,1,False,unico,Cuenca,False,False,56,778.43
C002055,Cliente 2055,Premium,Premium,1,False,unico,Guayaquil,False,False,45,5689.03
C002056,Cliente 2056,Mass,Mass,1,False,unico,Guayaquil,False,False,29,1113.41
C002057,Cliente 2057,Mass,Mass,1,False,unico,Loja,False,False,39,1007.56
C002058,Cliente 2058,PyME,PyME,1,False,unico,Loja,False,False,64,4964.99
C002059,Cliente 2059,Mass,Mass,1,False,unico,Quito,False,True,59,514.32
C002060,Cliente 2060,Mass,Mass|PyME,2,True,moda,Quito,False,False,36,671.64
C002061,Cliente 2061,Mass,Mass,1,False,unico,Quito,False,False,45,1212.68
C002062,Cliente 2062,Premium,Premium,1,False,unico,Guayaquil,False,False,49,5442.09
C002063,Cliente 2063,Mass,Mass,1,False,unico,Guayaquil,False,False,31,1283.26
C002064,Cliente 2064,Mass,Mass,1,False,unico,Manta,False,False,54,814.50
C002065,Cliente 2065,Mass,Mass,1,False,unico,Quito,False,False,28,1069.40
C002066,Cliente 2066,Mass,Mass,1,False,unico,Manta,False,False,31,465.61
C002067,Cliente 2067,PyME,PyME,1,False,unico,Ambato,False,False,38,1969.30
C002068,Cliente 2068,Affluent,Affluent,1,False,unico,Guayaquil,False,False,38,1288.45
C002069,Cliente 2069,Mass,Mass,1,False,unico,Manta,False,False,40,961.79
C002070,Cliente 2070,Mass,Mass,1,False,unico,Cuenca,False,False,62,597.28
C002071,Cliente 2071,PyME,PyME,1,False,unico,Quito,False,False,39,3770.29
C002072,Cliente 2072,Premium,Premium,1,False,unico,Guayaquil,False,False,47,2994.21
C002073,Cliente 2073,Mass,Mass,1,False,unico,Manta,False,False,43,1307.53
C002074,Cliente 2074,Affluent,Affluent,1,False,unico,Cuenca,False,False,40,2255.06
C002075,Cliente 2075,Affluent,Affluent,1,False,unico,Guayaquil,False,False,34,1689.56
C002076,Cliente 2076,Affluent,Affluent,1,False,unico,Ambato,False,False,58,2046.20
C002077,Cliente 2077,Mass,Mass,1,False,unico,Guayaquil,False,False,31,710.15
C002078,Cliente 2078,Mass,Mass,1,False,unico,Quito,False,False,37,1083.17
C002079,Cliente 2079,Affluent,Affluent,1,False,unico,Quito,False,False,37,1452.04
C002080,Cliente 2080,Mass,Mass,1,False,unico,Quito,False,False,30,913.43
C002081,Cliente 2081,PyME,PyME,1,False,unico,Guayaquil,False,False,37,2346.30
C002082,Cliente 2082,Mass,Mass,1,False,unico,Loja,False,False,36,565.91
C002083,Cliente 2083,PyME,PyME,1,False,unico,Quito,False,False,18,4060.33
C002084,Cliente 2084,Mass,Mass,1,False,unico,Loja,False,False,25,637.12
C002085,Cliente 2085,Affluent,Affluent,1,False,unico,Guayaquil,False,False,33,2232.71
C002086,Cliente 2086,Mass,Mass,1,False,unico,Ambato,False,False,42,657.01
C002087,Cliente 2087,Mass,Mass,1,False,unico,Guayaquil,False,False,43,1552.37
C002088,Cliente 2088,Premium,Premium,1,False,unico,Quito,False,False,62,5256.47
C002089,Cliente 2089,Affluent,Affluent,1,False,unico,Cuenca,False,False,49,1784.84
C002090,Cliente 2090,Mass,Mass,1,False,unico,Guayaquil,False,False,41,612.33
C002091,Cliente 2091,Mass,Mass,1,False,unico,Guayaquil,False,False,43,676.82
C002092,Cliente 2092,Mass,Mass,1,False,unico,Manta,False,False,23,778.29
C002093,Cliente 2093,Affluent,Affluent,1,False,unico,Quito,False,False,30,1882.98
C002094,Cliente 2094,Mass,Mass,1,False,unico,Cuenca,False,False,31,1238.08
C002095,Cliente 2095,Premium,Premium,1,False,unico,Guayaquil,False,False,41,2281.81
C002096,Cliente 2096,Mass,Mass,1,False,unico,Cuenca,False,False,54,1265.15
C002097,Cliente 2097,Mass,Mass|Premium,2,True,moda,Guayaquil,False,False,52,1556.21
C002098,Cliente 2098,Mass,Affluent|Mass,2,True,moda,Cuenca,False,True,40,1622.23
C002099,Cliente 2099,Affluent,Affluent,1,False,unico,Quito,False,False,26,2147.60
C002100,Cliente 2100,Mass,Mass,1,False,unico,Quito,False,False,57,1282.60
C002101,Cliente 2101,Mass,Mass,1,False,unico,Guayaquil,False,False,30,944.02
C002102,Cliente 2102,Mass,Mass,1,False,unico,Guayaquil,False,False,55,797.92
C002103,Cliente 2103,Affluent,Affluent|Mass,2,True,moda_desempate_recencia,Cuenca,False,False,37,2223.20
C002104,Cliente 2104,Affluent,Affluent,1,False,unico,Manta,False,False,38,3614.19
C002105,Cliente 2105,Premium,Premium|PyME,2,True,moda,Quito,False,False,26,3953.28
C002106,Cliente 2106,PyME,PyME,1,False,unico,Loja,False,False,41,3169.37
C002107,Cliente 2107,Mass,Mass,1,False,unico,Guayaquil,False,False,41,803.69
C002108,Cliente 2108,Mass,Mass,1,False,unico,Loja,False,False,30,662.41
C002109,Cliente 2109,Mass,Mass,1,False,unico,Guayaquil,False,False,35,1193.12
C002110,Cliente 2110,Affluent,Affluent,1,False,unico,Loja,False,False,26,1730.00
C002111,Cliente 2111,Premium,Premium,1,False,unico,Guayaquil,False,False,42,3325.71
C002112,Cliente 2112,Mass,Mass,1,False,unico,Quito,False,False,43,945.21
C002113,Cliente 2113,PyME,PyME,1,False,unico,Guayaquil,False,False,42,2592.00
C002114,Cliente 2114,Mass,Mass,1,False,unico,Guayaquil,False,False,28,588.17
C002115,Cliente 2115,Joven,Joven,1,False,unico,Guayaquil,False,False,18,703.16
C002116,Cliente 2116,PyME,PyME,1,False,unico,Guayaquil,False,True,30,4839.20
C002117,Cliente 2117,PyME,PyME,1,False,unico,Cuenca,False,False,18,3367.17
C002118,Cliente 2118,Mass,Mass,1,False,unico,Cuenca,False,False,30,666.41
C002119,Cliente 2119,Mass,Mass,1,False,unico,Ambato,False,False,55,895.50
C002120,Cliente 2120,Mass,Mass,1,False,unico,Manta,False,False,66,1093.13
C002121,Cliente 2121,Mass,Mass,1,False,unico,Quito,False,False,54,1593.00
C002122,Cliente 2122,Affluent,Affluent,1,False,unico,Ambato,False,False,18,1380.06
C002123,Cliente 2123,Mass,Mass,1,False,unico,Quito,False,False,35,714.52
C002124,Cliente 2124,Joven,Joven,1,False,unico,Guayaquil,False,False,29,703.08
C002125,Cliente 2125,PyME,PyME,1,False,unico,Manta,False,False,40,2420.55
C002126,Cliente 2126,Affluent,Affluent,1,False,unico,Guayaquil,False,False,31,2710.74
C002127,Cliente 2127,Affluent,Affluent,1,False,unico,Ambato,False,True,51,2537.48
C002128,Cliente 2128,Affluent,Affluent,1,False,unico,Guayaquil,False,False,39,2603.11
C002129,Cliente 2129,Mass,Mass,1,False,unico,Quito,False,False,18,1380.28
C002130,Cliente 2130,Affluent,Affluent,1,False,unico,Quito,False,False,44,2515.12
C002131,Cliente 2131,Premium,Premium,1,False,unico,Manta,False,False,34,4362.12
C002132,Cliente 2132,Mass,Mass,1,False,unico,Quito,False,False,25,2473.72
C002133,Cliente 2133,Affluent,Affluent,1,False,unico,Guayaquil,False,False,37,1578.64
C002134,Cliente 2134,Mass,Mass,1,False,unico,Guayaquil,False,False,44,2000.48
C002135,Cliente 2135,Affluent,Affluent,1,False,unico,Quito,False,False,56,1645.61
C002136,Cliente 2136,Mass,Joven|Mass,2,True,moda,Quito,False,False,44,891.02
C002137,Cliente 2137,Affluent,Affluent,1,False,unico,Quito,False,False,49,2666.75
C002138,Cliente 2138,Mass,Mass,1,False,unico,Quito,False,True,25,1093.98
C002139,Cliente 2139,Mass,Mass,1,False,unico,Quito,False,False,52,547.66
C002140,Cliente 2140,Affluent,Affluent,1,False,unico,Guayaquil,False,False,36,3289.15
C002141,Cliente 2141,Premium,Joven|Premium,2,True,moda,Ambato,False,True,43,7267.33
C002142,Cliente 2142,Mass,Mass,1,False,unico,Quito,False,False,33,740.74
C002143,Cliente 2143,Mass,Mass,1,False,unico,Quito,False,False,48,1081.95
C002144,Cliente 2144,Mass,Mass,1,False,unico,Cuenca,False,False,55,1257.71
C002145,Cliente 2145,Affluent,Affluent,1,False,unico,Quito,False,False,28,4751.29
C002146,Cliente 2146,Mass,Mass,1,False,unico,Quito,False,False,50,845.49
C002147,Cliente 2147,Mass,Mass,1,False,unico,Quito,False,False,25,704.22
C002148,Cliente 2148,Mass,Mass,1,False,unico,Cuenca,False,False,35,1708.97
C002149,Cliente 2149,Joven,Joven,1,False,unico,Guayaquil,False,False,27,485.21
C002150,Cliente 2150,Mass,Mass,1,False,unico,Quito,False,False,34,1421.96
C002151,Cliente 2151,Premium,Premium,1,False,unico,Cuenca,False,False,68,3976.36
C002152,Cliente 2152,Mass,Mass,1,False,unico,Quito,False,False,24,898.97
C002153,Cliente 2153,PyME,PyME,1,False,unico,Quito,False,True,32,1371.74
C002154,Cliente 2154,Affluent,Affluent,1,False,unico,Guayaquil,False,False,29,3785.79
C002155,Cliente 2155,Affluent,Affluent,1,False,unico,Quito,False,False,35,2157.22
C002156,Cliente 2156,Mass,Mass,1,False,unico,Guayaquil,False,True,60,1156.19
C002157,Cliente 2157,Affluent,Affluent,1,False,unico,Quito,False,False,22,2194.82
C002158,Cliente 2158,Mass,Mass,1,False,unico,Manta,False,False,18,505.70
C002159,Cliente 2159,Mass,Mass,1,False,unico,Cuenca,False,False,37,960.42
C002160,Cliente 2160,Affluent,Affluent,1,False,unico,Guayaquil,False,True,18,3836.13
C002161,Cliente 2161,Mass,Joven|Mass,2,True,moda,Guayaquil,False,False,39,712.66
C002162,Cliente 2162,Premium,Premium,1,False,unico,Guayaquil,False,False,55,3623.87
C002163,Cliente 2163,Premium,Premium,1,False,unico,Quito,False,False,38,3717.22
C002164,Cliente 2164,PyME,Mass|PyME,2,True,moda,Guayaquil,False,False,27,7229.81
C002165,Cliente 2165,PyME,Mass|PyME,2,True,moda,Quito,False,False,40,3598.71
C002166,Cliente 2166,Mass,Mass,1,False,unico,Quito,False,False,51,1061.75
C002167,Cliente 2167,Mass,Mass|Premium,2,True,moda,Guayaquil,False,False,41,1171.49
C002168,Cliente 2168,PyME,PyME,1,False,unico,Quito,False,False,47,3244.80
C002169,Cliente 2169,Mass,Mass,1,False,unico,Guayaquil,False,False,57,878.34
C002170,Cliente 2170,Joven,Joven,1,False,unico,Guayaquil,False,False,32,783.86
C002171,Cliente 2171,Mass,Affluent|Mass,2,True,moda,Guayaquil,False,False,23,1159.30
C002172,Cliente 2172,Mass,Joven|Mass,2,True,moda,Ambato,False,False,18,1832.64
C002173,Cliente 2173,Mass,Mass,1,False,unico,Quito,False,False,33,1134.65
C002174,Cliente 2174,Mass,Mass,1,False,unico,Guayaquil,False,False,26,380.86
C002175,Cliente 2175,Mass,Mass,1,False,unico,Manta,False,False,33,1147.02
C002176,Cliente 2176,Mass,Mass,1,False,unico,Loja,False,False,36,506.40
C002177,Cliente 2177,Mass,Mass,1,False,unico,Quito,False,False,34,952.78
C002178,Cliente 2178,Mass,Mass,1,False,unico,Guayaquil,False,False,27,960.95
C002179,Cliente 2179,Mass,Mass|PyME,2,True,moda,Cuenca,False,False,52,1010.75
C002180,Cliente 2180,Mass,Mass|PyME,2,True,moda,Guayaquil,False,False,44,405.37
C002181,Cliente 2181,Mass,Mass,1,False,unico,Quito,False,False,38,722.97
C002182,Cliente 2182,Affluent,Affluent,1,False,unico,Guayaquil,False,False,27,3440.92
C002183,Cliente 2183,Premium,Premium,1,False,unico,Manta,False,False,29,3712.98
C002184,Cliente 2184,Mass,Mass,1,False,unico,Loja,False,False,33,942.79
C002185,Cliente 2185,Premium,Premium,1,False,unico,Quito,False,False,47,3532.66
C002186,Cliente 2186,Mass,Mass,1,False,unico,Guayaquil,False,False,18,489.30
C002187,Cliente 2187,Mass,Mass,1,False,unico,Quito,False,False,27,1058.88
C002188,Cliente 2188,Affluent,Affluent,1,False,unico,Loja,False,False,60,1919.32
C002189,Cliente 2189,Affluent,Affluent,1,False,unico,Quito,False,True,45,2494.80
C002190,Cliente 2190,Mass,Mass,1,False,unico,Quito,False,False,38,1141.09
C002191,Cliente 2191,Affluent,Affluent,1,False,unico,Loja,False,False,39,1997.48
C002192,Cliente 2192,PyME,Joven|PyME,2,True,moda,Quito,False,False,37,3727.98
C002193,Cliente 2193,Affluent,Affluent,1,False,unico,Quito,False,False,46,2171.46
C002194,Cliente 2194,Mass,Mass,1,False,unico,Quito,False,True,45,1102.46
C002195,Cliente 2195,Mass,Mass,1,False,unico,Guayaquil,False,False,58,695.15
C002196,Cliente 2196,Mass,Mass,1,False,unico,Ambato,False,True,29,647.18
C002197,Cliente 2197,Affluent,Affluent,1,False,unico,Manta,False,False,33,1383.72
C002198,Cliente 2198,Mass,Mass,1,False,unico,Quito,False,False,31,1010.80
C002199,Cliente 2199,Joven,Joven,1,False,unico,Quito,False,False,31,812.96
C002200,Cliente 2200,Premium,Mass|Premium,2,True,moda,Ambato,False,False,32,4968.54
