cliente_producto_id,cliente_id,producto,tipo_producto,saldo_producto,saldo_desconocido,saldo_negativo,saldo_outlier_iqr,cupo_credito,fecha_vencimiento,estado_producto,fecha_primer_registro,fecha_ultimo_registro,cantidad_registros
C000001__CREDITO_CONSUMO,C000001,Crédito de Consumo,Deuda,13702.64,False,False,False,,2027-10-19,Activo,2025-08-27,2025-08-27,1
C000001__TARJETA_CREDITO,C000001,Tarjeta de Crédito,Deuda,2613.61,False,False,False,6200.00,2029-10-06,Activo,2025-02-27,2026-04-16,10
C000002__CREDITO_HIPOTECARIO,C000002,Crédito Hipotecario,Deuda,73155.65,False,False,False,,2029-09-11,Activo,2025-08-13,2026-08-22,3
C000002__TARJETA_CREDITO,C000002,Tarjeta de Crédito,Deuda,383.89,False,False,False,800.00,2029-06-22,Activo,2025-02-18,2026-07-21,5
C000003__TARJETA_CREDITO,C000003,Tarjeta de Crédito,Deuda,2135.69,False,False,False,6600.00,2028-06-06,Activo,2025-03-01,2026-07-17,7
C000004__CTA_AHORROS,C000004,Cuenta de Ahorros,Depósito,3016.39,False,False,False,,,Activo,2025-02-25,2026-03-10,3
C000005__CREDITO_CONSUMO,C000005,Crédito de Consumo,Deuda,19773.56,False,False,False,,2027-10-18,Activo,2025-06-20,2025-06-20,1
C000005__CTA_AHORROS,C000005,Cuenta de Ahorros,Depósito,9224.12,False,False,False,,,Activo,2025-02-21,2025-02-21,1
C000006__CREDITO_VEHICULAR,C000006,Crédito Vehicular,Deuda,10541.94,False,False,False,,2030-02-10,Activo,2025-03-16,2025-11-20,2
C000006__CREDITO_CONSUMO,C000006,Crédito de Consumo,Deuda,10010.50,False,False,False,,2029-09-03,Activo,2025-11-18,2025-11-18,1
C000006__TARJETA_CREDITO,C000006,Tarjeta de Crédito,Deuda,823.30,False,False,False,1400.00,2029-09-30,Activo,2025-03-11,2025-11-18,4
C000007__TARJETA_CREDITO,C000007,Tarjeta de Crédito,Deuda,1600.20,False,False,False,6400.00,2029-10-02,Activo,2025-02-10,2026-06-26,8
C000008__CREDITO_HIPOTECARIO,C000008,Crédito Hipotecario,Deuda,51495.64,False,False,False,,2031-11-29,Activo,2025-08-22,2025-11-09,2
C000008__CREDITO_CONSUMO,C000008,Crédito de Consumo,Deuda,11353.69,False,False,False,,2029-11-15,Activo,2025-10-13,2025-10-13,1
C000008__CTA_CORRIENTE,C000008,Cuenta Corriente,Depósito,6341.33,False,False,False,,,Activo,2025-02-09,2025-09-12,4
C000008__TARJETA_CREDITO,C000008,Tarjeta de Crédito,Deuda,990.27,False,False,False,6200.00,2030-07-08,Activo,2025-04-06,2026-07-22,12
C000009__CREDITO_CONSUMO,C000009,Crédito de Consumo,Deuda,5529.90,False,False,False,,2032-05-29,Activo,2025-06-12,2026-07-16,2
C000009__CTA_CORRIENTE,C000009,Cuenta Corriente,Depósito,405.61,False,False,False,,,Activo,2025-09-11,2026-06-18,4
C000009__CTA_AHORROS,C000009,Cuenta de Ahorros,Depósito,229.63,False,False,False,,,Activo,2025-02-21,2026-07-27,4
C000009__TARJETA_CREDITO,C000009,Tarjeta de Crédito,Deuda,18.03,False,False,False,500.00,2028-01-09,Activo,2025-01-21,2026-07-06,8
C000010__CREDITO_CONSUMO,C000010,Crédito de Consumo,Deuda,4608.41,False,False,False,,2031-06-23,Activo,2025-03-25,2026-07-07,2
C000010__TARJETA_CREDITO,C000010,Tarjeta de Crédito,Deuda,270.43,False,False,False,2000.00,2027-12-19,Activo,2025-02-12,2026-08-16,14
C000011__CTA_CORRIENTE,C000011,Cuenta Corriente,Depósito,4164.41,False,False,False,,,Activo,2025-01-18,2026-07-23,4
C000012__CREDITO_HIPOTECARIO,C000012,Crédito Hipotecario,Deuda,44442.56,False,False,False,,2029-04-12,Activo,2026-01-25,2026-08-26,3
C000012__TARJETA_CREDITO,C000012,Tarjeta de Crédito,Deuda,808.79,False,False,False,1400.00,2028-02-12,Activo,2025-01-13,2026-07-01,7
C000013__CREDITO_HIPOTECARIO,C000013,Crédito Hipotecario,Deuda,75873.07,False,False,False,,2029-05-14,Activo,2025-07-22,2026-08-27,2
C000013__CTA_CORRIENTE,C000013,Cuenta Corriente,Depósito,1660.39,False,False,False,,,Activo,2025-08-26,2026-04-27,4
C000013__TARJETA_CREDITO,C000013,Tarjeta de Crédito,Deuda,101.59,False,False,False,1500.00,2027-07-04,Activo,2025-03-03,2026-08-13,5
C000014__CREDITO_HIPOTECARIO,C000014,Crédito Hipotecario,Deuda,67695.58,False,False,False,,2032-01-17,Activo,2026-04-13,2026-04-13,1
C000014__CREDITO_CONSUMO,C000014,Crédito de Consumo,Deuda,3003.83,False,False,False,,2030-06-12,Activo,2026-02-15,2026-05-23,2
C000014__TARJETA_CREDITO,C000014,Tarjeta de Crédito,Deuda,0.00,False,False,False,1500.00,2029-04-04,Activo,2025-04-27,2026-05-26,5
C000015__CREDITO_VEHICULAR,C000015,Crédito Vehicular,Deuda,28136.84,False,False,False,,2032-03-28,Activo,2026-04-03,2026-04-03,1
C000015__TARJETA_CREDITO,C000015,Tarjeta de Crédito,Deuda,268.15,False,False,False,800.00,2029-10-20,Activo,2025-04-13,2026-08-09,12
C000016__CREDITO_VEHICULAR,C000016,Crédito Vehicular,Deuda,5235.56,False,False,False,,2031-07-04,Activo,2025-09-14,2026-01-29,3
C000016__TARJETA_CREDITO,C000016,Tarjeta de Crédito,Deuda,153.13,False,False,False,800.00,2028-05-13,Activo,2025-01-23,2026-03-28,8
C000017__CREDITO_VEHICULAR,C000017,Crédito Vehicular,Deuda,10897.34,False,False,False,,2029-09-08,Activo,2025-08-28,2026-01-26,3
C000017__TARJETA_CREDITO,C000017,Tarjeta de Crédito,Deuda,804.20,False,False,False,1400.00,2029-11-08,Activo,2025-01-22,2026-07-22,9
C000018__CTA_AHORROS,C000018,Cuenta de Ahorros,Depósito,1449.17,False,False,False,,,Activo,2025-06-28,2026-08-26,2
C000018__TARJETA_CREDITO,C000018,Tarjeta de Crédito,Deuda,146.18,False,False,False,600.00,2027-01-24,Activo,2025-02-01,2026-07-19,11
C000019__CREDITO_CONSUMO,C000019,Crédito de Consumo,Deuda,6039.88,False,False,False,,2027-04-29,Activo,2025-11-16,2026-08-15,2
C000019__TARJETA_CREDITO,C000019,Tarjeta de Crédito,Deuda,559.20,False,False,False,2200.00,2029-05-30,Activo,2025-01-27,2025-10-07,7
C000020__CREDITO_HIPOTECARIO,C000020,Crédito Hipotecario,Deuda,66799.32,False,False,False,,2032-03-16,Activo,2025-02-26,2026-02-09,3
C000020__CREDITO_CONSUMO,C000020,Crédito de Consumo,Deuda,6325.19,False,False,False,,2032-06-29,Activo,2025-12-20,2025-12-20,1
C000020__TARJETA_CREDITO,C000020,Tarjeta de Crédito,Deuda,624.74,False,False,False,1000.00,2027-11-22,Activo,2025-05-13,2026-03-24,6
C000021__TARJETA_CREDITO,C000021,Tarjeta de Crédito,Deuda,670.79,False,False,False,2200.00,2030-05-20,Activo,2025-03-17,2026-08-17,5
C000022__CREDITO_CONSUMO,C000022,Crédito de Consumo,Deuda,5181.31,False,False,False,,2030-08-07,Activo,2025-03-28,2026-03-25,3
C000022__CTA_AHORROS,C000022,Cuenta de Ahorros,Depósito,390.04,False,False,False,,,Activo,2025-11-26,2026-05-29,2
C000023__CREDITO_HIPOTECARIO,C000023,Crédito Hipotecario,Deuda,69170.26,False,False,False,,2027-10-23,Activo,2025-06-03,2026-08-20,3
C000023__CREDITO_VEHICULAR,C000023,Crédito Vehicular,Deuda,16141.26,False,False,False,,2030-09-02,Activo,2025-03-28,2026-02-06,2
C000023__CTA_AHORROS,C000023,Cuenta de Ahorros,Depósito,580.16,False,False,False,,,Activo,2026-03-10,2026-06-24,2
C000024__CTA_CORRIENTE,C000024,Cuenta Corriente,Depósito,839.32,False,False,False,,,Activo,2025-12-11,2025-12-11,1
C000024__TARJETA_CREDITO,C000024,Tarjeta de Crédito,Deuda,868.21,False,False,False,1300.00,2030-01-21,Activo,2025-06-07,2026-06-25,10
C000025__CREDITO_CONSUMO,C000025,Crédito de Consumo,Deuda,3388.62,False,False,False,,2032-08-31,Activo,2025-04-24,2025-09-01,2
C000025__CTA_CORRIENTE,C000025,Cuenta Corriente,Depósito,-31.96,False,True,False,,,Activo,2025-03-23,2025-03-23,1
C000025__TARJETA_CREDITO,C000025,Tarjeta de Crédito,Deuda,220.59,False,False,False,500.00,2029-01-22,Activo,2025-02-18,2026-08-19,14
C000026__TARJETA_CREDITO,C000026,Tarjeta de Crédito,Deuda,1029.30,False,False,False,1700.00,2029-02-04,Activo,2025-02-05,2026-08-04,6
C000027__CTA_AHORROS,C000027,Cuenta de Ahorros,Depósito,5850.03,False,False,False,,,Activo,2025-03-08,2025-11-24,4
C000027__TARJETA_CREDITO,C000027,Tarjeta de Crédito,Deuda,884.62,False,False,False,4000.00,2030-04-14,Activo,2025-05-08,2026-07-19,6
C000028__CREDITO_VEHICULAR,C000028,Crédito Vehicular,Deuda,11850.61,False,False,False,,2027-10-18,Activo,2025-06-22,2026-08-18,3
C000028__TARJETA_CREDITO,C000028,Tarjeta de Crédito,Deuda,229.03,False,False,False,1700.00,2026-11-13,Activo,2025-02-16,2026-08-09,5
C000029__CTA_AHORROS,C000029,Cuenta de Ahorros,Depósito,2335.50,False,False,False,,,Activo,2025-06-13,2026-08-15,4
C000029__TARJETA_CREDITO,C000029,Tarjeta de Crédito,Deuda,124.73,False,False,False,1300.00,2028-06-08,Activo,2025-01-24,2026-08-21,11
C000030__CREDITO_CONSUMO,C000030,Crédito de Consumo,Deuda,1549.10,False,False,False,,2029-04-20,Activo,2025-02-22,2026-01-25,3
C000030__TARJETA_CREDITO,C000030,Tarjeta de Crédito,Deuda,0.00,False,False,False,2400.00,2026-11-19,Activo,2025-04-23,2026-08-24,13
C000031__CREDITO_VEHICULAR,C000031,Crédito Vehicular,Deuda,33426.48,False,False,False,,2027-03-02,Activo,2026-03-04,2026-03-04,1
C000031__TARJETA_CREDITO,C000031,Tarjeta de Crédito,Deuda,2138.21,False,False,False,2300.00,2028-12-07,Activo,2025-05-18,2026-05-05,11
C000032__CREDITO_VEHICULAR,C000032,Crédito Vehicular,Deuda,23967.69,False,False,False,,2030-10-21,Activo,2026-08-01,2026-08-01,1
C000033__CREDITO_CONSUMO,C000033,Crédito de Consumo,Deuda,3535.85,False,False,False,,2031-09-29,Activo,2026-04-10,2026-04-10,1
C000033__CTA_CORRIENTE,C000033,Cuenta Corriente,Depósito,9548.68,False,False,False,,,Activo,2025-02-16,2025-02-16,1
C000033__CTA_AHORROS,C000033,Cuenta de Ahorros,Depósito,7015.09,False,False,False,,,Activo,2025-11-12,2026-07-27,4
C000034__CTA_CORRIENTE,C000034,Cuenta Corriente,Depósito,18395.55,False,False,True,,,Activo,2026-01-19,2026-07-07,4
C000035__CREDITO_HIPOTECARIO,C000035,Crédito Hipotecario,Deuda,66084.34,False,False,False,,2028-01-06,Activo,2026-03-06,2026-03-06,1
C000035__CTA_CORRIENTE,C000035,Cuenta Corriente,Depósito,3740.02,False,False,False,,,Activo,2025-11-23,2026-02-23,3
C000035__CTA_AHORROS,C000035,Cuenta de Ahorros,Depósito,793.09,False,False,False,,,Activo,2025-06-08,2025-09-11,2
C000035__TARJETA_CREDITO,C000035,Tarjeta de Crédito,Deuda,3328.34,False,False,True,7500.00,2027-01-31,Activo,2025-02-04,2026-07-25,5
C000036__CREDITO_HIPOTECARIO,C000036,Crédito Hipotecario,Deuda,51116.20,False,False,False,,2028-11-09,Activo,2025-08-02,2026-07-27,3
C000036__CREDITO_VEHICULAR,C000036,Crédito Vehicular,Deuda,20030.07,False,False,False,,2028-04-02,Activo,2025-09-06,2025-12-05,2
C000036__CREDITO_CONSUMO,C000036,Crédito de Consumo,Deuda,7195.29,False,False,False,,2027-10-14,Activo,2025-02-10,2026-01-22,3
C000036__TARJETA_CREDITO,C000036,Tarjeta de Crédito,Deuda,1732.13,False,False,False,4800.00,2027-05-14,Activo,2025-02-16,2026-08-22,11
C000037__CREDITO_VEHICULAR,C000037,Crédito Vehicular,Deuda,25727.93,False,False,False,,2031-05-12,Activo,2025-01-18,2025-01-18,1
C000037__CREDITO_CONSUMO,C000037,Crédito de Consumo,Deuda,14596.07,False,False,False,,2029-10-30,Activo,2025-07-03,2026-03-17,3
C000038__CREDITO_CONSUMO,C000038,Crédito de Consumo,Deuda,6299.01,False,False,False,,2029-06-23,Activo,2025-02-02,2025-08-20,3
C000038__TARJETA_CREDITO,C000038,Tarjeta de Crédito,Deuda,345.44,False,False,False,1300.00,2026-10-05,Activo,2025-03-26,2026-08-04,6
C000039__CTA_CORRIENTE,C000039,Cuenta Corriente,Depósito,2538.48,False,False,False,,,Activo,2025-10-07,2026-04-07,4
C000040__CTA_CORRIENTE,C000040,Cuenta Corriente,Depósito,1972.09,False,False,False,,,Activo,2025-04-20,2026-02-03,2
C000041__CREDITO_HIPOTECARIO,C000041,Crédito Hipotecario,Deuda,63176.59,False,False,False,,2029-06-21,Activo,2025-10-03,2026-06-18,3
C000041__CTA_AHORROS,C000041,Cuenta de Ahorros,Depósito,98.89,False,False,False,,,Activo,2025-03-28,2026-02-28,3
C000041__TARJETA_CREDITO,C000041,Tarjeta de Crédito,Deuda,632.34,False,False,False,1200.00,2029-01-25,Activo,2025-05-20,2026-05-18,8
C000042__CREDITO_HIPOTECARIO,C000042,Crédito Hipotecario,Deuda,113439.64,False,False,False,,2032-06-06,Activo,2026-01-04,2026-07-04,3
C000042__CREDITO_CONSUMO,C000042,Crédito de Consumo,Deuda,21540.03,False,False,False,,2031-06-30,Activo,2025-03-17,2026-05-06,2
C000042__CTA_CORRIENTE,C000042,Cuenta Corriente,Depósito,22781.68,False,False,True,,,Activo,2025-02-15,2025-12-30,2
C000043__CTA_AHORROS,C000043,Cuenta de Ahorros,Depósito,360.47,False,False,False,,,Activo,2026-04-02,2026-04-20,2
C000043__TARJETA_CREDITO,C000043,Tarjeta de Crédito,Deuda,909.98,False,False,False,2900.00,2029-07-06,Activo,2025-03-29,2026-05-10,6
C000044__CREDITO_HIPOTECARIO,C000044,Crédito Hipotecario,Deuda,63563.60,False,False,False,,2027-06-14,Activo,2025-04-15,2026-07-04,3
C000045__TARJETA_CREDITO,C000045,Tarjeta de Crédito,Deuda,655.79,False,False,False,1800.00,2030-06-26,Activo,2025-02-24,2026-08-28,8
C000046__CREDITO_CONSUMO,C000046,Crédito de Consumo,Deuda,7194.26,False,False,False,,2028-01-24,Activo,2025-08-03,2025-08-03,1
C000046__CTA_AHORROS,C000046,Cuenta de Ahorros,Depósito,231.01,False,False,False,,,Activo,2025-02-03,2025-12-23,4
C000046__TARJETA_CREDITO,C000046,Tarjeta de Crédito,Deuda,1452.95,False,False,False,2700.00,2028-09-03,Activo,2025-03-02,2026-08-19,13
C000047__CREDITO_HIPOTECARIO,C000047,Crédito Hipotecario,Deuda,66025.59,False,False,False,,2027-10-25,Activo,2025-08-07,2025-08-07,1
C000047__TARJETA_CREDITO,C000047,Tarjeta de Crédito,Deuda,300.00,False,False,False,800.00,2026-10-05,Activo,2025-03-14,2026-01-27,4
C000048__CTA_CORRIENTE,C000048,Cuenta Corriente,Depósito,7564.25,False,False,False,,,Activo,2025-03-28,2025-12-26,4
C000048__TARJETA_CREDITO,C000048,Tarjeta de Crédito,Deuda,2003.46,False,False,False,3800.00,2030-10-01,Activo,2025-02-25,2026-04-28,13
C000049__CREDITO_HIPOTECARIO,C000049,Crédito Hipotecario,Deuda,75545.87,False,False,False,,2029-10-05,Activo,2025-01-31,2026-03-16,3
C000050__CTA_CORRIENTE,C000050,Cuenta Corriente,Depósito,1752.68,False,False,False,,,Activo,2025-10-06,2026-02-07,3
C000050__TARJETA_CREDITO,C000050,Tarjeta de Crédito,Deuda,263.61,False,False,False,900.00,2029-12-04,Activo,2025-01-10,2026-06-27,14
C000051__TARJETA_CREDITO,C000051,Tarjeta de Crédito,Deuda,246.40,False,False,False,900.00,2027-05-19,Activo,2025-06-11,2025-12-31,5
C000052__CREDITO_HIPOTECARIO,C000052,Crédito Hipotecario,Deuda,37059.81,False,False,False,,2031-12-02,Activo,2025-06-22,2025-06-22,1
C000052__CREDITO_VEHICULAR,C000052,Crédito Vehicular,Deuda,8764.02,False,False,False,,2032-04-24,Activo,2026-01-27,2026-01-27,1
C000052__CTA_AHORROS,C000052,Cuenta de Ahorros,Depósito,211.20,False,False,False,,,Activo,2025-12-06,2025-12-06,1
C000052__TARJETA_CREDITO,C000052,Tarjeta de Crédito,Deuda,322.65,False,False,False,700.00,2027-11-29,Activo,2025-08-13,2026-08-03,6
C000053__CREDITO_HIPOTECARIO,C000053,Crédito Hipotecario,Deuda,65377.52,False,False,False,,2029-03-17,Activo,2025-06-27,2026-08-30,3
C000053__CTA_AHORROS,C000053,Cuenta de Ahorros,Depósito,3761.65,False,False,False,,,Activo,2025-12-27,2025-12-27,1
C000054__CREDITO_HIPOTECARIO,C000054,Crédito Hipotecario,Deuda,106481.42,False,False,False,,2029-01-03,Activo,2025-12-15,2025-12-15,1
C000054__CTA_AHORROS,C000054,Cuenta de Ahorros,Depósito,5639.86,False,False,False,,,Activo,2025-12-06,2025-12-06,1
C000054__TARJETA_CREDITO,C000054,Tarjeta de Crédito,Deuda,2658.23,False,False,False,6200.00,2026-10-30,Activo,2025-01-02,2026-08-24,6
C000055__TARJETA_CREDITO,C000055,Tarjeta de Crédito,Deuda,550.76,False,False,False,4500.00,2030-09-30,Activo,2025-02-19,2026-07-14,4
C000056__CREDITO_CONSUMO,C000056,Crédito de Consumo,Deuda,17959.08,False,False,False,,2031-05-04,Activo,2025-10-16,2026-07-22,3
C000056__CTA_AHORROS,C000056,Cuenta de Ahorros,Depósito,9956.65,False,False,False,,,Activo,2025-02-24,2025-07-30,2
C000057__CREDITO_HIPOTECARIO,C000057,Crédito Hipotecario,Deuda,91266.55,False,False,False,,2031-02-04,Activo,2026-01-15,2026-01-15,1
C000057__CTA_AHORROS,C000057,Cuenta de Ahorros,Depósito,2463.19,False,False,False,,,Activo,2025-03-25,2026-02-12,3
C000057__TARJETA_CREDITO,C000057,Tarjeta de Crédito,Deuda,607.65,False,False,False,2600.00,2029-03-16,Activo,2025-06-04,2026-07-09,4
C000058__CREDITO_HIPOTECARIO,C000058,Crédito Hipotecario,Deuda,,True,False,False,,2031-07-01,Activo,2026-03-22,2026-03-22,1
C000058__CREDITO_VEHICULAR,C000058,Crédito Vehicular,Deuda,18379.68,False,False,False,,2031-10-14,Activo,2025-06-21,2025-06-21,1
C000058__CTA_CORRIENTE,C000058,Cuenta Corriente,Depósito,4057.82,False,False,False,,,Activo,2025-03-10,2025-09-22,2
C000058__TARJETA_CREDITO,C000058,Tarjeta de Crédito,Deuda,0.00,False,False,False,6000.00,2029-08-15,Activo,2025-01-13,2026-08-09,11
C000059__CTA_CORRIENTE,C000059,Cuenta Corriente,Depósito,6126.79,False,False,False,,,Activo,2025-04-10,2026-07-26,4
C000059__TARJETA_CREDITO,C000059,Tarjeta de Crédito,Deuda,349.88,False,False,False,7600.00,2027-05-27,Activo,2025-01-08,2026-08-09,14
C000060__CTA_CORRIENTE,C000060,Cuenta Corriente,Depósito,7732.95,False,False,False,,,Activo,2025-12-06,2026-08-23,3
C000061__TARJETA_CREDITO,C000061,Tarjeta de Crédito,Deuda,1023.80,False,False,False,7700.00,2027-07-21,Activo,2025-04-01,2026-06-28,6
C000062__CREDITO_HIPOTECARIO,C000062,Crédito Hipotecario,Deuda,115012.42,False,False,False,,2026-12-18,Activo,2025-08-18,2025-08-18,1
C000062__CREDITO_VEHICULAR,C000062,Crédito Vehicular,Deuda,22488.79,False,False,False,,2028-04-01,Activo,2025-07-12,2026-05-17,2
C000062__TARJETA_CREDITO,C000062,Tarjeta de Crédito,Deuda,576.37,False,False,False,4500.00,2026-10-30,Activo,2025-04-03,2026-06-01,13
C000063__CREDITO_CONSUMO,C000063,Crédito de Consumo,Deuda,2259.79,False,False,False,,2031-01-27,Activo,2025-03-02,2026-05-05,3
C000063__TARJETA_CREDITO,C000063,Tarjeta de Crédito,Deuda,2039.87,False,False,False,3000.00,2029-05-31,Activo,2025-03-06,2026-08-14,13
C000064__CREDITO_HIPOTECARIO,C000064,Crédito Hipotecario,Deuda,48171.74,False,False,False,,2030-01-08,Activo,2025-04-19,2026-06-19,3
C000064__TARJETA_CREDITO,C000064,Tarjeta de Crédito,Deuda,5233.42,False,False,True,8100.00,2030-10-02,Activo,2025-01-05,2026-07-15,10
C000065__CREDITO_VEHICULAR,C000065,Crédito Vehicular,Deuda,14822.75,False,False,False,,2032-08-11,Activo,2025-01-26,2025-01-26,1
C000065__CREDITO_CONSUMO,C000065,Crédito de Consumo,Deuda,23017.10,False,False,False,,2030-05-14,Activo,2025-02-22,2026-08-10,3
C000065__TARJETA_CREDITO,C000065,Tarjeta de Crédito,Deuda,3248.79,False,False,False,6800.00,2027-08-11,Activo,2025-06-27,2026-04-09,8
C000066__CREDITO_CONSUMO,C000066,Crédito de Consumo,Deuda,3872.26,False,False,False,,2029-02-20,Activo,2025-10-28,2026-06-28,3
C000066__CTA_AHORROS,C000066,Cuenta de Ahorros,Depósito,-100.00,False,True,False,,,Activo,2025-04-28,2025-04-28,1
C000066__TARJETA_CREDITO,C000066,Tarjeta de Crédito,Deuda,429.30,False,False,False,2100.00,2030-04-23,Activo,2025-03-06,2026-07-13,13
C000067__CREDITO_VEHICULAR,C000067,Crédito Vehicular,Deuda,5316.98,False,False,False,,2027-09-14,Activo,2025-08-04,2025-12-19,2
C000067__TARJETA_CREDITO,C000067,Tarjeta de Crédito,Deuda,950.38,False,False,False,2400.00,2027-09-27,Activo,2025-03-10,2026-08-22,7
C000068__CTA_AHORROS,C000068,Cuenta de Ahorros,Depósito,7564.04,False,False,False,,,Activo,2025-01-20,2025-03-20,3
C000068__TARJETA_CREDITO,C000068,Tarjeta de Crédito,Deuda,2451.88,False,False,False,4700.00,2030-01-06,Activo,2025-02-07,2026-08-03,7
C000069__CREDITO_HIPOTECARIO,C000069,Crédito Hipotecario,Deuda,111590.17,False,False,False,,2027-08-15,Activo,2025-08-17,2025-12-28,3
C000069__TARJETA_CREDITO,C000069,Tarjeta de Crédito,Deuda,484.71,False,False,False,1100.00,2026-09-29,Activo,2025-01-17,2026-06-14,12
C000070__CREDITO_HIPOTECARIO,C000070,Crédito Hipotecario,Deuda,49991.70,False,False,False,,2027-03-27,Activo,2026-01-26,2026-06-27,3
C000071__CTA_CORRIENTE,C000071,Cuenta Corriente,Depósito,12333.97,False,False,False,,,Activo,2025-01-08,2026-01-20,4
C000072__CREDITO_VEHICULAR,C000072,Crédito Vehicular,Deuda,14639.41,False,False,False,,2031-03-16,Activo,2026-02-28,2026-02-28,1
C000072__TARJETA_CREDITO,C000072,Tarjeta de Crédito,Deuda,2205.14,False,False,False,4900.00,2027-09-17,Activo,2025-02-06,2026-07-27,9
C000073__CREDITO_HIPOTECARIO,C000073,Crédito Hipotecario,Deuda,72912.90,False,False,False,,2028-09-16,Activo,2025-03-16,2026-06-03,2
C000073__CREDITO_VEHICULAR,C000073,Crédito Vehicular,Deuda,19055.12,False,False,False,,2029-11-06,Activo,2025-07-19,2025-07-19,1
C000073__TARJETA_CREDITO,C000073,Tarjeta de Crédito,Deuda,4193.81,False,False,True,12300.00,2027-05-13,Activo,2025-08-14,2026-08-12,12
C000074__CREDITO_VEHICULAR,C000074,Crédito Vehicular,Deuda,19182.34,False,False,False,,2026-11-04,Activo,2025-08-04,2025-08-04,1
C000074__TARJETA_CREDITO,C000074,Tarjeta de Crédito,Deuda,109.91,False,False,False,1500.00,2027-10-04,Activo,2025-01-10,2026-08-05,12
C000075__CREDITO_CONSUMO,C000075,Crédito de Consumo,Deuda,13053.26,False,False,False,,2026-10-30,Activo,2025-09-13,2026-07-29,3
C000075__CTA_CORRIENTE,C000075,Cuenta Corriente,Depósito,-100.00,False,True,False,,,Activo,2025-03-23,2025-03-23,1
C000075__TARJETA_CREDITO,C000075,Tarjeta de Crédito,Deuda,739.84,False,False,False,4600.00,2028-06-25,Activo,2025-01-24,2026-08-01,14
C000076__CREDITO_VEHICULAR,C000076,Crédito Vehicular,Deuda,15941.24,False,False,False,,2029-10-06,Activo,2025-07-06,2025-07-12,2
C000077__CTA_CORRIENTE,C000077,Cuenta Corriente,Depósito,1366.92,False,False,False,,,Activo,2025-10-16,2025-10-16,1
C000077__TARJETA_CREDITO,C000077,Tarjeta de Crédito,Deuda,845.71,False,False,False,2800.00,2026-10-02,Activo,2025-02-13,2026-05-26,7
C000078__TARJETA_CREDITO,C000078,Tarjeta de Crédito,Deuda,510.37,False,False,False,1200.00,2028-01-26,Activo,2025-02-13,2025-05-09,4
C000079__CREDITO_HIPOTECARIO,C000079,Crédito Hipotecario,Deuda,69576.45,False,False,False,,2030-01-20,Activo,2025-07-11,2026-05-17,3
C000079__TARJETA_CREDITO,C000079,Tarjeta de Crédito,Deuda,929.83,False,False,False,1700.00,2029-10-25,Activo,2025-01-20,2026-05-25,6
C000080__CREDITO_HIPOTECARIO,C000080,Crédito Hipotecario,Deuda,55752.48,False,False,False,,2029-02-01,Activo,2025-03-04,2026-05-19,3
C000080__CREDITO_CONSUMO,C000080,Crédito de Consumo,Deuda,4135.28,False,False,False,,2030-11-09,Activo,2025-03-14,2025-03-14,1
C000080__TARJETA_CREDITO,C000080,Tarjeta de Crédito,Deuda,1357.32,False,False,False,2200.00,2030-09-05,Activo,2025-04-19,2025-09-30,4
C000081__CREDITO_HIPOTECARIO,C000081,Crédito Hipotecario,Deuda,93280.67,False,False,False,,2030-05-17,Activo,2025-08-08,2026-07-18,3
C000081__CREDITO_VEHICULAR,C000081,Crédito Vehicular,Deuda,14713.45,False,False,False,,2030-05-22,Activo,2026-02-27,2026-03-17,2
C000081__TARJETA_CREDITO,C000081,Tarjeta de Crédito,Deuda,758.20,False,False,False,1400.00,2028-12-07,Activo,2025-02-05,2025-11-06,4
C000082__CREDITO_HIPOTECARIO,C000082,Crédito Hipotecario,Deuda,93387.29,False,False,False,,2027-10-26,Activo,2025-02-27,2026-08-14,3
C000082__CTA_CORRIENTE,C000082,Cuenta Corriente,Depósito,614.51,False,False,False,,,Activo,2025-09-19,2025-09-19,1
C000082__CTA_AHORROS,C000082,Cuenta de Ahorros,Depósito,35.53,False,False,False,,,Activo,2025-05-04,2026-03-21,3
C000082__TARJETA_CREDITO,C000082,Tarjeta de Crédito,Deuda,365.86,False,False,False,2100.00,2026-10-09,Activo,2025-01-24,2026-08-13,14
C000083__CREDITO_HIPOTECARIO,C000083,Crédito Hipotecario,Deuda,69146.18,False,False,False,,2027-12-16,Activo,2025-10-27,2025-10-27,1
C000083__TARJETA_CREDITO,C000083,Tarjeta de Crédito,Deuda,459.05,False,False,False,1300.00,2030-09-08,Activo,2025-09-21,2026-04-14,5
C000084__CTA_CORRIENTE,C000084,Cuenta Corriente,Depósito,6327.50,False,False,False,,,Activo,2025-05-22,2026-07-10,4
C000084__TARJETA_CREDITO,C000084,Tarjeta de Crédito,Deuda,7566.66,False,False,True,13000.00,2027-06-19,Activo,2025-01-27,2026-06-30,10
C000085__CREDITO_HIPOTECARIO,C000085,Crédito Hipotecario,Deuda,72908.14,False,False,False,,2027-12-22,Activo,2025-02-13,2026-04-13,2
C000085__CREDITO_CONSUMO,C000085,Crédito de Consumo,Deuda,4024.26,False,False,False,,2031-01-06,Activo,2025-11-17,2026-08-09,3
C000085__CTA_AHORROS,C000085,Cuenta de Ahorros,Depósito,3714.91,False,False,False,,,Activo,2025-02-10,2026-06-16,2
C000085__TARJETA_CREDITO,C000085,Tarjeta de Crédito,Deuda,1232.62,False,False,False,4300.00,2028-05-04,Activo,2025-05-29,2026-08-28,11
C000086__CTA_CORRIENTE,C000086,Cuenta Corriente,Depósito,3486.34,False,False,False,,,Activo,2025-02-03,2025-11-02,2
C000086__CTA_AHORROS,C000086,Cuenta de Ahorros,Depósito,2621.29,False,False,False,,,Activo,2025-02-20,2025-02-20,1
C000086__TARJETA_CREDITO,C000086,Tarjeta de Crédito,Deuda,1207.86,False,False,False,2900.00,2030-05-31,Activo,2025-02-06,2026-08-10,13
C000087__CREDITO_VEHICULAR,C000087,Crédito Vehicular,Deuda,10783.34,False,False,False,,2030-06-20,Activo,2025-03-09,2025-10-15,2
C000087__CTA_AHORROS,C000087,Cuenta de Ahorros,Depósito,1046.00,False,False,False,,,Activo,2025-08-02,2025-08-02,1
C000087__TARJETA_CREDITO,C000087,Tarjeta de Crédito,Deuda,201.37,False,False,False,1300.00,2027-08-21,Activo,2025-03-31,2026-07-10,13
C000088__CREDITO_HIPOTECARIO,C000088,Crédito Hipotecario,Deuda,47396.27,False,False,False,,2031-10-01,Activo,2025-07-22,2026-07-01,3
C000088__CREDITO_VEHICULAR,C000088,Crédito Vehicular,Deuda,10992.06,False,False,False,,2031-12-21,Activo,2025-05-15,2026-04-25,3
C000089__CREDITO_HIPOTECARIO,C000089,Crédito Hipotecario,Deuda,93561.60,False,False,False,,2030-05-23,Activo,2026-05-02,2026-05-15,2
C000089__TARJETA_CREDITO,C000089,Tarjeta de Crédito,Deuda,7768.53,False,False,True,18400.00,2028-08-29,Activo,2025-03-04,2026-08-29,13
C000090__TARJETA_CREDITO,C000090,Tarjeta de Crédito,Deuda,753.36,False,False,False,1200.00,2027-06-18,Activo,2025-03-15,2026-05-26,4
C000091__CREDITO_CONSUMO,C000091,Crédito de Consumo,Deuda,16459.79,False,False,False,,2032-08-26,Activo,2026-04-22,2026-06-20,2
C000092__CTA_AHORROS,C000092,Cuenta de Ahorros,Depósito,2638.70,False,False,False,,,Activo,2025-10-29,2026-08-11,4
C000093__CREDITO_CONSUMO,C000093,Crédito de Consumo,Deuda,2435.11,False,False,False,,2030-01-08,Activo,2025-01-28,2025-03-26,3
C000093__TARJETA_CREDITO,C000093,Tarjeta de Crédito,Deuda,381.54,False,False,False,1900.00,2027-06-14,Activo,2025-02-25,2026-08-29,13
C000094__CREDITO_VEHICULAR,C000094,Crédito Vehicular,Deuda,24307.64,False,False,False,,2028-10-26,Activo,2025-07-08,2025-07-08,1
C000094__CTA_CORRIENTE,C000094,Cuenta Corriente,Depósito,1224.67,False,False,False,,,Activo,2025-03-30,2025-03-30,1
C000094__CTA_AHORROS,C000094,Cuenta de Ahorros,Depósito,1824.06,False,False,False,,,Activo,2025-03-17,2025-11-28,4
C000095__CREDITO_VEHICULAR,C000095,Crédito Vehicular,Deuda,17876.36,False,False,False,,2029-03-13,Activo,2025-03-16,2025-09-23,3
C000096__CREDITO_VEHICULAR,C000096,Crédito Vehicular,Deuda,33639.15,False,False,False,,2032-02-26,Activo,2026-08-04,2026-08-04,1
C000096__CREDITO_CONSUMO,C000096,Crédito de Consumo,Deuda,22014.59,False,False,False,,2032-04-01,Activo,2025-03-13,2026-03-23,2
C000096__TARJETA_CREDITO,C000096,Tarjeta de Crédito,Deuda,3947.70,False,False,True,11600.00,2028-07-29,Activo,2025-01-15,2026-07-22,14
C000097__CREDITO_HIPOTECARIO,C000097,Crédito Hipotecario,Deuda,63088.07,False,False,False,,2027-03-04,Activo,2025-04-01,2025-11-05,3
C000097__CTA_CORRIENTE,C000097,Cuenta Corriente,Depósito,1060.67,False,False,False,,,Activo,2025-05-10,2026-02-26,4
C000097__CTA_AHORROS,C000097,Cuenta de Ahorros,Depósito,3320.97,False,False,False,,,Activo,2025-01-08,2026-05-14,4
C000098__CREDITO_CONSUMO,C000098,Crédito de Consumo,Deuda,2860.34,False,False,False,,2032-01-26,Activo,2025-02-14,2025-06-30,2
C000098__CTA_CORRIENTE,C000098,Cuenta Corriente,Depósito,2241.20,False,False,False,,,Activo,2025-04-26,2025-10-11,2
C000099__CREDITO_HIPOTECARIO,C000099,Crédito Hipotecario,Deuda,116155.48,False,False,False,,2030-05-27,Activo,2025-04-23,2025-04-23,1
C000099__CTA_AHORROS,C000099,Cuenta de Ahorros,Depósito,5895.56,False,False,False,,,Activo,2025-08-29,2026-08-30,4
C000100__CREDITO_HIPOTECARIO,C000100,Crédito Hipotecario,Deuda,103096.00,False,False,False,,2027-06-02,Activo,2025-05-20,2026-04-22,2
C000100__CREDITO_CONSUMO,C000100,Crédito de Consumo,Deuda,6233.28,False,False,False,,2028-09-01,Activo,2025-06-10,2025-08-14,2
C000100__CTA_CORRIENTE,C000100,Cuenta Corriente,Depósito,928.74,False,False,False,,,Activo,2025-05-20,2025-10-04,3
C000100__TARJETA_CREDITO,C000100,Tarjeta de Crédito,Deuda,473.40,False,False,False,2000.00,2029-10-22,Activo,2025-03-30,2026-04-30,7
C000101__CREDITO_CONSUMO,C000101,Crédito de Consumo,Deuda,6377.74,False,False,False,,2027-07-17,Activo,2025-10-31,2025-12-07,2
C000101__CTA_AHORROS,C000101,Cuenta de Ahorros,Depósito,8088.26,False,False,False,,,Activo,2025-01-02,2026-01-15,2
C000101__TARJETA_CREDITO,C000101,Tarjeta de Crédito,Deuda,1867.42,False,False,False,3300.00,2027-11-14,Activo,2025-01-22,2026-08-18,14
C000102__TARJETA_CREDITO,C000102,Tarjeta de Crédito,Deuda,661.03,False,False,False,1300.00,2029-04-06,Activo,2025-06-07,2026-03-29,6
C000103__CTA_AHORROS,C000103,Cuenta de Ahorros,Depósito,7994.75,False,False,False,,,Activo,2026-08-28,2026-08-28,1
C000103__TARJETA_CREDITO,C000103,Tarjeta de Crédito,Deuda,0.00,False,False,False,6400.00,2028-04-07,Activo,2025-01-24,2026-06-09,7
C000104__CTA_CORRIENTE,C000104,Cuenta Corriente,Depósito,2038.06,False,False,False,,,Activo,2025-11-06,2026-07-22,3
C000105__CREDITO_HIPOTECARIO,C000105,Crédito Hipotecario,Deuda,60323.76,False,False,False,,2031-06-05,Activo,2026-05-19,2026-05-19,1
C000106__CREDITO_CONSUMO,C000106,Crédito de Consumo,Deuda,6531.51,False,False,False,,2032-02-01,Activo,2025-05-03,2026-08-13,3
C000106__TARJETA_CREDITO,C000106,Tarjeta de Crédito,Deuda,421.10,False,False,False,2700.00,2027-06-20,Activo,2025-02-19,2026-07-27,9
C000107__CREDITO_CONSUMO,C000107,Crédito de Consumo,Deuda,2312.98,False,False,False,,2030-08-02,Activo,2025-11-08,2025-11-08,1
C000108__CTA_CORRIENTE,C000108,Cuenta Corriente,Depósito,-100.00,False,True,False,,,Activo,2025-03-21,2025-03-21,1
C000109__CREDITO_HIPOTECARIO,C000109,Crédito Hipotecario,Deuda,29175.64,False,False,False,,2027-01-28,Activo,2025-05-30,2025-05-30,1
C000109__CTA_AHORROS,C000109,Cuenta de Ahorros,Depósito,5573.11,False,False,False,,,Activo,2025-07-09,2026-08-25,2
C000109__TARJETA_CREDITO,C000109,Tarjeta de Crédito,Deuda,3538.04,False,False,True,7000.00,2027-08-10,Activo,2025-02-11,2026-06-17,12
C000110__CREDITO_VEHICULAR,C000110,Crédito Vehicular,Deuda,17409.50,False,False,False,,2028-04-04,Activo,2025-04-12,2025-04-12,1
C000110__CREDITO_CONSUMO,C000110,Crédito de Consumo,Deuda,29769.93,False,False,True,,2028-05-26,Activo,2025-04-21,2026-05-17,2
C000111__CREDITO_VEHICULAR,C000111,Crédito Vehicular,Deuda,19526.15,False,False,False,,2031-07-29,Activo,2026-01-28,2026-01-28,1
C000111__CTA_AHORROS,C000111,Cuenta de Ahorros,Depósito,5712.80,False,False,False,,,Activo,2025-07-26,2026-07-08,4
C000112__CREDITO_HIPOTECARIO,C000112,Crédito Hipotecario,Deuda,102633.54,False,False,False,,2032-03-19,Activo,2026-08-06,2026-08-06,1
C000112__CTA_CORRIENTE,C000112,Cuenta Corriente,Depósito,6491.52,False,False,False,,,Activo,2025-06-10,2026-08-29,4
C000112__TARJETA_CREDITO,C000112,Tarjeta de Crédito,Deuda,0.00,False,False,False,3500.00,2028-07-03,Activo,2025-01-29,2026-08-21,4
C000113__CREDITO_HIPOTECARIO,C000113,Crédito Hipotecario,Deuda,42038.92,False,False,False,,2032-03-23,Activo,2025-07-30,2025-07-30,1
C000113__CREDITO_VEHICULAR,C000113,Crédito Vehicular,Deuda,15205.69,False,False,False,,2030-04-19,Activo,2026-08-08,2026-08-10,2
C000113__CREDITO_CONSUMO,C000113,Crédito de Consumo,Deuda,1820.35,False,False,False,,2030-07-22,Activo,2025-11-03,2025-11-03,1
C000113__TARJETA_CREDITO,C000113,Tarjeta de Crédito,Deuda,453.71,False,False,False,1400.00,2029-06-29,Activo,2025-01-20,2026-08-16,14
C000114__CREDITO_CONSUMO,C000114,Crédito de Consumo,Deuda,5859.57,False,False,False,,2028-04-28,Activo,2025-04-25,2025-04-25,1
C000114__CTA_AHORROS,C000114,Cuenta de Ahorros,Depósito,8581.36,False,False,False,,,Activo,2026-05-19,2026-05-19,1
C000114__TARJETA_CREDITO,C000114,Tarjeta de Crédito,Deuda,2450.57,False,False,False,4500.00,2029-12-17,Activo,2025-01-22,2026-02-07,12
C000115__CREDITO_CONSUMO,C000115,Crédito de Consumo,Deuda,7221.82,False,False,False,,2029-09-25,Activo,2026-03-18,2026-05-22,2
C000115__TARJETA_CREDITO,C000115,Tarjeta de Crédito,Deuda,0.00,False,False,False,4500.00,2028-07-16,Activo,2025-01-29,2026-07-26,11
C000116__CTA_CORRIENTE,C000116,Cuenta Corriente,Depósito,5377.27,False,False,False,,,Activo,2026-01-14,2026-04-15,2
C000116__CTA_AHORROS,C000116,Cuenta de Ahorros,Depósito,11656.22,False,False,False,,,Activo,2025-05-17,2026-02-12,4
C000116__TARJETA_CREDITO,C000116,Tarjeta de Crédito,Deuda,4300.74,False,False,True,5600.00,2029-05-07,Activo,2025-02-16,2026-05-22,9
C000117__CREDITO_VEHICULAR,C000117,Crédito Vehicular,Deuda,9430.59,False,False,False,,2029-02-16,Activo,2025-01-05,2026-08-08,3
C000118__CREDITO_HIPOTECARIO,C000118,Crédito Hipotecario,Deuda,64374.95,False,False,False,,2029-04-06,Activo,2025-06-08,2026-06-24,3
C000118__CTA_CORRIENTE,C000118,Cuenta Corriente,Depósito,998.21,False,False,False,,,Activo,2025-04-06,2026-03-21,4
C000118__CTA_AHORROS,C000118,Cuenta de Ahorros,Depósito,5115.51,False,False,False,,,Activo,2025-01-06,2026-04-09,4
C000118__TARJETA_CREDITO,C000118,Tarjeta de Crédito,Deuda,278.72,False,False,False,3800.00,2029-11-24,Activo,2025-03-14,2026-01-12,6
C000119__CREDITO_CONSUMO,C000119,Crédito de Consumo,Deuda,3237.92,False,False,False,,2027-04-14,Activo,2025-03-20,2026-06-10,3
C000119__TARJETA_CREDITO,C000119,Tarjeta de Crédito,Deuda,524.19,False,False,False,2000.00,2028-09-12,Activo,2025-01-19,2026-08-23,8
C000120__CREDITO_CONSUMO,C000120,Crédito de Consumo,Deuda,13298.78,False,False,False,,2028-06-16,Activo,2026-04-01,2026-04-28,3
C000120__CTA_CORRIENTE,C000120,Cuenta Corriente,Depósito,6361.81,False,False,False,,,Activo,2025-10-29,2026-02-06,2
C000120__TARJETA_CREDITO,C000120,Tarjeta de Crédito,Deuda,319.88,False,False,False,2800.00,2029-01-14,Activo,2025-01-19,2026-08-16,11
C000121__CREDITO_VEHICULAR,C000121,Crédito Vehicular,Deuda,17717.68,False,False,False,,2030-09-25,Activo,2026-07-25,2026-07-25,1
C000121__TARJETA_CREDITO,C000121,Tarjeta de Crédito,Deuda,1690.29,False,False,False,3300.00,2030-07-30,Activo,2025-04-12,2026-08-12,12
C000122__CTA_CORRIENTE,C000122,Cuenta Corriente,Depósito,5329.99,False,False,False,,,Activo,2025-05-01,2026-06-10,4
C000122__CTA_AHORROS,C000122,Cuenta de Ahorros,Depósito,5012.03,False,False,False,,,Activo,2025-07-30,2026-03-29,4
C000122__TARJETA_CREDITO,C000122,Tarjeta de Crédito,Deuda,245.07,False,False,False,2900.00,2027-06-01,Activo,2025-05-31,2026-08-22,12
C000123__CREDITO_VEHICULAR,C000123,Crédito Vehicular,Deuda,23272.17,False,False,False,,2027-04-18,Activo,2025-10-18,2026-05-16,2
C000123__CTA_AHORROS,C000123,Cuenta de Ahorros,Depósito,20060.34,False,False,True,,,Activo,2025-01-29,2025-11-09,3
C000123__TARJETA_CREDITO,C000123,Tarjeta de Crédito,Deuda,4464.95,False,False,True,8300.00,2027-02-01,Activo,2025-11-30,2026-06-01,4
C000124__CTA_AHORROS,C000124,Cuenta de Ahorros,Depósito,1614.88,False,False,False,,,Activo,2026-07-09,2026-07-29,3
C000124__TARJETA_CREDITO,C000124,Tarjeta de Crédito,Deuda,127.69,False,False,False,600.00,2029-05-17,Activo,2025-01-20,2026-07-22,12
C000125__CREDITO_VEHICULAR,C000125,Crédito Vehicular,Deuda,22113.47,False,False,False,,2027-07-14,Activo,2025-04-02,2025-05-06,2
C000125__CREDITO_CONSUMO,C000125,Crédito de Consumo,Deuda,6628.03,False,False,False,,2028-08-16,Activo,2025-03-03,2025-03-03,1
C000125__CTA_AHORROS,C000125,Cuenta de Ahorros,Depósito,1554.58,False,False,False,,,Activo,2025-08-06,2026-06-07,4
C000126__CREDITO_HIPOTECARIO,C000126,Crédito Hipotecario,Deuda,69500.95,False,False,False,,2030-05-10,Activo,2025-08-04,2025-12-03,2
C000126__CREDITO_VEHICULAR,C000126,Crédito Vehicular,Deuda,17732.15,False,False,False,,2031-12-09,Activo,2025-07-17,2025-08-15,2
C000126__TARJETA_CREDITO,C000126,Tarjeta de Crédito,Deuda,1248.76,False,False,False,7100.00,2030-05-01,Activo,2025-02-01,2026-05-03,4
C000127__CREDITO_CONSUMO,C000127,Crédito de Consumo,Deuda,29336.84,False,False,True,,2029-02-03,Activo,2025-07-20,2025-07-20,1
C000128__CREDITO_HIPOTECARIO,C000128,Crédito Hipotecario,Deuda,61036.81,False,False,False,,2027-06-25,Activo,2025-05-11,2026-08-07,3
C000128__TARJETA_CREDITO,C000128,Tarjeta de Crédito,Deuda,578.52,False,False,False,6100.00,2028-03-30,Activo,2025-01-24,2026-07-28,7
C000129__CREDITO_HIPOTECARIO,C000129,Crédito Hipotecario,Deuda,83073.10,False,False,False,,2031-01-10,Activo,2025-04-09,2026-02-25,2
C000129__TARJETA_CREDITO,C000129,Tarjeta de Crédito,Deuda,744.27,False,False,False,2800.00,2028-08-13,Activo,2025-03-04,2026-03-26,4
C000130__CREDITO_VEHICULAR,C000130,Crédito Vehicular,Deuda,17350.13,False,False,False,,2032-07-19,Activo,2025-04-16,2026-08-25,2
C000130__CTA_AHORROS,C000130,Cuenta de Ahorros,Depósito,2930.79,False,False,False,,,Activo,2026-08-31,2026-08-31,1
C000130__TARJETA_CREDITO,C000130,Tarjeta de Crédito,Deuda,164.44,False,False,False,2200.00,2028-02-22,Activo,2025-02-13,2026-04-24,9
C000131__CREDITO_CONSUMO,C000131,Crédito de Consumo,Deuda,4584.18,False,False,False,,2026-11-10,Activo,2026-01-02,2026-01-02,1
C000131__CTA_CORRIENTE,C000131,Cuenta Corriente,Depósito,4368.55,False,False,False,,,Activo,2025-05-26,2025-05-26,1
C000131__TARJETA_CREDITO,C000131,Tarjeta de Crédito,Deuda,112.64,False,False,False,3000.00,2026-12-14,Activo,2025-05-21,2025-11-09,4
C000132__CTA_CORRIENTE,C000132,Cuenta Corriente,Depósito,5288.73,False,False,False,,,Activo,2025-09-08,2026-08-25,3
C000133__CREDITO_HIPOTECARIO,C000133,Crédito Hipotecario,Deuda,31272.38,False,False,False,,2032-06-16,Activo,2025-07-03,2026-05-26,2
C000133__CREDITO_VEHICULAR,C000133,Crédito Vehicular,Deuda,17431.45,False,False,False,,2030-12-10,Activo,2026-05-10,2026-08-19,3
C000133__TARJETA_CREDITO,C000133,Tarjeta de Crédito,Deuda,1470.61,False,False,False,5200.00,2027-12-09,Activo,2025-03-19,2026-08-09,7
C000134__CREDITO_HIPOTECARIO,C000134,Crédito Hipotecario,Deuda,70186.33,False,False,False,,2031-04-12,Activo,2025-01-13,2026-08-17,2
C000134__CREDITO_VEHICULAR,C000134,Crédito Vehicular,Deuda,23696.55,False,False,False,,2032-06-30,Activo,2026-02-12,2026-02-12,1
C000134__CTA_AHORROS,C000134,Cuenta de Ahorros,Depósito,1892.20,False,False,False,,,Activo,2025-05-14,2025-11-14,2
C000134__TARJETA_CREDITO,C000134,Tarjeta de Crédito,Deuda,512.96,False,False,False,1400.00,2029-12-31,Activo,2025-03-13,2026-08-11,12
C000135__CTA_CORRIENTE,C000135,Cuenta Corriente,Depósito,5996.54,False,False,False,,,Activo,2025-06-29,2025-12-22,4
C000135__CTA_AHORROS,C000135,Cuenta de Ahorros,Depósito,-100.00,False,True,False,,,Activo,2025-02-10,2026-08-06,4
C000135__TARJETA_CREDITO,C000135,Tarjeta de Crédito,Deuda,7602.46,False,False,True,10400.00,2029-04-10,Activo,2025-02-05,2026-07-16,10
C000136__CREDITO_CONSUMO,C000136,Crédito de Consumo,Deuda,779.04,False,False,False,,2030-07-12,Activo,2025-03-06,2025-03-06,1
C000136__CTA_AHORROS,C000136,Cuenta de Ahorros,Depósito,528.78,False,False,False,,,Activo,2025-07-24,2026-01-19,2
C000137__CTA_AHORROS,C000137,Cuenta de Ahorros,Depósito,618.77,False,False,False,,,Activo,2026-03-15,2026-07-09,2
C000138__CREDITO_CONSUMO,C000138,Crédito de Consumo,Deuda,3804.47,False,False,False,,2030-11-20,Activo,2025-03-10,2025-03-10,1
C000138__TARJETA_CREDITO,C000138,Tarjeta de Crédito,Deuda,292.04,False,False,False,1500.00,2030-01-24,Activo,2025-02-10,2026-07-07,11
C000139__CREDITO_HIPOTECARIO,C000139,Crédito Hipotecario,Deuda,39653.58,False,False,False,,2029-10-18,Activo,2025-03-23,2026-01-04,2
C000139__CTA_CORRIENTE,C000139,Cuenta Corriente,Depósito,6367.20,False,False,False,,,Activo,2025-06-30,2026-04-24,4
C000139__TARJETA_CREDITO,C000139,Tarjeta de Crédito,Deuda,925.65,False,False,False,2200.00,2029-03-07,Activo,2025-01-14,2026-08-26,10
C000140__CREDITO_VEHICULAR,C000140,Crédito Vehicular,Deuda,13619.53,False,False,False,,2027-08-26,Activo,2025-06-19,2025-09-16,3
C000141__CREDITO_CONSUMO,C000141,Crédito de Consumo,Deuda,10601.49,False,False,False,,2029-07-15,Activo,2026-04-08,2026-05-02,2
C000141__CTA_CORRIENTE,C000141,Cuenta Corriente,Depósito,6890.39,False,False,False,,,Activo,2026-06-28,2026-06-28,1
C000141__TARJETA_CREDITO,C000141,Tarjeta de Crédito,Deuda,437.93,False,False,False,2800.00,2027-08-26,Activo,2025-01-02,2026-03-16,11
C000142__CREDITO_HIPOTECARIO,C000142,Crédito Hipotecario,Deuda,27229.85,False,False,False,,2031-03-28,Activo,2025-03-25,2026-05-03,3
C000142__CREDITO_CONSUMO,C000142,Crédito de Consumo,Deuda,24844.90,False,False,False,,2028-05-20,Activo,2025-02-05,2025-11-13,3
C000142__CTA_AHORROS,C000142,Cuenta de Ahorros,Depósito,26966.12,False,False,True,,,Activo,2026-01-21,2026-05-22,2
C000142__TARJETA_CREDITO,C000142,Tarjeta de Crédito,Deuda,4631.88,False,False,True,12600.00,2029-08-16,Activo,2025-04-02,2026-07-16,13
C000143__CREDITO_VEHICULAR,C000143,Crédito Vehicular,Deuda,15118.45,False,False,False,,2031-03-01,Activo,2025-05-15,2025-05-15,1
C000143__CREDITO_CONSUMO,C000143,Crédito de Consumo,Deuda,4076.92,False,False,False,,2032-01-22,Activo,2026-02-05,2026-06-25,2
C000143__CTA_CORRIENTE,C000143,Cuenta Corriente,Depósito,5401.04,False,False,False,,,Activo,2025-01-23,2025-12-12,2
C000143__TARJETA_CREDITO,C000143,Tarjeta de Crédito,Deuda,3017.19,False,False,False,3900.00,2027-01-04,Activo,2025-04-02,2026-04-14,8
C000144__CREDITO_VEHICULAR,C000144,Crédito Vehicular,Deuda,19791.20,False,False,False,,2032-02-16,Activo,2025-04-07,2025-07-05,2
C000145__CREDITO_CONSUMO,C000145,Crédito de Consumo,Deuda,3811.47,False,False,False,,2032-03-24,Activo,2026-06-16,2026-06-16,1
C000145__CTA_AHORROS,C000145,Cuenta de Ahorros,Depósito,-100.00,False,True,False,,,Activo,2025-08-01,2025-08-01,1
C000145__TARJETA_CREDITO,C000145,Tarjeta de Crédito,Deuda,1105.64,False,False,False,4600.00,2027-09-21,Activo,2025-02-05,2026-08-12,13
C000146__CTA_CORRIENTE,C000146,Cuenta Corriente,Depósito,807.55,False,False,False,,,Activo,2025-05-07,2025-05-07,1
C000146__TARJETA_CREDITO,C000146,Tarjeta de Crédito,Deuda,562.43,False,False,False,2800.00,2029-06-14,Activo,2025-04-12,2026-06-29,5
C000147__CREDITO_HIPOTECARIO,C000147,Crédito Hipotecario,Deuda,16599.77,False,False,False,,2030-09-17,Activo,2026-03-09,2026-03-09,1
C000147__TARJETA_CREDITO,C000147,Tarjeta de Crédito,Deuda,1949.43,False,False,False,8100.00,2027-12-28,Activo,2025-01-08,2026-06-30,8
C000148__CTA_AHORROS,C000148,Cuenta de Ahorros,Depósito,2999.44,False,False,False,,,Activo,2025-02-06,2026-06-12,4
C000149__CREDITO_CONSUMO,C000149,Crédito de Consumo,Deuda,5215.57,False,False,False,,2027-09-13,Activo,2026-02-25,2026-06-11,3
C000149__TARJETA_CREDITO,C000149,Tarjeta de Crédito,Deuda,956.45,False,False,False,2900.00,2028-10-21,Activo,2025-01-09,2026-05-06,8
C000150__CREDITO_HIPOTECARIO,C000150,Crédito Hipotecario,Deuda,62076.20,False,False,False,,2032-05-19,Activo,2025-06-02,2026-08-29,3
C000150__CREDITO_CONSUMO,C000150,Crédito de Consumo,Deuda,2549.13,False,False,False,,2027-10-08,Activo,2026-01-25,2026-01-25,1
C000150__CTA_CORRIENTE,C000150,Cuenta Corriente,Depósito,-100.00,False,True,False,,,Activo,2025-07-16,2026-02-15,2
C000150__TARJETA_CREDITO,C000150,Tarjeta de Crédito,Deuda,362.94,False,False,False,800.00,2030-04-05,Activo,2025-04-14,2026-01-06,7
C000151__CREDITO_VEHICULAR,C000151,Crédito Vehicular,Deuda,9348.27,False,False,False,,2030-08-23,Activo,2025-05-01,2026-04-05,2
C000151__CTA_CORRIENTE,C000151,Cuenta Corriente,Depósito,7527.42,False,False,False,,,Activo,2025-10-03,2026-03-29,2
C000151__CTA_AHORROS,C000151,Cuenta de Ahorros,Depósito,836.83,False,False,False,,,Activo,2025-02-14,2026-07-01,2
C000151__TARJETA_CREDITO,C000151,Tarjeta de Crédito,Deuda,1212.59,False,False,False,2500.00,2029-01-21,Activo,2025-06-30,2026-07-01,12
C000152__CREDITO_CONSUMO,C000152,Crédito de Consumo,Deuda,13238.28,False,False,False,,2026-12-26,Activo,2025-06-16,2026-02-08,2
C000152__CTA_CORRIENTE,C000152,Cuenta Corriente,Depósito,5126.41,False,False,False,,,Activo,2025-07-04,2025-07-13,2
C000152__TARJETA_CREDITO,C000152,Tarjeta de Crédito,Deuda,1244.12,False,False,False,2700.00,2029-04-04,Activo,2025-02-15,2026-06-28,14
C000153__CTA_CORRIENTE,C000153,Cuenta Corriente,Depósito,7654.69,False,False,False,,,Activo,2025-11-23,2026-05-08,3
C000153__CTA_AHORROS,C000153,Cuenta de Ahorros,Depósito,7769.62,False,False,False,,,Activo,2025-05-22,2026-07-17,3
C000153__TARJETA_CREDITO,C000153,Tarjeta de Crédito,Deuda,0.00,False,False,False,3900.00,2028-11-11,Activo,2025-03-03,2026-08-18,5
C000154__CREDITO_VEHICULAR,C000154,Crédito Vehicular,Deuda,16306.89,False,False,False,,2027-08-12,Activo,2026-08-06,2026-08-06,1
C000154__CTA_CORRIENTE,C000154,Cuenta Corriente,Depósito,6409.66,False,False,False,,,Activo,2025-06-03,2026-06-25,4
C000154__TARJETA_CREDITO,C000154,Tarjeta de Crédito,Deuda,347.24,False,False,False,5800.00,2026-10-13,Activo,2025-04-05,2026-08-09,8
C000155__CREDITO_VEHICULAR,C000155,Crédito Vehicular,Deuda,7746.87,False,False,False,,2027-04-06,Activo,2025-11-19,2025-11-19,1
C000155__TARJETA_CREDITO,C000155,Tarjeta de Crédito,Deuda,1422.25,False,False,False,7400.00,2028-09-15,Activo,2025-02-08,2026-03-18,8
C000156__CREDITO_HIPOTECARIO,C000156,Crédito Hipotecario,Deuda,83031.09,False,False,False,,2028-04-28,Activo,2026-08-06,2026-08-06,1
C000156__CREDITO_CONSUMO,C000156,Crédito de Consumo,Deuda,2985.72,False,False,False,,2031-12-01,Activo,2026-03-29,2026-04-30,2
C000156__CTA_AHORROS,C000156,Cuenta de Ahorros,Depósito,1360.44,False,False,False,,,Activo,2025-10-14,2025-10-30,2
C000156__TARJETA_CREDITO,C000156,Tarjeta de Crédito,Deuda,396.49,False,False,False,1400.00,2030-03-08,Activo,2025-02-02,2026-07-29,14
C000157__CREDITO_CONSUMO,C000157,Crédito de Consumo,Deuda,3873.44,False,False,False,,2031-08-25,Activo,2025-01-11,2026-08-08,2
C000157__TARJETA_CREDITO,C000157,Tarjeta de Crédito,Deuda,0.00,False,False,False,1300.00,2027-10-27,Activo,2025-02-07,2026-08-16,5
C000158__CREDITO_CONSUMO,C000158,Crédito de Consumo,Deuda,26087.85,False,False,False,,2031-11-11,Activo,2026-02-25,2026-07-10,2
C000159__TARJETA_CREDITO,C000159,Tarjeta de Crédito,Deuda,369.69,False,False,False,1600.00,2029-02-27,Activo,2025-01-27,2026-08-15,14
C000160__CTA_AHORROS,C000160,Cuenta de Ahorros,Depósito,28680.63,False,False,True,,,Activo,2025-01-24,2026-08-17,2
C000160__TARJETA_CREDITO,C000160,Tarjeta de Crédito,Deuda,2910.48,False,False,False,6900.00,2027-07-03,Activo,2025-01-31,2026-07-14,8
C000161__CREDITO_VEHICULAR,C000161,Crédito Vehicular,Deuda,20443.33,False,False,False,,2031-03-27,Activo,2025-09-14,2025-09-14,1
C000161__TARJETA_CREDITO,C000161,Tarjeta de Crédito,Deuda,1030.79,False,False,False,7900.00,2030-09-24,Activo,2025-01-10,2026-08-04,8
C000162__CREDITO_VEHICULAR,C000162,Crédito Vehicular,Deuda,15651.47,False,False,False,,2027-08-03,Activo,2025-11-24,2026-03-22,3
C000163__CREDITO_VEHICULAR,C000163,Crédito Vehicular,Deuda,22379.59,False,False,False,,2031-04-07,Activo,2026-07-01,2026-07-01,1
C000163__CTA_CORRIENTE,C000163,Cuenta Corriente,Depósito,2155.35,False,False,False,,,Activo,2026-08-13,2026-08-13,1
C000163__TARJETA_CREDITO,C000163,Tarjeta de Crédito,Deuda,219.39,False,False,False,900.00,2030-04-28,Activo,2025-02-18,2025-11-21,4
C000164__CREDITO_CONSUMO,C000164,Crédito de Consumo,Deuda,1820.43,False,False,False,,2028-04-17,Activo,2025-11-23,2026-08-22,3
C000164__TARJETA_CREDITO,C000164,Tarjeta de Crédito,Deuda,316.54,False,False,False,2200.00,2027-05-24,Activo,2025-03-21,2026-08-28,12
C000165__CREDITO_HIPOTECARIO,C000165,Crédito Hipotecario,Deuda,81077.51,False,False,False,,2029-11-04,Activo,2025-04-22,2026-05-21,3
C000165__CREDITO_CONSUMO,C000165,Crédito de Consumo,Deuda,13228.79,False,False,False,,2029-03-18,Activo,2025-02-24,2025-02-24,1
C000165__TARJETA_CREDITO,C000165,Tarjeta de Crédito,Deuda,1424.27,False,False,False,4100.00,2028-04-02,Activo,2025-01-10,2026-04-12,7
C000166__CTA_CORRIENTE,C000166,Cuenta Corriente,Depósito,19413.16,False,False,True,,,Activo,2025-09-21,2026-04-09,3
C000167__CREDITO_HIPOTECARIO,C000167,Crédito Hipotecario,Deuda,71030.19,False,False,False,,2026-12-24,Activo,2026-02-25,2026-02-25,1
C000167__CREDITO_VEHICULAR,C000167,Crédito Vehicular,Deuda,25565.75,False,False,False,,2028-05-03,Activo,2026-05-25,2026-08-15,2
C000167__TARJETA_CREDITO,C000167,Tarjeta de Crédito,Deuda,264.81,False,False,False,2200.00,2027-10-17,Activo,2025-02-21,2026-04-06,10
C000168__CREDITO_CONSUMO,C000168,Crédito de Consumo,Deuda,22153.78,False,False,False,,2030-05-13,Activo,2025-05-23,2026-03-03,3
C000168__CTA_CORRIENTE,C000168,Cuenta Corriente,Depósito,2161.98,False,False,False,,,Activo,2025-04-11,2026-03-09,4
C000168__CTA_AHORROS,C000168,Cuenta de Ahorros,Depósito,5933.72,False,False,False,,,Activo,2025-11-17,2026-07-13,4
C000168__TARJETA_CREDITO,C000168,Tarjeta de Crédito,Deuda,2913.08,False,False,False,7100.00,2028-09-17,Activo,2025-04-10,2026-08-03,11
C000169__CREDITO_HIPOTECARIO,C000169,Crédito Hipotecario,Deuda,90392.84,False,False,False,,2028-12-29,Activo,2025-04-13,2026-05-07,2
C000170__CREDITO_CONSUMO,C000170,Crédito de Consumo,Deuda,14761.40,False,False,False,,2031-02-12,Activo,2026-08-18,2026-08-18,1
C000170__TARJETA_CREDITO,C000170,Tarjeta de Crédito,Deuda,2520.25,False,False,False,4600.00,2026-12-12,Activo,2025-05-23,2026-08-18,9
C000171__CREDITO_HIPOTECARIO,C000171,Crédito Hipotecario,Deuda,94702.25,False,False,False,,2031-10-16,Activo,2025-05-17,2026-08-11,2
C000171__CTA_AHORROS,C000171,Cuenta de Ahorros,Depósito,3964.19,False,False,False,,,Activo,2025-06-28,2025-06-28,1
C000172__CREDITO_VEHICULAR,C000172,Crédito Vehicular,Deuda,18409.73,False,False,False,,2031-04-29,Activo,2025-12-15,2026-07-14,3
C000172__CTA_AHORROS,C000172,Cuenta de Ahorros,Depósito,967.02,False,False,False,,,Activo,2025-07-28,2025-07-28,1
C000172__TARJETA_CREDITO,C000172,Tarjeta de Crédito,Deuda,760.84,False,False,False,2200.00,2029-11-27,Activo,2025-02-28,2026-07-19,11
C000173__CREDITO_CONSUMO,C000173,Crédito de Consumo,Deuda,1342.10,False,False,False,,2027-05-02,Activo,2026-01-22,2026-03-17,2
C000173__CTA_AHORROS,C000173,Cuenta de Ahorros,Depósito,1605.33,False,False,False,,,Activo,2026-01-12,2026-01-12,1
C000173__TARJETA_CREDITO,C000173,Tarjeta de Crédito,Deuda,569.31,False,False,False,1900.00,2027-01-12,Activo,2025-03-20,2026-07-04,7
C000174__CTA_CORRIENTE,C000174,Cuenta Corriente,Depósito,2729.60,False,False,False,,,Activo,2025-08-04,2025-11-09,2
C000175__CREDITO_HIPOTECARIO,C000175,Crédito Hipotecario,Deuda,67193.15,False,False,False,,2030-03-03,Activo,2026-07-09,2026-07-09,1
C000175__CTA_AHORROS,C000175,Cuenta de Ahorros,Depósito,7396.53,False,False,False,,,Activo,2025-02-15,2026-05-23,4
C000175__TARJETA_CREDITO,C000175,Tarjeta de Crédito,Deuda,3074.46,False,False,False,8600.00,2030-02-13,Activo,2025-01-13,2026-08-05,9
C000176__CREDITO_VEHICULAR,C000176,Crédito Vehicular,Deuda,12960.65,False,False,False,,2029-05-11,Activo,2025-02-09,2025-02-09,1
C000177__CTA_AHORROS,C000177,Cuenta de Ahorros,Depósito,9144.92,False,False,False,,,Activo,2025-04-26,2026-08-08,4
C000177__TARJETA_CREDITO,C000177,Tarjeta de Crédito,Deuda,1347.23,False,False,False,4200.00,2030-02-10,Activo,2025-02-22,2026-07-16,9
C000178__CREDITO_HIPOTECARIO,C000178,Crédito Hipotecario,Deuda,44619.77,False,False,False,,2028-10-06,Activo,2025-01-16,2026-03-05,2
C000178__CREDITO_VEHICULAR,C000178,Crédito Vehicular,Deuda,22580.62,False,False,False,,2027-08-30,Activo,2025-06-01,2026-03-08,2
C000178__CTA_CORRIENTE,C000178,Cuenta Corriente,Depósito,1598.34,False,False,False,,,Activo,2025-09-24,2025-12-16,2
C000179__CREDITO_VEHICULAR,C000179,Crédito Vehicular,Deuda,22629.79,False,False,False,,2027-04-04,Activo,2025-12-30,2025-12-30,1
C000179__CREDITO_CONSUMO,C000179,Crédito de Consumo,Deuda,15601.38,False,False,False,,2031-08-20,Activo,2025-07-07,2026-05-04,2
C000179__CTA_CORRIENTE,C000179,Cuenta Corriente,Depósito,1022.97,False,False,False,,,Activo,2025-04-21,2025-12-11,3
C000179__TARJETA_CREDITO,C000179,Tarjeta de Crédito,Deuda,754.83,False,False,False,4200.00,2029-07-25,Activo,2025-04-10,2026-06-22,5
C000180__TARJETA_CREDITO,C000180,Tarjeta de Crédito,Deuda,685.64,False,False,False,1600.00,2028-01-03,Activo,2025-01-09,2026-04-10,14
C000181__CREDITO_CONSUMO,C000181,Crédito de Consumo,Deuda,13597.02,False,False,False,,2031-12-17,Activo,2025-04-27,2026-02-12,2
C000181__TARJETA_CREDITO,C000181,Tarjeta de Crédito,Deuda,0.00,False,False,False,5100.00,2029-06-13,Activo,2025-01-21,2026-06-16,13
C000182__CREDITO_HIPOTECARIO,C000182,Crédito Hipotecario,Deuda,59757.56,False,False,False,,2028-12-04,Activo,2025-01-24,2026-03-12,3
C000182__CTA_AHORROS,C000182,Cuenta de Ahorros,Depósito,-100.00,False,True,False,,,Activo,2026-08-26,2026-08-26,1
C000183__TARJETA_CREDITO,C000183,Tarjeta de Crédito,Deuda,671.28,False,False,False,2400.00,2029-09-12,Activo,2025-01-14,2026-08-02,12
C000184__CREDITO_HIPOTECARIO,C000184,Crédito Hipotecario,Deuda,67271.98,False,False,False,,2028-08-10,Activo,2025-10-25,2025-10-25,1
C000184__CREDITO_VEHICULAR,C000184,Crédito Vehicular,Deuda,11450.69,False,False,False,,2031-01-27,Activo,2025-03-22,2026-06-19,3
C000184__CREDITO_CONSUMO,C000184,Crédito de Consumo,Deuda,16255.33,False,False,False,,2029-11-11,Activo,2025-05-27,2026-07-28,3
C000184__TARJETA_CREDITO,C000184,Tarjeta de Crédito,Deuda,264.36,False,False,False,2900.00,2029-08-14,Activo,2025-01-01,2026-08-30,13
C000185__CREDITO_HIPOTECARIO,C000185,Crédito Hipotecario,Deuda,82586.83,False,False,False,,2028-11-21,Activo,2025-01-11,2026-01-19,2
C000185__TARJETA_CREDITO,C000185,Tarjeta de Crédito,Deuda,1391.04,False,False,False,2400.00,2027-10-20,Activo,2025-01-14,2026-08-24,4
C000186__CREDITO_CONSUMO,C000186,Crédito de Consumo,Deuda,14810.60,False,False,False,,2028-08-24,Activo,2025-03-04,2026-02-17,3
C000186__CTA_CORRIENTE,C000186,Cuenta Corriente,Depósito,4371.69,False,False,False,,,Activo,2025-02-27,2025-02-27,1
C000186__CTA_AHORROS,C000186,Cuenta de Ahorros,Depósito,3546.54,False,False,False,,,Activo,2025-01-18,2025-11-21,3
C000187__CTA_CORRIENTE,C000187,Cuenta Corriente,Depósito,3634.34,False,False,False,,,Activo,2025-03-30,2026-08-05,3
C000187__CTA_AHORROS,C000187,Cuenta de Ahorros,Depósito,3374.42,False,False,False,,,Activo,2025-07-06,2025-07-06,1
C000187__TARJETA_CREDITO,C000187,Tarjeta de Crédito,Deuda,1129.30,False,False,False,3200.00,2030-01-08,Activo,2025-01-21,2026-04-24,14
C000188__CREDITO_HIPOTECARIO,C000188,Crédito Hipotecario,Deuda,53367.09,False,False,False,,2029-05-17,Activo,2025-04-21,2026-02-15,3
C000188__CREDITO_CONSUMO,C000188,Crédito de Consumo,Deuda,3401.02,False,False,False,,2029-06-24,Activo,2026-01-18,2026-05-10,2
C000188__TARJETA_CREDITO,C000188,Tarjeta de Crédito,Deuda,1002.48,False,False,False,1200.00,2027-08-22,Activo,2025-04-03,2026-06-21,8
C000189__CREDITO_VEHICULAR,C000189,Crédito Vehicular,Deuda,13545.13,False,False,False,,2031-03-19,Activo,2025-08-24,2025-08-24,1
C000189__CTA_AHORROS,C000189,Cuenta de Ahorros,Depósito,8543.22,False,False,False,,,Activo,2025-04-06,2026-05-08,4
C000189__TARJETA_CREDITO,C000189,Tarjeta de Crédito,Deuda,4345.73,False,False,True,9500.00,2029-01-26,Activo,2025-02-25,2026-04-11,6
C000190__CREDITO_HIPOTECARIO,C000190,Crédito Hipotecario,Deuda,66847.07,False,False,False,,2030-11-21,Activo,2025-10-31,2026-03-12,2
C000190__CREDITO_CONSUMO,C000190,Crédito de Consumo,Deuda,3370.94,False,False,False,,2029-11-27,Activo,2025-05-05,2025-05-05,1
C000190__TARJETA_CREDITO,C000190,Tarjeta de Crédito,Deuda,172.92,False,False,False,500.00,2028-03-16,Activo,2025-03-22,2025-12-01,6
C000191__CREDITO_HIPOTECARIO,C000191,Crédito Hipotecario,Deuda,58056.62,False,False,False,,2028-10-12,Activo,2025-10-19,2026-03-01,3
C000191__CREDITO_VEHICULAR,C000191,Crédito Vehicular,Deuda,7784.40,False,False,False,,2030-12-11,Activo,2025-07-10,2026-04-30,3
C000191__CTA_CORRIENTE,C000191,Cuenta Corriente,Depósito,380.77,False,False,False,,,Activo,2025-08-19,2025-11-22,3
C000191__TARJETA_CREDITO,C000191,Tarjeta de Crédito,Deuda,1059.86,False,False,False,2200.00,2030-09-13,Activo,2025-01-31,2026-07-26,13
C000192__CREDITO_HIPOTECARIO,C000192,Crédito Hipotecario,Deuda,47436.87,False,False,False,,2029-07-20,Activo,2026-08-06,2026-08-06,1
C000192__CREDITO_CONSUMO,C000192,Crédito de Consumo,Deuda,9544.74,False,False,False,,2028-04-20,Activo,2025-01-24,2026-08-08,3
C000192__TARJETA_CREDITO,C000192,Tarjeta de Crédito,Deuda,2781.98,False,False,False,7500.00,2030-01-29,Activo,2025-03-03,2026-08-05,14
C000193__CREDITO_HIPOTECARIO,C000193,Crédito Hipotecario,Deuda,101825.12,False,False,False,,2028-03-10,Activo,2025-10-27,2025-10-27,1
C000193__CREDITO_CONSUMO,C000193,Crédito de Consumo,Deuda,16745.73,False,False,False,,2029-08-19,Activo,2025-06-01,2025-08-22,3
C000194__CTA_CORRIENTE,C000194,Cuenta Corriente,Depósito,-100.00,False,True,False,,,Activo,2026-05-12,2026-06-22,3
C000194__TARJETA_CREDITO,C000194,Tarjeta de Crédito,Deuda,215.53,False,False,False,1900.00,2027-01-26,Activo,2025-01-13,2026-07-21,9
C000195__CREDITO_CONSUMO,C000195,Crédito de Consumo,Deuda,3442.73,False,False,False,,2032-03-18,Activo,2026-03-17,2026-08-06,2
C000195__TARJETA_CREDITO,C000195,Tarjeta de Crédito,Deuda,205.37,False,False,False,700.00,2029-03-10,Activo,2025-04-22,2026-07-31,14
C000196__TARJETA_CREDITO,C000196,Tarjeta de Crédito,Deuda,0.00,False,False,False,700.00,2028-11-07,Activo,2025-06-05,2026-08-31,9
C000197__CTA_CORRIENTE,C000197,Cuenta Corriente,Depósito,-100.00,False,True,False,,,Activo,2025-03-10,2026-08-12,3
C000197__CTA_AHORROS,C000197,Cuenta de Ahorros,Depósito,4882.63,False,False,False,,,Activo,2026-03-14,2026-06-26,4
C000197__TARJETA_CREDITO,C000197,Tarjeta de Crédito,Deuda,182.90,False,False,False,2800.00,2029-11-02,Activo,2025-01-22,2026-06-29,5
C000198__CREDITO_VEHICULAR,C000198,Crédito Vehicular,Deuda,24267.54,False,False,False,,2027-03-11,Activo,2026-07-08,2026-07-08,1
C000198__CTA_CORRIENTE,C000198,Cuenta Corriente,Depósito,6031.93,False,False,False,,,Activo,2025-07-13,2025-07-31,2
C000199__TARJETA_CREDITO,C000199,Tarjeta de Crédito,Deuda,976.10,False,False,False,2900.00,2029-03-04,Activo,2026-01-02,2026-08-28,5
C000200__CREDITO_CONSUMO,C000200,Crédito de Consumo,Deuda,2322.90,False,False,False,,2026-11-07,Activo,2026-06-16,2026-06-16,1
C000200__CTA_AHORROS,C000200,Cuenta de Ahorros,Depósito,1882.75,False,False,False,,,Activo,2025-09-12,2026-04-28,4
C000200__TARJETA_CREDITO,C000200,Tarjeta de Crédito,Deuda,1006.44,False,False,False,3000.00,2027-11-19,Activo,2025-03-09,2026-08-08,14
C000201__CREDITO_HIPOTECARIO,C000201,Crédito Hipotecario,Deuda,51284.56,False,False,False,,2028-11-02,Activo,2025-12-16,2026-05-15,2
C000201__CTA_CORRIENTE,C000201,Cuenta Corriente,Depósito,16751.69,False,False,True,,,Activo,2025-10-14,2025-10-14,1
C000201__CTA_AHORROS,C000201,Cuenta de Ahorros,Depósito,5276.00,False,False,False,,,Activo,2025-08-08,2026-08-15,4
C000201__TARJETA_CREDITO,C000201,Tarjeta de Crédito,Deuda,2476.67,False,False,False,7900.00,2027-04-01,Activo,2025-01-01,2026-06-28,14
C000202__CREDITO_HIPOTECARIO,C000202,Crédito Hipotecario,Deuda,138342.66,False,False,False,,2028-05-06,Activo,2025-01-12,2026-06-18,3
C000202__CTA_CORRIENTE,C000202,Cuenta Corriente,Depósito,2900.58,False,False,False,,,Activo,2025-08-26,2026-07-09,4
C000202__TARJETA_CREDITO,C000202,Tarjeta de Crédito,Deuda,998.32,False,False,False,2000.00,2030-09-29,Activo,2025-02-28,2026-08-29,9
C000203__CREDITO_VEHICULAR,C000203,Crédito Vehicular,Deuda,21747.94,False,False,False,,2030-06-09,Activo,2025-10-27,2025-10-27,1
C000203__CREDITO_CONSUMO,C000203,Crédito de Consumo,Deuda,3562.95,False,False,False,,2027-03-02,Activo,2025-01-27,2026-03-19,2
C000204__CTA_CORRIENTE,C000204,Cuenta Corriente,Depósito,3096.46,False,False,False,,,Activo,2025-06-14,2026-07-15,3
C000204__TARJETA_CREDITO,C000204,Tarjeta de Crédito,Deuda,501.76,False,False,False,3200.00,2027-09-03,Activo,2025-01-27,2026-08-19,11
C000205__CREDITO_VEHICULAR,C000205,Crédito Vehicular,Deuda,17118.64,False,False,False,,2030-03-01,Activo,2025-08-27,2026-06-05,2
C000205__CREDITO_CONSUMO,C000205,Crédito de Consumo,Deuda,13309.49,False,False,False,,2029-09-14,Activo,2025-08-29,2026-01-15,2
C000205__TARJETA_CREDITO,C000205,Tarjeta de Crédito,Deuda,1431.51,False,False,False,3300.00,2030-08-24,Activo,2025-05-17,2026-07-06,7
C000206__CTA_AHORROS,C000206,Cuenta de Ahorros,Depósito,1060.00,False,False,False,,,Activo,2025-03-07,2025-03-07,1
C000207__CREDITO_CONSUMO,C000207,Crédito de Consumo,Deuda,30970.35,False,False,True,,2027-10-21,Activo,2026-02-01,2026-08-11,2
C000207__CTA_AHORROS,C000207,Cuenta de Ahorros,Depósito,2878.58,False,False,False,,,Activo,2025-07-07,2026-03-17,3
C000207__TARJETA_CREDITO,C000207,Tarjeta de Crédito,Deuda,3194.00,False,False,False,6600.00,2027-09-28,Activo,2025-08-12,2026-08-05,8
C000208__CREDITO_VEHICULAR,C000208,Crédito Vehicular,Deuda,15977.63,False,False,False,,2031-04-13,Activo,2026-01-02,2026-01-02,1
C000208__CREDITO_CONSUMO,C000208,Crédito de Consumo,Deuda,4124.21,False,False,False,,2030-07-13,Activo,2026-04-04,2026-07-16,2
C000208__CTA_CORRIENTE,C000208,Cuenta Corriente,Depósito,834.39,False,False,False,,,Activo,2026-01-10,2026-05-18,2
C000209__CREDITO_HIPOTECARIO,C000209,Crédito Hipotecario,Deuda,42934.90,False,False,False,,2032-08-29,Activo,2026-06-19,2026-08-12,3
C000209__TARJETA_CREDITO,C000209,Tarjeta de Crédito,Deuda,830.76,False,False,False,1500.00,2028-05-07,Activo,2025-01-11,2026-03-21,14
C000210__CREDITO_CONSUMO,C000210,Crédito de Consumo,Deuda,15179.80,False,False,False,,2028-01-16,Activo,2026-05-16,2026-05-16,1
C000210__CTA_CORRIENTE,C000210,Cuenta Corriente,Depósito,14118.65,False,False,True,,,Activo,2025-06-21,2026-02-12,3
C000211__CREDITO_CONSUMO,C000211,Crédito de Consumo,Deuda,7157.78,False,False,False,,2032-07-23,Activo,2026-04-26,2026-04-26,1
C000211__TARJETA_CREDITO,C000211,Tarjeta de Crédito,Deuda,783.88,False,False,False,1500.00,2027-03-06,Activo,2025-02-12,2026-04-19,5
C000212__CREDITO_HIPOTECARIO,C000212,Crédito Hipotecario,Deuda,86624.06,False,False,False,,2026-12-11,Activo,2025-05-27,2025-11-26,3
C000212__CTA_CORRIENTE,C000212,Cuenta Corriente,Depósito,13248.82,False,False,False,,,Activo,2026-02-24,2026-02-24,1
C000212__TARJETA_CREDITO,C000212,Tarjeta de Crédito,Deuda,5787.32,False,False,True,16700.00,2027-01-13,Activo,2025-03-17,2026-08-04,10
C000213__CREDITO_VEHICULAR,C000213,Crédito Vehicular,Deuda,18565.97,False,False,False,,2030-03-11,Activo,2026-02-07,2026-02-07,1
C000213__CREDITO_CONSUMO,C000213,Crédito de Consumo,Deuda,14340.64,False,False,False,,2032-01-06,Activo,2025-05-31,2025-10-15,3
C000213__TARJETA_CREDITO,C000213,Tarjeta de Crédito,Deuda,742.98,False,False,False,5900.00,2030-05-13,Activo,2025-01-25,2026-07-31,11
C000214__CREDITO_VEHICULAR,C000214,Crédito Vehicular,Deuda,14563.10,False,False,False,,2026-12-21,Activo,2025-12-14,2026-08-04,2
C000214__TARJETA_CREDITO,C000214,Tarjeta de Crédito,Deuda,637.38,False,False,False,2400.00,2027-02-04,Activo,2025-01-25,2026-08-28,6
C000215__CREDITO_HIPOTECARIO,C000215,Crédito Hipotecario,Deuda,52572.02,False,False,False,,2029-09-27,Activo,2026-04-06,2026-04-06,1
C000215__CTA_CORRIENTE,C000215,Cuenta Corriente,Depósito,817.18,False,False,False,,,Activo,2025-04-04,2025-04-04,1
C000215__TARJETA_CREDITO,C000215,Tarjeta de Crédito,Deuda,241.98,False,False,False,1000.00,2029-07-24,Activo,2025-01-24,2026-04-17,5
C000216__CREDITO_CONSUMO,C000216,Crédito de Consumo,Deuda,14615.95,False,False,False,,2028-11-01,Activo,2025-10-22,2026-08-30,2
C000216__TARJETA_CREDITO,C000216,Tarjeta de Crédito,Deuda,1118.53,False,False,False,3300.00,2027-09-11,Activo,2025-03-19,2026-03-17,7
C000217__CREDITO_CONSUMO,C000217,Crédito de Consumo,Deuda,15765.40,False,False,False,,2028-02-12,Activo,2025-05-12,2025-12-16,3
C000217__TARJETA_CREDITO,C000217,Tarjeta de Crédito,Deuda,1795.50,False,False,False,4200.00,2026-12-12,Activo,2025-06-26,2026-05-27,9
C000218__CREDITO_HIPOTECARIO,C000218,Crédito Hipotecario,Deuda,97820.36,False,False,False,,2027-06-06,Activo,2025-07-19,2026-06-01,3
C000218__CREDITO_CONSUMO,C000218,Crédito de Consumo,Deuda,3107.63,False,False,False,,2030-04-09,Activo,2025-05-04,2026-07-04,3
C000218__TARJETA_CREDITO,C000218,Tarjeta de Crédito,Deuda,477.38,False,False,False,1200.00,2028-07-25,Activo,2025-01-04,2026-08-31,7
C000219__CREDITO_CONSUMO,C000219,Crédito de Consumo,Deuda,16726.57,False,False,False,,2028-05-27,Activo,2026-01-27,2026-03-31,2
C000220__CREDITO_HIPOTECARIO,C000220,Crédito Hipotecario,Deuda,56506.19,False,False,False,,2027-02-19,Activo,2025-10-17,2026-08-06,3
C000220__CTA_AHORROS,C000220,Cuenta de Ahorros,Depósito,3332.88,False,False,False,,,Activo,2025-05-26,2026-03-21,3
C000220__TARJETA_CREDITO,C000220,Tarjeta de Crédito,Deuda,745.51,False,False,False,1700.00,2027-06-13,Activo,2025-03-07,2026-05-20,11
C000221__CREDITO_CONSUMO,C000221,Crédito de Consumo,Deuda,5378.90,False,False,False,,2027-03-20,Activo,2025-04-20,2025-07-30,2
C000221__CTA_CORRIENTE,C000221,Cuenta Corriente,Depósito,-100.00,False,True,False,,,Activo,2026-01-05,2026-08-31,2
C000221__TARJETA_CREDITO,C000221,Tarjeta de Crédito,Deuda,470.93,False,False,False,2500.00,2027-12-30,Activo,2025-02-15,2026-05-16,13
C000222__CREDITO_CONSUMO,C000222,Crédito de Consumo,Deuda,2716.37,False,False,False,,2030-12-03,Activo,2025-06-01,2025-12-22,2
C000222__CTA_CORRIENTE,C000222,Cuenta Corriente,Depósito,2070.82,False,False,False,,,Activo,2025-03-30,2026-01-04,4
C000222__TARJETA_CREDITO,C000222,Tarjeta de Crédito,Deuda,173.51,False,False,False,1800.00,2029-09-24,Activo,2025-02-12,2026-08-11,14
C000223__CREDITO_HIPOTECARIO,C000223,Crédito Hipotecario,Deuda,33073.59,False,False,False,,2032-03-19,Activo,2026-05-02,2026-05-02,1
C000223__CREDITO_CONSUMO,C000223,Crédito de Consumo,Deuda,5489.67,False,False,False,,2027-10-21,Activo,2025-09-05,2026-01-24,2
C000223__CTA_AHORROS,C000223,Cuenta de Ahorros,Depósito,2297.38,False,False,False,,,Activo,2025-02-05,2026-07-20,4
C000223__TARJETA_CREDITO,C000223,Tarjeta de Crédito,Deuda,152.49,False,False,False,1900.00,2026-11-12,Activo,2025-03-10,2026-07-03,12
C000224__CREDITO_CONSUMO,C000224,Crédito de Consumo,Deuda,3072.39,False,False,False,,2032-08-18,Activo,2025-01-10,2025-09-30,3
C000224__CTA_AHORROS,C000224,Cuenta de Ahorros,Depósito,1099.67,False,False,False,,,Activo,2025-07-13,2026-05-07,2
C000224__TARJETA_CREDITO,C000224,Tarjeta de Crédito,Deuda,357.50,False,False,False,1000.00,2029-10-22,Activo,2025-02-01,2026-07-28,14
C000225__CREDITO_VEHICULAR,C000225,Crédito Vehicular,Deuda,16454.81,False,False,False,,2030-10-20,Activo,2025-07-29,2026-08-19,3
C000225__CTA_CORRIENTE,C000225,Cuenta Corriente,Depósito,2711.22,False,False,False,,,Activo,2025-10-26,2025-10-26,1
C000226__CREDITO_VEHICULAR,C000226,Crédito Vehicular,Deuda,27371.99,False,False,False,,2031-01-05,Activo,2026-07-09,2026-07-09,1
C000226__TARJETA_CREDITO,C000226,Tarjeta de Crédito,Deuda,328.04,False,False,False,1500.00,2028-02-19,Activo,2025-02-25,2026-08-21,13
C000227__CREDITO_VEHICULAR,C000227,Crédito Vehicular,Deuda,22529.21,False,False,False,,2030-12-06,Activo,2025-03-21,2025-03-21,1
C000227__TARJETA_CREDITO,C000227,Tarjeta de Crédito,Deuda,293.18,False,False,False,3000.00,2028-10-28,Activo,2025-10-25,2026-07-31,6
C000228__CREDITO_HIPOTECARIO,C000228,Crédito Hipotecario,Deuda,71653.55,False,False,False,,2027-10-14,Activo,2025-03-23,2026-07-21,3
C000229__CTA_AHORROS,C000229,Cuenta de Ahorros,Depósito,4054.64,False,False,False,,,Activo,2025-10-23,2026-03-10,2
C000230__CTA_CORRIENTE,C000230,Cuenta Corriente,Depósito,355.58,False,False,False,,,Activo,2026-01-22,2026-01-22,1
C000230__TARJETA_CREDITO,C000230,Tarjeta de Crédito,Deuda,1317.52,False,False,False,2100.00,2028-02-01,Activo,2025-05-16,2026-06-01,4
C000231__CREDITO_VEHICULAR,C000231,Crédito Vehicular,Deuda,23518.82,False,False,False,,2031-04-17,Activo,2025-06-20,2026-06-21,2
C000231__CREDITO_CONSUMO,C000231,Crédito de Consumo,Deuda,3986.42,False,False,False,,2032-05-08,Activo,2025-02-07,2025-02-07,1
C000232__CTA_CORRIENTE,C000232,Cuenta Corriente,Depósito,8358.01,False,False,False,,,Activo,2025-05-24,2026-04-06,2
C000232__CTA_AHORROS,C000232,Cuenta de Ahorros,Depósito,3546.63,False,False,False,,,Activo,2025-08-21,2025-08-21,1
C000232__TARJETA_CREDITO,C000232,Tarjeta de Crédito,Deuda,1368.36,False,False,False,2900.00,2028-12-11,Activo,2025-02-07,2026-08-23,11
C000233__CREDITO_CONSUMO,C000233,Crédito de Consumo,Deuda,3921.02,False,False,False,,2032-01-01,Activo,2026-05-21,2026-05-21,1
C000233__CTA_CORRIENTE,C000233,Cuenta Corriente,Depósito,1921.01,False,False,False,,,Activo,2025-02-08,2025-08-04,3
C000233__TARJETA_CREDITO,C000233,Tarjeta de Crédito,Deuda,676.08,False,False,False,2000.00,2028-08-17,Activo,2025-08-13,2026-08-27,13
C000234__TARJETA_CREDITO,C000234,Tarjeta de Crédito,Deuda,398.55,False,False,False,1800.00,2030-08-19,Activo,2025-05-10,2026-08-20,9
C000235__CREDITO_CONSUMO,C000235,Crédito de Consumo,Deuda,1535.00,False,False,False,,2030-10-31,Activo,2026-02-05,2026-02-05,1
C000236__CREDITO_HIPOTECARIO,C000236,Crédito Hipotecario,Deuda,59039.72,False,False,False,,2031-10-16,Activo,2025-12-01,2025-12-01,1
C000237__TARJETA_CREDITO,C000237,Tarjeta de Crédito,Deuda,2163.37,False,False,False,8900.00,2028-01-20,Activo,2025-01-05,2026-05-23,12
C000238__CREDITO_HIPOTECARIO,C000238,Crédito Hipotecario,Deuda,94526.37,False,False,False,,2029-12-26,Activo,2025-03-12,2026-07-10,2
C000238__CREDITO_VEHICULAR,C000238,Crédito Vehicular,Deuda,16723.77,False,False,False,,2028-07-24,Activo,2025-07-28,2026-01-06,2
C000238__CTA_CORRIENTE,C000238,Cuenta Corriente,Depósito,7947.39,False,False,False,,,Activo,2025-01-22,2025-09-22,4
C000238__TARJETA_CREDITO,C000238,Tarjeta de Crédito,Deuda,5627.97,False,False,True,8400.00,2028-01-19,Activo,2025-03-27,2026-07-13,5
C000239__CREDITO_HIPOTECARIO,C000239,Crédito Hipotecario,Deuda,40244.04,False,False,False,,2029-04-16,Activo,2026-01-13,2026-05-22,3
C000239__TARJETA_CREDITO,C000239,Tarjeta de Crédito,Deuda,987.95,False,False,False,5800.00,2029-03-31,Activo,2025-01-04,2026-03-12,7
C000240__CREDITO_VEHICULAR,C000240,Crédito Vehicular,Deuda,16669.09,False,False,False,,2027-08-19,Activo,2025-02-20,2025-02-20,1
C000240__TARJETA_CREDITO,C000240,Tarjeta de Crédito,Deuda,287.13,False,False,False,3100.00,2027-02-26,Activo,2025-03-02,2026-08-15,12
C000241__CTA_AHORROS,C000241,Cuenta de Ahorros,Depósito,4814.54,False,False,False,,,Activo,2025-10-11,2026-08-12,2
C000242__CTA_CORRIENTE,C000242,Cuenta Corriente,Depósito,2424.48,False,False,False,,,Activo,2026-02-25,2026-06-16,3
C000243__CREDITO_VEHICULAR,C000243,Crédito Vehicular,Deuda,17061.88,False,False,False,,2032-09-08,Activo,2026-08-24,2026-08-24,1
C000243__CREDITO_CONSUMO,C000243,Crédito de Consumo,Deuda,15430.37,False,False,False,,2029-12-20,Activo,2025-10-18,2025-10-18,1
C000243__CTA_CORRIENTE,C000243,Cuenta Corriente,Depósito,1715.68,False,False,False,,,Activo,2025-03-03,2026-06-21,4
C000244__CREDITO_CONSUMO,C000244,Crédito de Consumo,Deuda,4677.56,False,False,False,,2029-03-15,Activo,2025-05-29,2026-06-06,3
C000244__CTA_CORRIENTE,C000244,Cuenta Corriente,Depósito,5318.31,False,False,False,,,Activo,2025-10-06,2025-10-06,1
C000244__TARJETA_CREDITO,C000244,Tarjeta de Crédito,Deuda,688.16,False,False,False,2700.00,2027-01-22,Activo,2025-02-14,2026-08-05,13
C000245__CREDITO_CONSUMO,C000245,Crédito de Consumo,Deuda,4840.44,False,False,False,,2030-06-16,Activo,2025-04-01,2025-04-01,1
C000246__CREDITO_HIPOTECARIO,C000246,Crédito Hipotecario,Deuda,71196.54,False,False,False,,2029-11-01,Activo,2025-06-26,2025-06-26,1
C000246__TARJETA_CREDITO,C000246,Tarjeta de Crédito,Deuda,570.39,False,False,False,1900.00,2026-12-17,Activo,2025-04-22,2026-04-06,6
C000247__CREDITO_HIPOTECARIO,C000247,Crédito Hipotecario,Deuda,73829.59,False,False,False,,2026-12-22,Activo,2026-02-20,2026-02-20,1
C000247__CREDITO_VEHICULAR,C000247,Crédito Vehicular,Deuda,15389.29,False,False,False,,2031-07-07,Activo,2026-04-01,2026-04-01,1
C000247__CTA_CORRIENTE,C000247,Cuenta Corriente,Depósito,11530.63,False,False,False,,,Activo,2025-04-04,2025-08-24,4
C000248__CTA_CORRIENTE,C000248,Cuenta Corriente,Depósito,7100.63,False,False,False,,,Activo,2025-02-21,2025-05-10,2
C000248__TARJETA_CREDITO,C000248,Tarjeta de Crédito,Deuda,4323.61,False,False,True,9800.00,2029-10-21,Activo,2025-03-24,2025-12-14,5
C000249__CREDITO_HIPOTECARIO,C000249,Crédito Hipotecario,Deuda,86424.09,False,False,False,,2030-11-30,Activo,2025-01-27,2025-01-27,1
C000249__TARJETA_CREDITO,C000249,Tarjeta de Crédito,Deuda,5676.85,False,False,True,18700.00,2028-06-17,Activo,2025-04-28,2026-08-14,10
C000250__CTA_AHORROS,C000250,Cuenta de Ahorros,Depósito,-100.00,False,True,False,,,Activo,2025-05-08,2026-06-26,4
C000251__CTA_CORRIENTE,C000251,Cuenta Corriente,Depósito,8749.69,False,False,False,,,Activo,2026-02-14,2026-02-14,1
C000251__TARJETA_CREDITO,C000251,Tarjeta de Crédito,Deuda,1226.19,False,False,False,2000.00,2030-03-06,Activo,2025-01-24,2026-05-28,14
C000252__CREDITO_VEHICULAR,C000252,Crédito Vehicular,Deuda,15762.24,False,False,False,,2028-04-04,Activo,2025-02-10,2025-11-27,2
C000252__CREDITO_CONSUMO,C000252,Crédito de Consumo,Deuda,5085.31,False,False,False,,2027-04-16,Activo,2025-04-04,2025-07-23,3
C000252__TARJETA_CREDITO,C000252,Tarjeta de Crédito,Deuda,739.97,False,False,False,3000.00,2030-02-20,Activo,2025-01-09,2026-08-24,12
C000253__CREDITO_VEHICULAR,C000253,Crédito Vehicular,Deuda,25569.02,False,False,False,,2026-12-13,Activo,2025-07-17,2025-07-17,1
C000253__CTA_AHORROS,C000253,Cuenta de Ahorros,Depósito,3313.70,False,False,False,,,Activo,2026-06-17,2026-06-17,1
C000253__TARJETA_CREDITO,C000253,Tarjeta de Crédito,Deuda,155.32,False,False,False,1400.00,2026-11-10,Activo,2025-01-17,2026-07-18,10
C000254__CREDITO_HIPOTECARIO,C000254,Crédito Hipotecario,Deuda,35308.52,False,False,False,,2030-11-08,Activo,2025-12-05,2026-08-06,3
C000254__CREDITO_VEHICULAR,C000254,Crédito Vehicular,Deuda,13214.59,False,False,False,,2031-11-12,Activo,2026-06-19,2026-06-19,1
C000255__CREDITO_HIPOTECARIO,C000255,Crédito Hipotecario,Deuda,56537.30,False,False,False,,2031-06-07,Activo,2026-03-29,2026-03-29,1
C000255__CREDITO_CONSUMO,C000255,Crédito de Consumo,Deuda,3170.44,False,False,False,,2027-05-13,Activo,2025-01-24,2026-04-30,2
C000255__TARJETA_CREDITO,C000255,Tarjeta de Crédito,Deuda,95.66,False,False,False,600.00,2029-11-09,Activo,2025-01-18,2026-07-18,7
C000256__CREDITO_VEHICULAR,C000256,Crédito Vehicular,Deuda,25187.99,False,False,False,,2030-03-26,Activo,2025-02-11,2025-10-06,3
C000256__TARJETA_CREDITO,C000256,Tarjeta de Crédito,Deuda,3675.92,False,False,True,5100.00,2029-02-21,Activo,2025-02-25,2026-05-19,13
C000257__CREDITO_CONSUMO,C000257,Crédito de Consumo,Deuda,3854.99,False,False,False,,2027-08-01,Activo,2025-06-22,2026-07-13,3
C000257__CTA_CORRIENTE,C000257,Cuenta Corriente,Depósito,574.64,False,False,False,,,Activo,2025-07-14,2025-07-14,1
C000257__TARJETA_CREDITO,C000257,Tarjeta de Crédito,Deuda,502.81,False,False,False,1100.00,2029-07-27,Activo,2025-03-18,2026-04-20,4
C000258__CREDITO_CONSUMO,C000258,Crédito de Consumo,Deuda,5508.49,False,False,False,,2029-07-24,Activo,2025-10-26,2025-12-12,3
C000258__TARJETA_CREDITO,C000258,Tarjeta de Crédito,Deuda,60.87,False,False,False,3300.00,2028-01-03,Activo,2025-01-17,2026-04-13,12
C000259__CREDITO_HIPOTECARIO,C000259,Crédito Hipotecario,Deuda,57845.42,False,False,False,,2027-08-16,Activo,2025-03-07,2026-06-29,3
C000259__CREDITO_CONSUMO,C000259,Crédito de Consumo,Deuda,1010.85,False,False,False,,2028-11-03,Activo,2026-04-08,2026-04-08,1
C000259__CTA_CORRIENTE,C000259,Cuenta Corriente,Depósito,-100.00,False,True,False,,,Activo,2025-05-13,2026-08-14,4
C000259__CTA_AHORROS,C000259,Cuenta de Ahorros,Depósito,6337.18,False,False,False,,,Activo,2026-02-04,2026-07-12,2
C000260__CTA_CORRIENTE,C000260,Cuenta Corriente,Depósito,1345.59,False,False,False,,,Activo,2025-01-31,2026-02-04,3
C000261__CREDITO_HIPOTECARIO,C000261,Crédito Hipotecario,Deuda,96908.28,False,False,False,,2030-11-24,Activo,2025-08-17,2025-08-17,1
C000261__CREDITO_VEHICULAR,C000261,Crédito Vehicular,Deuda,20772.93,False,False,False,,2031-02-19,Activo,2026-01-10,2026-05-17,2
C000261__TARJETA_CREDITO,C000261,Tarjeta de Crédito,Deuda,563.22,False,False,False,4700.00,2027-10-22,Activo,2025-05-17,2026-02-18,6
C000262__CREDITO_HIPOTECARIO,C000262,Crédito Hipotecario,Deuda,77783.07,False,False,False,,2028-02-04,Activo,2025-03-18,2026-06-09,3
C000262__TARJETA_CREDITO,C000262,Tarjeta de Crédito,Deuda,413.72,False,False,False,900.00,2027-08-19,Activo,2025-02-08,2025-10-28,4
C000263__CREDITO_HIPOTECARIO,C000263,Crédito Hipotecario,Deuda,68544.30,False,False,False,,2027-09-22,Activo,2025-12-29,2025-12-29,1
C000263__CTA_AHORROS,C000263,Cuenta de Ahorros,Depósito,267.61,False,False,False,,,Activo,2026-08-29,2026-08-29,1
C000263__TARJETA_CREDITO,C000263,Tarjeta de Crédito,Deuda,395.78,False,False,False,800.00,2030-02-06,Activo,2025-10-14,2026-08-21,6
C000264__CTA_CORRIENTE,C000264,Cuenta Corriente,Depósito,209.06,False,False,False,,,Activo,2025-02-10,2025-02-10,1
C000265__CTA_CORRIENTE,C000265,Cuenta Corriente,Depósito,8020.07,False,False,False,,,Activo,2025-04-13,2026-07-23,4
C000266__CREDITO_HIPOTECARIO,C000266,Crédito Hipotecario,Deuda,60676.41,False,False,False,,2028-06-05,Activo,2025-01-07,2026-06-12,3
C000266__TARJETA_CREDITO,C000266,Tarjeta de Crédito,Deuda,361.98,False,False,False,900.00,2027-12-07,Activo,2025-01-08,2026-07-21,6
C000267__CREDITO_HIPOTECARIO,C000267,Crédito Hipotecario,Deuda,64313.20,False,False,False,,2027-11-23,Activo,2025-02-24,2025-07-06,2
C000267__CREDITO_CONSUMO,C000267,Crédito de Consumo,Deuda,3521.47,False,False,False,,2028-02-08,Activo,2025-07-23,2026-04-26,3
C000267__TARJETA_CREDITO,C000267,Tarjeta de Crédito,Deuda,650.52,False,False,False,1700.00,2029-12-22,Activo,2025-01-30,2026-08-23,6
C000268__CREDITO_HIPOTECARIO,C000268,Crédito Hipotecario,Deuda,28709.39,False,False,False,,2031-09-02,Activo,2025-07-11,2025-07-11,1
C000268__CTA_AHORROS,C000268,Cuenta de Ahorros,Depósito,16025.65,False,False,True,,,Activo,2025-03-13,2026-05-25,4
C000268__TARJETA_CREDITO,C000268,Tarjeta de Crédito,Deuda,1681.89,False,False,False,7200.00,2027-06-26,Activo,2025-02-25,2026-08-11,13
C000269__CREDITO_HIPOTECARIO,C000269,Crédito Hipotecario,Deuda,63653.82,False,False,False,,2028-03-14,Activo,2025-02-12,2025-02-12,1
C000269__CTA_AHORROS,C000269,Cuenta de Ahorros,Depósito,1878.68,False,False,False,,,Activo,2026-01-27,2026-01-27,1
C000269__TARJETA_CREDITO,C000269,Tarjeta de Crédito,Deuda,57.70,False,False,False,2100.00,2030-06-02,Activo,2025-01-14,2026-08-21,12
C000270__CREDITO_CONSUMO,C000270,Crédito de Consumo,Deuda,7349.50,False,False,False,,2028-07-11,Activo,2025-01-08,2025-10-20,3
C000270__CTA_CORRIENTE,C000270,Cuenta Corriente,Depósito,-100.00,False,True,False,,,Activo,2025-11-12,2026-05-24,4
C000270__CTA_AHORROS,C000270,Cuenta de Ahorros,Depósito,12405.76,False,False,False,,,Activo,2025-12-17,2025-12-17,1
C000270__TARJETA_CREDITO,C000270,Tarjeta de Crédito,Deuda,329.42,False,False,False,8500.00,2028-08-28,Activo,2025-02-09,2025-10-22,9
C000271__CREDITO_CONSUMO,C000271,Crédito de Consumo,Deuda,15872.85,False,False,False,,2030-01-11,Activo,2026-02-25,2026-02-25,1
C000271__TARJETA_CREDITO,C000271,Tarjeta de Crédito,Deuda,1004.64,False,False,False,3500.00,2028-02-17,Activo,2025-01-31,2026-07-20,11
C000272__CREDITO_HIPOTECARIO,C000272,Crédito Hipotecario,Deuda,46950.02,False,False,False,,2028-01-10,Activo,2025-03-10,2026-04-02,3
C000272__CTA_CORRIENTE,C000272,Cuenta Corriente,Depósito,2568.37,False,False,False,,,Activo,2025-10-24,2026-06-12,2
C000273__CTA_CORRIENTE,C000273,Cuenta Corriente,Depósito,1789.37,False,False,False,,,Activo,2025-06-12,2025-06-12,1
C000273__CTA_AHORROS,C000273,Cuenta de Ahorros,Depósito,929.81,False,False,False,,,Activo,2025-03-27,2026-07-13,3
C000273__TARJETA_CREDITO,C000273,Tarjeta de Crédito,Deuda,203.08,False,False,False,2200.00,2030-02-26,Activo,2025-01-12,2026-08-26,13
C000274__CREDITO_HIPOTECARIO,C000274,Crédito Hipotecario,Deuda,81235.63,False,False,False,,2029-04-06,Activo,2026-01-22,2026-04-17,2
C000274__TARJETA_CREDITO,C000274,Tarjeta de Crédito,Deuda,1465.75,False,False,False,8400.00,2027-09-23,Activo,2025-02-12,2026-07-14,8
C000275__CREDITO_HIPOTECARIO,C000275,Crédito Hipotecario,Deuda,76225.26,False,False,False,,2028-07-30,Activo,2026-02-22,2026-02-22,1
C000275__CTA_CORRIENTE,C000275,Cuenta Corriente,Depósito,52.64,False,False,False,,,Activo,2025-01-01,2026-05-02,2
C000275__TARJETA_CREDITO,C000275,Tarjeta de Crédito,Deuda,2053.35,False,False,False,4300.00,2029-10-29,Activo,2025-02-12,2026-06-13,12
C000276__CREDITO_VEHICULAR,C000276,Crédito Vehicular,Deuda,14770.22,False,False,False,,2032-02-08,Activo,2025-09-10,2026-01-26,2
C000276__TARJETA_CREDITO,C000276,Tarjeta de Crédito,Deuda,179.47,False,False,False,700.00,2027-05-06,Activo,2025-01-26,2026-07-05,5
C000277__CREDITO_HIPOTECARIO,C000277,Crédito Hipotecario,Deuda,94728.50,False,False,False,,2031-05-09,Activo,2025-12-01,2025-12-01,1
C000277__CREDITO_VEHICULAR,C000277,Crédito Vehicular,Deuda,17918.42,False,False,False,,2030-03-26,Activo,2026-03-10,2026-05-17,2
C000277__CREDITO_CONSUMO,C000277,Crédito de Consumo,Deuda,11652.81,False,False,False,,2030-07-24,Activo,2025-01-30,2025-11-12,3
C000277__TARJETA_CREDITO,C000277,Tarjeta de Crédito,Deuda,416.69,False,False,False,2500.00,2028-01-25,Activo,2025-01-29,2026-08-26,9
C000278__CTA_AHORROS,C000278,Cuenta de Ahorros,Depósito,5000.41,False,False,False,,,Activo,2025-02-24,2026-03-12,4
C000279__CREDITO_HIPOTECARIO,C000279,Crédito Hipotecario,Deuda,46405.31,False,False,False,,2030-09-05,Activo,2025-06-22,2025-09-29,3
C000279__CREDITO_CONSUMO,C000279,Crédito de Consumo,Deuda,4147.06,False,False,False,,2028-02-18,Activo,2025-08-27,2026-07-25,3
C000280__CTA_CORRIENTE,C000280,Cuenta Corriente,Depósito,13371.13,False,False,False,,,Activo,2026-07-10,2026-07-10,1
C000280__TARJETA_CREDITO,C000280,Tarjeta de Crédito,Deuda,3925.78,False,False,True,9400.00,2027-02-20,Activo,2025-03-28,2026-07-05,5
C000281__CREDITO_VEHICULAR,C000281,Crédito Vehicular,Deuda,23536.47,False,False,False,,2032-05-22,Activo,2025-10-01,2025-10-01,1
C000282__CREDITO_HIPOTECARIO,C000282,Crédito Hipotecario,Deuda,130456.10,False,False,False,,2030-10-12,Activo,2025-09-26,2026-06-29,2
C000282__CREDITO_CONSUMO,C000282,Crédito de Consumo,Deuda,3720.92,False,False,False,,2031-07-07,Activo,2025-06-26,2025-09-18,2
C000282__TARJETA_CREDITO,C000282,Tarjeta de Crédito,Deuda,705.81,False,False,False,2500.00,2030-02-01,Activo,2025-02-15,2026-08-05,13
C000283__CREDITO_CONSUMO,C000283,Crédito de Consumo,Deuda,17042.73,False,False,False,,2029-05-21,Activo,2025-03-29,2025-10-24,3
C000284__CREDITO_HIPOTECARIO,C000284,Crédito Hipotecario,Deuda,115518.63,False,False,False,,2031-04-13,Activo,2025-01-04,2025-01-04,1
C000284__CTA_CORRIENTE,C000284,Cuenta Corriente,Depósito,-100.00,False,True,False,,,Activo,2025-01-18,2025-07-23,3
C000284__TARJETA_CREDITO,C000284,Tarjeta de Crédito,Deuda,18157.12,False,False,True,22900.00,2030-01-02,Activo,2025-01-14,2026-08-29,10
C000285__CREDITO_HIPOTECARIO,C000285,Crédito Hipotecario,Deuda,71543.93,False,False,False,,2026-10-24,Activo,2025-03-16,2026-01-13,3
C000285__CREDITO_VEHICULAR,C000285,Crédito Vehicular,Deuda,15286.52,False,False,False,,2027-09-22,Activo,2026-03-18,2026-03-18,1
C000285__CREDITO_CONSUMO,C000285,Crédito de Consumo,Deuda,4040.84,False,False,False,,2030-10-08,Activo,2025-07-11,2026-06-19,2
C000285__TARJETA_CREDITO,C000285,Tarjeta de Crédito,Deuda,569.18,False,False,False,1400.00,2027-05-15,Activo,2025-01-19,2026-07-21,11
C000286__CREDITO_HIPOTECARIO,C000286,Crédito Hipotecario,Deuda,92948.37,False,False,False,,2031-02-12,Activo,2025-03-09,2026-01-18,3
C000286__CTA_AHORROS,C000286,Cuenta de Ahorros,Depósito,5912.43,False,False,False,,,Activo,2025-06-14,2026-04-09,2
C000286__TARJETA_CREDITO,C000286,Tarjeta de Crédito,Deuda,2145.39,False,False,False,4400.00,2027-01-14,Activo,2025-01-16,2025-04-29,5
C000287__CREDITO_CONSUMO,C000287,Crédito de Consumo,Deuda,10578.16,False,False,False,,2029-08-19,Activo,2026-02-28,2026-04-29,2
C000287__TARJETA_CREDITO,C000287,Tarjeta de Crédito,Deuda,454.10,False,False,False,4400.00,2027-07-02,Activo,2025-03-14,2026-04-04,11
C000288__CREDITO_VEHICULAR,C000288,Crédito Vehicular,Deuda,7753.94,False,False,False,,2030-04-13,Activo,2025-01-01,2025-03-27,2
C000288__CREDITO_CONSUMO,C000288,Crédito de Consumo,Deuda,4473.37,False,False,False,,2028-09-25,Activo,2025-01-25,2025-01-25,1
C000288__CTA_AHORROS,C000288,Cuenta de Ahorros,Depósito,1655.51,False,False,False,,,Activo,2025-02-25,2026-04-01,3
C000288__TARJETA_CREDITO,C000288,Tarjeta de Crédito,Deuda,31.12,False,False,False,1500.00,2027-09-24,Activo,2025-01-11,2026-08-28,11
C000289__TARJETA_CREDITO,C000289,Tarjeta de Crédito,Deuda,354.87,False,False,False,600.00,2028-12-28,Activo,2025-01-16,2026-08-07,11
C000290__CREDITO_HIPOTECARIO,C000290,Crédito Hipotecario,Deuda,92288.97,False,False,False,,2031-11-13,Activo,2026-07-11,2026-07-31,2
C000290__TARJETA_CREDITO,C000290,Tarjeta de Crédito,Deuda,1501.19,False,False,False,3900.00,2030-01-13,Activo,2025-01-07,2026-08-10,13
C000291__CREDITO_VEHICULAR,C000291,Crédito Vehicular,Deuda,17091.18,False,False,False,,2029-04-24,Activo,2025-06-09,2025-06-09,1
C000291__TARJETA_CREDITO,C000291,Tarjeta de Crédito,Deuda,559.49,False,False,False,1300.00,2028-04-08,Activo,2025-01-11,2026-08-22,11
C000292__CTA_AHORROS,C000292,Cuenta de Ahorros,Depósito,1473.68,False,False,False,,,Activo,2025-03-28,2026-08-08,4
C000292__TARJETA_CREDITO,C000292,Tarjeta de Crédito,Deuda,217.39,False,False,False,700.00,2027-07-21,Activo,2025-01-09,2026-07-01,13
C000293__CREDITO_CONSUMO,C000293,Crédito de Consumo,Deuda,5368.12,False,False,False,,2026-11-02,Activo,2025-11-10,2025-12-16,3
C000293__CTA_CORRIENTE,C000293,Cuenta Corriente,Depósito,1115.55,False,False,False,,,Activo,2025-07-06,2026-08-13,3
C000293__TARJETA_CREDITO,C000293,Tarjeta de Crédito,Deuda,419.79,False,False,False,1800.00,2028-01-31,Activo,2025-01-29,2026-05-30,8
C000294__CREDITO_VEHICULAR,C000294,Crédito Vehicular,Deuda,7020.26,False,False,False,,2029-12-15,Activo,2025-09-29,2025-09-29,1
C000294__CTA_AHORROS,C000294,Cuenta de Ahorros,Depósito,2540.72,False,False,False,,,Activo,2025-06-11,2025-09-11,2
C000294__TARJETA_CREDITO,C000294,Tarjeta de Crédito,Deuda,385.03,False,False,False,1400.00,2028-06-09,Activo,2025-01-26,2026-06-28,7
C000295__CREDITO_CONSUMO,C000295,Crédito de Consumo,Deuda,5772.72,False,False,False,,2027-06-11,Activo,2025-02-17,2026-03-26,3
C000295__CTA_CORRIENTE,C000295,Cuenta Corriente,Depósito,1360.73,False,False,False,,,Activo,2025-01-26,2025-01-26,1
C000295__TARJETA_CREDITO,C000295,Tarjeta de Crédito,Deuda,171.99,False,False,False,1100.00,2026-12-18,Activo,2025-01-26,2025-05-07,4
C000296__CREDITO_VEHICULAR,C000296,Crédito Vehicular,Deuda,26937.26,False,False,False,,2032-03-08,Activo,2025-12-19,2025-12-19,1
C000296__CREDITO_CONSUMO,C000296,Crédito de Consumo,Deuda,22771.81,False,False,False,,2030-12-08,Activo,2025-06-01,2025-12-27,3
C000296__CTA_CORRIENTE,C000296,Cuenta Corriente,Depósito,1683.90,False,False,False,,,Activo,2025-06-28,2026-01-08,4
C000297__CREDITO_CONSUMO,C000297,Crédito de Consumo,Deuda,1366.20,False,False,False,,2032-01-06,Activo,2025-04-04,2026-07-19,2
C000297__TARJETA_CREDITO,C000297,Tarjeta de Crédito,Deuda,1069.46,False,False,False,3500.00,2027-10-04,Activo,2025-04-13,2026-07-28,10
C000298__CREDITO_HIPOTECARIO,C000298,Crédito Hipotecario,Deuda,81245.93,False,False,False,,2029-11-03,Activo,2025-08-30,2025-08-30,1
C000299__CREDITO_CONSUMO,C000299,Crédito de Consumo,Deuda,16452.19,False,False,False,,2027-07-25,Activo,2025-03-10,2025-03-10,1
C000299__CTA_CORRIENTE,C000299,Cuenta Corriente,Depósito,7044.36,False,False,False,,,Activo,2025-11-18,2026-05-03,4
C000299__CTA_AHORROS,C000299,Cuenta de Ahorros,Depósito,7486.04,False,False,False,,,Activo,2026-06-05,2026-06-05,1
C000299__TARJETA_CREDITO,C000299,Tarjeta de Crédito,Deuda,2557.10,False,False,False,8100.00,2029-11-18,Activo,2025-04-04,2026-08-14,14
C000300__CREDITO_CONSUMO,C000300,Crédito de Consumo,Deuda,7691.16,False,False,False,,2030-07-05,Activo,2025-10-16,2026-03-22,3
C000300__TARJETA_CREDITO,C000300,Tarjeta de Crédito,Deuda,531.23,False,False,False,800.00,2029-04-23,Activo,2025-02-04,2026-08-10,10
C000301__CREDITO_VEHICULAR,C000301,Crédito Vehicular,Deuda,25697.54,False,False,False,,2031-12-04,Activo,2026-02-07,2026-06-26,2
C000301__TARJETA_CREDITO,C000301,Tarjeta de Crédito,Deuda,0.00,False,False,False,800.00,2030-02-02,Activo,2025-01-29,2026-07-29,13
C000302__CREDITO_CONSUMO,C000302,Crédito de Consumo,Deuda,6309.13,False,False,False,,2029-03-13,Activo,2025-09-25,2025-09-25,1
C000303__CREDITO_VEHICULAR,C000303,Crédito Vehicular,Deuda,22071.03,False,False,False,,2028-10-21,Activo,2026-02-22,2026-02-22,1
C000303__TARJETA_CREDITO,C000303,Tarjeta de Crédito,Deuda,1777.23,False,False,False,4800.00,2027-06-20,Activo,2025-04-21,2026-07-08,4
C000304__TARJETA_CREDITO,C000304,Tarjeta de Crédito,Deuda,173.87,False,False,False,700.00,2027-11-15,Activo,2025-01-11,2026-03-25,9
C000305__CTA_CORRIENTE,C000305,Cuenta Corriente,Depósito,186.71,False,False,False,,,Activo,2025-02-17,2025-10-31,2
C000305__CTA_AHORROS,C000305,Cuenta de Ahorros,Depósito,4622.88,False,False,False,,,Activo,2025-04-04,2025-04-04,1
C000305__TARJETA_CREDITO,C000305,Tarjeta de Crédito,Deuda,254.19,False,False,False,1200.00,2027-08-16,Activo,2025-02-21,2026-07-09,14
C000306__CREDITO_CONSUMO,C000306,Crédito de Consumo,Deuda,24598.40,False,False,False,,2026-12-27,Activo,2025-04-26,2025-10-24,2
C000306__TARJETA_CREDITO,C000306,Tarjeta de Crédito,Deuda,1162.71,False,False,False,6700.00,2030-01-08,Activo,2025-01-19,2026-08-30,14
C000307__CTA_AHORROS,C000307,Cuenta de Ahorros,Depósito,18859.15,False,False,True,,,Activo,2026-06-28,2026-06-28,1
C000307__TARJETA_CREDITO,C000307,Tarjeta de Crédito,Deuda,4128.39,False,False,True,11100.00,2026-12-07,Activo,2025-03-07,2026-07-03,4
C000308__CREDITO_HIPOTECARIO,C000308,Crédito Hipotecario,Deuda,56736.05,False,False,False,,2028-01-30,Activo,2025-07-04,2026-03-22,3
C000308__CREDITO_VEHICULAR,C000308,Crédito Vehicular,Deuda,21214.42,False,False,False,,2028-04-30,Activo,2025-07-03,2026-03-23,3
C000308__CREDITO_CONSUMO,C000308,Crédito de Consumo,Deuda,14062.45,False,False,False,,2032-08-03,Activo,2025-10-16,2026-02-02,2
C000308__CTA_AHORROS,C000308,Cuenta de Ahorros,Depósito,5512.77,False,False,False,,,Activo,2025-04-26,2025-09-17,2
C000309__CREDITO_CONSUMO,C000309,Crédito de Consumo,Deuda,4209.65,False,False,False,,2031-04-22,Activo,2025-06-14,2026-06-24,3
C000310__CREDITO_HIPOTECARIO,C000310,Crédito Hipotecario,Deuda,75843.97,False,False,False,,2026-10-23,Activo,2025-07-21,2026-07-07,2
C000311__CREDITO_VEHICULAR,C000311,Crédito Vehicular,Deuda,25147.59,False,False,False,,2029-07-10,Activo,2025-05-11,2025-05-11,1
C000311__CTA_CORRIENTE,C000311,Cuenta Corriente,Depósito,8121.28,False,False,False,,,Activo,2026-07-06,2026-07-06,1
C000311__TARJETA_CREDITO,C000311,Tarjeta de Crédito,Deuda,284.40,False,False,False,2000.00,2029-01-18,Activo,2025-01-01,2026-06-26,13
C000312__CREDITO_VEHICULAR,C000312,Crédito Vehicular,Deuda,26829.37,False,False,False,,2031-03-24,Activo,2025-04-07,2026-01-29,3
C000312__CREDITO_CONSUMO,C000312,Crédito de Consumo,Deuda,3799.49,False,False,False,,2028-09-29,Activo,2025-01-18,2026-01-21,3
C000312__CTA_CORRIENTE,C000312,Cuenta Corriente,Depósito,810.79,False,False,False,,,Activo,2025-10-07,2025-12-18,2
C000312__TARJETA_CREDITO,C000312,Tarjeta de Crédito,Deuda,769.73,False,False,False,2000.00,2026-10-04,Activo,2025-01-11,2026-07-30,11
C000313__CTA_CORRIENTE,C000313,Cuenta Corriente,Depósito,3099.09,False,False,False,,,Activo,2025-02-12,2025-11-09,2
C000313__CTA_AHORROS,C000313,Cuenta de Ahorros,Depósito,982.62,False,False,False,,,Activo,2025-04-19,2026-03-02,4
C000313__TARJETA_CREDITO,C000313,Tarjeta de Crédito,Deuda,760.90,False,False,False,2600.00,2029-03-19,Activo,2025-01-14,2026-04-05,9
C000314__CTA_CORRIENTE,C000314,Cuenta Corriente,Depósito,3296.55,False,False,False,,,Activo,2025-04-30,2025-12-19,2
C000315__CREDITO_HIPOTECARIO,C000315,Crédito Hipotecario,Deuda,100333.79,False,False,False,,2030-01-20,Activo,2025-01-31,2025-11-11,2
C000316__CTA_CORRIENTE,C000316,Cuenta Corriente,Depósito,883.53,False,False,False,,,Activo,2025-01-07,2025-10-22,3
C000316__TARJETA_CREDITO,C000316,Tarjeta de Crédito,Deuda,985.53,False,False,False,1700.00,2030-01-18,Activo,2025-01-04,2026-07-03,4
C000317__TARJETA_CREDITO,C000317,Tarjeta de Crédito,Deuda,2622.11,False,False,False,6400.00,2029-07-10,Activo,2025-02-18,2026-07-02,9
C000318__CTA_AHORROS,C000318,Cuenta de Ahorros,Depósito,1164.43,False,False,False,,,Activo,2025-11-17,2025-11-17,1
C000318__TARJETA_CREDITO,C000318,Tarjeta de Crédito,Deuda,958.63,False,False,False,2400.00,2028-06-03,Activo,2025-02-07,2026-08-26,10
C000319__CREDITO_HIPOTECARIO,C000319,Crédito Hipotecario,Deuda,135998.40,False,False,False,,2031-08-30,Activo,2026-07-29,2026-07-29,1
C000319__CREDITO_VEHICULAR,C000319,Crédito Vehicular,Deuda,10503.14,False,False,False,,2032-03-31,Activo,2026-06-17,2026-08-08,2
C000319__CREDITO_CONSUMO,C000319,Crédito de Consumo,Deuda,6472.48,False,False,False,,2032-07-24,Activo,2025-02-22,2025-04-24,3
C000319__TARJETA_CREDITO,C000319,Tarjeta de Crédito,Deuda,357.08,False,False,False,1200.00,2030-06-03,Activo,2025-01-22,2026-08-22,14
C000320__TARJETA_CREDITO,C000320,Tarjeta de Crédito,Deuda,917.64,False,False,False,2400.00,2028-12-14,Activo,2025-01-08,2026-03-17,5
C000321__CREDITO_HIPOTECARIO,C000321,Crédito Hipotecario,Deuda,88522.09,False,False,False,,2028-01-02,Activo,2025-08-31,2026-04-10,3
C000321__TARJETA_CREDITO,C000321,Tarjeta de Crédito,Deuda,198.47,False,False,False,900.00,2030-07-07,Activo,2025-01-04,2026-06-06,13
C000322__CREDITO_VEHICULAR,C000322,Crédito Vehicular,Deuda,17156.31,False,False,False,,2029-01-19,Activo,2025-08-16,2026-04-27,3
C000322__CTA_AHORROS,C000322,Cuenta de Ahorros,Depósito,4724.62,False,False,False,,,Activo,2025-01-09,2026-04-06,4
C000322__TARJETA_CREDITO,C000322,Tarjeta de Crédito,Deuda,1566.10,False,False,False,3200.00,2029-07-31,Activo,2025-02-05,2026-08-02,14
C000323__CREDITO_VEHICULAR,C000323,Crédito Vehicular,Deuda,20091.71,False,False,False,,2027-03-18,Activo,2025-03-19,2026-06-06,3
C000324__CREDITO_CONSUMO,C000324,Crédito de Consumo,Deuda,7681.40,False,False,False,,2028-08-15,Activo,2025-01-07,2025-11-10,3
C000324__TARJETA_CREDITO,C000324,Tarjeta de Crédito,Deuda,560.00,False,False,False,800.00,2028-05-25,Activo,2025-01-18,2026-07-25,8
C000325__CREDITO_HIPOTECARIO,C000325,Crédito Hipotecario,Deuda,31387.76,False,False,False,,2032-07-05,Activo,2025-03-02,2026-04-20,3
C000325__CREDITO_CONSUMO,C000325,Crédito de Consumo,Deuda,3482.19,False,False,False,,2032-07-26,Activo,2025-09-12,2026-02-17,2
C000325__TARJETA_CREDITO,C000325,Tarjeta de Crédito,Deuda,187.20,False,False,False,900.00,2028-03-20,Activo,2025-01-10,2026-07-25,8
C000326__CREDITO_HIPOTECARIO,C000326,Crédito Hipotecario,Deuda,76063.00,False,False,False,,2028-06-15,Activo,2025-05-23,2025-05-23,1
C000326__CTA_AHORROS,C000326,Cuenta de Ahorros,Depósito,4886.57,False,False,False,,,Activo,2026-01-29,2026-01-29,1
C000326__TARJETA_CREDITO,C000326,Tarjeta de Crédito,Deuda,0.00,False,False,False,3300.00,2030-06-25,Activo,2025-01-13,2026-08-15,12
C000327__CTA_CORRIENTE,C000327,Cuenta Corriente,Depósito,-46.03,False,True,False,,,Activo,2025-06-02,2025-06-02,1
C000327__TARJETA_CREDITO,C000327,Tarjeta de Crédito,Deuda,243.92,False,False,False,1800.00,2026-11-23,Activo,2025-01-18,2026-08-05,12
C000328__CREDITO_HIPOTECARIO,C000328,Crédito Hipotecario,Deuda,4774.97,False,False,False,,2031-06-13,Activo,2025-11-04,2025-11-04,1
C000328__CREDITO_VEHICULAR,C000328,Crédito Vehicular,Deuda,17371.58,False,False,False,,2030-11-07,Activo,2025-07-29,2025-11-13,2
C000328__CTA_CORRIENTE,C000328,Cuenta Corriente,Depósito,1776.77,False,False,False,,,Activo,2025-12-07,2025-12-07,1
C000329__CREDITO_CONSUMO,C000329,Crédito de Consumo,Deuda,2488.71,False,False,False,,2031-09-15,Activo,2025-10-04,2026-07-13,2
C000329__CTA_CORRIENTE,C000329,Cuenta Corriente,Depósito,3062.81,False,False,False,,,Activo,2025-03-20,2026-02-14,4
C000329__CTA_AHORROS,C000329,Cuenta de Ahorros,Depósito,1348.95,False,False,False,,,Activo,2025-01-04,2026-02-08,2
C000330__CREDITO_VEHICULAR,C000330,Crédito Vehicular,Deuda,10631.32,False,False,False,,2031-12-12,Activo,2025-01-03,2025-01-03,1
C000330__TARJETA_CREDITO,C000330,Tarjeta de Crédito,Deuda,464.60,False,False,False,1200.00,2027-07-11,Activo,2025-05-07,2026-03-06,6
C000331__CREDITO_VEHICULAR,C000331,Crédito Vehicular,Deuda,16071.65,False,False,False,,2027-01-04,Activo,2025-01-19,2026-02-19,2
C000331__CTA_CORRIENTE,C000331,Cuenta Corriente,Depósito,4874.98,False,False,False,,,Activo,2025-04-14,2025-04-14,1
C000331__CTA_AHORROS,C000331,Cuenta de Ahorros,Depósito,2511.91,False,False,False,,,Activo,2025-07-10,2025-11-15,3
C000331__TARJETA_CREDITO,C000331,Tarjeta de Crédito,Deuda,437.77,False,False,False,1000.00,2030-09-05,Activo,2025-02-20,2026-04-23,10
C000332__CREDITO_HIPOTECARIO,C000332,Crédito Hipotecario,Deuda,120901.04,False,False,False,,2032-03-10,Activo,2025-08-21,2026-03-06,2
C000332__CREDITO_CONSUMO,C000332,Crédito de Consumo,Deuda,15598.16,False,False,False,,2031-01-21,Activo,2025-05-04,2026-05-08,2
C000332__CTA_AHORROS,C000332,Cuenta de Ahorros,Depósito,10004.66,False,False,False,,,Activo,2026-04-27,2026-04-27,1
C000332__TARJETA_CREDITO,C000332,Tarjeta de Crédito,Deuda,1475.39,False,False,False,3400.00,2028-04-25,Activo,2025-01-16,2026-06-20,12
C000333__CREDITO_VEHICULAR,C000333,Crédito Vehicular,Deuda,17138.35,False,False,False,,2028-06-28,Activo,2026-06-02,2026-08-23,2
C000333__CTA_CORRIENTE,C000333,Cuenta Corriente,Depósito,7826.01,False,False,False,,,Activo,2025-01-18,2026-03-07,3
C000333__TARJETA_CREDITO,C000333,Tarjeta de Crédito,Deuda,6847.86,False,False,True,13900.00,2029-10-20,Activo,2025-02-16,2026-07-31,9
C000334__TARJETA_CREDITO,C000334,Tarjeta de Crédito,Deuda,434.95,False,False,False,1800.00,2027-09-04,Activo,2025-01-31,2026-08-29,9
C000335__CREDITO_VEHICULAR,C000335,Crédito Vehicular,Deuda,18228.14,False,False,False,,2028-10-08,Activo,2025-01-15,2026-08-06,3
C000335__CREDITO_CONSUMO,C000335,Crédito de Consumo,Deuda,17822.20,False,False,False,,2031-03-17,Activo,2025-03-04,2026-05-23,2
C000335__TARJETA_CREDITO,C000335,Tarjeta de Crédito,Deuda,2347.73,False,False,False,5100.00,2030-05-21,Activo,2025-04-17,2026-08-24,9
C000336__CREDITO_HIPOTECARIO,C000336,Crédito Hipotecario,Deuda,59840.25,False,False,False,,2030-02-26,Activo,2025-07-30,2025-09-29,2
C000336__CTA_AHORROS,C000336,Cuenta de Ahorros,Depósito,1610.43,False,False,False,,,Activo,2025-07-07,2026-02-28,2
C000336__TARJETA_CREDITO,C000336,Tarjeta de Crédito,Deuda,596.10,False,False,False,1300.00,2029-12-11,Activo,2025-04-26,2026-07-18,7
C000337__CREDITO_CONSUMO,C000337,Crédito de Consumo,Deuda,11459.52,False,False,False,,2027-04-01,Activo,2025-01-11,2025-06-25,3
C000337__TARJETA_CREDITO,C000337,Tarjeta de Crédito,Deuda,709.37,False,False,False,2400.00,2027-02-22,Activo,2025-01-08,2026-07-28,9
C000338__CTA_AHORROS,C000338,Cuenta de Ahorros,Depósito,3177.04,False,False,False,,,Activo,2025-08-02,2026-08-12,4
C000338__TARJETA_CREDITO,C000338,Tarjeta de Crédito,Deuda,1885.98,False,False,False,3700.00,2028-08-16,Activo,2025-04-11,2026-08-29,13
C000339__CTA_CORRIENTE,C000339,Cuenta Corriente,Depósito,7407.14,False,False,False,,,Activo,2025-11-25,2026-07-09,2
C000339__CTA_AHORROS,C000339,Cuenta de Ahorros,Depósito,3704.76,False,False,False,,,Activo,2025-10-09,2026-06-17,4
C000339__TARJETA_CREDITO,C000339,Tarjeta de Crédito,Deuda,1244.76,False,False,False,9700.00,2027-09-03,Activo,2025-07-07,2026-06-05,4
C000340__CREDITO_VEHICULAR,C000340,Crédito Vehicular,Deuda,16332.07,False,False,False,,2028-08-25,Activo,2025-09-09,2025-09-09,1
C000340__TARJETA_CREDITO,C000340,Tarjeta de Crédito,Deuda,573.62,False,False,False,2200.00,2029-11-25,Activo,2025-01-01,2026-08-18,13
C000341__CTA_AHORROS,C000341,Cuenta de Ahorros,Depósito,1138.38,False,False,False,,,Activo,2025-07-21,2026-04-21,3
C000341__TARJETA_CREDITO,C000341,Tarjeta de Crédito,Deuda,251.67,False,False,False,2400.00,2029-01-23,Activo,2025-02-16,2026-07-18,4
C000342__CTA_CORRIENTE,C000342,Cuenta Corriente,Depósito,888.83,False,False,False,,,Activo,2025-06-19,2025-06-19,1
C000342__TARJETA_CREDITO,C000342,Tarjeta de Crédito,Deuda,471.77,False,False,False,1100.00,2029-09-17,Activo,2025-04-07,2026-08-28,9
C000343__CTA_CORRIENTE,C000343,Cuenta Corriente,Depósito,12058.20,False,False,False,,,Activo,2025-10-25,2026-07-30,4
C000343__CTA_AHORROS,C000343,Cuenta de Ahorros,Depósito,26999.10,False,False,True,,,Activo,2025-01-12,2026-08-14,2
C000343__TARJETA_CREDITO,C000343,Tarjeta de Crédito,Deuda,6375.55,False,False,True,16600.00,2027-12-26,Activo,2025-11-08,2026-08-12,7
C000344__CREDITO_HIPOTECARIO,C000344,Crédito Hipotecario,Deuda,74542.14,False,False,False,,2028-01-27,Activo,2025-03-21,2026-07-29,3
C000344__CTA_CORRIENTE,C000344,Cuenta Corriente,Depósito,8326.59,False,False,False,,,Activo,2025-04-26,2025-04-26,1
C000344__TARJETA_CREDITO,C000344,Tarjeta de Crédito,Deuda,2670.86,False,False,False,8300.00,2028-11-24,Activo,2025-01-16,2026-06-06,7
C000345__CREDITO_CONSUMO,C000345,Crédito de Consumo,Deuda,14559.18,False,False,False,,2029-08-24,Activo,2025-10-06,2026-06-28,3
C000345__CTA_CORRIENTE,C000345,Cuenta Corriente,Depósito,2896.30,False,False,False,,,Activo,2025-05-31,2025-05-31,1
C000345__TARJETA_CREDITO,C000345,Tarjeta de Crédito,Deuda,2703.95,False,False,False,4000.00,2027-02-17,Activo,2025-02-13,2026-08-18,11
C000346__CREDITO_CONSUMO,C000346,Crédito de Consumo,Deuda,3577.20,False,False,False,,2028-03-26,Activo,2026-07-25,2026-07-25,1
C000346__TARJETA_CREDITO,C000346,Tarjeta de Crédito,Deuda,1034.50,False,False,False,1700.00,2029-04-07,Activo,2025-06-29,2026-05-12,4
C000347__CREDITO_HIPOTECARIO,C000347,Crédito Hipotecario,Deuda,91670.74,False,False,False,,2031-10-13,Activo,2025-05-16,2025-05-16,1
C000347__CTA_CORRIENTE,C000347,Cuenta Corriente,Depósito,1300.39,False,False,False,,,Activo,2025-03-02,2026-08-07,3
C000347__TARJETA_CREDITO,C000347,Tarjeta de Crédito,Deuda,228.83,False,False,False,900.00,2030-07-29,Activo,2025-02-13,2026-08-04,8
C000348__CTA_CORRIENTE,C000348,Cuenta Corriente,Depósito,23375.14,False,False,True,,,Activo,2026-07-16,2026-08-26,2
C000348__TARJETA_CREDITO,C000348,Tarjeta de Crédito,Deuda,1939.99,False,False,False,6700.00,2029-10-22,Activo,2025-02-04,2026-07-11,11
C000349__CREDITO_VEHICULAR,C000349,Crédito Vehicular,Deuda,17122.21,False,False,False,,2031-09-23,Activo,2025-05-12,2026-07-02,3
C000349__TARJETA_CREDITO,C000349,Tarjeta de Crédito,Deuda,509.68,False,False,False,2200.00,2029-11-23,Activo,2025-01-05,2026-08-21,12
C000350__CREDITO_VEHICULAR,C000350,Crédito Vehicular,Deuda,6112.92,False,False,False,,2030-10-03,Activo,2026-05-10,2026-05-10,1
C000350__CTA_AHORROS,C000350,Cuenta de Ahorros,Depósito,-100.00,False,True,False,,,Activo,2025-03-22,2026-07-06,2
C000351__CTA_AHORROS,C000351,Cuenta de Ahorros,Depósito,1810.60,False,False,False,,,Activo,2025-04-30,2026-02-06,4
C000351__TARJETA_CREDITO,C000351,Tarjeta de Crédito,Deuda,72.79,False,False,False,700.00,2026-12-28,Activo,2025-01-12,2026-07-07,8
C000352__CREDITO_HIPOTECARIO,C000352,Crédito Hipotecario,Deuda,49421.98,False,False,False,,2028-01-25,Activo,2025-03-22,2025-10-16,3
C000352__CREDITO_VEHICULAR,C000352,Crédito Vehicular,Deuda,21919.15,False,False,False,,2032-06-01,Activo,2025-02-12,2026-07-26,3
C000352__CTA_AHORROS,C000352,Cuenta de Ahorros,Depósito,980.45,False,False,False,,,Activo,2025-02-18,2026-07-21,4
C000353__CREDITO_CONSUMO,C000353,Crédito de Consumo,Deuda,12646.75,False,False,False,,2026-12-14,Activo,2025-08-20,2026-04-27,2
C000354__CREDITO_VEHICULAR,C000354,Crédito Vehicular,Deuda,16429.02,False,False,False,,2027-07-28,Activo,2025-09-07,2026-08-10,3
C000354__CTA_CORRIENTE,C000354,Cuenta Corriente,Depósito,1059.45,False,False,False,,,Activo,2025-01-03,2026-08-14,4
C000354__CTA_AHORROS,C000354,Cuenta de Ahorros,Depósito,4628.04,False,False,False,,,Activo,2025-10-24,2025-10-24,1
C000355__CREDITO_CONSUMO,C000355,Crédito de Consumo,Deuda,3353.64,False,False,False,,2031-02-07,Activo,2025-02-12,2026-02-15,3
C000356__CREDITO_HIPOTECARIO,C000356,Crédito Hipotecario,Deuda,107901.71,False,False,False,,2028-02-07,Activo,2025-08-10,2025-08-10,1
C000356__CREDITO_CONSUMO,C000356,Crédito de Consumo,Deuda,4599.49,False,False,False,,2028-01-28,Activo,2025-03-02,2025-03-02,1
C000356__TARJETA_CREDITO,C000356,Tarjeta de Crédito,Deuda,413.95,False,False,False,800.00,2026-11-02,Activo,2025-02-01,2026-08-12,13
C000357__TARJETA_CREDITO,C000357,Tarjeta de Crédito,Deuda,600.32,False,False,False,1300.00,2030-04-08,Activo,2025-08-03,2026-03-27,5
C000358__CREDITO_HIPOTECARIO,C000358,Crédito Hipotecario,Deuda,61327.70,False,False,False,,2030-05-13,Activo,2026-05-22,2026-07-27,3
C000358__CREDITO_VEHICULAR,C000358,Crédito Vehicular,Deuda,32434.27,False,False,False,,2031-04-15,Activo,2025-08-08,2026-07-22,3
C000358__TARJETA_CREDITO,C000358,Tarjeta de Crédito,Deuda,0.00,False,False,False,3600.00,2028-01-26,Activo,2025-01-01,2026-08-31,11
C000359__CREDITO_HIPOTECARIO,C000359,Crédito Hipotecario,Deuda,60528.97,False,False,False,,2029-11-11,Activo,2025-03-21,2026-08-27,3
C000359__CREDITO_VEHICULAR,C000359,Crédito Vehicular,Deuda,26843.00,False,False,False,,2026-11-28,Activo,2025-08-01,2026-03-03,2
C000359__TARJETA_CREDITO,C000359,Tarjeta de Crédito,Deuda,774.00,False,False,False,1500.00,2029-02-25,Activo,2025-02-04,2026-08-25,13
C000360__CREDITO_HIPOTECARIO,C000360,Crédito Hipotecario,Deuda,86827.46,False,False,False,,2028-07-31,Activo,2025-07-17,2025-07-17,1
C000360__CTA_CORRIENTE,C000360,Cuenta Corriente,Depósito,873.33,False,False,False,,,Activo,2025-01-05,2026-07-30,3
C000360__CTA_AHORROS,C000360,Cuenta de Ahorros,Depósito,-100.00,False,True,False,,,Activo,2025-04-17,2025-04-17,1
C000360__TARJETA_CREDITO,C000360,Tarjeta de Crédito,Deuda,952.96,False,False,False,1800.00,2030-08-26,Activo,2025-03-20,2026-06-01,8
C000361__CREDITO_VEHICULAR,C000361,Crédito Vehicular,Deuda,18204.37,False,False,False,,2028-04-29,Activo,2025-03-27,2025-05-16,2
C000361__TARJETA_CREDITO,C000361,Tarjeta de Crédito,Deuda,1218.07,False,False,False,5500.00,2029-03-24,Activo,2025-01-08,2026-08-16,14
C000362__CREDITO_CONSUMO,C000362,Crédito de Consumo,Deuda,7251.41,False,False,False,,2026-12-17,Activo,2026-07-16,2026-08-22,2
C000362__CTA_AHORROS,C000362,Cuenta de Ahorros,Depósito,5647.29,False,False,False,,,Activo,2025-01-15,2026-05-26,4
C000362__TARJETA_CREDITO,C000362,Tarjeta de Crédito,Deuda,1294.05,False,False,False,5900.00,2030-03-02,Activo,2025-05-13,2026-06-11,8
C000363__CREDITO_VEHICULAR,C000363,Crédito Vehicular,Deuda,18160.67,False,False,False,,2031-06-17,Activo,2025-08-03,2025-10-27,2
C000363__CREDITO_CONSUMO,C000363,Crédito de Consumo,Deuda,8684.28,False,False,False,,2031-09-21,Activo,2025-01-03,2025-01-03,1
C000364__CREDITO_VEHICULAR,C000364,Crédito Vehicular,Deuda,21530.38,False,False,False,,2031-05-25,Activo,2025-01-24,2026-07-16,3
C000364__CREDITO_CONSUMO,C000364,Crédito de Consumo,Deuda,2614.86,False,False,False,,2030-01-20,Activo,2026-01-26,2026-01-26,1
C000364__TARJETA_CREDITO,C000364,Tarjeta de Crédito,Deuda,196.59,False,False,False,2000.00,2027-07-08,Activo,2025-02-27,2026-07-20,7
C000365__CREDITO_CONSUMO,C000365,Crédito de Consumo,Deuda,4024.88,False,False,False,,2029-02-07,Activo,2025-09-27,2026-06-22,3
C000366__CREDITO_HIPOTECARIO,C000366,Crédito Hipotecario,Deuda,76404.52,False,False,False,,2027-01-23,Activo,2025-12-08,2026-07-15,3
C000367__CREDITO_CONSUMO,C000367,Crédito de Consumo,Deuda,3528.20,False,False,False,,2028-05-12,Activo,2025-08-25,2026-07-21,2
C000367__CTA_AHORROS,C000367,Cuenta de Ahorros,Depósito,1278.74,False,False,False,,,Activo,2025-02-07,2026-02-02,4
C000367__TARJETA_CREDITO,C000367,Tarjeta de Crédito,Deuda,148.80,False,False,False,2200.00,2029-07-29,Activo,2025-03-18,2026-06-22,14
C000368__CREDITO_HIPOTECARIO,C000368,Crédito Hipotecario,Deuda,78422.04,False,False,False,,2032-05-02,Activo,2025-06-14,2026-04-09,2
C000368__CREDITO_CONSUMO,C000368,Crédito de Consumo,Deuda,5265.87,False,False,False,,2028-05-26,Activo,2026-03-26,2026-07-27,3
C000368__CTA_AHORROS,C000368,Cuenta de Ahorros,Depósito,1044.00,False,False,False,,,Activo,2025-11-23,2026-05-26,2
C000368__TARJETA_CREDITO,C000368,Tarjeta de Crédito,Deuda,522.73,False,False,False,900.00,2027-03-16,Activo,2025-08-21,2026-08-21,9
C000369__CREDITO_CONSUMO,C000369,Crédito de Consumo,Deuda,9521.71,False,False,False,,2028-03-10,Activo,2025-05-09,2025-10-23,3
C000370__CTA_CORRIENTE,C000370,Cuenta Corriente,Depósito,11075.41,False,False,False,,,Activo,2025-03-21,2026-04-16,4
C000370__TARJETA_CREDITO,C000370,Tarjeta de Crédito,Deuda,1886.26,False,False,False,9500.00,2028-12-01,Activo,2025-01-17,2026-08-26,7
C000371__CREDITO_HIPOTECARIO,C000371,Crédito Hipotecario,Deuda,86416.45,False,False,False,,2032-02-19,Activo,2025-03-29,2025-03-29,1
C000371__TARJETA_CREDITO,C000371,Tarjeta de Crédito,Deuda,334.91,False,False,False,1800.00,2027-09-25,Activo,2025-04-08,2026-08-21,11
C000372__CTA_CORRIENTE,C000372,Cuenta Corriente,Depósito,8529.04,False,False,False,,,Activo,2026-07-16,2026-07-16,1
C000372__CTA_AHORROS,C000372,Cuenta de Ahorros,Depósito,4163.12,False,False,False,,,Activo,2026-02-20,2026-02-20,1
C000373__CREDITO_CONSUMO,C000373,Crédito de Consumo,Deuda,6015.18,False,False,False,,2028-12-19,Activo,2025-03-15,2025-03-15,1
C000374__CREDITO_HIPOTECARIO,C000374,Crédito Hipotecario,Deuda,114342.21,False,False,False,,2029-08-14,Activo,2025-08-22,2026-08-13,3
C000374__TARJETA_CREDITO,C000374,Tarjeta de Crédito,Deuda,365.42,False,False,False,700.00,2028-07-15,Activo,2025-01-29,2026-08-26,6
C000375__CREDITO_VEHICULAR,C000375,Crédito Vehicular,Deuda,21211.94,False,False,False,,2029-12-04,Activo,2025-05-10,2025-07-10,2
C000375__TARJETA_CREDITO,C000375,Tarjeta de Crédito,Deuda,166.08,False,False,False,1100.00,2028-05-18,Activo,2025-02-25,2026-07-31,13
C000376__CTA_AHORROS,C000376,Cuenta de Ahorros,Depósito,9687.70,False,False,False,,,Activo,2025-06-10,2025-06-10,1
C000376__TARJETA_CREDITO,C000376,Tarjeta de Crédito,Deuda,1236.01,False,False,False,4700.00,2027-10-23,Activo,2025-01-05,2026-07-22,14
C000377__CREDITO_VEHICULAR,C000377,Crédito Vehicular,Deuda,19465.08,False,False,False,,2027-12-24,Activo,2026-02-28,2026-02-28,1
C000377__TARJETA_CREDITO,C000377,Tarjeta de Crédito,Deuda,2182.18,False,False,False,8300.00,2028-05-06,Activo,2025-02-04,2026-08-16,13
C000378__CTA_AHORROS,C000378,Cuenta de Ahorros,Depósito,3097.26,False,False,False,,,Activo,2025-03-18,2026-05-05,2
C000378__TARJETA_CREDITO,C000378,Tarjeta de Crédito,Deuda,0.00,False,False,False,1300.00,2030-01-09,Activo,2025-01-17,2025-07-30,5
C000379__CREDITO_VEHICULAR,C000379,Crédito Vehicular,Deuda,12244.19,False,False,False,,2027-08-04,Activo,2025-05-23,2025-05-23,1
C000379__CREDITO_CONSUMO,C000379,Crédito de Consumo,Deuda,3785.68,False,False,False,,2031-04-23,Activo,2025-09-17,2025-12-12,3
C000379__TARJETA_CREDITO,C000379,Tarjeta de Crédito,Deuda,256.03,False,False,False,1200.00,2027-02-26,Activo,2025-03-19,2026-05-27,4
C000380__CREDITO_VEHICULAR,C000380,Crédito Vehicular,Deuda,23111.29,False,False,False,,2031-02-16,Activo,2025-02-01,2025-10-17,3
C000380__TARJETA_CREDITO,C000380,Tarjeta de Crédito,Deuda,608.15,False,False,False,2600.00,2030-03-26,Activo,2025-01-06,2026-03-20,9
C000381__CREDITO_VEHICULAR,C000381,Crédito Vehicular,Deuda,26993.76,False,False,False,,2026-11-23,Activo,2025-06-09,2026-01-02,3
C000381__TARJETA_CREDITO,C000381,Tarjeta de Crédito,Deuda,1079.21,False,False,False,3300.00,2027-03-23,Activo,2025-01-08,2026-07-22,4
C000382__CREDITO_HIPOTECARIO,C000382,Crédito Hipotecario,Deuda,126229.16,False,False,False,,2032-06-22,Activo,2025-09-26,2025-09-26,1
C000382__CREDITO_VEHICULAR,C000382,Crédito Vehicular,Deuda,7383.65,False,False,False,,2029-12-22,Activo,2025-05-12,2026-06-07,3
C000382__CTA_AHORROS,C000382,Cuenta de Ahorros,Depósito,6165.71,False,False,False,,,Activo,2025-05-10,2025-12-07,3
C000382__TARJETA_CREDITO,C000382,Tarjeta de Crédito,Deuda,2526.10,False,False,False,12200.00,2027-12-17,Activo,2025-08-16,2026-01-30,4
C000383__TARJETA_CREDITO,C000383,Tarjeta de Crédito,Deuda,1517.34,False,False,False,2900.00,2026-09-17,Activo,2025-01-05,2026-06-17,10
C000384__CREDITO_VEHICULAR,C000384,Crédito Vehicular,Deuda,30798.33,False,False,False,,2032-05-05,Activo,2025-10-12,2026-04-09,3
C000384__CTA_AHORROS,C000384,Cuenta de Ahorros,Depósito,2545.40,False,False,False,,,Activo,2025-10-26,2025-12-13,2
C000384__TARJETA_CREDITO,C000384,Tarjeta de Crédito,Deuda,719.78,False,False,False,2200.00,2027-03-04,Activo,2025-01-21,2026-08-14,9
C000385__CREDITO_CONSUMO,C000385,Crédito de Consumo,Deuda,11504.46,False,False,False,,2030-07-26,Activo,2025-03-07,2025-10-15,2
C000385__CTA_CORRIENTE,C000385,Cuenta Corriente,Depósito,-100.00,False,True,False,,,Activo,2025-01-03,2026-08-17,3
C000385__TARJETA_CREDITO,C000385,Tarjeta de Crédito,Deuda,3524.34,False,False,True,4900.00,2028-08-20,Activo,2025-03-01,2026-04-22,7
C000386__CTA_AHORROS,C000386,Cuenta de Ahorros,Depósito,8320.06,False,False,False,,,Activo,2025-07-29,2026-05-05,3
C000387__CREDITO_VEHICULAR,C000387,Crédito Vehicular,Deuda,18674.47,False,False,False,,2029-03-22,Activo,2025-03-27,2025-06-05,2
C000387__TARJETA_CREDITO,C000387,Tarjeta de Crédito,Deuda,1497.35,False,False,False,1900.00,2028-01-30,Activo,2025-04-16,2026-06-21,11
C000388__CREDITO_VEHICULAR,C000388,Crédito Vehicular,Deuda,18638.80,False,False,False,,2031-04-24,Activo,2025-05-22,2026-08-05,3
C000388__TARJETA_CREDITO,C000388,Tarjeta de Crédito,Deuda,440.05,False,False,False,1500.00,2028-07-30,Activo,2025-05-27,2026-04-04,5
C000389__CREDITO_HIPOTECARIO,C000389,Crédito Hipotecario,Deuda,154026.13,False,False,True,,2032-06-17,Activo,2026-07-08,2026-07-08,1
C000389__CTA_AHORROS,C000389,Cuenta de Ahorros,Depósito,13109.47,False,False,True,,,Activo,2026-03-10,2026-08-14,2
C000389__TARJETA_CREDITO,C000389,Tarjeta de Crédito,Deuda,90.85,False,False,False,4000.00,2026-11-04,Activo,2025-02-27,2026-06-17,7
C000390__CREDITO_CONSUMO,C000390,Crédito de Consumo,Deuda,12947.31,False,False,False,,2027-02-25,Activo,2025-02-08,2025-02-08,1
C000390__TARJETA_CREDITO,C000390,Tarjeta de Crédito,Deuda,1439.62,False,False,False,3600.00,2026-11-04,Activo,2025-01-01,2026-08-01,12
C000391__CREDITO_HIPOTECARIO,C000391,Crédito Hipotecario,Deuda,84281.93,False,False,False,,2030-11-07,Activo,2025-04-26,2026-06-14,3
C000391__CTA_CORRIENTE,C000391,Cuenta Corriente,Depósito,3915.72,False,False,False,,,Activo,2025-07-23,2026-08-17,4
C000391__TARJETA_CREDITO,C000391,Tarjeta de Crédito,Deuda,931.53,False,False,False,1700.00,2026-11-12,Activo,2025-08-02,2026-08-26,9
C000392__CREDITO_CONSUMO,C000392,Crédito de Consumo,Deuda,5301.51,False,False,False,,2026-11-01,Activo,2025-01-09,2026-08-01,3
C000392__CTA_CORRIENTE,C000392,Cuenta Corriente,Depósito,4716.56,False,False,False,,,Activo,2025-05-04,2025-05-04,1
C000392__CTA_AHORROS,C000392,Cuenta de Ahorros,Depósito,2436.93,False,False,False,,,Activo,2025-06-20,2026-07-23,2
C000392__TARJETA_CREDITO,C000392,Tarjeta de Crédito,Deuda,396.27,False,False,False,3500.00,2027-06-30,Activo,2025-01-02,2026-04-12,9
C000393__CREDITO_HIPOTECARIO,C000393,Crédito Hipotecario,Deuda,55584.20,False,False,False,,2027-04-24,Activo,2025-12-09,2025-12-09,1
C000393__CTA_CORRIENTE,C000393,Cuenta Corriente,Depósito,63.75,False,False,False,,,Activo,2025-01-14,2026-01-06,3
C000393__CTA_AHORROS,C000393,Cuenta de Ahorros,Depósito,3327.83,False,False,False,,,Activo,2025-03-26,2025-03-26,1
C000393__TARJETA_CREDITO,C000393,Tarjeta de Crédito,Deuda,752.79,False,False,False,2300.00,2027-02-04,Activo,2025-05-12,2026-06-02,10
C000394__CTA_AHORROS,C000394,Cuenta de Ahorros,Depósito,2188.47,False,False,False,,,Activo,2025-04-28,2025-05-27,2
C000394__TARJETA_CREDITO,C000394,Tarjeta de Crédito,Deuda,1555.78,False,False,False,5900.00,2027-01-10,Activo,2025-01-14,2026-04-04,14
C000395__CREDITO_HIPOTECARIO,C000395,Crédito Hipotecario,Deuda,87452.90,False,False,False,,2031-08-07,Activo,2026-01-02,2026-06-23,3
C000395__CREDITO_CONSUMO,C000395,Crédito de Consumo,Deuda,4167.66,False,False,False,,2027-11-07,Activo,2025-05-09,2026-07-10,3
C000395__TARJETA_CREDITO,C000395,Tarjeta de Crédito,Deuda,1166.16,False,False,False,1500.00,2027-08-12,Activo,2025-01-26,2026-07-17,11
C000396__CREDITO_VEHICULAR,C000396,Crédito Vehicular,Deuda,2875.10,False,False,False,,2032-01-06,Activo,2025-04-05,2025-12-01,3
C000396__CTA_CORRIENTE,C000396,Cuenta Corriente,Depósito,10259.80,False,False,False,,,Activo,2026-06-20,2026-07-29,2
C000396__TARJETA_CREDITO,C000396,Tarjeta de Crédito,Deuda,0.00,False,False,False,4000.00,2030-03-21,Activo,2025-01-18,2026-03-10,7
C000397__CREDITO_CONSUMO,C000397,Crédito de Consumo,Deuda,18944.35,False,False,False,,2031-06-12,Activo,2025-10-02,2026-06-11,2
C000397__CTA_AHORROS,C000397,Cuenta de Ahorros,Depósito,2768.13,False,False,False,,,Activo,2025-08-02,2026-01-17,4
C000397__TARJETA_CREDITO,C000397,Tarjeta de Crédito,Deuda,5178.59,False,False,True,8400.00,2029-11-09,Activo,2025-01-05,2026-02-23,7
C000398__TARJETA_CREDITO,C000398,Tarjeta de Crédito,Deuda,4211.04,False,False,True,10700.00,2026-09-25,Activo,2025-03-08,2026-07-30,7
C000399__CREDITO_HIPOTECARIO,C000399,Crédito Hipotecario,Deuda,42982.75,False,False,False,,2032-08-14,Activo,2025-07-17,2026-05-23,2
C000399__CTA_AHORROS,C000399,Cuenta de Ahorros,Depósito,2702.79,False,False,False,,,Activo,2026-03-11,2026-03-11,1
C000399__TARJETA_CREDITO,C000399,Tarjeta de Crédito,Deuda,425.11,False,False,False,1900.00,2027-02-27,Activo,2025-03-22,2026-06-23,8
C000400__CREDITO_HIPOTECARIO,C000400,Crédito Hipotecario,Deuda,121300.79,False,False,False,,2027-05-31,Activo,2025-12-04,2025-12-10,2
C000400__TARJETA_CREDITO,C000400,Tarjeta de Crédito,Deuda,0.00,False,False,False,2600.00,2027-05-30,Activo,2025-05-10,2026-08-28,14
C000401__CTA_CORRIENTE,C000401,Cuenta Corriente,Depósito,9473.59,False,False,False,,,Activo,2025-11-26,2025-11-26,1
C000401__CTA_AHORROS,C000401,Cuenta de Ahorros,Depósito,17982.32,False,False,True,,,Activo,2025-04-27,2026-06-11,4
C000401__TARJETA_CREDITO,C000401,Tarjeta de Crédito,Deuda,1449.81,False,False,False,8300.00,2030-01-16,Activo,2025-01-11,2026-06-18,13
C000402__CREDITO_HIPOTECARIO,C000402,Crédito Hipotecario,Deuda,81835.22,False,False,False,,2032-01-24,Activo,2026-04-13,2026-04-13,1
C000402__CREDITO_CONSUMO,C000402,Crédito de Consumo,Deuda,8279.09,False,False,False,,2030-03-08,Activo,2025-01-24,2026-05-13,3
C000402__CTA_CORRIENTE,C000402,Cuenta Corriente,Depósito,8149.03,False,False,False,,,Activo,2025-09-21,2025-09-21,1
C000402__TARJETA_CREDITO,C000402,Tarjeta de Crédito,Deuda,1691.41,False,False,False,4600.00,2029-11-07,Activo,2025-01-26,2026-08-22,9
C000403__CREDITO_HIPOTECARIO,C000403,Crédito Hipotecario,Deuda,26142.75,False,False,False,,2027-07-09,Activo,2025-11-01,2026-01-26,2
C000403__TARJETA_CREDITO,C000403,Tarjeta de Crédito,Deuda,2038.81,False,False,False,6200.00,2030-07-09,Activo,2025-03-15,2026-08-02,5
C000404__CTA_AHORROS,C000404,Cuenta de Ahorros,Depósito,3302.70,False,False,False,,,Activo,2025-04-27,2025-06-21,2
C000405__CREDITO_CONSUMO,C000405,Crédito de Consumo,Deuda,3225.94,False,False,False,,2028-02-21,Activo,2025-07-17,2026-08-21,3
C000405__TARJETA_CREDITO,C000405,Tarjeta de Crédito,Deuda,1075.01,False,False,False,3400.00,2030-05-13,Activo,2025-12-10,2026-06-18,4
C000406__CREDITO_HIPOTECARIO,C000406,Crédito Hipotecario,Deuda,49852.97,False,False,False,,2027-10-23,Activo,2025-06-22,2025-07-24,2
C000406__CREDITO_CONSUMO,C000406,Crédito de Consumo,Deuda,13669.23,False,False,False,,2028-06-23,Activo,2025-11-26,2025-11-26,1
C000406__TARJETA_CREDITO,C000406,Tarjeta de Crédito,Deuda,1314.40,False,False,False,6400.00,2027-09-15,Activo,2025-02-24,2026-07-29,10
C000407__CREDITO_CONSUMO,C000407,Crédito de Consumo,Deuda,3658.00,False,False,False,,2027-10-16,Activo,2025-03-10,2026-02-15,2
C000407__CTA_AHORROS,C000407,Cuenta de Ahorros,Depósito,1312.48,False,False,False,,,Activo,2025-04-19,2025-07-06,2
C000407__TARJETA_CREDITO,C000407,Tarjeta de Crédito,Deuda,945.42,False,False,False,1500.00,2028-12-03,Activo,2025-02-23,2026-08-09,7
C000408__CREDITO_HIPOTECARIO,C000408,Crédito Hipotecario,Deuda,100962.88,False,False,False,,2028-10-08,Activo,2025-05-16,2025-06-24,2
C000408__TARJETA_CREDITO,C000408,Tarjeta de Crédito,Deuda,1680.02,False,False,False,3000.00,2030-10-03,Activo,2025-01-09,2026-07-21,7
C000409__CREDITO_HIPOTECARIO,C000409,Crédito Hipotecario,Deuda,117220.24,False,False,False,,2027-05-17,Activo,2025-03-14,2025-07-03,3
C000409__TARJETA_CREDITO,C000409,Tarjeta de Crédito,Deuda,0.00,False,False,False,2000.00,2028-11-09,Activo,2025-06-02,2026-08-21,9
C000410__CREDITO_VEHICULAR,C000410,Crédito Vehicular,Deuda,11613.11,False,False,False,,2030-08-23,Activo,2026-07-27,2026-07-27,1
C000410__CTA_CORRIENTE,C000410,Cuenta Corriente,Depósito,1223.43,False,False,False,,,Activo,2026-04-06,2026-04-06,1
C000410__TARJETA_CREDITO,C000410,Tarjeta de Crédito,Deuda,1753.33,False,False,False,2700.00,2030-03-11,Activo,2025-01-23,2026-07-06,9
C000411__CREDITO_VEHICULAR,C000411,Crédito Vehicular,Deuda,12288.29,False,False,False,,2030-11-16,Activo,2025-10-12,2026-03-22,3
C000411__CTA_AHORROS,C000411,Cuenta de Ahorros,Depósito,2304.22,False,False,False,,,Activo,2025-01-21,2026-01-29,4
C000412__CREDITO_CONSUMO,C000412,Crédito de Consumo,Deuda,3849.53,False,False,False,,2030-06-18,Activo,2025-02-04,2025-05-08,2
C000412__CTA_CORRIENTE,C000412,Cuenta Corriente,Depósito,2728.72,False,False,False,,,Activo,2025-07-02,2026-07-04,3
C000412__TARJETA_CREDITO,C000412,Tarjeta de Crédito,Deuda,567.58,False,False,False,900.00,2028-01-21,Activo,2025-03-28,2026-07-27,12
C000413__CREDITO_CONSUMO,C000413,Crédito de Consumo,Deuda,26618.97,False,False,False,,2031-02-24,Activo,2025-02-12,2026-07-06,2
C000413__CTA_CORRIENTE,C000413,Cuenta Corriente,Depósito,2048.88,False,False,False,,,Activo,2025-10-21,2026-05-23,4
C000414__CTA_CORRIENTE,C000414,Cuenta Corriente,Depósito,476.14,False,False,False,,,Activo,2025-04-01,2026-04-28,4
C000414__CTA_AHORROS,C000414,Cuenta de Ahorros,Depósito,472.69,False,False,False,,,Activo,2025-06-03,2026-05-07,4
C000414__TARJETA_CREDITO,C000414,Tarjeta de Crédito,Deuda,372.67,False,False,False,800.00,2026-11-21,Activo,2025-01-14,2026-08-21,14
C000415__CTA_CORRIENTE,C000415,Cuenta Corriente,Depósito,985.71,False,False,False,,,Activo,2025-06-09,2026-07-02,2
C000415__CTA_AHORROS,C000415,Cuenta de Ahorros,Depósito,2461.39,False,False,False,,,Activo,2025-10-20,2026-05-24,2
C000415__TARJETA_CREDITO,C000415,Tarjeta de Crédito,Deuda,747.77,False,False,False,1100.00,2027-01-31,Activo,2025-04-01,2026-05-28,7
C000416__CREDITO_CONSUMO,C000416,Crédito de Consumo,Deuda,4465.00,False,False,False,,2032-08-29,Activo,2025-05-02,2026-01-09,3
C000416__CTA_AHORROS,C000416,Cuenta de Ahorros,Depósito,190.24,False,False,False,,,Activo,2025-02-25,2026-01-07,3
C000416__TARJETA_CREDITO,C000416,Tarjeta de Crédito,Deuda,129.17,False,False,False,2000.00,2029-08-21,Activo,2025-03-19,2026-08-12,8
C000417__CREDITO_HIPOTECARIO,C000417,Crédito Hipotecario,Deuda,102460.63,False,False,False,,2030-02-23,Activo,2025-11-17,2026-03-19,3
C000417__TARJETA_CREDITO,C000417,Tarjeta de Crédito,Deuda,362.42,False,False,False,2600.00,2027-05-19,Activo,2025-03-30,2026-07-27,12
C000418__CREDITO_VEHICULAR,C000418,Crédito Vehicular,Deuda,14212.13,False,False,False,,2027-01-26,Activo,2025-07-06,2025-07-06,1
C000418__CREDITO_CONSUMO,C000418,Crédito de Consumo,Deuda,13170.92,False,False,False,,2031-06-11,Activo,2025-09-27,2025-11-04,2
C000418__TARJETA_CREDITO,C000418,Tarjeta de Crédito,Deuda,1541.28,False,False,False,6600.00,2028-08-14,Activo,2025-02-06,2026-08-22,4
C000419__CREDITO_CONSUMO,C000419,Crédito de Consumo,Deuda,6650.96,False,False,False,,2028-04-18,Activo,2025-01-24,2025-07-18,3
C000420__CREDITO_HIPOTECARIO,C000420,Crédito Hipotecario,Deuda,90382.26,False,False,False,,2030-10-21,Activo,2025-11-12,2025-11-12,1
C000420__CREDITO_VEHICULAR,C000420,Crédito Vehicular,Deuda,18588.90,False,False,False,,2029-12-31,Activo,2025-03-17,2025-05-05,2
C000420__CTA_AHORROS,C000420,Cuenta de Ahorros,Depósito,1895.22,False,False,False,,,Activo,2025-11-27,2026-07-28,3
C000420__TARJETA_CREDITO,C000420,Tarjeta de Crédito,Deuda,30.57,False,False,False,1100.00,2030-01-03,Activo,2025-01-09,2026-08-01,9
C000421__CREDITO_CONSUMO,C000421,Crédito de Consumo,Deuda,2492.43,False,False,False,,2030-10-03,Activo,2025-07-25,2026-05-05,3
C000421__CTA_CORRIENTE,C000421,Cuenta Corriente,Depósito,1491.08,False,False,False,,,Activo,2025-01-17,2026-05-13,4
C000421__TARJETA_CREDITO,C000421,Tarjeta de Crédito,Deuda,516.49,False,False,False,2200.00,2029-07-12,Activo,2025-04-23,2026-07-09,13
C000422__CREDITO_HIPOTECARIO,C000422,Crédito Hipotecario,Deuda,89034.30,False,False,False,,2030-06-24,Activo,2025-03-06,2025-11-03,3
C000422__CREDITO_CONSUMO,C000422,Crédito de Consumo,Deuda,5350.75,False,False,False,,2028-08-30,Activo,2026-01-01,2026-01-01,1
C000422__CTA_CORRIENTE,C000422,Cuenta Corriente,Depósito,1625.25,False,False,False,,,Activo,2025-06-07,2026-02-23,3
C000422__TARJETA_CREDITO,C000422,Tarjeta de Crédito,Deuda,1549.40,False,False,False,3100.00,2030-05-22,Activo,2025-01-03,2026-07-25,7
C000423__CREDITO_VEHICULAR,C000423,Crédito Vehicular,Deuda,19024.66,False,False,False,,2029-09-13,Activo,2025-08-04,2026-03-19,3
C000423__CTA_CORRIENTE,C000423,Cuenta Corriente,Depósito,1193.11,False,False,False,,,Activo,2025-02-07,2026-01-06,4
C000423__TARJETA_CREDITO,C000423,Tarjeta de Crédito,Deuda,3628.93,False,False,True,5600.00,2029-11-13,Activo,2025-02-25,2026-08-31,6
C000424__CREDITO_HIPOTECARIO,C000424,Crédito Hipotecario,Deuda,83709.72,False,False,False,,2028-06-13,Activo,2025-05-29,2025-05-29,1
C000424__TARJETA_CREDITO,C000424,Tarjeta de Crédito,Deuda,1360.32,False,False,False,2200.00,2028-08-31,Activo,2025-01-19,2026-08-31,12
C000425__CTA_AHORROS,C000425,Cuenta de Ahorros,Depósito,14344.84,False,False,True,,,Activo,2025-04-11,2025-11-17,4
C000425__TARJETA_CREDITO,C000425,Tarjeta de Crédito,Deuda,222.77,False,False,False,9700.00,2030-06-08,Activo,2025-01-08,2026-08-23,12
C000426__CREDITO_HIPOTECARIO,C000426,Crédito Hipotecario,Deuda,106780.89,False,False,False,,2027-09-04,Activo,2026-08-23,2026-08-23,1
C000426__TARJETA_CREDITO,C000426,Tarjeta de Crédito,Deuda,110.37,False,False,False,1800.00,2029-11-21,Activo,2025-01-19,2026-01-17,6
C000427__TARJETA_CREDITO,C000427,Tarjeta de Crédito,Deuda,1261.37,False,False,False,6000.00,2028-03-01,Activo,2025-01-02,2026-07-29,10
C000428__TARJETA_CREDITO,C000428,Tarjeta de Crédito,Deuda,589.82,False,False,False,1200.00,2028-01-01,Activo,2025-01-21,2026-07-18,13
C000429__CREDITO_VEHICULAR,C000429,Crédito Vehicular,Deuda,22368.27,False,False,False,,2030-08-11,Activo,2025-01-21,2025-10-24,2
C000429__CREDITO_CONSUMO,C000429,Crédito de Consumo,Deuda,2864.43,False,False,False,,2027-04-29,Activo,2026-01-04,2026-08-21,2
C000429__TARJETA_CREDITO,C000429,Tarjeta de Crédito,Deuda,1734.10,False,False,False,2500.00,2027-03-01,Activo,2025-01-28,2026-08-24,11
C000430__CREDITO_HIPOTECARIO,C000430,Crédito Hipotecario,Deuda,125207.06,False,False,False,,2030-12-26,Activo,2025-01-03,2025-12-19,3
C000430__CREDITO_VEHICULAR,C000430,Crédito Vehicular,Deuda,20105.35,False,False,False,,2028-11-20,Activo,2026-02-06,2026-03-25,2
C000430__TARJETA_CREDITO,C000430,Tarjeta de Crédito,Deuda,3337.74,False,False,True,8700.00,2029-07-30,Activo,2025-05-14,2026-05-24,13
C000431__CTA_CORRIENTE,C000431,Cuenta Corriente,Depósito,707.28,False,False,False,,,Activo,2025-06-03,2025-06-03,1
C000431__TARJETA_CREDITO,C000431,Tarjeta de Crédito,Deuda,1312.74,False,False,False,2800.00,2030-04-01,Activo,2025-01-09,2026-06-22,12
C000432__CREDITO_HIPOTECARIO,C000432,Crédito Hipotecario,Deuda,105438.15,False,False,False,,2028-02-24,Activo,2026-03-16,2026-03-16,1
C000432__CREDITO_VEHICULAR,C000432,Crédito Vehicular,Deuda,20917.53,False,False,False,,2027-09-07,Activo,2025-06-18,2026-04-23,2
C000432__TARJETA_CREDITO,C000432,Tarjeta de Crédito,Deuda,351.16,False,False,False,1200.00,2027-06-24,Activo,2025-01-04,2026-08-23,14
C000433__CREDITO_VEHICULAR,C000433,Crédito Vehicular,Deuda,21825.20,False,False,False,,2029-05-31,Activo,2025-03-13,2026-08-12,3
C000433__CTA_CORRIENTE,C000433,Cuenta Corriente,Depósito,1011.97,False,False,False,,,Activo,2026-06-14,2026-06-14,1
C000433__TARJETA_CREDITO,C000433,Tarjeta de Crédito,Deuda,727.42,False,False,False,1400.00,2029-04-17,Activo,2025-01-10,2026-03-02,11
C000434__CTA_CORRIENTE,C000434,Cuenta Corriente,Depósito,4875.16,False,False,False,,,Activo,2025-01-14,2026-03-08,3
C000434__TARJETA_CREDITO,C000434,Tarjeta de Crédito,Deuda,471.74,False,False,False,1900.00,2030-02-17,Activo,2025-01-11,2026-08-13,7
C000435__CREDITO_HIPOTECARIO,C000435,Crédito Hipotecario,Deuda,76434.00,False,False,False,,2029-05-10,Activo,2025-08-02,2025-12-15,2
C000435__TARJETA_CREDITO,C000435,Tarjeta de Crédito,Deuda,196.28,False,False,False,1000.00,2028-04-19,Activo,2025-03-04,2026-08-08,6
C000436__CTA_AHORROS,C000436,Cuenta de Ahorros,Depósito,2452.13,False,False,False,,,Activo,2025-03-31,2026-08-31,4
C000436__TARJETA_CREDITO,C000436,Tarjeta de Crédito,Deuda,464.21,False,False,False,1000.00,2027-08-04,Activo,2025-06-05,2026-05-26,4
C000437__CREDITO_HIPOTECARIO,C000437,Crédito Hipotecario,Deuda,81719.71,False,False,False,,2030-08-31,Activo,2025-08-17,2025-11-14,3
C000437__TARJETA_CREDITO,C000437,Tarjeta de Crédito,Deuda,99.38,False,False,False,3700.00,2027-04-29,Activo,2025-02-21,2026-05-25,9
C000438__CREDITO_VEHICULAR,C000438,Crédito Vehicular,Deuda,22115.90,False,False,False,,2027-02-22,Activo,2026-02-14,2026-08-29,3
C000438__CTA_CORRIENTE,C000438,Cuenta Corriente,Depósito,2661.90,False,False,False,,,Activo,2025-02-16,2025-12-28,3
C000438__TARJETA_CREDITO,C000438,Tarjeta de Crédito,Deuda,2723.15,False,False,False,7700.00,2029-05-24,Activo,2025-01-30,2026-06-17,6
C000439__CREDITO_CONSUMO,C000439,Crédito de Consumo,Deuda,2023.01,False,False,False,,2027-11-18,Activo,2026-03-12,2026-03-12,1
C000439__TARJETA_CREDITO,C000439,Tarjeta de Crédito,Deuda,304.12,False,False,False,1500.00,2028-09-04,Activo,2025-02-07,2026-08-30,14
C000440__CREDITO_HIPOTECARIO,C000440,Crédito Hipotecario,Deuda,82091.75,False,False,False,,2031-01-13,Activo,2025-03-22,2026-04-25,3
C000440__CTA_CORRIENTE,C000440,Cuenta Corriente,Depósito,3031.66,False,False,False,,,Activo,2025-02-27,2025-12-02,4
C000440__TARJETA_CREDITO,C000440,Tarjeta de Crédito,Deuda,470.86,False,False,False,1500.00,2026-12-14,Activo,2025-01-13,2026-07-12,8
C000441__CREDITO_CONSUMO,C000441,Crédito de Consumo,Deuda,5836.40,False,False,False,,2028-02-11,Activo,2025-05-05,2025-09-12,2
C000442__CREDITO_HIPOTECARIO,C000442,Crédito Hipotecario,Deuda,93171.24,False,False,False,,2027-08-18,Activo,2025-03-13,2025-04-06,2
C000442__CTA_CORRIENTE,C000442,Cuenta Corriente,Depósito,1091.08,False,False,False,,,Activo,2026-07-30,2026-07-30,1
C000442__CTA_AHORROS,C000442,Cuenta de Ahorros,Depósito,1360.97,False,False,False,,,Activo,2025-05-27,2026-07-20,4
C000443__CREDITO_VEHICULAR,C000443,Crédito Vehicular,Deuda,20238.40,False,False,False,,2030-03-22,Activo,2026-01-05,2026-04-07,2
C000444__CREDITO_VEHICULAR,C000444,Crédito Vehicular,Deuda,25116.30,False,False,False,,2028-12-19,Activo,2025-09-26,2025-09-26,1
C000444__CTA_CORRIENTE,C000444,Cuenta Corriente,Depósito,74.62,False,False,False,,,Activo,2025-06-06,2026-04-29,3
C000444__TARJETA_CREDITO,C000444,Tarjeta de Crédito,Deuda,1902.18,False,False,False,2800.00,2029-04-04,Activo,2025-01-28,2026-07-01,8
C000445__CREDITO_HIPOTECARIO,C000445,Crédito Hipotecario,Deuda,76061.93,False,False,False,,2027-01-12,Activo,2026-04-12,2026-04-12,1
C000445__CREDITO_VEHICULAR,C000445,Crédito Vehicular,Deuda,16054.42,False,False,False,,2032-06-14,Activo,2025-01-13,2026-06-14,2
C000445__TARJETA_CREDITO,C000445,Tarjeta de Crédito,Deuda,901.33,False,False,False,1300.00,2027-02-10,Activo,2025-01-28,2026-08-11,11
C000446__CTA_CORRIENTE,C000446,Cuenta Corriente,Depósito,-100.00,False,True,False,,,Activo,2025-09-07,2026-06-23,3
C000447__CREDITO_HIPOTECARIO,C000447,Crédito Hipotecario,Deuda,107539.42,False,False,False,,2028-06-10,Activo,2025-02-26,2025-11-26,2
C000447__CTA_CORRIENTE,C000447,Cuenta Corriente,Depósito,247.20,False,False,False,,,Activo,2025-02-04,2026-02-04,4
C000447__TARJETA_CREDITO,C000447,Tarjeta de Crédito,Deuda,235.86,False,False,False,1100.00,2027-05-16,Activo,2025-12-02,2026-07-02,5
C000448__CREDITO_HIPOTECARIO,C000448,Crédito Hipotecario,Deuda,74703.63,False,False,False,,2030-05-31,Activo,2025-03-17,2026-08-23,2
C000448__TARJETA_CREDITO,C000448,Tarjeta de Crédito,Deuda,4896.39,False,False,True,10800.00,2030-03-15,Activo,2025-02-22,2026-07-29,14
C000449__CREDITO_HIPOTECARIO,C000449,Crédito Hipotecario,Deuda,70761.13,False,False,False,,2032-02-15,Activo,2025-08-10,2026-06-25,3
C000449__CTA_CORRIENTE,C000449,Cuenta Corriente,Depósito,1145.43,False,False,False,,,Activo,2025-09-12,2026-06-17,3
C000449__TARJETA_CREDITO,C000449,Tarjeta de Crédito,Deuda,1022.39,False,False,False,2500.00,2029-02-22,Activo,2025-02-23,2026-08-08,12
C000450__CTA_AHORROS,C000450,Cuenta de Ahorros,Depósito,258.83,False,False,False,,,Activo,2025-02-02,2026-06-05,2
C000451__CTA_CORRIENTE,C000451,Cuenta Corriente,Depósito,-100.00,False,True,False,,,Activo,2025-03-27,2026-03-28,2
C000451__CTA_AHORROS,C000451,Cuenta de Ahorros,Depósito,6414.63,False,False,False,,,Activo,2025-06-02,2026-04-29,4
C000451__TARJETA_CREDITO,C000451,Tarjeta de Crédito,Deuda,781.60,False,False,False,2700.00,2028-05-12,Activo,2025-05-12,2026-07-12,6
C000452__CREDITO_CONSUMO,C000452,Crédito de Consumo,Deuda,3407.65,False,False,False,,2031-08-16,Activo,2025-04-25,2026-07-28,3
C000452__TARJETA_CREDITO,C000452,Tarjeta de Crédito,Deuda,1231.82,False,False,False,2900.00,2027-12-12,Activo,2025-09-18,2026-07-14,5
C000453__CTA_AHORROS,C000453,Cuenta de Ahorros,Depósito,1032.51,False,False,False,,,Activo,2025-06-16,2026-08-10,4
C000454__CREDITO_VEHICULAR,C000454,Crédito Vehicular,Deuda,14821.81,False,False,False,,2031-09-27,Activo,2025-10-05,2025-11-10,3
C000454__CTA_CORRIENTE,C000454,Cuenta Corriente,Depósito,-100.00,False,True,False,,,Activo,2025-04-20,2026-01-08,2
C000455__CREDITO_HIPOTECARIO,C000455,Crédito Hipotecario,Deuda,148791.51,False,False,True,,2032-06-09,Activo,2026-08-31,2026-08-31,1
C000455__CREDITO_CONSUMO,C000455,Crédito de Consumo,Deuda,3838.16,False,False,False,,2029-11-05,Activo,2025-09-01,2026-08-25,3
C000455__CTA_CORRIENTE,C000455,Cuenta Corriente,Depósito,1418.49,False,False,False,,,Activo,2025-05-15,2025-12-03,3
C000455__TARJETA_CREDITO,C000455,Tarjeta de Crédito,Deuda,177.82,False,False,False,1200.00,2030-05-31,Activo,2025-03-14,2026-06-19,9
C000456__CREDITO_HIPOTECARIO,C000456,Crédito Hipotecario,Deuda,52162.47,False,False,False,,2027-04-18,Activo,2025-08-05,2025-08-05,1
C000456__TARJETA_CREDITO,C000456,Tarjeta de Crédito,Deuda,287.99,False,False,False,3000.00,2028-09-07,Activo,2025-01-09,2026-08-20,6
C000457__CREDITO_CONSUMO,C000457,Crédito de Consumo,Deuda,2211.88,False,False,False,,2029-12-10,Activo,2025-08-26,2026-08-05,3
C000457__TARJETA_CREDITO,C000457,Tarjeta de Crédito,Deuda,0.00,False,False,False,900.00,2028-02-28,Activo,2025-08-04,2026-06-03,7
C000458__CREDITO_HIPOTECARIO,C000458,Crédito Hipotecario,Deuda,110006.25,False,False,False,,2032-06-11,Activo,2025-06-10,2025-08-12,3
C000458__TARJETA_CREDITO,C000458,Tarjeta de Crédito,Deuda,2311.55,False,False,False,7700.00,2027-10-08,Activo,2025-01-15,2026-08-19,10
C000459__TARJETA_CREDITO,C000459,Tarjeta de Crédito,Deuda,271.07,False,False,False,1800.00,2028-02-23,Activo,2025-02-06,2026-08-03,9
C000460__CREDITO_CONSUMO,C000460,Crédito de Consumo,Deuda,21670.26,False,False,False,,2027-07-30,Activo,2025-03-16,2025-08-25,3
C000460__CTA_AHORROS,C000460,Cuenta de Ahorros,Depósito,5617.30,False,False,False,,,Activo,2026-01-27,2026-01-27,1
C000460__TARJETA_CREDITO,C000460,Tarjeta de Crédito,Deuda,3754.26,False,False,True,5900.00,2030-02-15,Activo,2025-01-27,2026-04-20,6
C000461__CREDITO_VEHICULAR,C000461,Crédito Vehicular,Deuda,17559.41,False,False,False,,2031-07-14,Activo,2025-09-21,2026-03-27,2
C000461__TARJETA_CREDITO,C000461,Tarjeta de Crédito,Deuda,1230.21,False,False,False,4200.00,2027-09-13,Activo,2025-01-11,2026-07-15,9
C000462__CREDITO_HIPOTECARIO,C000462,Crédito Hipotecario,Deuda,67401.60,False,False,False,,2030-10-23,Activo,2025-06-30,2025-06-30,1
C000462__CTA_CORRIENTE,C000462,Cuenta Corriente,Depósito,1470.35,False,False,False,,,Activo,2026-05-24,2026-05-24,1
C000462__TARJETA_CREDITO,C000462,Tarjeta de Crédito,Deuda,498.93,False,False,False,1300.00,2030-07-21,Activo,2025-03-10,2026-07-24,8
C000463__CTA_CORRIENTE,C000463,Cuenta Corriente,Depósito,4981.82,False,False,False,,,Activo,2026-04-27,2026-04-30,2
C000463__CTA_AHORROS,C000463,Cuenta de Ahorros,Depósito,-100.00,False,True,False,,,Activo,2025-08-24,2026-04-08,3
C000463__TARJETA_CREDITO,C000463,Tarjeta de Crédito,Deuda,769.66,False,False,False,1900.00,2027-08-24,Activo,2025-06-04,2026-08-11,9
C000464__CTA_CORRIENTE,C000464,Cuenta Corriente,Depósito,11283.97,False,False,False,,,Activo,2025-02-28,2026-08-29,4
C000464__TARJETA_CREDITO,C000464,Tarjeta de Crédito,Deuda,5808.18,False,False,True,10500.00,2029-01-03,Activo,2025-03-07,2026-07-14,14
C000465__TARJETA_CREDITO,C000465,Tarjeta de Crédito,Deuda,1066.99,False,False,False,2500.00,2029-12-19,Activo,2025-01-28,2026-06-15,7
C000466__CREDITO_CONSUMO,C000466,Crédito de Consumo,Deuda,5963.83,False,False,False,,2032-04-07,Activo,2026-07-04,2026-07-04,1
C000467__CREDITO_HIPOTECARIO,C000467,Crédito Hipotecario,Deuda,52217.55,False,False,False,,2030-08-21,Activo,2025-12-29,2026-06-07,3
C000467__CTA_CORRIENTE,C000467,Cuenta Corriente,Depósito,1410.23,False,False,False,,,Activo,2026-02-09,2026-02-09,1
C000467__CTA_AHORROS,C000467,Cuenta de Ahorros,Depósito,5208.36,False,False,False,,,Activo,2026-07-07,2026-07-25,2
C000467__TARJETA_CREDITO,C000467,Tarjeta de Crédito,Deuda,5501.22,False,False,True,7800.00,2028-05-15,Activo,2025-02-12,2026-06-30,5
C000468__CREDITO_HIPOTECARIO,C000468,Crédito Hipotecario,Deuda,61562.80,False,False,False,,2028-08-17,Activo,2025-06-13,2025-06-13,1
C000469__CREDITO_VEHICULAR,C000469,Crédito Vehicular,Deuda,22568.18,False,False,False,,2030-07-16,Activo,2026-04-28,2026-04-28,1
C000470__CTA_AHORROS,C000470,Cuenta de Ahorros,Depósito,2702.54,False,False,False,,,Activo,2026-02-21,2026-02-21,1
C000471__CREDITO_CONSUMO,C000471,Crédito de Consumo,Deuda,16426.03,False,False,False,,2028-03-12,Activo,2025-02-07,2026-05-27,2
C000471__TARJETA_CREDITO,C000471,Tarjeta de Crédito,Deuda,964.85,False,False,False,4200.00,2029-12-25,Activo,2025-03-14,2026-08-21,11
C000472__CREDITO_VEHICULAR,C000472,Crédito Vehicular,Deuda,21654.20,False,False,False,,2030-09-27,Activo,2025-11-25,2026-07-17,2
C000472__TARJETA_CREDITO,C000472,Tarjeta de Crédito,Deuda,2190.98,False,False,False,7100.00,2028-03-31,Activo,2025-03-29,2026-08-13,4
C000473__CTA_CORRIENTE,C000473,Cuenta Corriente,Depósito,5495.90,False,False,False,,,Activo,2025-05-13,2025-05-13,1
C000473__TARJETA_CREDITO,C000473,Tarjeta de Crédito,Deuda,1909.37,False,False,False,3800.00,2027-02-08,Activo,2025-03-18,2026-08-19,9
C000474__CREDITO_VEHICULAR,C000474,Crédito Vehicular,Deuda,12906.73,False,False,False,,2027-05-21,Activo,2026-01-07,2026-01-07,1
C000475__CREDITO_VEHICULAR,C000475,Crédito Vehicular,Deuda,13452.49,False,False,False,,2028-09-21,Activo,2025-02-09,2025-06-18,3
C000475__CTA_CORRIENTE,C000475,Cuenta Corriente,Depósito,2927.69,False,False,False,,,Activo,2026-08-13,2026-08-13,1
C000475__TARJETA_CREDITO,C000475,Tarjeta de Crédito,Deuda,724.69,False,False,False,2700.00,2026-11-10,Activo,2025-03-31,2026-05-05,8
C000476__CREDITO_VEHICULAR,C000476,Crédito Vehicular,Deuda,16087.54,False,False,False,,2028-11-10,Activo,2026-08-10,2026-08-10,1
C000476__CREDITO_CONSUMO,C000476,Crédito de Consumo,Deuda,5910.37,False,False,False,,2027-02-25,Activo,2025-06-07,2026-02-06,3
C000477__CTA_AHORROS,C000477,Cuenta de Ahorros,Depósito,13843.31,False,False,True,,,Activo,2026-05-11,2026-05-11,1
C000477__TARJETA_CREDITO,C000477,Tarjeta de Crédito,Deuda,3199.23,False,False,False,8400.00,2029-11-12,Activo,2025-01-31,2026-05-20,5
C000478__CTA_CORRIENTE,C000478,Cuenta Corriente,Depósito,4408.76,False,False,False,,,Activo,2025-04-06,2025-04-06,1
C000479__CTA_CORRIENTE,C000479,Cuenta Corriente,Depósito,1556.03,False,False,False,,,Activo,2025-09-09,2026-02-11,3
C000479__CTA_AHORROS,C000479,Cuenta de Ahorros,Depósito,827.68,False,False,False,,,Activo,2025-03-03,2026-04-18,2
C000480__CREDITO_HIPOTECARIO,C000480,Crédito Hipotecario,Deuda,58768.49,False,False,False,,2028-10-17,Activo,2025-11-02,2025-11-02,1
C000480__CTA_AHORROS,C000480,Cuenta de Ahorros,Depósito,1696.80,False,False,False,,,Activo,2025-10-08,2025-10-08,1
C000480__TARJETA_CREDITO,C000480,Tarjeta de Crédito,Deuda,140.77,False,False,False,500.00,2028-12-25,Activo,2025-05-25,2026-08-13,9
C000481__CTA_AHORROS,C000481,Cuenta de Ahorros,Depósito,-100.00,False,True,False,,,Activo,2026-04-14,2026-04-14,1
C000481__TARJETA_CREDITO,C000481,Tarjeta de Crédito,Deuda,869.59,False,False,False,6900.00,2026-12-01,Activo,2025-09-24,2026-02-14,5
C000482__CREDITO_CONSUMO,C000482,Crédito de Consumo,Deuda,18485.60,False,False,False,,2028-12-21,Activo,2025-10-07,2025-11-19,2
C000482__CTA_CORRIENTE,C000482,Cuenta Corriente,Depósito,2625.40,False,False,False,,,Activo,2025-10-01,2026-05-27,2
C000482__TARJETA_CREDITO,C000482,Tarjeta de Crédito,Deuda,117.98,False,False,False,2100.00,2029-01-31,Activo,2025-01-10,2026-08-25,4
C000483__CREDITO_CONSUMO,C000483,Crédito de Consumo,Deuda,12011.57,False,False,False,,2027-09-14,Activo,2025-04-27,2026-01-05,2
C000483__CTA_CORRIENTE,C000483,Cuenta Corriente,Depósito,16373.23,False,False,True,,,Activo,2025-02-04,2026-05-14,4
C000483__CTA_AHORROS,C000483,Cuenta de Ahorros,Depósito,200.36,False,False,False,,,Activo,2025-01-20,2026-07-30,4
C000483__TARJETA_CREDITO,C000483,Tarjeta de Crédito,Deuda,0.00,False,False,False,7000.00,2030-09-08,Activo,2025-03-10,2026-05-03,5
C000484__CREDITO_HIPOTECARIO,C000484,Crédito Hipotecario,Deuda,53076.34,False,False,False,,2027-08-03,Activo,2025-09-03,2026-08-03,3
C000484__CREDITO_VEHICULAR,C000484,Crédito Vehicular,Deuda,9643.99,False,False,False,,2032-07-07,Activo,2025-02-17,2026-05-14,3
C000484__CTA_CORRIENTE,C000484,Cuenta Corriente,Depósito,-100.00,False,True,False,,,Activo,2025-10-18,2025-12-12,2
C000484__TARJETA_CREDITO,C000484,Tarjeta de Crédito,Deuda,2392.47,False,False,False,11600.00,2027-09-06,Activo,2025-02-27,2026-07-28,14
C000485__CREDITO_VEHICULAR,C000485,Crédito Vehicular,Deuda,16935.50,False,False,False,,2031-07-29,Activo,2025-07-28,2025-08-09,2
C000485__CREDITO_CONSUMO,C000485,Crédito de Consumo,Deuda,4664.38,False,False,False,,2030-10-18,Activo,2025-03-06,2026-02-17,2
C000486__CREDITO_HIPOTECARIO,C000486,Crédito Hipotecario,Deuda,68018.84,False,False,False,,2032-05-28,Activo,2025-06-08,2026-03-22,2
C000486__CREDITO_CONSUMO,C000486,Crédito de Consumo,Deuda,25867.29,False,False,False,,2027-02-27,Activo,2025-02-05,2026-06-12,2
C000486__CTA_AHORROS,C000486,Cuenta de Ahorros,Depósito,14466.33,False,False,True,,,Activo,2026-03-03,2026-06-25,4
C000487__CREDITO_HIPOTECARIO,C000487,Crédito Hipotecario,Deuda,96487.21,False,False,False,,2031-03-06,Activo,2026-03-29,2026-04-28,2
C000487__TARJETA_CREDITO,C000487,Tarjeta de Crédito,Deuda,613.99,False,False,False,1100.00,2027-08-10,Activo,2025-01-04,2026-02-22,12
C000488__CREDITO_VEHICULAR,C000488,Crédito Vehicular,Deuda,29198.16,False,False,False,,2032-01-14,Activo,2025-02-24,2026-08-22,3
C000488__TARJETA_CREDITO,C000488,Tarjeta de Crédito,Deuda,738.49,False,False,False,1800.00,2027-11-08,Activo,2025-01-12,2026-08-09,11
C000489__CREDITO_HIPOTECARIO,C000489,Crédito Hipotecario,Deuda,121054.48,False,False,False,,2029-02-12,Activo,2026-01-17,2026-01-17,1
C000489__CREDITO_VEHICULAR,C000489,Crédito Vehicular,Deuda,22306.01,False,False,False,,2030-12-11,Activo,2025-01-31,2026-03-07,3
C000490__CREDITO_CONSUMO,C000490,Crédito de Consumo,Deuda,5805.23,False,False,False,,2030-10-07,Activo,2025-01-01,2025-12-09,3
C000490__CTA_AHORROS,C000490,Cuenta de Ahorros,Depósito,2941.92,False,False,False,,,Activo,2025-11-01,2026-08-14,4
C000491__CTA_CORRIENTE,C000491,Cuenta Corriente,Depósito,3593.36,False,False,False,,,Activo,2026-03-01,2026-03-01,1
C000491__TARJETA_CREDITO,C000491,Tarjeta de Crédito,Deuda,1357.86,False,False,False,3300.00,2027-12-26,Activo,2025-01-24,2026-07-31,13
C000492__TARJETA_CREDITO,C000492,Tarjeta de Crédito,Deuda,599.67,False,False,False,2100.00,2029-12-05,Activo,2025-03-31,2026-07-07,8
C000493__CREDITO_VEHICULAR,C000493,Crédito Vehicular,Deuda,19363.59,False,False,False,,2027-11-23,Activo,2025-03-07,2025-12-31,3
C000493__CREDITO_CONSUMO,C000493,Crédito de Consumo,Deuda,12682.32,False,False,False,,2027-04-03,Activo,2025-12-05,2025-12-05,1
C000493__TARJETA_CREDITO,C000493,Tarjeta de Crédito,Deuda,414.82,False,False,False,1500.00,2028-05-21,Activo,2025-01-01,2026-08-20,13
C000494__CREDITO_HIPOTECARIO,C000494,Crédito Hipotecario,Deuda,78982.19,False,False,False,,2030-03-28,Activo,2025-06-01,2026-07-26,3
C000494__CREDITO_CONSUMO,C000494,Crédito de Consumo,Deuda,11028.60,False,False,False,,2030-11-06,Activo,2026-05-18,2026-05-18,1
C000494__TARJETA_CREDITO,C000494,Tarjeta de Crédito,Deuda,1416.88,False,False,False,5400.00,2030-01-08,Activo,2025-03-25,2026-02-14,7
C000495__CREDITO_HIPOTECARIO,C000495,Crédito Hipotecario,Deuda,24033.77,False,False,False,,2027-06-01,Activo,2025-06-04,2025-10-19,2
C000495__CREDITO_VEHICULAR,C000495,Crédito Vehicular,Deuda,11194.25,False,False,False,,2030-07-28,Activo,2025-04-18,2026-06-02,3
C000496__TARJETA_CREDITO,C000496,Tarjeta de Crédito,Deuda,232.53,False,False,False,1700.00,2026-12-25,Activo,2025-02-13,2026-05-29,7
C000497__CREDITO_HIPOTECARIO,C000497,Crédito Hipotecario,Deuda,71716.93,False,False,False,,2030-01-02,Activo,2025-07-03,2026-03-30,3
C000497__CREDITO_VEHICULAR,C000497,Crédito Vehicular,Deuda,21891.10,False,False,False,,2029-12-22,Activo,2025-03-29,2026-02-20,2
C000498__CREDITO_CONSUMO,C000498,Crédito de Consumo,Deuda,9801.99,False,False,False,,2031-10-01,Activo,2025-03-28,2026-02-04,2
C000498__CTA_AHORROS,C000498,Cuenta de Ahorros,Depósito,4097.46,False,False,False,,,Activo,2025-05-18,2026-08-20,3
C000499__CREDITO_HIPOTECARIO,C000499,Crédito Hipotecario,Deuda,84541.25,False,False,False,,2028-07-09,Activo,2026-01-08,2026-01-08,1
C000499__CREDITO_VEHICULAR,C000499,Crédito Vehicular,Deuda,22252.93,False,False,False,,2028-02-24,Activo,2026-01-14,2026-05-25,2
C000499__CREDITO_CONSUMO,C000499,Crédito de Consumo,Deuda,15460.62,False,False,False,,2032-04-28,Activo,2025-07-31,2025-07-31,1
C000499__CTA_CORRIENTE,C000499,Cuenta Corriente,Depósito,14990.80,False,False,True,,,Activo,2025-07-03,2026-02-04,3
C000500__CTA_AHORROS,C000500,Cuenta de Ahorros,Depósito,6409.33,False,False,False,,,Activo,2025-12-14,2025-12-14,1
C000500__TARJETA_CREDITO,C000500,Tarjeta de Crédito,Deuda,772.24,False,False,False,1200.00,2028-09-22,Activo,2025-03-18,2025-12-05,7
C000501__CTA_CORRIENTE,C000501,Cuenta Corriente,Depósito,12192.37,False,False,False,,,Activo,2026-05-30,2026-05-30,1
C000501__CTA_AHORROS,C000501,Cuenta de Ahorros,Depósito,17561.68,False,False,True,,,Activo,2025-06-04,2026-06-16,4
C000501__TARJETA_CREDITO,C000501,Tarjeta de Crédito,Deuda,5539.68,False,False,True,16500.00,2029-02-23,Activo,2025-05-12,2026-06-24,7
C000502__CTA_CORRIENTE,C000502,Cuenta Corriente,Depósito,1659.33,False,False,False,,,Activo,2025-02-05,2025-10-30,4
C000502__CTA_AHORROS,C000502,Cuenta de Ahorros,Depósito,2307.43,False,False,False,,,Activo,2025-07-14,2026-02-04,4
C000502__TARJETA_CREDITO,C000502,Tarjeta de Crédito,Deuda,36.28,False,False,False,1800.00,2027-12-10,Activo,2025-05-05,2026-05-06,4
C000503__CREDITO_VEHICULAR,C000503,Crédito Vehicular,Deuda,23760.84,False,False,False,,2030-09-27,Activo,2025-04-05,2026-06-28,3
C000503__TARJETA_CREDITO,C000503,Tarjeta de Crédito,Deuda,0.00,False,False,False,6100.00,2027-06-10,Activo,2025-11-16,2026-08-21,5
C000504__CREDITO_CONSUMO,C000504,Crédito de Consumo,Deuda,7169.71,False,False,False,,2031-04-05,Activo,2025-01-04,2025-01-04,1
C000504__TARJETA_CREDITO,C000504,Tarjeta de Crédito,Deuda,423.51,False,False,False,1300.00,2030-09-23,Activo,2025-06-15,2026-05-08,6
C000505__CTA_CORRIENTE,C000505,Cuenta Corriente,Depósito,8242.08,False,False,False,,,Activo,2025-02-03,2025-02-03,1
C000505__TARJETA_CREDITO,C000505,Tarjeta de Crédito,Deuda,1054.39,False,False,False,6300.00,2028-04-05,Activo,2025-03-15,2026-08-14,13
C000506__TARJETA_CREDITO,C000506,Tarjeta de Crédito,Deuda,623.49,False,False,False,700.00,2030-02-03,Activo,2025-03-31,2026-08-10,4
C000507__CREDITO_CONSUMO,C000507,Crédito de Consumo,Deuda,5193.03,False,False,False,,2031-02-01,Activo,2025-06-12,2026-08-03,3
C000507__TARJETA_CREDITO,C000507,Tarjeta de Crédito,Deuda,1844.96,False,False,False,3700.00,2030-06-08,Activo,2025-02-06,2026-08-29,14
C000508__CREDITO_HIPOTECARIO,C000508,Crédito Hipotecario,Deuda,69615.17,False,False,False,,2031-03-03,Activo,2025-02-08,2025-05-20,2
C000508__TARJETA_CREDITO,C000508,Tarjeta de Crédito,Deuda,1407.41,False,False,False,2000.00,2028-08-31,Activo,2025-02-13,2026-08-19,8
C000509__CTA_AHORROS,C000509,Cuenta de Ahorros,Depósito,1647.53,False,False,False,,,Activo,2025-02-24,2025-02-24,1
C000510__CREDITO_VEHICULAR,C000510,Crédito Vehicular,Deuda,15692.97,False,False,False,,2031-12-04,Activo,2025-07-27,2026-08-03,2
C000510__TARJETA_CREDITO,C000510,Tarjeta de Crédito,Deuda,1456.45,False,False,False,2600.00,2026-10-30,Activo,2025-03-31,2026-07-09,10
C000511__CREDITO_CONSUMO,C000511,Crédito de Consumo,Deuda,2983.38,False,False,False,,2030-02-16,Activo,2026-06-09,2026-06-28,2
C000511__TARJETA_CREDITO,C000511,Tarjeta de Crédito,Deuda,799.21,False,False,False,2200.00,2028-09-04,Activo,2025-01-08,2026-06-11,11
C000512__TARJETA_CREDITO,C000512,Tarjeta de Crédito,Deuda,2950.97,False,False,False,6600.00,2029-04-21,Activo,2025-02-03,2026-06-29,7
C000513__CREDITO_VEHICULAR,C000513,Crédito Vehicular,Deuda,17487.29,False,False,False,,2030-09-24,Activo,2026-06-01,2026-06-01,1
C000513__CTA_CORRIENTE,C000513,Cuenta Corriente,Depósito,6687.51,False,False,False,,,Activo,2026-01-09,2026-06-23,3
C000513__TARJETA_CREDITO,C000513,Tarjeta de Crédito,Deuda,1379.17,False,False,False,2500.00,2028-01-28,Activo,2025-12-03,2026-08-23,4
C000514__CREDITO_CONSUMO,C000514,Crédito de Consumo,Deuda,2727.99,False,False,False,,2029-02-08,Activo,2025-03-21,2025-12-07,2
C000514__TARJETA_CREDITO,C000514,Tarjeta de Crédito,Deuda,837.43,False,False,False,1400.00,2030-09-12,Activo,2025-01-18,2026-08-24,6
C000515__CREDITO_HIPOTECARIO,C000515,Crédito Hipotecario,Deuda,64766.60,False,False,False,,2030-06-13,Activo,2025-01-31,2026-08-24,2
C000515__CREDITO_CONSUMO,C000515,Crédito de Consumo,Deuda,3450.36,False,False,False,,2029-09-14,Activo,2025-01-22,2025-06-06,3
C000515__TARJETA_CREDITO,C000515,Tarjeta de Crédito,Deuda,120.58,False,False,False,1000.00,2028-12-07,Activo,2025-01-08,2026-04-28,9
C000516__CREDITO_VEHICULAR,C000516,Crédito Vehicular,Deuda,20655.34,False,False,False,,2029-01-16,Activo,2025-02-14,2025-02-14,1
C000516__CTA_AHORROS,C000516,Cuenta de Ahorros,Depósito,2436.62,False,False,False,,,Activo,2025-01-26,2026-07-20,3
C000516__TARJETA_CREDITO,C000516,Tarjeta de Crédito,Deuda,450.19,False,False,False,1200.00,2026-11-22,Activo,2025-03-06,2026-04-06,13
C000517__CTA_CORRIENTE,C000517,Cuenta Corriente,Depósito,564.27,False,False,False,,,Activo,2025-01-11,2026-08-21,3
C000517__TARJETA_CREDITO,C000517,Tarjeta de Crédito,Deuda,997.93,False,False,False,1500.00,2028-03-18,Activo,2025-02-24,2026-05-19,13
C000518__CTA_CORRIENTE,C000518,Cuenta Corriente,Depósito,2065.55,False,False,False,,,Activo,2025-04-13,2026-03-30,4
C000518__CTA_AHORROS,C000518,Cuenta de Ahorros,Depósito,2507.28,False,False,False,,,Activo,2026-08-09,2026-08-09,1
C000518__TARJETA_CREDITO,C000518,Tarjeta de Crédito,Deuda,258.53,False,False,False,700.00,2028-08-12,Activo,2025-03-25,2026-06-02,10
C000519__CTA_AHORROS,C000519,Cuenta de Ahorros,Depósito,1493.56,False,False,False,,,Activo,2025-02-25,2026-04-30,4
C000519__TARJETA_CREDITO,C000519,Tarjeta de Crédito,Deuda,795.37,False,False,False,1200.00,2027-06-29,Activo,2025-02-14,2026-04-16,5
C000520__CREDITO_CONSUMO,C000520,Crédito de Consumo,Deuda,5562.51,False,False,False,,2031-05-16,Activo,2025-12-05,2026-08-11,3
C000520__TARJETA_CREDITO,C000520,Tarjeta de Crédito,Deuda,830.84,False,False,False,2400.00,2027-09-15,Activo,2025-07-04,2026-08-20,5
C000521__CREDITO_HIPOTECARIO,C000521,Crédito Hipotecario,Deuda,95811.87,False,False,False,,2031-06-03,Activo,2025-09-01,2025-09-01,1
C000521__CREDITO_VEHICULAR,C000521,Crédito Vehicular,Deuda,25010.42,False,False,False,,2028-11-18,Activo,2025-09-11,2026-02-05,2
C000521__CTA_AHORROS,C000521,Cuenta de Ahorros,Depósito,-100.00,False,True,False,,,Activo,2025-02-24,2026-07-08,3
C000522__CTA_CORRIENTE,C000522,Cuenta Corriente,Depósito,5428.28,False,False,False,,,Activo,2025-06-23,2026-03-28,3
C000522__CTA_AHORROS,C000522,Cuenta de Ahorros,Depósito,2116.38,False,False,False,,,Activo,2025-08-06,2026-08-02,2
C000523__TARJETA_CREDITO,C000523,Tarjeta de Crédito,Deuda,290.94,False,False,False,1700.00,2028-01-13,Activo,2025-01-04,2026-08-27,13
C000524__CREDITO_VEHICULAR,C000524,Crédito Vehicular,Deuda,18406.73,False,False,False,,2032-08-15,Activo,2026-04-22,2026-05-23,2
C000524__CTA_AHORROS,C000524,Cuenta de Ahorros,Depósito,5883.94,False,False,False,,,Activo,2025-04-13,2026-06-03,4
C000524__TARJETA_CREDITO,C000524,Tarjeta de Crédito,Deuda,1539.87,False,False,False,3200.00,2030-01-26,Activo,2025-06-21,2026-08-16,10
C000525__CREDITO_CONSUMO,C000525,Crédito de Consumo,Deuda,6815.56,False,False,False,,2027-09-30,Activo,2026-01-14,2026-08-13,3
C000525__TARJETA_CREDITO,C000525,Tarjeta de Crédito,Deuda,202.78,False,False,False,900.00,2029-10-26,Activo,2025-03-22,2026-07-25,11
C000526__CREDITO_HIPOTECARIO,C000526,Crédito Hipotecario,Deuda,67437.90,False,False,False,,2030-09-13,Activo,2025-07-10,2025-09-20,2
C000526__CTA_CORRIENTE,C000526,Cuenta Corriente,Depósito,380.05,False,False,False,,,Activo,2026-02-21,2026-02-21,1
C000526__TARJETA_CREDITO,C000526,Tarjeta de Crédito,Deuda,704.27,False,False,False,1500.00,2029-08-17,Activo,2025-03-11,2026-08-24,12
C000527__CREDITO_CONSUMO,C000527,Crédito de Consumo,Deuda,1023.82,False,False,False,,2030-10-04,Activo,2026-02-05,2026-02-05,1
C000527__CTA_AHORROS,C000527,Cuenta de Ahorros,Depósito,1785.34,False,False,False,,,Activo,2025-02-22,2025-02-22,1
C000527__TARJETA_CREDITO,C000527,Tarjeta de Crédito,Deuda,216.45,False,False,False,700.00,2027-03-09,Activo,2025-01-01,2026-03-18,6
C000528__CREDITO_HIPOTECARIO,C000528,Crédito Hipotecario,Deuda,115943.64,False,False,False,,2030-04-06,Activo,2025-06-03,2025-06-03,1
C000528__CTA_CORRIENTE,C000528,Cuenta Corriente,Depósito,8134.50,False,False,False,,,Activo,2025-10-17,2025-10-17,1
C000528__TARJETA_CREDITO,C000528,Tarjeta de Crédito,Deuda,0.00,False,False,False,5100.00,2030-02-11,Activo,2025-03-17,2026-06-10,8
C000529__CTA_CORRIENTE,C000529,Cuenta Corriente,Depósito,6238.34,False,False,False,,,Activo,2025-09-14,2025-10-24,2
C000529__CTA_AHORROS,C000529,Cuenta de Ahorros,Depósito,452.22,False,False,False,,,Activo,2025-05-09,2025-05-09,1
C000529__TARJETA_CREDITO,C000529,Tarjeta de Crédito,Deuda,1167.17,False,False,False,3700.00,2027-09-07,Activo,2025-01-21,2026-07-03,10
C000530__CREDITO_HIPOTECARIO,C000530,Crédito Hipotecario,Deuda,38147.46,False,False,False,,2032-07-14,Activo,2026-05-05,2026-05-05,1
C000530__CTA_CORRIENTE,C000530,Cuenta Corriente,Depósito,4128.13,False,False,False,,,Activo,2025-10-08,2025-10-08,1
C000531__CREDITO_HIPOTECARIO,C000531,Crédito Hipotecario,Deuda,63849.91,False,False,False,,2030-08-18,Activo,2026-04-26,2026-04-26,1
C000531__CTA_AHORROS,C000531,Cuenta de Ahorros,Depósito,525.55,False,False,False,,,Activo,2025-03-24,2025-11-23,2
C000532__CREDITO_CONSUMO,C000532,Crédito de Consumo,Deuda,1952.89,False,False,False,,2031-05-26,Activo,2025-03-14,2025-03-14,1
C000532__CTA_CORRIENTE,C000532,Cuenta Corriente,Depósito,1984.49,False,False,False,,,Activo,2025-11-30,2025-11-30,1
C000533__CREDITO_HIPOTECARIO,C000533,Crédito Hipotecario,Deuda,63268.84,False,False,False,,2028-12-22,Activo,2025-06-26,2026-07-13,3
C000533__CREDITO_VEHICULAR,C000533,Crédito Vehicular,Deuda,10841.66,False,False,False,,2028-11-12,Activo,2025-02-05,2025-04-09,3
C000533__TARJETA_CREDITO,C000533,Tarjeta de Crédito,Deuda,323.19,False,False,False,1100.00,2030-08-27,Activo,2025-01-27,2026-05-30,5
C000534__CREDITO_HIPOTECARIO,C000534,Crédito Hipotecario,Deuda,68969.72,False,False,False,,2028-02-04,Activo,2025-06-15,2025-06-15,1
C000534__CREDITO_CONSUMO,C000534,Crédito de Consumo,Deuda,3648.59,False,False,False,,2029-06-27,Activo,2025-08-11,2025-11-10,2
C000534__TARJETA_CREDITO,C000534,Tarjeta de Crédito,Deuda,1883.52,False,False,False,3300.00,2028-01-17,Activo,2025-01-17,2026-03-19,5
C000535__CREDITO_CONSUMO,C000535,Crédito de Consumo,Deuda,13288.17,False,False,False,,2028-03-09,Activo,2025-10-14,2025-10-14,1
C000535__CTA_AHORROS,C000535,Cuenta de Ahorros,Depósito,4087.63,False,False,False,,,Activo,2025-05-13,2025-07-29,2
C000535__TARJETA_CREDITO,C000535,Tarjeta de Crédito,Deuda,2733.95,False,False,False,5000.00,2027-01-29,Activo,2025-01-22,2026-04-12,4
C000536__CREDITO_HIPOTECARIO,C000536,Crédito Hipotecario,Deuda,120664.86,False,False,False,,2029-03-10,Activo,2025-03-20,2026-05-07,3
C000536__CREDITO_VEHICULAR,C000536,Crédito Vehicular,Deuda,14884.05,False,False,False,,2032-04-26,Activo,2026-04-10,2026-07-22,3
C000537__TARJETA_CREDITO,C000537,Tarjeta de Crédito,Deuda,377.34,False,False,False,1200.00,2028-02-15,Activo,2025-02-01,2026-04-13,9
C000538__CREDITO_CONSUMO,C000538,Crédito de Consumo,Deuda,3287.31,False,False,False,,2028-08-05,Activo,2025-02-02,2025-05-19,3
C000538__CTA_AHORROS,C000538,Cuenta de Ahorros,Depósito,3396.15,False,False,False,,,Activo,2026-04-12,2026-08-25,4
C000539__CREDITO_HIPOTECARIO,C000539,Crédito Hipotecario,Deuda,137642.58,False,False,False,,2027-10-24,Activo,2025-11-15,2025-11-15,1
C000539__CTA_AHORROS,C000539,Cuenta de Ahorros,Depósito,-100.00,False,True,False,,,Activo,2026-02-17,2026-05-19,3
C000540__CREDITO_CONSUMO,C000540,Crédito de Consumo,Deuda,4390.70,False,False,False,,2032-01-08,Activo,2025-04-28,2025-04-28,1
C000540__TARJETA_CREDITO,C000540,Tarjeta de Crédito,Deuda,1280.13,False,False,False,2200.00,2029-07-10,Activo,2025-02-18,2026-06-27,11
C000541__CREDITO_HIPOTECARIO,C000541,Crédito Hipotecario,Deuda,120371.37,False,False,False,,2028-04-18,Activo,2025-04-04,2025-06-08,2
C000541__TARJETA_CREDITO,C000541,Tarjeta de Crédito,Deuda,280.23,False,False,False,1000.00,2027-01-30,Activo,2025-01-12,2026-08-30,5
C000542__CREDITO_HIPOTECARIO,C000542,Crédito Hipotecario,Deuda,59041.77,False,False,False,,2028-05-03,Activo,2025-03-29,2025-12-04,2
C000542__CREDITO_VEHICULAR,C000542,Crédito Vehicular,Deuda,14786.33,False,False,False,,2031-09-01,Activo,2026-02-16,2026-07-03,2
C000542__TARJETA_CREDITO,C000542,Tarjeta de Crédito,Deuda,756.53,False,False,False,2700.00,2027-04-22,Activo,2025-06-25,2026-08-18,8
C000543__CREDITO_CONSUMO,C000543,Crédito de Consumo,Deuda,6102.88,False,False,False,,2030-01-01,Activo,2025-01-23,2026-01-24,3
C000543__CTA_CORRIENTE,C000543,Cuenta Corriente,Depósito,-100.00,False,True,False,,,Activo,2025-08-01,2026-08-31,4
C000543__TARJETA_CREDITO,C000543,Tarjeta de Crédito,Deuda,0.00,False,False,False,1200.00,2028-02-16,Activo,2025-02-28,2026-08-29,9
C000544__CREDITO_CONSUMO,C000544,Crédito de Consumo,Deuda,19746.51,False,False,False,,2031-09-04,Activo,2025-04-20,2025-10-14,3
C000544__TARJETA_CREDITO,C000544,Tarjeta de Crédito,Deuda,103.85,False,False,False,1800.00,2030-01-26,Activo,2025-06-23,2026-07-20,7
C000545__CREDITO_HIPOTECARIO,C000545,Crédito Hipotecario,Deuda,64915.74,False,False,False,,2029-03-03,Activo,2025-12-19,2026-08-16,3
C000545__CREDITO_CONSUMO,C000545,Crédito de Consumo,Deuda,6034.03,False,False,False,,2032-03-28,Activo,2025-06-19,2025-07-18,2
C000545__TARJETA_CREDITO,C000545,Tarjeta de Crédito,Deuda,930.46,False,False,False,2700.00,2030-08-13,Activo,2025-01-28,2026-05-03,12
C000546__CREDITO_CONSUMO,C000546,Crédito de Consumo,Deuda,1314.31,False,False,False,,2027-01-30,Activo,2025-06-21,2025-06-21,1
C000546__TARJETA_CREDITO,C000546,Tarjeta de Crédito,Deuda,225.28,False,False,False,2400.00,2029-02-20,Activo,2025-10-14,2025-12-24,4
C000547__CREDITO_CONSUMO,C000547,Crédito de Consumo,Deuda,4135.84,False,False,False,,2028-09-29,Activo,2025-04-17,2026-03-16,3
C000548__CREDITO_HIPOTECARIO,C000548,Crédito Hipotecario,Deuda,89586.76,False,False,False,,2028-12-01,Activo,2025-07-26,2025-10-21,2
C000548__CREDITO_CONSUMO,C000548,Crédito de Consumo,Deuda,43034.16,False,False,True,,2028-06-24,Activo,2025-01-05,2025-01-05,1
C000548__CTA_AHORROS,C000548,Cuenta de Ahorros,Depósito,5320.35,False,False,False,,,Activo,2026-04-14,2026-08-25,3
C000548__TARJETA_CREDITO,C000548,Tarjeta de Crédito,Deuda,1593.14,False,False,False,7200.00,2030-09-19,Activo,2025-03-30,2026-08-27,10
C000549__CTA_CORRIENTE,C000549,Cuenta Corriente,Depósito,3419.45,False,False,False,,,Activo,2026-03-21,2026-07-03,3
C000549__CTA_AHORROS,C000549,Cuenta de Ahorros,Depósito,5380.06,False,False,False,,,Activo,2025-03-16,2026-02-20,3
C000549__TARJETA_CREDITO,C000549,Tarjeta de Crédito,Deuda,1731.46,False,False,False,3000.00,2026-11-11,Activo,2025-02-14,2026-05-29,11
C000550__CREDITO_CONSUMO,C000550,Crédito de Consumo,Deuda,12579.91,False,False,False,,2028-02-16,Activo,2025-05-22,2025-05-22,1
C000551__CREDITO_HIPOTECARIO,C000551,Crédito Hipotecario,Deuda,29587.78,False,False,False,,2029-11-02,Activo,2025-03-05,2025-03-05,1
C000551__TARJETA_CREDITO,C000551,Tarjeta de Crédito,Deuda,392.58,False,False,False,1400.00,2030-05-09,Activo,2025-05-28,2026-08-14,10
C000552__CTA_AHORROS,C000552,Cuenta de Ahorros,Depósito,5679.82,False,False,False,,,Activo,2025-09-02,2026-08-04,2
C000552__TARJETA_CREDITO,C000552,Tarjeta de Crédito,Deuda,755.07,False,False,False,2100.00,2027-02-24,Activo,2025-03-18,2026-04-11,5
C000553__CREDITO_CONSUMO,C000553,Crédito de Consumo,Deuda,4526.09,False,False,False,,2031-08-05,Activo,2025-07-28,2025-07-28,1
C000554__CTA_CORRIENTE,C000554,Cuenta Corriente,Depósito,11801.65,False,False,False,,,Activo,2025-02-17,2026-08-21,4
C000554__TARJETA_CREDITO,C000554,Tarjeta de Crédito,Deuda,91.24,False,False,False,3900.00,2027-08-26,Activo,2025-02-12,2026-07-06,13
C000555__CREDITO_VEHICULAR,C000555,Crédito Vehicular,Deuda,24358.65,False,False,False,,2031-12-21,Activo,2025-05-24,2025-05-24,1
C000556__CTA_CORRIENTE,C000556,Cuenta Corriente,Depósito,2110.80,False,False,False,,,Activo,2025-08-14,2026-05-02,4
C000556__TARJETA_CREDITO,C000556,Tarjeta de Crédito,Deuda,1341.11,False,False,False,1700.00,2029-03-12,Activo,2025-08-16,2026-08-02,9
C000557__CTA_AHORROS,C000557,Cuenta de Ahorros,Depósito,10485.22,False,False,False,,,Activo,2025-04-02,2025-04-02,1
C000557__TARJETA_CREDITO,C000557,Tarjeta de Crédito,Deuda,4545.68,False,False,True,11900.00,2030-09-01,Activo,2025-01-08,2026-07-31,10
C000558__CREDITO_HIPOTECARIO,C000558,Crédito Hipotecario,Deuda,68937.59,False,False,False,,2029-12-28,Activo,2025-08-14,2026-03-08,2
C000558__TARJETA_CREDITO,C000558,Tarjeta de Crédito,Deuda,511.62,False,False,False,1500.00,2028-10-30,Activo,2025-08-23,2026-08-25,9
C000559__CREDITO_CONSUMO,C000559,Crédito de Consumo,Deuda,4667.78,False,False,False,,2027-08-14,Activo,2026-05-14,2026-05-14,1
C000559__TARJETA_CREDITO,C000559,Tarjeta de Crédito,Deuda,669.78,False,False,False,1900.00,2027-10-31,Activo,2025-01-25,2026-02-13,9
C000560__CTA_CORRIENTE,C000560,Cuenta Corriente,Depósito,2617.80,False,False,False,,,Activo,2025-06-12,2026-02-27,4
C000560__TARJETA_CREDITO,C000560,Tarjeta de Crédito,Deuda,272.36,False,False,False,1000.00,2030-07-13,Activo,2025-09-15,2026-06-17,8
C000561__CREDITO_HIPOTECARIO,C000561,Crédito Hipotecario,Deuda,98852.18,False,False,False,,2029-07-11,Activo,2025-04-04,2026-07-19,3
C000561__CREDITO_CONSUMO,C000561,Crédito de Consumo,Deuda,9535.81,False,False,False,,2026-10-25,Activo,2025-04-12,2025-08-10,3
C000561__CTA_CORRIENTE,C000561,Cuenta Corriente,Depósito,5040.86,False,False,False,,,Activo,2025-04-09,2026-01-11,2
C000562__CTA_AHORROS,C000562,Cuenta de Ahorros,Depósito,3716.60,False,False,False,,,Activo,2026-07-17,2026-07-17,1
C000562__TARJETA_CREDITO,C000562,Tarjeta de Crédito,Deuda,855.77,False,False,False,1800.00,2027-09-25,Activo,2025-01-13,2026-07-13,13
C000563__CREDITO_HIPOTECARIO,C000563,Crédito Hipotecario,Deuda,76244.64,False,False,False,,2032-06-01,Activo,2025-04-26,2025-04-26,1
C000563__CTA_AHORROS,C000563,Cuenta de Ahorros,Depósito,2918.06,False,False,False,,,Activo,2025-01-08,2026-07-04,4
C000563__TARJETA_CREDITO,C000563,Tarjeta de Crédito,Deuda,5720.29,False,False,True,10100.00,2029-02-17,Activo,2025-03-04,2026-06-25,11
C000564__CTA_CORRIENTE,C000564,Cuenta Corriente,Depósito,1345.93,False,False,False,,,Activo,2026-01-08,2026-01-08,1
C000565__CREDITO_VEHICULAR,C000565,Crédito Vehicular,Deuda,9235.82,False,False,False,,2027-01-12,Activo,2025-03-24,2025-11-01,2
C000565__CREDITO_CONSUMO,C000565,Crédito de Consumo,Deuda,3884.30,False,False,False,,2030-09-10,Activo,2026-06-07,2026-08-04,2
C000565__CTA_AHORROS,C000565,Cuenta de Ahorros,Depósito,1310.87,False,False,False,,,Activo,2025-04-02,2025-09-18,2
C000565__TARJETA_CREDITO,C000565,Tarjeta de Crédito,Deuda,1061.53,False,False,False,2500.00,2030-05-24,Activo,2025-05-04,2026-08-05,12
C000566__CREDITO_VEHICULAR,C000566,Crédito Vehicular,Deuda,13695.79,False,False,False,,2029-12-16,Activo,2025-10-20,2026-07-25,3
C000566__TARJETA_CREDITO,C000566,Tarjeta de Crédito,Deuda,170.75,False,False,False,1800.00,2027-06-11,Activo,2025-01-04,2026-06-25,7
C000567__CREDITO_HIPOTECARIO,C000567,Crédito Hipotecario,Deuda,71270.49,False,False,False,,2027-08-14,Activo,2026-04-24,2026-04-24,1
C000567__CTA_CORRIENTE,C000567,Cuenta Corriente,Depósito,2068.10,False,False,False,,,Activo,2025-03-19,2026-05-07,3
C000567__TARJETA_CREDITO,C000567,Tarjeta de Crédito,Deuda,1361.74,False,False,False,3100.00,2028-03-11,Activo,2025-04-24,2026-08-07,8
C000568__CREDITO_VEHICULAR,C000568,Crédito Vehicular,Deuda,23161.40,False,False,False,,2031-01-07,Activo,2025-03-05,2026-04-09,3
C000568__CTA_CORRIENTE,C000568,Cuenta Corriente,Depósito,1927.97,False,False,False,,,Activo,2025-05-24,2025-05-24,1
C000568__TARJETA_CREDITO,C000568,Tarjeta de Crédito,Deuda,724.51,False,False,False,2200.00,2028-01-17,Activo,2025-01-10,2026-07-22,11
C000569__CREDITO_HIPOTECARIO,C000569,Crédito Hipotecario,Deuda,83535.24,False,False,False,,2030-09-19,Activo,2025-10-07,2026-01-13,3
C000570__CTA_CORRIENTE,C000570,Cuenta Corriente,Depósito,1819.52,False,False,False,,,Activo,2025-08-02,2026-07-02,4
C000570__TARJETA_CREDITO,C000570,Tarjeta de Crédito,Deuda,809.39,False,False,False,1500.00,2028-10-10,Activo,2025-02-08,2026-04-25,13
C000571__CREDITO_VEHICULAR,C000571,Crédito Vehicular,Deuda,31242.42,False,False,False,,2032-04-06,Activo,2025-06-23,2026-05-07,2
C000571__CTA_AHORROS,C000571,Cuenta de Ahorros,Depósito,15307.12,False,False,True,,,Activo,2025-06-15,2026-07-31,3
C000571__TARJETA_CREDITO,C000571,Tarjeta de Crédito,Deuda,5288.19,False,False,True,22300.00,2029-06-28,Activo,2025-05-12,2026-08-22,8
C000572__CREDITO_HIPOTECARIO,C000572,Crédito Hipotecario,Deuda,89807.61,False,False,False,,2028-11-11,Activo,2025-02-12,2025-08-12,3
C000572__CREDITO_CONSUMO,C000572,Crédito de Consumo,Deuda,5455.99,False,False,False,,2027-04-16,Activo,2025-07-27,2025-07-27,1
C000573__CREDITO_HIPOTECARIO,C000573,Crédito Hipotecario,Deuda,33501.24,False,False,False,,2031-07-27,Activo,2025-07-05,2025-07-05,1
C000573__TARJETA_CREDITO,C000573,Tarjeta de Crédito,Deuda,6258.98,False,False,True,12400.00,2027-10-28,Activo,2025-03-10,2026-03-03,5
C000574__CTA_AHORROS,C000574,Cuenta de Ahorros,Depósito,-100.00,False,True,False,,,Activo,2025-07-30,2026-08-11,2
C000574__TARJETA_CREDITO,C000574,Tarjeta de Crédito,Deuda,362.83,False,False,False,4300.00,2027-10-14,Activo,2025-01-30,2026-03-09,7
C000575__CTA_CORRIENTE,C000575,Cuenta Corriente,Depósito,1613.53,False,False,False,,,Activo,2025-04-25,2026-06-04,3
C000575__TARJETA_CREDITO,C000575,Tarjeta de Crédito,Deuda,360.20,False,False,False,1000.00,2029-09-19,Activo,2025-01-07,2026-08-27,8
C000576__CREDITO_HIPOTECARIO,C000576,Crédito Hipotecario,Deuda,72088.70,False,False,False,,2030-03-22,Activo,2025-02-03,2026-05-23,3
C000576__CREDITO_CONSUMO,C000576,Crédito de Consumo,Deuda,9019.19,False,False,False,,2030-08-08,Activo,2025-05-12,2025-05-12,1
C000576__CTA_CORRIENTE,C000576,Cuenta Corriente,Depósito,5451.75,False,False,False,,,Activo,2025-01-13,2025-08-15,4
C000577__TARJETA_CREDITO,C000577,Tarjeta de Crédito,Deuda,653.27,False,False,False,2600.00,2029-07-11,Activo,2025-03-18,2026-06-04,14
C000578__CTA_AHORROS,C000578,Cuenta de Ahorros,Depósito,13085.86,False,False,True,,,Activo,2026-05-10,2026-08-24,2
C000579__CREDITO_HIPOTECARIO,C000579,Crédito Hipotecario,Deuda,119823.11,False,False,False,,2031-02-07,Activo,2026-03-07,2026-03-07,1
C000579__CREDITO_CONSUMO,C000579,Crédito de Consumo,Deuda,22433.84,False,False,False,,2030-02-26,Activo,2025-06-29,2025-09-10,2
C000579__CTA_AHORROS,C000579,Cuenta de Ahorros,Depósito,12962.52,False,False,True,,,Activo,2025-07-31,2025-12-23,2
C000579__TARJETA_CREDITO,C000579,Tarjeta de Crédito,Deuda,3433.56,False,False,True,9600.00,2029-04-04,Activo,2025-01-31,2026-02-05,9
C000580__CREDITO_VEHICULAR,C000580,Crédito Vehicular,Deuda,13638.46,False,False,False,,2030-08-14,Activo,2025-04-21,2025-07-22,3
C000580__CREDITO_CONSUMO,C000580,Crédito de Consumo,Deuda,,True,False,False,,2027-02-04,Activo,2026-05-18,2026-05-18,1
C000580__CTA_AHORROS,C000580,Cuenta de Ahorros,Depósito,1234.99,False,False,False,,,Activo,2025-04-11,2025-12-17,4
C000580__TARJETA_CREDITO,C000580,Tarjeta de Crédito,Deuda,226.36,False,False,False,1000.00,2029-04-04,Activo,2025-01-25,2026-08-05,12
C000581__CREDITO_HIPOTECARIO,C000581,Crédito Hipotecario,Deuda,20961.05,False,False,False,,2029-01-31,Activo,2026-01-09,2026-08-29,3
C000581__CREDITO_CONSUMO,C000581,Crédito de Consumo,Deuda,15494.16,False,False,False,,2029-12-10,Activo,2025-06-07,2025-06-07,1
C000581__CTA_CORRIENTE,C000581,Cuenta Corriente,Depósito,3620.94,False,False,False,,,Activo,2026-03-02,2026-03-02,1
C000581__TARJETA_CREDITO,C000581,Tarjeta de Crédito,Deuda,1654.62,False,False,False,6300.00,2026-11-25,Activo,2025-01-03,2026-08-15,12
C000582__CREDITO_VEHICULAR,C000582,Crédito Vehicular,Deuda,16939.54,False,False,False,,2029-11-05,Activo,2025-08-04,2025-08-04,1
C000582__CTA_CORRIENTE,C000582,Cuenta Corriente,Depósito,3421.14,False,False,False,,,Activo,2026-08-01,2026-08-01,1
C000582__TARJETA_CREDITO,C000582,Tarjeta de Crédito,Deuda,0.00,False,False,False,1400.00,2026-10-14,Activo,2025-01-14,2026-03-28,5
C000583__CTA_AHORROS,C000583,Cuenta de Ahorros,Depósito,6080.47,False,False,False,,,Activo,2025-03-11,2026-08-20,3
C000583__TARJETA_CREDITO,C000583,Tarjeta de Crédito,Deuda,1185.64,False,False,False,2200.00,2028-09-08,Activo,2025-01-05,2026-08-31,13
C000584__CREDITO_CONSUMO,C000584,Crédito de Consumo,Deuda,11575.99,False,False,False,,2032-05-24,Activo,2025-01-14,2025-07-10,3
C000584__TARJETA_CREDITO,C000584,Tarjeta de Crédito,Deuda,786.43,False,False,False,12500.00,2030-04-25,Activo,2025-09-30,2026-08-14,6
C000585__CTA_AHORROS,C000585,Cuenta de Ahorros,Depósito,15561.84,False,False,True,,,Activo,2025-08-26,2026-05-03,4
C000586__CREDITO_VEHICULAR,C000586,Crédito Vehicular,Deuda,18593.60,False,False,False,,2029-04-02,Activo,2025-03-03,2026-03-21,2
C000586__CTA_CORRIENTE,C000586,Cuenta Corriente,Depósito,3360.83,False,False,False,,,Activo,2025-09-08,2026-01-04,2
C000586__CTA_AHORROS,C000586,Cuenta de Ahorros,Depósito,9245.68,False,False,False,,,Activo,2025-11-03,2026-03-15,4
C000586__TARJETA_CREDITO,C000586,Tarjeta de Crédito,Deuda,0.00,False,False,False,8400.00,2029-03-29,Activo,2025-05-17,2026-06-22,4
C000587__CTA_CORRIENTE,C000587,Cuenta Corriente,Depósito,2833.05,False,False,False,,,Activo,2025-08-03,2025-08-03,1
C000588__CTA_CORRIENTE,C000588,Cuenta Corriente,Depósito,2979.48,False,False,False,,,Activo,2025-07-03,2025-10-15,2
C000589__CTA_AHORROS,C000589,Cuenta de Ahorros,Depósito,7066.42,False,False,False,,,Activo,2025-03-21,2026-04-24,4
C000589__TARJETA_CREDITO,C000589,Tarjeta de Crédito,Deuda,893.91,False,False,False,4400.00,2028-08-15,Activo,2025-01-10,2026-06-27,9
C000590__CREDITO_VEHICULAR,C000590,Crédito Vehicular,Deuda,16053.82,False,False,False,,2027-04-20,Activo,2025-03-24,2026-05-27,3
C000590__CTA_CORRIENTE,C000590,Cuenta Corriente,Depósito,4531.87,False,False,False,,,Activo,2025-05-28,2026-03-18,4
C000590__CTA_AHORROS,C000590,Cuenta de Ahorros,Depósito,1011.84,False,False,False,,,Activo,2025-02-05,2025-09-03,4
C000591__CREDITO_VEHICULAR,C000591,Crédito Vehicular,Deuda,20933.03,False,False,False,,2029-09-07,Activo,2025-04-19,2026-01-24,3
C000591__CREDITO_CONSUMO,C000591,Crédito de Consumo,Deuda,2900.22,False,False,False,,2027-12-01,Activo,2025-01-02,2026-06-24,3
C000591__CTA_CORRIENTE,C000591,Cuenta Corriente,Depósito,4574.71,False,False,False,,,Activo,2025-02-14,2026-02-03,4
C000592__CREDITO_VEHICULAR,C000592,Crédito Vehicular,Deuda,3721.24,False,False,False,,2028-05-27,Activo,2026-03-17,2026-03-17,1
C000592__TARJETA_CREDITO,C000592,Tarjeta de Crédito,Deuda,663.34,False,False,False,1600.00,2030-07-16,Activo,2025-02-01,2026-01-19,8
C000593__CREDITO_CONSUMO,C000593,Crédito de Consumo,Deuda,2549.63,False,False,False,,2026-10-15,Activo,2025-06-11,2025-06-11,1
C000594__CTA_CORRIENTE,C000594,Cuenta Corriente,Depósito,2532.33,False,False,False,,,Activo,2025-06-22,2026-01-10,2
C000594__CTA_AHORROS,C000594,Cuenta de Ahorros,Depósito,-100.00,False,True,False,,,Activo,2025-10-16,2026-07-29,2
C000594__TARJETA_CREDITO,C000594,Tarjeta de Crédito,Deuda,284.24,False,False,False,2500.00,2030-07-07,Activo,2025-01-20,2026-06-08,7
C000595__CREDITO_CONSUMO,C000595,Crédito de Consumo,Deuda,4636.21,False,False,False,,2029-07-26,Activo,2025-01-11,2026-06-25,3
C000595__CTA_AHORROS,C000595,Cuenta de Ahorros,Depósito,1069.77,False,False,False,,,Activo,2025-10-12,2026-05-14,4
C000595__TARJETA_CREDITO,C000595,Tarjeta de Crédito,Deuda,684.23,False,False,False,2100.00,2026-09-26,Activo,2025-05-16,2026-07-27,11
C000596__CREDITO_CONSUMO,C000596,Crédito de Consumo,Deuda,1438.68,False,False,False,,2031-12-30,Activo,2025-10-25,2025-10-25,1
C000596__CTA_AHORROS,C000596,Cuenta de Ahorros,Depósito,1889.89,False,False,False,,,Activo,2025-11-08,2026-05-17,4
C000596__TARJETA_CREDITO,C000596,Tarjeta de Crédito,Deuda,242.07,False,False,False,700.00,2030-01-03,Activo,2025-02-10,2026-08-14,13
C000597__CREDITO_VEHICULAR,C000597,Crédito Vehicular,Deuda,15646.56,False,False,False,,2027-06-20,Activo,2025-12-23,2026-06-27,3
C000597__CTA_CORRIENTE,C000597,Cuenta Corriente,Depósito,11693.49,False,False,False,,,Activo,2025-06-07,2025-09-22,3
C000597__TARJETA_CREDITO,C000597,Tarjeta de Crédito,Deuda,1629.32,False,False,False,7000.00,2029-04-25,Activo,2025-01-05,2026-07-15,7
C000598__CREDITO_CONSUMO,C000598,Crédito de Consumo,Deuda,16828.63,False,False,False,,2030-05-10,Activo,2026-01-11,2026-04-02,2
C000598__TARJETA_CREDITO,C000598,Tarjeta de Crédito,Deuda,8930.43,False,False,True,18200.00,2030-06-13,Activo,2025-01-01,2026-08-28,7
C000599__CREDITO_CONSUMO,C000599,Crédito de Consumo,Deuda,5373.13,False,False,False,,2027-07-22,Activo,2025-08-26,2025-11-23,2
C000599__CTA_AHORROS,C000599,Cuenta de Ahorros,Depósito,887.68,False,False,False,,,Activo,2025-12-23,2026-03-25,2
C000600__CREDITO_VEHICULAR,C000600,Crédito Vehicular,Deuda,18625.28,False,False,False,,2026-12-27,Activo,2025-04-21,2025-12-26,2
C000600__CTA_CORRIENTE,C000600,Cuenta Corriente,Depósito,986.17,False,False,False,,,Activo,2025-09-01,2025-09-01,1
C000600__CTA_AHORROS,C000600,Cuenta de Ahorros,Depósito,254.00,False,False,False,,,Activo,2025-02-26,2026-03-19,4
C000600__TARJETA_CREDITO,C000600,Tarjeta de Crédito,Deuda,344.01,False,False,False,700.00,2026-09-24,Activo,2025-01-09,2026-07-28,9
C000601__CREDITO_HIPOTECARIO,C000601,Crédito Hipotecario,Deuda,24379.09,False,False,False,,2031-01-16,Activo,2025-03-31,2025-12-21,3
C000601__CREDITO_VEHICULAR,C000601,Crédito Vehicular,Deuda,9832.55,False,False,False,,2030-04-25,Activo,2026-02-11,2026-03-18,3
C000601__TARJETA_CREDITO,C000601,Tarjeta de Crédito,Deuda,91.85,False,False,False,2100.00,2030-08-08,Activo,2025-03-16,2026-01-21,9
C000602__CREDITO_HIPOTECARIO,C000602,Crédito Hipotecario,Deuda,99871.19,False,False,False,,2032-03-19,Activo,2025-01-15,2025-09-13,3
C000602__CTA_AHORROS,C000602,Cuenta de Ahorros,Depósito,1915.38,False,False,False,,,Activo,2025-12-04,2025-12-04,1
C000603__CTA_AHORROS,C000603,Cuenta de Ahorros,Depósito,642.64,False,False,False,,,Activo,2025-02-19,2025-02-19,1
C000603__TARJETA_CREDITO,C000603,Tarjeta de Crédito,Deuda,284.78,False,False,False,1000.00,2030-04-21,Activo,2025-03-22,2026-06-09,12
C000604__CREDITO_CONSUMO,C000604,Crédito de Consumo,Deuda,11759.46,False,False,False,,2030-10-27,Activo,2025-09-15,2026-02-11,2
C000604__CTA_CORRIENTE,C000604,Cuenta Corriente,Depósito,10702.45,False,False,False,,,Activo,2026-06-15,2026-06-15,1
C000604__CTA_AHORROS,C000604,Cuenta de Ahorros,Depósito,18771.96,False,False,True,,,Activo,2025-11-27,2025-11-27,1
C000604__TARJETA_CREDITO,C000604,Tarjeta de Crédito,Deuda,3025.67,False,False,False,6400.00,2028-04-09,Activo,2025-03-26,2026-08-27,6
C000605__CREDITO_CONSUMO,C000605,Crédito de Consumo,Deuda,2595.34,False,False,False,,2026-12-12,Activo,2026-01-31,2026-01-31,1
C000605__CTA_AHORROS,C000605,Cuenta de Ahorros,Depósito,2138.76,False,False,False,,,Activo,2026-03-07,2026-03-07,1
C000605__TARJETA_CREDITO,C000605,Tarjeta de Crédito,Deuda,1287.58,False,False,False,1800.00,2028-03-16,Activo,2025-03-04,2026-05-03,11
C000606__CREDITO_VEHICULAR,C000606,Crédito Vehicular,Deuda,29712.91,False,False,False,,2029-07-07,Activo,2025-11-15,2026-05-31,2
C000606__CTA_CORRIENTE,C000606,Cuenta Corriente,Depósito,1925.50,False,False,False,,,Activo,2025-02-05,2026-06-23,3
C000606__CTA_AHORROS,C000606,Cuenta de Ahorros,Depósito,2821.37,False,False,False,,,Activo,2025-01-17,2026-07-10,4
C000607__CTA_CORRIENTE,C000607,Cuenta Corriente,Depósito,959.51,False,False,False,,,Activo,2025-11-14,2026-05-01,3
C000607__CTA_AHORROS,C000607,Cuenta de Ahorros,Depósito,3881.32,False,False,False,,,Activo,2025-03-11,2026-08-07,4
C000607__TARJETA_CREDITO,C000607,Tarjeta de Crédito,Deuda,2993.98,False,False,False,4600.00,2027-02-23,Activo,2025-01-21,2026-08-23,7
C000608__CTA_AHORROS,C000608,Cuenta de Ahorros,Depósito,1191.43,False,False,False,,,Activo,2026-08-02,2026-08-02,1
C000608__TARJETA_CREDITO,C000608,Tarjeta de Crédito,Deuda,94.12,False,False,False,1000.00,2026-10-14,Activo,2025-01-02,2026-06-08,14
C000609__CREDITO_HIPOTECARIO,C000609,Crédito Hipotecario,Deuda,100135.98,False,False,False,,2031-02-01,Activo,2026-01-07,2026-04-02,3
C000609__TARJETA_CREDITO,C000609,Tarjeta de Crédito,Deuda,1334.70,False,False,False,2200.00,2029-06-14,Activo,2025-02-26,2026-02-09,7
C000610__CREDITO_HIPOTECARIO,C000610,Crédito Hipotecario,Deuda,47465.73,False,False,False,,2027-05-16,Activo,2025-07-29,2026-05-29,2
C000610__CTA_AHORROS,C000610,Cuenta de Ahorros,Depósito,4106.41,False,False,False,,,Activo,2026-02-03,2026-02-03,1
C000610__TARJETA_CREDITO,C000610,Tarjeta de Crédito,Deuda,567.04,False,False,False,1400.00,2027-10-21,Activo,2025-01-10,2026-08-30,11
C000611__CREDITO_HIPOTECARIO,C000611,Crédito Hipotecario,Deuda,113319.91,False,False,False,,2028-12-07,Activo,2025-06-04,2025-06-04,1
C000611__CTA_CORRIENTE,C000611,Cuenta Corriente,Depósito,16966.95,False,False,True,,,Activo,2026-01-06,2026-07-14,3
C000611__TARJETA_CREDITO,C000611,Tarjeta de Crédito,Deuda,245.01,False,False,False,13900.00,2030-09-16,Activo,2025-02-20,2026-06-24,6
C000612__CREDITO_VEHICULAR,C000612,Crédito Vehicular,Deuda,14258.01,False,False,False,,2026-10-07,Activo,2026-03-07,2026-07-24,3
C000612__TARJETA_CREDITO,C000612,Tarjeta de Crédito,Deuda,1417.35,False,False,False,5700.00,2027-11-24,Activo,2025-04-28,2026-08-11,11
C000613__CREDITO_CONSUMO,C000613,Crédito de Consumo,Deuda,3064.17,False,False,False,,2027-07-03,Activo,2025-05-09,2025-08-18,3
C000613__TARJETA_CREDITO,C000613,Tarjeta de Crédito,Deuda,211.27,False,False,False,1300.00,2028-03-06,Activo,2025-01-30,2026-02-04,8
C000614__CTA_CORRIENTE,C000614,Cuenta Corriente,Depósito,17480.42,False,False,True,,,Activo,2026-01-13,2026-04-29,2
C000614__TARJETA_CREDITO,C000614,Tarjeta de Crédito,Deuda,2730.46,False,False,False,23700.00,2029-11-27,Activo,2025-01-01,2026-08-26,10
C000615__CREDITO_CONSUMO,C000615,Crédito de Consumo,Deuda,3834.78,False,False,False,,2027-08-18,Activo,2025-05-04,2026-03-29,3
C000615__TARJETA_CREDITO,C000615,Tarjeta de Crédito,Deuda,621.34,False,False,False,1300.00,2030-10-09,Activo,2025-01-29,2026-08-28,11
C000616__CREDITO_VEHICULAR,C000616,Crédito Vehicular,Deuda,24302.14,False,False,False,,2028-12-23,Activo,2026-02-09,2026-02-28,3
C000616__CREDITO_CONSUMO,C000616,Crédito de Consumo,Deuda,5167.55,False,False,False,,2031-09-15,Activo,2025-01-13,2025-05-14,2
C000616__CTA_AHORROS,C000616,Cuenta de Ahorros,Depósito,-100.00,False,True,False,,,Activo,2025-01-04,2026-04-05,3
C000616__TARJETA_CREDITO,C000616,Tarjeta de Crédito,Deuda,232.81,False,False,False,1200.00,2029-09-11,Activo,2025-05-02,2026-08-08,14
C000617__CREDITO_VEHICULAR,C000617,Crédito Vehicular,Deuda,18119.92,False,False,False,,2027-03-16,Activo,2025-02-05,2026-07-16,3
C000617__CREDITO_CONSUMO,C000617,Crédito de Consumo,Deuda,31050.75,False,False,True,,2031-06-05,Activo,2025-04-17,2025-06-19,2
C000617__TARJETA_CREDITO,C000617,Tarjeta de Crédito,Deuda,740.32,False,False,False,7700.00,2026-12-29,Activo,2025-03-26,2026-08-28,13
C000618__TARJETA_CREDITO,C000618,Tarjeta de Crédito,Deuda,126.54,False,False,False,2700.00,2030-01-25,Activo,2025-05-06,2026-08-11,10
C000619__CREDITO_CONSUMO,C000619,Crédito de Consumo,Deuda,10302.32,False,False,False,,2032-05-23,Activo,2025-03-05,2026-06-23,3
C000619__TARJETA_CREDITO,C000619,Tarjeta de Crédito,Deuda,10120.26,False,False,True,15600.00,2029-03-02,Activo,2025-05-07,2026-04-28,6
C000620__CREDITO_CONSUMO,C000620,Crédito de Consumo,Deuda,28817.77,False,False,True,,2032-04-19,Activo,2026-02-17,2026-02-17,1
C000620__TARJETA_CREDITO,C000620,Tarjeta de Crédito,Deuda,4651.91,False,False,True,8700.00,2026-09-25,Activo,2025-05-03,2026-07-08,14
C000621__CREDITO_HIPOTECARIO,C000621,Crédito Hipotecario,Deuda,67853.24,False,False,False,,2032-02-08,Activo,2025-12-29,2026-03-09,3
C000621__TARJETA_CREDITO,C000621,Tarjeta de Crédito,Deuda,997.94,False,False,False,3100.00,2029-09-12,Activo,2025-01-11,2026-06-27,7
C000622__CTA_AHORROS,C000622,Cuenta de Ahorros,Depósito,-67.41,False,True,False,,,Activo,2026-03-31,2026-03-31,1
C000622__TARJETA_CREDITO,C000622,Tarjeta de Crédito,Deuda,485.34,False,False,False,2200.00,2030-07-01,Activo,2025-01-14,2026-08-11,7
C000623__CREDITO_CONSUMO,C000623,Crédito de Consumo,Deuda,4936.32,False,False,False,,2028-07-01,Activo,2025-04-18,2025-04-18,1
C000623__TARJETA_CREDITO,C000623,Tarjeta de Crédito,Deuda,431.67,False,False,False,1100.00,2028-12-24,Activo,2025-04-03,2026-03-22,4
C000624__CTA_AHORROS,C000624,Cuenta de Ahorros,Depósito,8449.03,False,False,False,,,Activo,2025-01-12,2025-12-07,3
C000624__TARJETA_CREDITO,C000624,Tarjeta de Crédito,Deuda,1643.76,False,False,False,3800.00,2027-08-04,Activo,2025-01-23,2026-06-21,10
C000625__CREDITO_HIPOTECARIO,C000625,Crédito Hipotecario,Deuda,78822.94,False,False,False,,2028-07-26,Activo,2025-09-08,2025-09-08,1
C000625__TARJETA_CREDITO,C000625,Tarjeta de Crédito,Deuda,488.24,False,False,False,1900.00,2030-06-24,Activo,2025-01-01,2026-05-20,7
C000626__CREDITO_HIPOTECARIO,C000626,Crédito Hipotecario,Deuda,89644.76,False,False,False,,2027-12-05,Activo,2025-01-13,2026-07-11,3
C000626__CTA_CORRIENTE,C000626,Cuenta Corriente,Depósito,4971.85,False,False,False,,,Activo,2025-11-25,2026-08-14,4
C000626__TARJETA_CREDITO,C000626,Tarjeta de Crédito,Deuda,2335.83,False,False,False,8600.00,2030-09-08,Activo,2025-03-05,2026-07-21,11
C000627__CREDITO_CONSUMO,C000627,Crédito de Consumo,Deuda,10143.07,False,False,False,,2031-01-09,Activo,2026-05-15,2026-05-15,1
C000627__TARJETA_CREDITO,C000627,Tarjeta de Crédito,Deuda,2920.27,False,False,False,4600.00,2027-12-16,Activo,2025-03-20,2026-04-26,9
C000628__CREDITO_VEHICULAR,C000628,Crédito Vehicular,Deuda,19710.93,False,False,False,,2028-05-31,Activo,2025-08-03,2025-08-03,1
C000628__CREDITO_CONSUMO,C000628,Crédito de Consumo,Deuda,3743.40,False,False,False,,2028-01-26,Activo,2025-05-23,2026-08-20,2
C000629__CREDITO_CONSUMO,C000629,Crédito de Consumo,Deuda,4163.47,False,False,False,,2030-06-10,Activo,2025-01-03,2025-12-04,3
C000629__TARJETA_CREDITO,C000629,Tarjeta de Crédito,Deuda,814.82,False,False,False,2400.00,2029-04-16,Activo,2025-04-25,2026-05-22,5
C000630__CREDITO_HIPOTECARIO,C000630,Crédito Hipotecario,Deuda,62078.24,False,False,False,,2032-03-24,Activo,2026-04-17,2026-04-17,1
C000630__CREDITO_VEHICULAR,C000630,Crédito Vehicular,Deuda,28579.28,False,False,False,,2031-11-02,Activo,2025-08-16,2025-08-16,1
C000630__TARJETA_CREDITO,C000630,Tarjeta de Crédito,Deuda,390.62,False,False,False,6200.00,2027-02-09,Activo,2025-03-17,2026-08-20,6
C000631__CTA_AHORROS,C000631,Cuenta de Ahorros,Depósito,5429.18,False,False,False,,,Activo,2025-06-23,2026-07-30,3
C000631__TARJETA_CREDITO,C000631,Tarjeta de Crédito,Deuda,1323.67,False,False,False,3800.00,2027-05-02,Activo,2025-01-16,2026-07-23,10
C000632__CREDITO_VEHICULAR,C000632,Crédito Vehicular,Deuda,21508.48,False,False,False,,2029-05-01,Activo,2026-04-23,2026-05-20,2
C000632__TARJETA_CREDITO,C000632,Tarjeta de Crédito,Deuda,662.09,False,False,False,1000.00,2029-04-24,Activo,2025-03-04,2026-08-28,5
C000633__CREDITO_VEHICULAR,C000633,Crédito Vehicular,Deuda,22115.73,False,False,False,,2030-11-28,Activo,2025-05-13,2026-02-05,3
C000633__CTA_CORRIENTE,C000633,Cuenta Corriente,Depósito,677.49,False,False,False,,,Activo,2025-11-02,2026-04-05,3
C000634__CTA_CORRIENTE,C000634,Cuenta Corriente,Depósito,4407.59,False,False,False,,,Activo,2025-05-18,2025-10-16,2
C000634__TARJETA_CREDITO,C000634,Tarjeta de Crédito,Deuda,1805.16,False,False,False,3000.00,2029-03-07,Activo,2025-01-24,2026-08-01,13
C000635__CTA_AHORROS,C000635,Cuenta de Ahorros,Depósito,652.55,False,False,False,,,Activo,2026-01-29,2026-01-29,1
C000635__TARJETA_CREDITO,C000635,Tarjeta de Crédito,Deuda,421.86,False,False,False,1300.00,2028-10-18,Activo,2025-03-14,2026-07-25,4
C000636__CREDITO_VEHICULAR,C000636,Crédito Vehicular,Deuda,6526.15,False,False,False,,2032-01-15,Activo,2025-06-16,2025-06-16,1
C000636__TARJETA_CREDITO,C000636,Tarjeta de Crédito,Deuda,1675.37,False,False,False,3200.00,2028-05-07,Activo,2025-03-10,2026-08-16,8
C000637__CREDITO_HIPOTECARIO,C000637,Crédito Hipotecario,Deuda,74002.17,False,False,False,,2029-01-20,Activo,2025-09-12,2026-06-28,2
C000637__CREDITO_CONSUMO,C000637,Crédito de Consumo,Deuda,16014.78,False,False,False,,2028-05-29,Activo,2025-04-25,2026-07-05,2
C000637__TARJETA_CREDITO,C000637,Tarjeta de Crédito,Deuda,2584.71,False,False,False,5400.00,2028-06-04,Activo,2025-02-28,2026-06-28,11
C000638__CREDITO_HIPOTECARIO,C000638,Crédito Hipotecario,Deuda,60531.53,False,False,False,,2031-05-07,Activo,2025-09-05,2025-09-05,1
C000638__TARJETA_CREDITO,C000638,Tarjeta de Crédito,Deuda,502.09,False,False,False,3800.00,2027-09-27,Activo,2025-01-11,2026-05-25,4
C000639__CREDITO_VEHICULAR,C000639,Crédito Vehicular,Deuda,5847.11,False,False,False,,2028-11-06,Activo,2025-11-10,2026-03-22,2
C000639__TARJETA_CREDITO,C000639,Tarjeta de Crédito,Deuda,276.72,False,False,False,500.00,2028-04-22,Activo,2025-01-23,2026-08-24,7
C000640__CREDITO_HIPOTECARIO,C000640,Crédito Hipotecario,Deuda,103380.64,False,False,False,,2029-05-07,Activo,2026-03-19,2026-03-19,1
C000640__CREDITO_VEHICULAR,C000640,Crédito Vehicular,Deuda,15641.23,False,False,False,,2028-09-19,Activo,2025-01-04,2025-10-16,2
C000640__CTA_AHORROS,C000640,Cuenta de Ahorros,Depósito,708.41,False,False,False,,,Activo,2025-05-01,2025-11-04,3
C000640__TARJETA_CREDITO,C000640,Tarjeta de Crédito,Deuda,816.72,False,False,False,1600.00,2028-02-04,Activo,2025-03-02,2026-08-28,5
C000641__CREDITO_CONSUMO,C000641,Crédito de Consumo,Deuda,2631.89,False,False,False,,2030-05-22,Activo,2025-09-07,2025-09-07,1
C000641__CTA_CORRIENTE,C000641,Cuenta Corriente,Depósito,2081.08,False,False,False,,,Activo,2025-03-18,2026-08-13,4
C000641__TARJETA_CREDITO,C000641,Tarjeta de Crédito,Deuda,346.64,False,False,False,1100.00,2028-07-22,Activo,2025-01-19,2026-05-25,9
C000642__CREDITO_VEHICULAR,C000642,Crédito Vehicular,Deuda,18320.10,False,False,False,,2029-11-20,Activo,2025-09-12,2025-09-12,1
C000643__CTA_AHORROS,C000643,Cuenta de Ahorros,Depósito,2623.16,False,False,False,,,Activo,2025-03-06,2026-01-14,2
C000643__TARJETA_CREDITO,C000643,Tarjeta de Crédito,Deuda,370.77,False,False,False,800.00,2028-05-26,Activo,2025-01-06,2026-08-31,9
C000644__CTA_AHORROS,C000644,Cuenta de Ahorros,Depósito,10272.01,False,False,False,,,Activo,2025-04-26,2025-12-02,3
C000645__CREDITO_CONSUMO,C000645,Crédito de Consumo,Deuda,4119.90,False,False,False,,2029-10-27,Activo,2026-03-04,2026-05-12,2
C000645__TARJETA_CREDITO,C000645,Tarjeta de Crédito,Deuda,576.14,False,False,False,800.00,2029-07-10,Activo,2025-07-03,2026-07-30,9
C000646__CREDITO_HIPOTECARIO,C000646,Crédito Hipotecario,Deuda,62918.89,False,False,False,,2027-12-29,Activo,2025-01-06,2026-07-04,3
C000646__CTA_AHORROS,C000646,Cuenta de Ahorros,Depósito,3696.28,False,False,False,,,Activo,2025-05-27,2026-03-31,4
C000646__TARJETA_CREDITO,C000646,Tarjeta de Crédito,Deuda,200.59,False,False,False,1800.00,2028-05-11,Activo,2025-01-06,2026-04-16,6
C000647__CREDITO_CONSUMO,C000647,Crédito de Consumo,Deuda,5679.50,False,False,False,,2030-02-08,Activo,2025-01-11,2026-08-30,3
C000647__CTA_AHORROS,C000647,Cuenta de Ahorros,Depósito,8163.61,False,False,False,,,Activo,2025-04-05,2025-06-13,2
C000647__TARJETA_CREDITO,C000647,Tarjeta de Crédito,Deuda,1771.64,False,False,False,2800.00,2027-08-06,Activo,2025-03-04,2026-08-29,11
C000648__CREDITO_VEHICULAR,C000648,Crédito Vehicular,Deuda,18192.11,False,False,False,,2026-10-22,Activo,2025-02-22,2025-10-17,2
C000648__TARJETA_CREDITO,C000648,Tarjeta de Crédito,Deuda,487.76,False,False,False,4200.00,2027-10-15,Activo,2025-01-21,2026-08-01,10
C000649__CREDITO_HIPOTECARIO,C000649,Crédito Hipotecario,Deuda,125461.08,False,False,False,,2031-07-09,Activo,2025-07-12,2026-01-13,2
C000649__TARJETA_CREDITO,C000649,Tarjeta de Crédito,Deuda,426.18,False,False,False,1100.00,2026-12-22,Activo,2025-01-14,2026-06-05,9
C000650__CREDITO_HIPOTECARIO,C000650,Crédito Hipotecario,Deuda,49689.63,False,False,False,,2029-09-21,Activo,2025-07-27,2025-08-20,2
C000650__CTA_CORRIENTE,C000650,Cuenta Corriente,Depósito,6150.56,False,False,False,,,Activo,2025-05-29,2026-04-30,2
C000651__CTA_AHORROS,C000651,Cuenta de Ahorros,Depósito,4082.56,False,False,False,,,Activo,2025-07-28,2025-07-28,1
C000651__TARJETA_CREDITO,C000651,Tarjeta de Crédito,Deuda,1454.79,False,False,False,2300.00,2028-05-16,Activo,2025-01-05,2026-08-16,13
C000652__CREDITO_CONSUMO,C000652,Crédito de Consumo,Deuda,16183.47,False,False,False,,2028-08-26,Activo,2026-04-21,2026-04-23,2
C000652__CTA_CORRIENTE,C000652,Cuenta Corriente,Depósito,7699.84,False,False,False,,,Activo,2025-02-14,2026-07-23,4
C000652__CTA_AHORROS,C000652,Cuenta de Ahorros,Depósito,8180.99,False,False,False,,,Activo,2025-05-22,2026-07-31,4
C000652__TARJETA_CREDITO,C000652,Tarjeta de Crédito,Deuda,2128.98,False,False,False,9000.00,2030-05-09,Activo,2025-06-13,2026-04-06,5
C000653__CREDITO_HIPOTECARIO,C000653,Crédito Hipotecario,Deuda,25975.84,False,False,False,,2029-08-24,Activo,2026-06-28,2026-07-19,2
C000653__TARJETA_CREDITO,C000653,Tarjeta de Crédito,Deuda,1487.56,False,False,False,6800.00,2028-03-25,Activo,2025-04-11,2026-05-24,12
C000654__CREDITO_CONSUMO,C000654,Crédito de Consumo,Deuda,4736.06,False,False,False,,2028-01-14,Activo,2026-02-21,2026-03-29,2
C000654__TARJETA_CREDITO,C000654,Tarjeta de Crédito,Deuda,151.07,False,False,False,1900.00,2029-07-28,Activo,2025-01-25,2026-07-22,14
C000655__CTA_AHORROS,C000655,Cuenta de Ahorros,Depósito,936.49,False,False,False,,,Activo,2025-11-13,2026-08-31,3
C000655__TARJETA_CREDITO,C000655,Tarjeta de Crédito,Deuda,354.20,False,False,False,1700.00,2027-01-05,Activo,2025-06-10,2026-07-18,5
C000656__CTA_AHORROS,C000656,Cuenta de Ahorros,Depósito,784.96,False,False,False,,,Activo,2025-05-29,2025-10-29,3
C000656__TARJETA_CREDITO,C000656,Tarjeta de Crédito,Deuda,216.51,False,False,False,1900.00,2026-10-31,Activo,2025-06-10,2026-08-13,10
C000657__CREDITO_CONSUMO,C000657,Crédito de Consumo,Deuda,4329.12,False,False,False,,2026-12-24,Activo,2025-05-07,2026-04-29,3
C000657__CTA_AHORROS,C000657,Cuenta de Ahorros,Depósito,5217.12,False,False,False,,,Activo,2025-10-08,2026-06-07,4
C000657__TARJETA_CREDITO,C000657,Tarjeta de Crédito,Deuda,1932.18,False,False,False,3600.00,2029-01-02,Activo,2025-02-27,2026-03-01,11
C000658__CTA_AHORROS,C000658,Cuenta de Ahorros,Depósito,2656.05,False,False,False,,,Activo,2026-04-12,2026-04-21,2
C000658__TARJETA_CREDITO,C000658,Tarjeta de Crédito,Deuda,0.00,False,False,False,1100.00,2026-11-12,Activo,2025-01-26,2026-08-24,11
C000659__CREDITO_CONSUMO,C000659,Crédito de Consumo,Deuda,2060.89,False,False,False,,2031-06-29,Activo,2025-02-21,2026-01-24,3
C000660__CREDITO_VEHICULAR,C000660,Crédito Vehicular,Deuda,14233.00,False,False,False,,2026-10-21,Activo,2025-05-04,2025-11-30,2
C000660__CREDITO_CONSUMO,C000660,Crédito de Consumo,Deuda,15298.11,False,False,False,,2031-06-24,Activo,2025-04-08,2025-04-08,1
C000660__TARJETA_CREDITO,C000660,Tarjeta de Crédito,Deuda,609.43,False,False,False,2100.00,2027-12-01,Activo,2025-03-20,2026-08-13,11
C000661__CREDITO_CONSUMO,C000661,Crédito de Consumo,Deuda,3940.86,False,False,False,,2030-12-07,Activo,2025-03-21,2026-03-16,2
C000661__CTA_CORRIENTE,C000661,Cuenta Corriente,Depósito,1169.56,False,False,False,,,Activo,2025-05-01,2026-05-12,2
C000661__CTA_AHORROS,C000661,Cuenta de Ahorros,Depósito,-100.00,False,True,False,,,Activo,2025-01-22,2026-06-17,4
C000661__TARJETA_CREDITO,C000661,Tarjeta de Crédito,Deuda,692.19,False,False,False,2400.00,2026-10-05,Activo,2025-03-25,2026-05-04,5
C000662__CREDITO_CONSUMO,C000662,Crédito de Consumo,Deuda,15623.10,False,False,False,,2028-08-06,Activo,2025-01-01,2026-06-25,3
C000662__CTA_CORRIENTE,C000662,Cuenta Corriente,Depósito,-100.00,False,True,False,,,Activo,2025-03-05,2026-01-22,2
C000662__CTA_AHORROS,C000662,Cuenta de Ahorros,Depósito,14427.21,False,False,True,,,Activo,2026-03-19,2026-03-19,1
C000662__TARJETA_CREDITO,C000662,Tarjeta de Crédito,Deuda,1209.21,False,False,False,7500.00,2027-01-05,Activo,2025-05-02,2026-06-08,7
C000663__CREDITO_CONSUMO,C000663,Crédito de Consumo,Deuda,3323.28,False,False,False,,2029-08-20,Activo,2025-12-07,2025-12-30,2
C000663__CTA_CORRIENTE,C000663,Cuenta Corriente,Depósito,8275.87,False,False,False,,,Activo,2025-02-06,2025-08-28,2
C000663__TARJETA_CREDITO,C000663,Tarjeta de Crédito,Deuda,2922.58,False,False,False,6000.00,2027-10-19,Activo,2025-01-19,2026-08-05,7
C000664__CTA_CORRIENTE,C000664,Cuenta Corriente,Depósito,7029.27,False,False,False,,,Activo,2025-01-27,2025-01-27,1
C000664__TARJETA_CREDITO,C000664,Tarjeta de Crédito,Deuda,1865.93,False,False,False,3500.00,2028-06-02,Activo,2025-04-11,2026-07-28,8
C000665__CREDITO_VEHICULAR,C000665,Crédito Vehicular,Deuda,12847.13,False,False,False,,2030-05-13,Activo,2025-01-07,2026-05-11,3
C000665__CREDITO_CONSUMO,C000665,Crédito de Consumo,Deuda,2799.85,False,False,False,,2028-05-15,Activo,2025-07-29,2025-07-29,1
C000665__CTA_CORRIENTE,C000665,Cuenta Corriente,Depósito,492.55,False,False,False,,,Activo,2025-03-08,2026-06-17,3
C000665__TARJETA_CREDITO,C000665,Tarjeta de Crédito,Deuda,279.51,False,False,False,1200.00,2027-07-24,Activo,2025-01-11,2026-04-30,14
C000666__CREDITO_CONSUMO,C000666,Crédito de Consumo,Deuda,11600.08,False,False,False,,2030-05-27,Activo,2025-11-09,2026-06-20,2
C000667__CREDITO_VEHICULAR,C000667,Crédito Vehicular,Deuda,21221.26,False,False,False,,2028-11-14,Activo,2025-06-11,2026-04-08,3
C000667__CREDITO_CONSUMO,C000667,Crédito de Consumo,Deuda,3295.75,False,False,False,,2031-12-10,Activo,2025-08-11,2026-06-21,3
C000668__CREDITO_CONSUMO,C000668,Crédito de Consumo,Deuda,13309.61,False,False,False,,2027-09-11,Activo,2025-07-22,2026-04-06,2
C000669__CREDITO_HIPOTECARIO,C000669,Crédito Hipotecario,Deuda,65957.25,False,False,False,,2032-03-20,Activo,2025-08-31,2025-08-31,1
C000669__TARJETA_CREDITO,C000669,Tarjeta de Crédito,Deuda,251.64,False,False,False,1900.00,2030-01-01,Activo,2025-05-05,2026-08-20,12
C000670__CREDITO_VEHICULAR,C000670,Crédito Vehicular,Deuda,14951.66,False,False,False,,2029-02-24,Activo,2025-06-22,2026-07-14,2
C000670__TARJETA_CREDITO,C000670,Tarjeta de Crédito,Deuda,879.89,False,False,False,1900.00,2029-10-13,Activo,2025-01-04,2026-07-26,12
C000671__CTA_CORRIENTE,C000671,Cuenta Corriente,Depósito,4766.01,False,False,False,,,Activo,2025-01-18,2026-06-23,4
C000671__CTA_AHORROS,C000671,Cuenta de Ahorros,Depósito,6045.30,False,False,False,,,Activo,2026-05-17,2026-05-17,1
C000671__TARJETA_CREDITO,C000671,Tarjeta de Crédito,Deuda,1837.37,False,False,False,3800.00,2027-08-23,Activo,2025-01-10,2026-04-10,4
C000672__CREDITO_VEHICULAR,C000672,Crédito Vehicular,Deuda,6645.50,False,False,False,,2030-03-30,Activo,2025-03-18,2025-03-18,1
C000673__CREDITO_HIPOTECARIO,C000673,Crédito Hipotecario,Deuda,75406.85,False,False,False,,2026-10-30,Activo,2025-07-29,2025-12-26,2
C000673__CREDITO_CONSUMO,C000673,Crédito de Consumo,Deuda,19003.75,False,False,False,,2029-11-30,Activo,2025-02-19,2026-08-09,2
C000673__TARJETA_CREDITO,C000673,Tarjeta de Crédito,Deuda,4374.17,False,False,True,16400.00,2028-12-17,Activo,2025-04-13,2026-03-08,6
C000674__CREDITO_VEHICULAR,C000674,Crédito Vehicular,Deuda,14818.18,False,False,False,,2026-11-17,Activo,2026-07-20,2026-07-20,1
C000674__TARJETA_CREDITO,C000674,Tarjeta de Crédito,Deuda,1469.78,False,False,False,2700.00,2030-07-13,Activo,2025-05-05,2026-07-15,10
C000675__CREDITO_HIPOTECARIO,C000675,Crédito Hipotecario,Deuda,94219.85,False,False,False,,2030-01-23,Activo,2025-08-12,2025-10-31,2
C000675__CTA_CORRIENTE,C000675,Cuenta Corriente,Depósito,2278.45,False,False,False,,,Activo,2026-04-26,2026-08-20,2
C000675__CTA_AHORROS,C000675,Cuenta de Ahorros,Depósito,-21.66,False,True,False,,,Activo,2025-03-24,2026-05-15,4
C000675__TARJETA_CREDITO,C000675,Tarjeta de Crédito,Deuda,1228.64,False,False,False,2100.00,2026-12-29,Activo,2025-05-29,2026-02-27,4
C000676__CTA_AHORROS,C000676,Cuenta de Ahorros,Depósito,2625.87,False,False,False,,,Activo,2025-07-27,2025-12-10,2
C000677__CTA_AHORROS,C000677,Cuenta de Ahorros,Depósito,2619.57,False,False,False,,,Activo,2025-09-11,2026-04-05,4
C000677__TARJETA_CREDITO,C000677,Tarjeta de Crédito,Deuda,989.08,False,False,False,2600.00,2029-03-16,Activo,2025-03-21,2026-08-18,7
C000678__CREDITO_HIPOTECARIO,C000678,Crédito Hipotecario,Deuda,66708.31,False,False,False,,2030-07-19,Activo,2025-01-16,2025-01-16,1
C000678__CTA_CORRIENTE,C000678,Cuenta Corriente,Depósito,3593.99,False,False,False,,,Activo,2025-05-01,2026-07-31,4
C000678__CTA_AHORROS,C000678,Cuenta de Ahorros,Depósito,-100.00,False,True,False,,,Activo,2025-02-13,2026-06-27,2
C000678__TARJETA_CREDITO,C000678,Tarjeta de Crédito,Deuda,2842.97,False,False,False,4900.00,2029-09-28,Activo,2025-02-24,2026-05-17,7
C000679__CREDITO_HIPOTECARIO,C000679,Crédito Hipotecario,Deuda,57903.84,False,False,False,,2029-09-18,Activo,2026-05-16,2026-05-16,1
C000679__CREDITO_VEHICULAR,C000679,Crédito Vehicular,Deuda,22565.36,False,False,False,,2027-08-19,Activo,2025-02-11,2026-02-20,3
C000679__CREDITO_CONSUMO,C000679,Crédito de Consumo,Deuda,7524.24,False,False,False,,2028-07-31,Activo,2026-01-22,2026-05-03,3
C000679__TARJETA_CREDITO,C000679,Tarjeta de Crédito,Deuda,3432.48,False,False,True,4900.00,2030-07-20,Activo,2025-03-30,2026-07-15,7
C000680__CTA_CORRIENTE,C000680,Cuenta Corriente,Depósito,7621.14,False,False,False,,,Activo,2025-11-28,2026-04-08,3
C000680__TARJETA_CREDITO,C000680,Tarjeta de Crédito,Deuda,3307.32,False,False,True,8000.00,2028-12-05,Activo,2025-01-04,2026-07-01,12
C000681__CREDITO_CONSUMO,C000681,Crédito de Consumo,Deuda,9560.88,False,False,False,,2027-10-28,Activo,2025-08-28,2025-08-28,1
C000681__TARJETA_CREDITO,C000681,Tarjeta de Crédito,Deuda,600.50,False,False,False,4300.00,2027-06-12,Activo,2025-06-08,2026-07-02,6
C000682__CREDITO_HIPOTECARIO,C000682,Crédito Hipotecario,Deuda,71262.24,False,False,False,,2029-04-02,Activo,2026-07-24,2026-07-24,1
C000682__TARJETA_CREDITO,C000682,Tarjeta de Crédito,Deuda,1820.80,False,False,False,4300.00,2030-05-01,Activo,2025-01-01,2026-07-24,12
C000683__CTA_CORRIENTE,C000683,Cuenta Corriente,Depósito,2473.50,False,False,False,,,Activo,2026-06-09,2026-06-09,1
C000683__TARJETA_CREDITO,C000683,Tarjeta de Crédito,Deuda,1257.77,False,False,False,2700.00,2028-02-03,Activo,2025-02-08,2026-08-25,11
C000684__CREDITO_CONSUMO,C000684,Crédito de Consumo,Deuda,3247.91,False,False,False,,2030-01-04,Activo,2026-01-03,2026-01-03,1
C000684__CTA_CORRIENTE,C000684,Cuenta Corriente,Depósito,-100.00,False,True,False,,,Activo,2026-02-18,2026-02-18,1
C000684__CTA_AHORROS,C000684,Cuenta de Ahorros,Depósito,2513.46,False,False,False,,,Activo,2025-03-23,2025-11-08,2
C000685__CREDITO_HIPOTECARIO,C000685,Crédito Hipotecario,Deuda,99265.07,False,False,False,,2026-10-14,Activo,2025-12-12,2026-02-08,2
C000685__CREDITO_CONSUMO,C000685,Crédito de Consumo,Deuda,2599.53,False,False,False,,2029-12-06,Activo,2025-02-22,2025-02-22,1
C000686__CREDITO_HIPOTECARIO,C000686,Crédito Hipotecario,Deuda,97489.01,False,False,False,,2026-12-25,Activo,2025-06-18,2026-04-20,3
C000686__CTA_AHORROS,C000686,Cuenta de Ahorros,Depósito,2442.64,False,False,False,,,Activo,2026-06-07,2026-06-07,1
C000686__TARJETA_CREDITO,C000686,Tarjeta de Crédito,Deuda,425.34,False,False,False,1200.00,2028-11-16,Activo,2025-01-18,2026-04-08,13
C000687__CREDITO_CONSUMO,C000687,Crédito de Consumo,Deuda,34844.77,False,False,True,,2031-03-23,Activo,2026-01-24,2026-04-12,2
C000687__CTA_CORRIENTE,C000687,Cuenta Corriente,Depósito,-100.00,False,True,False,,,Activo,2025-10-19,2025-10-19,1
C000687__CTA_AHORROS,C000687,Cuenta de Ahorros,Depósito,-100.00,False,True,False,,,Activo,2025-05-12,2025-05-16,2
C000688__CREDITO_VEHICULAR,C000688,Crédito Vehicular,Deuda,16548.24,False,False,False,,2029-11-11,Activo,2025-07-28,2026-06-26,2
C000688__CREDITO_CONSUMO,C000688,Crédito de Consumo,Deuda,11345.20,False,False,False,,2030-03-06,Activo,2025-06-17,2025-09-28,2
C000689__CREDITO_VEHICULAR,C000689,Crédito Vehicular,Deuda,11169.29,False,False,False,,2031-02-17,Activo,2025-01-09,2026-05-06,3
C000689__CREDITO_CONSUMO,C000689,Crédito de Consumo,Deuda,24706.88,False,False,False,,2028-02-13,Activo,2025-02-09,2025-10-20,3
C000690__CREDITO_HIPOTECARIO,C000690,Crédito Hipotecario,Deuda,78319.05,False,False,False,,2031-10-28,Activo,2025-11-17,2025-11-17,1
C000690__TARJETA_CREDITO,C000690,Tarjeta de Crédito,Deuda,1016.20,False,False,False,8100.00,2027-01-18,Activo,2025-01-08,2026-04-26,13
C000691__CREDITO_HIPOTECARIO,C000691,Crédito Hipotecario,Deuda,29256.71,False,False,False,,2028-08-28,Activo,2026-07-08,2026-07-08,1
C000691__TARJETA_CREDITO,C000691,Tarjeta de Crédito,Deuda,582.52,False,False,False,2800.00,2030-02-28,Activo,2025-03-23,2026-08-08,7
C000692__CREDITO_CONSUMO,C000692,Crédito de Consumo,Deuda,7242.69,False,False,False,,2028-09-17,Activo,2025-01-15,2026-03-01,3
C000693__CTA_CORRIENTE,C000693,Cuenta Corriente,Depósito,5488.79,False,False,False,,,Activo,2025-03-07,2026-03-15,3
C000694__CREDITO_HIPOTECARIO,C000694,Crédito Hipotecario,Deuda,72215.80,False,False,False,,2032-07-02,Activo,2025-04-28,2026-06-07,3
C000694__CTA_CORRIENTE,C000694,Cuenta Corriente,Depósito,12442.87,False,False,False,,,Activo,2025-12-08,2025-12-14,2
C000694__TARJETA_CREDITO,C000694,Tarjeta de Crédito,Deuda,4344.56,False,False,True,10500.00,2030-09-19,Activo,2025-01-03,2025-11-21,10
C000695__CREDITO_VEHICULAR,C000695,Crédito Vehicular,Deuda,7962.21,False,False,False,,2032-04-25,Activo,2025-01-16,2025-01-16,1
C000695__CTA_AHORROS,C000695,Cuenta de Ahorros,Depósito,1573.41,False,False,False,,,Activo,2025-02-18,2025-04-21,2
C000696__CTA_CORRIENTE,C000696,Cuenta Corriente,Depósito,2877.72,False,False,False,,,Activo,2025-12-05,2026-02-02,2
C000697__CREDITO_CONSUMO,C000697,Crédito de Consumo,Deuda,12476.91,False,False,False,,2028-08-18,Activo,2025-06-02,2025-06-02,1
C000697__TARJETA_CREDITO,C000697,Tarjeta de Crédito,Deuda,3398.28,False,False,True,4800.00,2027-12-29,Activo,2025-01-13,2026-08-03,13
C000698__CREDITO_VEHICULAR,C000698,Crédito Vehicular,Deuda,9483.33,False,False,False,,2026-10-02,Activo,2025-03-11,2025-03-11,1
C000698__CREDITO_CONSUMO,C000698,Crédito de Consumo,Deuda,12236.10,False,False,False,,2028-12-11,Activo,2025-03-15,2026-05-16,2
C000698__TARJETA_CREDITO,C000698,Tarjeta de Crédito,Deuda,59.44,False,False,False,3600.00,2029-02-19,Activo,2025-06-12,2026-05-16,5
C000699__CREDITO_HIPOTECARIO,C000699,Crédito Hipotecario,Deuda,63440.27,False,False,False,,2028-03-19,Activo,2025-09-16,2026-01-27,2
C000699__TARJETA_CREDITO,C000699,Tarjeta de Crédito,Deuda,475.02,False,False,False,1200.00,2026-12-03,Activo,2025-02-19,2026-05-19,10
C000700__CREDITO_CONSUMO,C000700,Crédito de Consumo,Deuda,6962.80,False,False,False,,2031-08-14,Activo,2025-04-02,2025-08-04,2
C000700__TARJETA_CREDITO,C000700,Tarjeta de Crédito,Deuda,1603.11,False,False,False,2500.00,2027-07-01,Activo,2025-01-01,2026-05-19,14
C000701__TARJETA_CREDITO,C000701,Tarjeta de Crédito,Deuda,121.13,False,False,False,1300.00,2027-01-20,Activo,2025-03-19,2026-06-06,14
C000702__CREDITO_HIPOTECARIO,C000702,Crédito Hipotecario,Deuda,52216.50,False,False,False,,2032-08-25,Activo,2026-01-22,2026-01-22,1
C000702__TARJETA_CREDITO,C000702,Tarjeta de Crédito,Deuda,1833.09,False,False,False,6900.00,2027-11-11,Activo,2025-04-15,2026-07-28,7
C000703__CREDITO_VEHICULAR,C000703,Crédito Vehicular,Deuda,18313.42,False,False,False,,2030-10-24,Activo,2025-10-21,2025-10-21,1
C000703__CREDITO_CONSUMO,C000703,Crédito de Consumo,Deuda,8347.42,False,False,False,,2028-12-13,Activo,2025-05-11,2025-10-21,2
C000703__CTA_AHORROS,C000703,Cuenta de Ahorros,Depósito,8299.31,False,False,False,,,Activo,2025-08-20,2026-06-15,4
C000703__TARJETA_CREDITO,C000703,Tarjeta de Crédito,Deuda,2281.35,False,False,False,9800.00,2026-10-17,Activo,2025-01-05,2026-08-16,14
C000704__CREDITO_HIPOTECARIO,C000704,Crédito Hipotecario,Deuda,75617.66,False,False,False,,2031-11-04,Activo,2025-03-04,2025-03-04,1
C000704__CTA_CORRIENTE,C000704,Cuenta Corriente,Depósito,1501.97,False,False,False,,,Activo,2026-03-11,2026-03-11,1
C000704__TARJETA_CREDITO,C000704,Tarjeta de Crédito,Deuda,907.79,False,False,False,1700.00,2030-01-06,Activo,2025-04-01,2026-07-23,11
C000705__CREDITO_HIPOTECARIO,C000705,Crédito Hipotecario,Deuda,44427.19,False,False,False,,2028-07-04,Activo,2025-02-13,2026-06-05,3
C000705__CREDITO_VEHICULAR,C000705,Crédito Vehicular,Deuda,21532.15,False,False,False,,2029-09-13,Activo,2025-03-24,2026-07-30,3
C000705__TARJETA_CREDITO,C000705,Tarjeta de Crédito,Deuda,345.04,False,False,False,1300.00,2028-05-24,Activo,2025-01-14,2026-05-11,12
C000706__CREDITO_HIPOTECARIO,C000706,Crédito Hipotecario,Deuda,69748.26,False,False,False,,2027-10-23,Activo,2025-02-28,2026-04-17,3
C000706__CREDITO_CONSUMO,C000706,Crédito de Consumo,Deuda,4921.91,False,False,False,,2029-02-17,Activo,2026-03-27,2026-07-04,2
C000706__TARJETA_CREDITO,C000706,Tarjeta de Crédito,Deuda,1259.15,False,False,False,3500.00,2028-03-09,Activo,2025-02-16,2026-06-07,6
C000707__TARJETA_CREDITO,C000707,Tarjeta de Crédito,Deuda,700.90,False,False,False,2500.00,2028-04-25,Activo,2025-03-09,2026-03-28,5
C000708__CREDITO_HIPOTECARIO,C000708,Crédito Hipotecario,Deuda,43130.75,False,False,False,,2026-10-11,Activo,2025-06-08,2026-06-17,3
C000708__CTA_AHORROS,C000708,Cuenta de Ahorros,Depósito,1842.62,False,False,False,,,Activo,2025-07-18,2026-04-17,4
C000708__TARJETA_CREDITO,C000708,Tarjeta de Crédito,Deuda,322.00,False,False,False,900.00,2030-02-04,Activo,2025-01-29,2026-05-08,7
C000709__CREDITO_CONSUMO,C000709,Crédito de Consumo,Deuda,3470.20,False,False,False,,2032-07-31,Activo,2025-08-30,2025-11-11,3
C000709__TARJETA_CREDITO,C000709,Tarjeta de Crédito,Deuda,668.81,False,False,False,1800.00,2028-07-18,Activo,2025-01-03,2026-05-23,13
C000710__CTA_CORRIENTE,C000710,Cuenta Corriente,Depósito,-100.00,False,True,False,,,Activo,2025-06-07,2026-01-04,4
C000710__TARJETA_CREDITO,C000710,Tarjeta de Crédito,Deuda,1734.93,False,False,False,3300.00,2027-02-20,Activo,2025-05-19,2026-06-03,5
C000711__CREDITO_HIPOTECARIO,C000711,Crédito Hipotecario,Deuda,88505.98,False,False,False,,2029-01-07,Activo,2025-01-04,2026-02-02,3
C000711__CREDITO_CONSUMO,C000711,Crédito de Consumo,Deuda,15308.32,False,False,False,,2028-02-07,Activo,2025-01-03,2025-05-15,2
C000711__TARJETA_CREDITO,C000711,Tarjeta de Crédito,Deuda,4938.05,False,False,True,6900.00,2026-10-06,Activo,2025-01-19,2026-02-06,8
C000712__CTA_AHORROS,C000712,Cuenta de Ahorros,Depósito,928.67,False,False,False,,,Activo,2025-01-16,2025-01-16,1
C000712__TARJETA_CREDITO,C000712,Tarjeta de Crédito,Deuda,9.05,False,False,False,1100.00,2029-03-20,Activo,2025-03-04,2026-08-17,12
C000713__CTA_CORRIENTE,C000713,Cuenta Corriente,Depósito,21050.55,False,False,True,,,Activo,2025-03-26,2025-07-21,2
C000714__CREDITO_VEHICULAR,C000714,Crédito Vehicular,Deuda,17039.92,False,False,False,,2031-11-13,Activo,2025-12-25,2026-04-23,2
C000714__CTA_AHORROS,C000714,Cuenta de Ahorros,Depósito,2185.88,False,False,False,,,Activo,2025-01-05,2025-11-07,4
C000714__TARJETA_CREDITO,C000714,Tarjeta de Crédito,Deuda,326.60,False,False,False,1700.00,2027-09-02,Activo,2025-01-27,2026-04-16,8
C000715__CTA_CORRIENTE,C000715,Cuenta Corriente,Depósito,9380.12,False,False,False,,,Activo,2025-06-26,2025-06-26,1
C000715__TARJETA_CREDITO,C000715,Tarjeta de Crédito,Deuda,585.82,False,False,False,3200.00,2030-04-08,Activo,2025-07-25,2026-08-07,14
C000716__CREDITO_HIPOTECARIO,C000716,Crédito Hipotecario,Deuda,83845.58,False,False,False,,2032-06-16,Activo,2025-01-21,2025-11-11,2
C000716__TARJETA_CREDITO,C000716,Tarjeta de Crédito,Deuda,561.02,False,False,False,1400.00,2027-02-05,Activo,2025-03-05,2026-03-01,4
C000717__CREDITO_HIPOTECARIO,C000717,Crédito Hipotecario,Deuda,67073.96,False,False,False,,2032-05-06,Activo,2025-07-11,2025-07-11,1
C000717__CTA_AHORROS,C000717,Cuenta de Ahorros,Depósito,1942.53,False,False,False,,,Activo,2025-02-06,2025-02-06,1
C000717__TARJETA_CREDITO,C000717,Tarjeta de Crédito,Deuda,415.72,False,False,False,1100.00,2028-08-23,Activo,2025-12-07,2026-07-07,5
C000718__CTA_AHORROS,C000718,Cuenta de Ahorros,Depósito,5048.19,False,False,False,,,Activo,2025-02-05,2026-03-15,4
C000718__TARJETA_CREDITO,C000718,Tarjeta de Crédito,Deuda,1217.81,False,False,False,3400.00,2029-12-21,Activo,2025-01-04,2026-08-25,14
C000719__CTA_CORRIENTE,C000719,Cuenta Corriente,Depósito,12258.38,False,False,False,,,Activo,2026-01-26,2026-02-15,2
C000719__TARJETA_CREDITO,C000719,Tarjeta de Crédito,Deuda,1606.53,False,False,False,6100.00,2029-01-20,Activo,2025-01-15,2026-08-21,13
C000720__CTA_CORRIENTE,C000720,Cuenta Corriente,Depósito,712.70,False,False,False,,,Activo,2025-12-29,2026-07-02,3
C000720__TARJETA_CREDITO,C000720,Tarjeta de Crédito,Deuda,503.03,False,False,False,1400.00,2029-03-16,Activo,2025-01-03,2026-07-27,9
C000721__CREDITO_VEHICULAR,C000721,Crédito Vehicular,Deuda,19400.26,False,False,False,,2031-03-21,Activo,2025-03-18,2025-06-22,3
C000721__TARJETA_CREDITO,C000721,Tarjeta de Crédito,Deuda,1720.69,False,False,False,2900.00,2029-03-13,Activo,2025-02-08,2026-03-18,6
C000722__CREDITO_HIPOTECARIO,C000722,Crédito Hipotecario,Deuda,96912.93,False,False,False,,2031-02-19,Activo,2025-05-21,2025-05-21,1
C000722__TARJETA_CREDITO,C000722,Tarjeta de Crédito,Deuda,1879.85,False,False,False,5100.00,2027-12-19,Activo,2025-02-12,2026-08-31,14
C000723__CTA_AHORROS,C000723,Cuenta de Ahorros,Depósito,3329.71,False,False,False,,,Activo,2026-04-23,2026-04-23,1
C000723__TARJETA_CREDITO,C000723,Tarjeta de Crédito,Deuda,1065.30,False,False,False,3400.00,2027-04-17,Activo,2025-01-01,2026-05-24,13
C000724__CREDITO_HIPOTECARIO,C000724,Crédito Hipotecario,Deuda,38738.45,False,False,False,,2032-04-21,Activo,2025-07-27,2026-02-01,2
C000724__CREDITO_CONSUMO,C000724,Crédito de Consumo,Deuda,17349.75,False,False,False,,2027-08-24,Activo,2025-09-19,2026-01-22,2
C000725__CTA_CORRIENTE,C000725,Cuenta Corriente,Depósito,878.68,False,False,False,,,Activo,2026-04-02,2026-07-25,2
C000725__TARJETA_CREDITO,C000725,Tarjeta de Crédito,Deuda,217.98,False,False,False,1400.00,2028-07-19,Activo,2025-01-01,2026-08-07,8
C000726__CREDITO_VEHICULAR,C000726,Crédito Vehicular,Deuda,12364.14,False,False,False,,2028-05-24,Activo,2025-12-28,2026-06-15,3
C000726__CREDITO_CONSUMO,C000726,Crédito de Consumo,Deuda,2450.72,False,False,False,,2031-10-02,Activo,2025-10-07,2025-10-07,1
C000726__TARJETA_CREDITO,C000726,Tarjeta de Crédito,Deuda,348.83,False,False,False,1100.00,2030-05-06,Activo,2025-03-29,2026-07-26,8
C000727__TARJETA_CREDITO,C000727,Tarjeta de Crédito,Deuda,1704.86,False,False,False,3500.00,2027-12-01,Activo,2025-05-04,2026-08-06,5
C000728__CREDITO_VEHICULAR,C000728,Crédito Vehicular,Deuda,21308.20,False,False,False,,2031-09-26,Activo,2025-01-02,2025-01-02,1
C000728__CTA_AHORROS,C000728,Cuenta de Ahorros,Depósito,1498.82,False,False,False,,,Activo,2025-12-08,2026-01-15,2
C000728__TARJETA_CREDITO,C000728,Tarjeta de Crédito,Deuda,397.88,False,False,False,1400.00,2029-07-11,Activo,2025-01-27,2026-03-29,4
C000729__CREDITO_CONSUMO,C000729,Crédito de Consumo,Deuda,987.05,False,False,False,,2030-02-01,Activo,2025-07-17,2025-09-07,2
C000730__CREDITO_HIPOTECARIO,C000730,Crédito Hipotecario,Deuda,71021.69,False,False,False,,2027-09-28,Activo,2025-04-13,2025-04-13,1
C000730__CTA_CORRIENTE,C000730,Cuenta Corriente,Depósito,2477.82,False,False,False,,,Activo,2025-03-12,2026-08-26,4
C000731__CREDITO_CONSUMO,C000731,Crédito de Consumo,Deuda,24547.35,False,False,False,,2028-11-29,Activo,2025-01-24,2026-01-22,3
C000731__TARJETA_CREDITO,C000731,Tarjeta de Crédito,Deuda,1438.25,False,False,False,6000.00,2026-12-09,Activo,2025-04-30,2025-11-04,5
C000732__CREDITO_CONSUMO,C000732,Crédito de Consumo,Deuda,19358.79,False,False,False,,2029-02-17,Activo,2025-06-23,2026-05-10,3
C000732__TARJETA_CREDITO,C000732,Tarjeta de Crédito,Deuda,1212.08,False,False,False,3100.00,2027-05-17,Activo,2025-02-09,2026-06-02,5
C000733__TARJETA_CREDITO,C000733,Tarjeta de Crédito,Deuda,1502.77,False,False,False,2900.00,2028-03-05,Activo,2025-03-10,2026-08-06,7
C000734__CREDITO_HIPOTECARIO,C000734,Crédito Hipotecario,Deuda,81929.87,False,False,False,,2032-04-10,Activo,2025-05-10,2025-05-10,1
C000735__CTA_AHORROS,C000735,Cuenta de Ahorros,Depósito,6494.35,False,False,False,,,Activo,2025-06-26,2026-07-30,4
C000735__TARJETA_CREDITO,C000735,Tarjeta de Crédito,Deuda,997.63,False,False,False,6500.00,2030-01-18,Activo,2025-02-03,2026-08-04,11
C000736__CREDITO_VEHICULAR,C000736,Crédito Vehicular,Deuda,24937.10,False,False,False,,2030-03-06,Activo,2025-03-05,2026-06-17,3
C000736__CREDITO_CONSUMO,C000736,Crédito de Consumo,Deuda,1803.46,False,False,False,,2029-08-15,Activo,2026-08-30,2026-08-30,1
C000736__TARJETA_CREDITO,C000736,Tarjeta de Crédito,Deuda,323.76,False,False,False,1500.00,2028-03-29,Activo,2025-02-04,2025-11-24,4
C000737__CTA_CORRIENTE,C000737,Cuenta Corriente,Depósito,1535.98,False,False,False,,,Activo,2025-03-01,2025-05-30,4
C000738__CREDITO_HIPOTECARIO,C000738,Crédito Hipotecario,Deuda,82503.82,False,False,False,,2031-04-21,Activo,2025-05-19,2026-02-26,3
C000738__TARJETA_CREDITO,C000738,Tarjeta de Crédito,Deuda,73.74,False,False,False,1200.00,2030-09-17,Activo,2025-01-24,2026-05-29,13
C000739__CTA_CORRIENTE,C000739,Cuenta Corriente,Depósito,12439.45,False,False,False,,,Activo,2025-03-03,2026-06-22,3
C000739__CTA_AHORROS,C000739,Cuenta de Ahorros,Depósito,12593.74,False,False,True,,,Activo,2025-06-08,2025-06-08,1
C000739__TARJETA_CREDITO,C000739,Tarjeta de Crédito,Deuda,1899.51,False,False,False,9000.00,2028-06-20,Activo,2025-05-22,2026-05-18,5
C000740__CREDITO_VEHICULAR,C000740,Crédito Vehicular,Deuda,30713.44,False,False,False,,2027-01-05,Activo,2025-05-10,2026-02-14,3
C000740__CTA_CORRIENTE,C000740,Cuenta Corriente,Depósito,-100.00,False,True,False,,,Activo,2025-07-08,2026-08-29,4
C000741__CREDITO_CONSUMO,C000741,Crédito de Consumo,Deuda,14838.88,False,False,False,,2031-04-08,Activo,2025-08-11,2025-08-11,1
C000741__CTA_CORRIENTE,C000741,Cuenta Corriente,Depósito,-100.00,False,True,False,,,Activo,2025-02-18,2025-12-31,4
C000742__CREDITO_VEHICULAR,C000742,Crédito Vehicular,Deuda,26175.46,False,False,False,,2029-01-23,Activo,2025-03-12,2026-04-18,2
C000742__CTA_CORRIENTE,C000742,Cuenta Corriente,Depósito,-100.00,False,True,False,,,Activo,2026-01-01,2026-01-01,1
C000742__TARJETA_CREDITO,C000742,Tarjeta de Crédito,Deuda,1428.46,False,False,False,2600.00,2027-03-10,Activo,2025-08-26,2026-07-05,8
C000743__TARJETA_CREDITO,C000743,Tarjeta de Crédito,Deuda,436.30,False,False,False,1500.00,2029-07-24,Activo,2025-01-28,2026-06-17,13
C000744__CREDITO_HIPOTECARIO,C000744,Crédito Hipotecario,Deuda,79410.68,False,False,False,,2027-12-03,Activo,2026-04-26,2026-06-29,2
C000744__CREDITO_VEHICULAR,C000744,Crédito Vehicular,Deuda,14889.21,False,False,False,,2027-05-03,Activo,2025-06-16,2026-01-10,2
C000744__TARJETA_CREDITO,C000744,Tarjeta de Crédito,Deuda,663.07,False,False,False,1300.00,2027-07-31,Activo,2025-01-25,2026-08-05,8
C000745__CREDITO_VEHICULAR,C000745,Crédito Vehicular,Deuda,30300.18,False,False,False,,2027-01-20,Activo,2025-06-24,2025-06-24,1
C000746__TARJETA_CREDITO,C000746,Tarjeta de Crédito,Deuda,1374.77,False,False,False,6000.00,2028-10-25,Activo,2025-06-18,2026-08-28,11
C000747__CREDITO_HIPOTECARIO,C000747,Crédito Hipotecario,Deuda,49306.45,False,False,False,,2029-11-15,Activo,2025-06-23,2025-06-23,1
C000747__TARJETA_CREDITO,C000747,Tarjeta de Crédito,Deuda,1098.40,False,False,False,4100.00,2028-10-05,Activo,2025-02-05,2026-04-26,9
C000748__CREDITO_CONSUMO,C000748,Crédito de Consumo,Deuda,4814.10,False,False,False,,2027-07-19,Activo,2025-03-20,2025-03-20,1
C000748__TARJETA_CREDITO,C000748,Tarjeta de Crédito,Deuda,1032.66,False,False,False,2200.00,2030-09-11,Activo,2025-05-14,2026-04-11,6
C000749__CREDITO_VEHICULAR,C000749,Crédito Vehicular,Deuda,10480.65,False,False,False,,2027-01-05,Activo,2025-01-23,2026-01-14,3
C000749__CREDITO_CONSUMO,C000749,Crédito de Consumo,Deuda,9355.45,False,False,False,,2029-01-04,Activo,2025-01-06,2026-02-23,3
C000749__CTA_CORRIENTE,C000749,Cuenta Corriente,Depósito,12362.16,False,False,False,,,Activo,2025-07-10,2025-07-10,1
C000749__TARJETA_CREDITO,C000749,Tarjeta de Crédito,Deuda,2613.57,False,False,False,7500.00,2028-01-09,Activo,2025-09-10,2026-08-16,7
C000750__CTA_AHORROS,C000750,Cuenta de Ahorros,Depósito,2865.38,False,False,False,,,Activo,2025-07-01,2025-08-25,2
C000750__TARJETA_CREDITO,C000750,Tarjeta de Crédito,Deuda,1407.77,False,False,False,3900.00,2027-06-03,Activo,2025-02-21,2026-05-11,6
C000751__CTA_AHORROS,C000751,Cuenta de Ahorros,Depósito,484.99,False,False,False,,,Activo,2025-12-16,2025-12-16,1
C000751__TARJETA_CREDITO,C000751,Tarjeta de Crédito,Deuda,249.95,False,False,False,1100.00,2027-07-18,Activo,2025-03-29,2026-08-28,14
C000752__CTA_CORRIENTE,C000752,Cuenta Corriente,Depósito,1098.40,False,False,False,,,Activo,2026-06-03,2026-07-27,3
C000752__TARJETA_CREDITO,C000752,Tarjeta de Crédito,Deuda,200.30,False,False,False,700.00,2028-06-20,Activo,2025-03-08,2025-12-23,7
C000753__CREDITO_VEHICULAR,C000753,Crédito Vehicular,Deuda,23445.06,False,False,False,,2032-07-07,Activo,2026-03-14,2026-03-14,1
C000753__CTA_CORRIENTE,C000753,Cuenta Corriente,Depósito,4261.48,False,False,False,,,Activo,2026-08-01,2026-08-01,1
C000753__TARJETA_CREDITO,C000753,Tarjeta de Crédito,Deuda,513.36,False,False,False,2000.00,2027-04-22,Activo,2025-01-05,2026-06-14,8
C000754__CREDITO_HIPOTECARIO,C000754,Crédito Hipotecario,Deuda,75432.49,False,False,False,,2031-02-21,Activo,2025-10-04,2026-08-13,3
C000754__CREDITO_CONSUMO,C000754,Crédito de Consumo,Deuda,3283.70,False,False,False,,2028-01-23,Activo,2025-05-04,2025-12-19,3
C000754__TARJETA_CREDITO,C000754,Tarjeta de Crédito,Deuda,845.89,False,False,False,2500.00,2026-09-18,Activo,2025-02-27,2026-08-16,8
C000755__CREDITO_CONSUMO,C000755,Crédito de Consumo,Deuda,31168.53,False,False,True,,2032-08-05,Activo,2025-05-12,2026-07-06,3
C000755__CTA_AHORROS,C000755,Cuenta de Ahorros,Depósito,11511.48,False,False,False,,,Activo,2025-02-18,2025-12-22,3
C000755__TARJETA_CREDITO,C000755,Tarjeta de Crédito,Deuda,6179.18,False,False,True,10800.00,2029-04-18,Activo,2025-05-31,2026-06-18,6
C000756__CTA_CORRIENTE,C000756,Cuenta Corriente,Depósito,-100.00,False,True,False,,,Activo,2025-01-01,2026-08-08,4
C000756__TARJETA_CREDITO,C000756,Tarjeta de Crédito,Deuda,384.92,False,False,False,800.00,2027-04-05,Activo,2025-04-06,2026-07-29,13
C000757__CTA_CORRIENTE,C000757,Cuenta Corriente,Depósito,-97.31,False,True,False,,,Activo,2025-04-13,2026-06-29,4
C000757__CTA_AHORROS,C000757,Cuenta de Ahorros,Depósito,1483.07,False,False,False,,,Activo,2025-07-12,2026-06-18,4
C000758__CREDITO_VEHICULAR,C000758,Crédito Vehicular,Deuda,25664.55,False,False,False,,2030-09-27,Activo,2025-11-21,2026-01-02,2
C000758__CREDITO_CONSUMO,C000758,Crédito de Consumo,Deuda,6829.13,False,False,False,,2029-10-12,Activo,2025-03-07,2026-04-08,3
C000758__CTA_AHORROS,C000758,Cuenta de Ahorros,Depósito,1590.48,False,False,False,,,Activo,2025-01-18,2025-09-26,4
C000759__CREDITO_VEHICULAR,C000759,Crédito Vehicular,Deuda,12263.22,False,False,False,,2030-11-04,Activo,2025-05-22,2026-01-21,2
C000759__TARJETA_CREDITO,C000759,Tarjeta de Crédito,Deuda,183.75,False,False,False,1800.00,2028-01-11,Activo,2025-02-27,2026-06-27,13
C000760__CREDITO_HIPOTECARIO,C000760,Crédito Hipotecario,Deuda,80592.08,False,False,False,,2030-08-24,Activo,2025-07-01,2026-01-12,3
C000760__CREDITO_VEHICULAR,C000760,Crédito Vehicular,Deuda,18575.15,False,False,False,,2028-08-03,Activo,2025-04-12,2025-10-20,2
C000760__CTA_CORRIENTE,C000760,Cuenta Corriente,Depósito,14946.87,False,False,True,,,Activo,2026-08-17,2026-08-17,1
C000760__TARJETA_CREDITO,C000760,Tarjeta de Crédito,Deuda,2407.30,False,False,False,8900.00,2026-11-22,Activo,2025-02-17,2026-08-04,13
C000761__CREDITO_HIPOTECARIO,C000761,Crédito Hipotecario,Deuda,70286.12,False,False,False,,2028-04-03,Activo,2025-04-09,2026-01-23,2
C000762__CREDITO_VEHICULAR,C000762,Crédito Vehicular,Deuda,28409.59,False,False,False,,2030-01-14,Activo,2025-03-10,2025-12-23,3
C000762__CTA_CORRIENTE,C000762,Cuenta Corriente,Depósito,1560.99,False,False,False,,,Activo,2025-08-21,2026-07-14,2
C000763__CTA_AHORROS,C000763,Cuenta de Ahorros,Depósito,7360.65,False,False,False,,,Activo,2025-03-09,2025-03-09,1
C000763__TARJETA_CREDITO,C000763,Tarjeta de Crédito,Deuda,1230.61,False,False,False,5000.00,2028-02-08,Activo,2025-01-27,2025-11-19,5
C000764__CTA_AHORROS,C000764,Cuenta de Ahorros,Depósito,2247.47,False,False,False,,,Activo,2025-04-02,2026-02-21,3
C000765__CREDITO_HIPOTECARIO,C000765,Crédito Hipotecario,Deuda,109625.16,False,False,False,,2028-12-29,Activo,2026-05-04,2026-05-04,1
C000765__CTA_AHORROS,C000765,Cuenta de Ahorros,Depósito,4146.53,False,False,False,,,Activo,2025-07-19,2026-08-21,4
C000765__TARJETA_CREDITO,C000765,Tarjeta de Crédito,Deuda,918.68,False,False,False,2000.00,2028-10-12,Activo,2025-01-31,2026-08-25,11
C000766__CREDITO_VEHICULAR,C000766,Crédito Vehicular,Deuda,18138.10,False,False,False,,2028-07-16,Activo,2025-07-26,2025-07-26,1
C000766__CREDITO_CONSUMO,C000766,Crédito de Consumo,Deuda,20288.00,False,False,False,,2027-09-28,Activo,2025-03-31,2026-04-30,3
C000766__TARJETA_CREDITO,C000766,Tarjeta de Crédito,Deuda,1368.30,False,False,False,4800.00,2029-03-09,Activo,2025-02-11,2026-04-22,4
C000767__CREDITO_CONSUMO,C000767,Crédito de Consumo,Deuda,1693.20,False,False,False,,2027-02-18,Activo,2025-05-25,2025-12-15,2
C000767__TARJETA_CREDITO,C000767,Tarjeta de Crédito,Deuda,807.64,False,False,False,2100.00,2026-10-16,Activo,2025-02-14,2026-08-17,14
C000768__CTA_CORRIENTE,C000768,Cuenta Corriente,Depósito,3313.49,False,False,False,,,Activo,2025-01-01,2026-06-27,4
C000768__CTA_AHORROS,C000768,Cuenta de Ahorros,Depósito,7500.60,False,False,False,,,Activo,2025-07-03,2026-07-14,4
C000768__TARJETA_CREDITO,C000768,Tarjeta de Crédito,Deuda,878.80,False,False,False,2200.00,2028-01-01,Activo,2025-01-18,2026-06-08,13
C000769__CREDITO_HIPOTECARIO,C000769,Crédito Hipotecario,Deuda,32147.83,False,False,False,,2027-10-18,Activo,2025-05-03,2025-10-04,3
C000769__CREDITO_VEHICULAR,C000769,Crédito Vehicular,Deuda,24183.85,False,False,False,,2029-12-12,Activo,2025-01-03,2025-01-03,1
C000769__TARJETA_CREDITO,C000769,Tarjeta de Crédito,Deuda,214.63,False,False,False,1300.00,2030-05-25,Activo,2025-01-30,2026-04-16,13
C000770__CREDITO_VEHICULAR,C000770,Crédito Vehicular,Deuda,10812.26,False,False,False,,2031-04-19,Activo,2025-02-27,2026-07-02,2
C000770__TARJETA_CREDITO,C000770,Tarjeta de Crédito,Deuda,2831.21,False,False,False,8900.00,2027-07-07,Activo,2025-02-07,2026-07-16,11
C000771__CTA_AHORROS,C000771,Cuenta de Ahorros,Depósito,11572.96,False,False,False,,,Activo,2025-07-31,2025-07-31,1
C000771__TARJETA_CREDITO,C000771,Tarjeta de Crédito,Deuda,2089.91,False,False,False,4800.00,2028-04-15,Activo,2025-02-14,2026-01-11,6
C000772__CREDITO_HIPOTECARIO,C000772,Crédito Hipotecario,Deuda,93393.87,False,False,False,,2030-08-06,Activo,2026-08-03,2026-08-03,1
C000772__CREDITO_VEHICULAR,C000772,Crédito Vehicular,Deuda,14760.78,False,False,False,,2029-03-28,Activo,2025-04-22,2025-04-22,1
C000772__CREDITO_CONSUMO,C000772,Crédito de Consumo,Deuda,13626.22,False,False,False,,2028-10-28,Activo,2025-04-09,2025-04-09,1
C000773__CREDITO_VEHICULAR,C000773,Crédito Vehicular,Deuda,28480.55,False,False,False,,2031-05-31,Activo,2025-01-28,2026-06-24,3
C000773__CTA_AHORROS,C000773,Cuenta de Ahorros,Depósito,3133.15,False,False,False,,,Activo,2025-09-27,2026-03-14,2
C000774__CTA_CORRIENTE,C000774,Cuenta Corriente,Depósito,4448.72,False,False,False,,,Activo,2025-11-07,2025-11-07,1
C000774__TARJETA_CREDITO,C000774,Tarjeta de Crédito,Deuda,433.05,False,False,False,2200.00,2029-05-20,Activo,2025-04-19,2026-07-31,9
C000775__CTA_AHORROS,C000775,Cuenta de Ahorros,Depósito,1321.61,False,False,False,,,Activo,2025-06-23,2025-06-23,1
C000775__TARJETA_CREDITO,C000775,Tarjeta de Crédito,Deuda,491.59,False,False,False,1200.00,2030-09-09,Activo,2025-01-04,2026-06-21,13
C000776__CREDITO_HIPOTECARIO,C000776,Crédito Hipotecario,Deuda,39287.72,False,False,False,,2031-08-23,Activo,2025-03-08,2026-06-15,3
C000776__CREDITO_VEHICULAR,C000776,Crédito Vehicular,Deuda,17120.98,False,False,False,,2031-07-10,Activo,2025-07-03,2025-07-03,1
C000776__CTA_AHORROS,C000776,Cuenta de Ahorros,Depósito,12020.29,False,False,False,,,Activo,2025-04-25,2026-08-03,4
C000777__CREDITO_VEHICULAR,C000777,Crédito Vehicular,Deuda,19382.35,False,False,False,,2032-03-08,Activo,2025-06-09,2025-06-09,1
C000777__CREDITO_CONSUMO,C000777,Crédito de Consumo,Deuda,26448.95,False,False,False,,2030-06-04,Activo,2025-09-29,2025-11-25,2
C000777__CTA_AHORROS,C000777,Cuenta de Ahorros,Depósito,11912.52,False,False,False,,,Activo,2025-05-01,2026-04-07,4
C000777__TARJETA_CREDITO,C000777,Tarjeta de Crédito,Deuda,2052.19,False,False,False,5300.00,2028-05-25,Activo,2025-03-13,2026-05-16,13
C000778__TARJETA_CREDITO,C000778,Tarjeta de Crédito,Deuda,1055.18,False,False,False,1500.00,2030-04-01,Activo,2025-01-31,2026-07-31,8
C000779__CREDITO_HIPOTECARIO,C000779,Crédito Hipotecario,Deuda,47079.48,False,False,False,,2027-12-17,Activo,2025-08-05,2026-01-25,3
C000779__CTA_AHORROS,C000779,Cuenta de Ahorros,Depósito,1529.71,False,False,False,,,Activo,2025-04-28,2025-04-28,1
C000780__CTA_AHORROS,C000780,Cuenta de Ahorros,Depósito,2646.94,False,False,False,,,Activo,2025-05-21,2026-03-26,4
C000780__TARJETA_CREDITO,C000780,Tarjeta de Crédito,Deuda,727.21,False,False,False,1900.00,2030-02-03,Activo,2025-01-16,2026-05-03,12
C000781__TARJETA_CREDITO,C000781,Tarjeta de Crédito,Deuda,2067.79,False,False,False,8100.00,2029-11-13,Activo,2025-02-02,2026-08-27,12
C000782__CREDITO_VEHICULAR,C000782,Crédito Vehicular,Deuda,16484.26,False,False,False,,2032-01-31,Activo,2026-04-14,2026-04-14,1
C000782__TARJETA_CREDITO,C000782,Tarjeta de Crédito,Deuda,725.56,False,False,False,1000.00,2027-12-01,Activo,2025-04-16,2026-08-28,9
C000783__CTA_AHORROS,C000783,Cuenta de Ahorros,Depósito,8211.99,False,False,False,,,Activo,2026-03-07,2026-03-07,1
C000783__TARJETA_CREDITO,C000783,Tarjeta de Crédito,Deuda,2853.63,False,False,False,5700.00,2028-11-29,Activo,2025-01-11,2026-04-10,14
C000784__CREDITO_HIPOTECARIO,C000784,Crédito Hipotecario,Deuda,60278.69,False,False,False,,2029-10-19,Activo,2025-09-24,2025-09-24,1
C000784__CTA_AHORROS,C000784,Cuenta de Ahorros,Depósito,8298.39,False,False,False,,,Activo,2025-09-10,2026-03-13,4
C000784__TARJETA_CREDITO,C000784,Tarjeta de Crédito,Deuda,748.20,False,False,False,3000.00,2028-06-28,Activo,2025-03-25,2026-08-30,13
C000785__CTA_CORRIENTE,C000785,Cuenta Corriente,Depósito,900.82,False,False,False,,,Activo,2025-06-23,2026-07-02,4
C000785__TARJETA_CREDITO,C000785,Tarjeta de Crédito,Deuda,872.83,False,False,False,1800.00,2028-01-08,Activo,2025-01-25,2026-07-13,9
C000786__CREDITO_CONSUMO,C000786,Crédito de Consumo,Deuda,17491.21,False,False,False,,2032-05-05,Activo,2025-02-20,2026-01-20,3
C000786__CTA_AHORROS,C000786,Cuenta de Ahorros,Depósito,12248.38,False,False,False,,,Activo,2025-02-13,2026-03-08,4
C000786__TARJETA_CREDITO,C000786,Tarjeta de Crédito,Deuda,1824.38,False,False,False,11100.00,2027-03-29,Activo,2025-02-24,2026-07-27,4
C000787__CREDITO_HIPOTECARIO,C000787,Crédito Hipotecario,Deuda,584.37,False,False,True,,2030-09-02,Activo,2025-12-31,2026-08-18,3
C000787__CREDITO_VEHICULAR,C000787,Crédito Vehicular,Deuda,12307.54,False,False,False,,2027-11-10,Activo,2025-03-30,2025-10-28,2
C000787__TARJETA_CREDITO,C000787,Tarjeta de Crédito,Deuda,0.00,False,False,False,1400.00,2030-01-04,Activo,2025-02-20,2026-02-06,6
C000788__CREDITO_HIPOTECARIO,C000788,Crédito Hipotecario,Deuda,60855.94,False,False,False,,2029-01-21,Activo,2026-02-12,2026-08-05,3
C000788__CTA_AHORROS,C000788,Cuenta de Ahorros,Depósito,11758.27,False,False,False,,,Activo,2025-11-05,2026-08-28,2
C000788__TARJETA_CREDITO,C000788,Tarjeta de Crédito,Deuda,3181.07,False,False,False,5200.00,2027-10-22,Activo,2025-03-09,2026-08-14,9
C000789__CREDITO_HIPOTECARIO,C000789,Crédito Hipotecario,Deuda,114311.19,False,False,False,,2032-04-19,Activo,2026-05-23,2026-05-23,1
C000789__TARJETA_CREDITO,C000789,Tarjeta de Crédito,Deuda,3043.36,False,False,False,5600.00,2027-06-16,Activo,2025-08-19,2025-12-26,5
C000790__CREDITO_CONSUMO,C000790,Crédito de Consumo,Deuda,3218.29,False,False,False,,2031-12-10,Activo,2025-07-02,2025-07-02,1
C000790__TARJETA_CREDITO,C000790,Tarjeta de Crédito,Deuda,1500.09,False,False,False,2100.00,2030-05-20,Activo,2025-01-08,2026-08-01,13
C000791__CREDITO_HIPOTECARIO,C000791,Crédito Hipotecario,Deuda,96329.36,False,False,False,,2030-04-14,Activo,2025-10-21,2026-03-31,2
C000791__TARJETA_CREDITO,C000791,Tarjeta de Crédito,Deuda,266.47,False,False,False,800.00,2029-01-31,Activo,2025-07-01,2026-05-08,10
C000792__CTA_CORRIENTE,C000792,Cuenta Corriente,Depósito,10964.81,False,False,False,,,Activo,2025-01-22,2026-02-07,4
C000792__TARJETA_CREDITO,C000792,Tarjeta de Crédito,Deuda,556.26,False,False,False,6500.00,2026-11-06,Activo,2025-02-27,2026-08-11,10
C000793__CREDITO_VEHICULAR,C000793,Crédito Vehicular,Deuda,18244.15,False,False,False,,2030-09-23,Activo,2025-01-09,2026-08-26,3
C000793__CREDITO_CONSUMO,C000793,Crédito de Consumo,Deuda,5362.44,False,False,False,,2030-02-06,Activo,2026-06-05,2026-06-05,1
C000793__TARJETA_CREDITO,C000793,Tarjeta de Crédito,Deuda,674.77,False,False,False,2300.00,2030-08-14,Activo,2025-03-04,2026-05-15,8
C000794__CREDITO_HIPOTECARIO,C000794,Crédito Hipotecario,Deuda,95798.87,False,False,False,,2027-07-16,Activo,2025-02-08,2025-02-08,1
C000794__CREDITO_VEHICULAR,C000794,Crédito Vehicular,Deuda,22514.45,False,False,False,,2026-10-27,Activo,2025-01-26,2025-01-26,1
C000795__CREDITO_VEHICULAR,C000795,Crédito Vehicular,Deuda,3839.13,False,False,False,,2029-08-24,Activo,2025-11-23,2026-03-23,2
C000795__CTA_CORRIENTE,C000795,Cuenta Corriente,Depósito,9554.81,False,False,False,,,Activo,2025-03-27,2026-07-03,3
C000796__CREDITO_HIPOTECARIO,C000796,Crédito Hipotecario,Deuda,85631.17,False,False,False,,2027-06-24,Activo,2026-03-18,2026-03-18,1
C000796__CTA_CORRIENTE,C000796,Cuenta Corriente,Depósito,4010.37,False,False,False,,,Activo,2025-02-12,2026-08-21,4
C000797__CREDITO_VEHICULAR,C000797,Crédito Vehicular,Deuda,16144.09,False,False,False,,2028-11-20,Activo,2026-01-20,2026-01-20,1
C000797__CTA_AHORROS,C000797,Cuenta de Ahorros,Depósito,-100.00,False,True,False,,,Activo,2025-03-12,2025-05-16,2
C000797__TARJETA_CREDITO,C000797,Tarjeta de Crédito,Deuda,358.66,False,False,False,3400.00,2029-08-14,Activo,2025-02-18,2026-08-18,13
C000798__CREDITO_HIPOTECARIO,C000798,Crédito Hipotecario,Deuda,32271.25,False,False,False,,2030-06-28,Activo,2025-02-11,2026-08-13,3
C000798__TARJETA_CREDITO,C000798,Tarjeta de Crédito,Deuda,30.81,False,False,False,1500.00,2029-06-04,Activo,2025-01-14,2026-08-21,12
C000799__CTA_AHORROS,C000799,Cuenta de Ahorros,Depósito,1248.57,False,False,False,,,Activo,2026-04-10,2026-07-28,3
C000800__CREDITO_VEHICULAR,C000800,Crédito Vehicular,Deuda,17418.30,False,False,False,,2032-03-10,Activo,2025-10-24,2026-08-15,3
C000800__CTA_AHORROS,C000800,Cuenta de Ahorros,Depósito,1400.29,False,False,False,,,Activo,2025-04-06,2026-02-21,3
C000800__TARJETA_CREDITO,C000800,Tarjeta de Crédito,Deuda,286.91,False,False,False,600.00,2027-07-02,Activo,2025-02-16,2026-07-16,10
C000801__CREDITO_CONSUMO,C000801,Crédito de Consumo,Deuda,3500.90,False,False,False,,2028-07-19,Activo,2025-12-21,2025-12-21,1
C000801__TARJETA_CREDITO,C000801,Tarjeta de Crédito,Deuda,0.00,False,False,False,2200.00,2029-08-21,Activo,2025-02-26,2026-05-23,8
C000802__CREDITO_CONSUMO,C000802,Crédito de Consumo,Deuda,16746.62,False,False,False,,2030-10-12,Activo,2025-04-08,2025-04-22,2
C000802__CTA_CORRIENTE,C000802,Cuenta Corriente,Depósito,5037.42,False,False,False,,,Activo,2026-07-02,2026-07-02,1
C000802__CTA_AHORROS,C000802,Cuenta de Ahorros,Depósito,8767.52,False,False,False,,,Activo,2026-01-27,2026-01-27,1
C000802__TARJETA_CREDITO,C000802,Tarjeta de Crédito,Deuda,3506.96,False,False,True,6800.00,2029-05-13,Activo,2025-01-06,2026-08-20,7
C000803__CREDITO_HIPOTECARIO,C000803,Crédito Hipotecario,Deuda,77487.86,False,False,False,,2026-10-29,Activo,2025-01-03,2025-05-08,2
C000803__CREDITO_VEHICULAR,C000803,Crédito Vehicular,Deuda,23412.75,False,False,False,,2031-01-25,Activo,2025-08-30,2025-09-14,2
C000803__CTA_AHORROS,C000803,Cuenta de Ahorros,Depósito,535.03,False,False,False,,,Activo,2025-01-30,2026-01-22,4
C000803__TARJETA_CREDITO,C000803,Tarjeta de Crédito,Deuda,223.63,False,False,False,1300.00,2027-08-22,Activo,2025-02-19,2026-05-24,7
C000804__CTA_CORRIENTE,C000804,Cuenta Corriente,Depósito,6690.07,False,False,False,,,Activo,2025-03-12,2026-03-21,4
C000804__CTA_AHORROS,C000804,Cuenta de Ahorros,Depósito,5050.66,False,False,False,,,Activo,2025-06-27,2026-01-05,2
C000805__TARJETA_CREDITO,C000805,Tarjeta de Crédito,Deuda,301.39,False,False,False,2600.00,2029-09-21,Activo,2025-03-22,2026-06-17,14
C000806__CTA_CORRIENTE,C000806,Cuenta Corriente,Depósito,5554.04,False,False,False,,,Activo,2025-01-18,2026-03-02,3
C000806__TARJETA_CREDITO,C000806,Tarjeta de Crédito,Deuda,553.83,False,False,False,2000.00,2026-10-27,Activo,2025-05-11,2026-07-23,6
C000807__CREDITO_HIPOTECARIO,C000807,Crédito Hipotecario,Deuda,62237.30,False,False,False,,2027-03-16,Activo,2025-07-16,2025-07-16,1
C000807__CTA_CORRIENTE,C000807,Cuenta Corriente,Depósito,3531.50,False,False,False,,,Activo,2025-06-29,2026-02-07,3
C000807__TARJETA_CREDITO,C000807,Tarjeta de Crédito,Deuda,1864.78,False,False,False,4100.00,2029-11-11,Activo,2025-03-30,2026-08-21,7
C000808__CREDITO_CONSUMO,C000808,Crédito de Consumo,Deuda,3364.49,False,False,False,,2028-07-23,Activo,2025-03-02,2025-03-02,1
C000808__TARJETA_CREDITO,C000808,Tarjeta de Crédito,Deuda,752.24,False,False,False,1200.00,2030-05-28,Activo,2025-01-09,2026-04-09,5
C000809__CREDITO_VEHICULAR,C000809,Crédito Vehicular,Deuda,22446.80,False,False,False,,2029-11-06,Activo,2026-01-12,2026-01-12,1
C000809__CREDITO_CONSUMO,C000809,Crédito de Consumo,Deuda,26907.30,False,False,False,,2031-09-02,Activo,2025-03-09,2025-07-29,2
C000809__TARJETA_CREDITO,C000809,Tarjeta de Crédito,Deuda,3993.40,False,False,True,9600.00,2027-07-07,Activo,2025-01-06,2026-08-22,11
C000810__CREDITO_HIPOTECARIO,C000810,Crédito Hipotecario,Deuda,108319.95,False,False,False,,2032-05-22,Activo,2025-01-20,2025-01-20,1
C000810__CTA_CORRIENTE,C000810,Cuenta Corriente,Depósito,-100.00,False,True,False,,,Activo,2025-06-19,2025-06-19,1
C000810__TARJETA_CREDITO,C000810,Tarjeta de Crédito,Deuda,814.09,False,False,False,2300.00,2028-02-29,Activo,2025-09-10,2026-07-04,6
C000811__CTA_CORRIENTE,C000811,Cuenta Corriente,Depósito,-100.00,False,True,False,,,Activo,2025-03-10,2025-10-06,4
C000811__TARJETA_CREDITO,C000811,Tarjeta de Crédito,Deuda,1315.97,False,False,False,2100.00,2027-03-22,Activo,2025-01-19,2026-06-12,13
C000812__CTA_AHORROS,C000812,Cuenta de Ahorros,Depósito,1697.22,False,False,False,,,Activo,2026-01-25,2026-02-11,2
C000813__TARJETA_CREDITO,C000813,Tarjeta de Crédito,Deuda,1319.24,False,False,False,1800.00,2029-07-25,Activo,2025-03-13,2026-08-21,14
C000814__CREDITO_CONSUMO,C000814,Crédito de Consumo,Deuda,421.01,False,False,False,,2028-04-22,Activo,2026-06-25,2026-06-25,1
C000814__TARJETA_CREDITO,C000814,Tarjeta de Crédito,Deuda,189.61,False,False,False,2200.00,2030-08-24,Activo,2025-05-23,2026-07-09,5
C000815__CREDITO_VEHICULAR,C000815,Crédito Vehicular,Deuda,21484.53,False,False,False,,2031-01-17,Activo,2025-09-19,2025-12-03,2
C000816__CREDITO_VEHICULAR,C000816,Crédito Vehicular,Deuda,15567.04,False,False,False,,2032-06-02,Activo,2025-06-27,2026-06-11,3
C000816__TARJETA_CREDITO,C000816,Tarjeta de Crédito,Deuda,1075.91,False,False,False,4100.00,2026-09-25,Activo,2025-01-02,2026-03-25,12
C000817__CREDITO_CONSUMO,C000817,Crédito de Consumo,Deuda,19702.95,False,False,False,,2028-11-17,Activo,2025-03-02,2025-03-02,1
C000817__CTA_AHORROS,C000817,Cuenta de Ahorros,Depósito,21762.01,False,False,True,,,Activo,2025-05-02,2026-06-14,4
C000817__TARJETA_CREDITO,C000817,Tarjeta de Crédito,Deuda,4555.89,False,False,True,8200.00,2027-01-14,Activo,2025-04-14,2026-08-30,6
C000818__CREDITO_VEHICULAR,C000818,Crédito Vehicular,Deuda,21612.60,False,False,False,,2032-09-04,Activo,2026-04-16,2026-07-23,3
C000818__TARJETA_CREDITO,C000818,Tarjeta de Crédito,Deuda,451.86,False,False,False,1100.00,2029-09-09,Activo,2025-01-17,2025-11-11,7
C000819__TARJETA_CREDITO,C000819,Tarjeta de Crédito,Deuda,1055.84,False,False,False,4500.00,2029-03-11,Activo,2025-03-11,2026-08-11,10
C000820__CREDITO_HIPOTECARIO,C000820,Crédito Hipotecario,Deuda,53230.07,False,False,False,,2029-03-01,Activo,2025-02-22,2026-06-10,2
C000820__TARJETA_CREDITO,C000820,Tarjeta de Crédito,Deuda,522.93,False,False,False,1000.00,2026-12-05,Activo,2025-01-19,2026-07-03,9
C000821__CREDITO_VEHICULAR,C000821,Crédito Vehicular,Deuda,18813.25,False,False,False,,2029-03-08,Activo,2026-08-02,2026-08-02,1
C000821__CREDITO_CONSUMO,C000821,Crédito de Consumo,Deuda,36779.58,False,False,True,,2026-10-31,Activo,2025-09-11,2025-09-11,1
C000821__CTA_CORRIENTE,C000821,Cuenta Corriente,Depósito,9537.55,False,False,False,,,Activo,2025-01-04,2025-05-07,2
C000821__TARJETA_CREDITO,C000821,Tarjeta de Crédito,Deuda,1497.35,False,False,False,14000.00,2030-05-22,Activo,2025-01-01,2026-08-13,13
C000822__CREDITO_VEHICULAR,C000822,Crédito Vehicular,Deuda,17489.97,False,False,False,,2031-01-26,Activo,2026-01-12,2026-06-13,2
C000822__TARJETA_CREDITO,C000822,Tarjeta de Crédito,Deuda,0.00,False,False,False,2100.00,2029-12-04,Activo,2025-03-18,2026-08-14,5
C000823__CREDITO_HIPOTECARIO,C000823,Crédito Hipotecario,Deuda,112828.90,False,False,False,,2029-07-16,Activo,2025-03-06,2025-03-06,1
C000823__TARJETA_CREDITO,C000823,Tarjeta de Crédito,Deuda,1138.65,False,False,False,1500.00,2028-07-06,Activo,2025-02-04,2026-08-28,8
C000824__CREDITO_HIPOTECARIO,C000824,Crédito Hipotecario,Deuda,54819.87,False,False,False,,2028-07-02,Activo,2025-07-11,2026-01-17,2
C000824__CTA_CORRIENTE,C000824,Cuenta Corriente,Depósito,10907.59,False,False,False,,,Activo,2026-04-07,2026-04-07,1
C000824__CTA_AHORROS,C000824,Cuenta de Ahorros,Depósito,-100.00,False,True,False,,,Activo,2025-11-25,2026-08-01,2
C000825__CREDITO_HIPOTECARIO,C000825,Crédito Hipotecario,Deuda,124678.46,False,False,False,,2028-06-17,Activo,2025-05-25,2025-10-13,3
C000825__TARJETA_CREDITO,C000825,Tarjeta de Crédito,Deuda,887.75,False,False,False,2600.00,2029-05-29,Activo,2025-10-20,2026-08-19,9
C000826__CREDITO_HIPOTECARIO,C000826,Crédito Hipotecario,Deuda,77538.05,False,False,False,,2026-11-27,Activo,2025-04-20,2026-03-01,3
C000826__TARJETA_CREDITO,C000826,Tarjeta de Crédito,Deuda,586.38,False,False,False,1200.00,2029-06-05,Activo,2025-01-10,2026-06-06,11
C000827__CTA_CORRIENTE,C000827,Cuenta Corriente,Depósito,-100.00,False,True,False,,,Activo,2025-06-07,2026-07-29,3
C000827__TARJETA_CREDITO,C000827,Tarjeta de Crédito,Deuda,3184.80,False,False,False,5200.00,2027-10-21,Activo,2025-03-09,2026-07-01,9
C000828__CREDITO_HIPOTECARIO,C000828,Crédito Hipotecario,Deuda,81632.35,False,False,False,,2027-05-07,Activo,2025-05-28,2026-06-22,3
C000828__TARJETA_CREDITO,C000828,Tarjeta de Crédito,Deuda,1102.82,False,False,False,1700.00,2030-01-30,Activo,2025-07-01,2026-01-24,4
C000829__CREDITO_VEHICULAR,C000829,Crédito Vehicular,Deuda,20155.15,False,False,False,,2027-08-24,Activo,2025-05-22,2025-05-22,1
C000829__CTA_AHORROS,C000829,Cuenta de Ahorros,Depósito,164.74,False,False,False,,,Activo,2026-08-27,2026-08-27,1
C000830__TARJETA_CREDITO,C000830,Tarjeta de Crédito,Deuda,0.00,False,False,False,1000.00,2027-04-25,Activo,2025-01-28,2026-05-08,10
C000831__TARJETA_CREDITO,C000831,Tarjeta de Crédito,Deuda,663.85,False,False,False,5300.00,2029-03-26,Activo,2025-04-23,2026-04-26,4
C000832__CTA_CORRIENTE,C000832,Cuenta Corriente,Depósito,7407.06,False,False,False,,,Activo,2026-08-10,2026-08-10,1
C000833__CTA_AHORROS,C000833,Cuenta de Ahorros,Depósito,7870.76,False,False,False,,,Activo,2026-02-06,2026-02-06,1
C000833__TARJETA_CREDITO,C000833,Tarjeta de Crédito,Deuda,2600.62,False,False,False,4400.00,2027-02-08,Activo,2025-02-15,2026-07-17,13
C000834__CTA_CORRIENTE,C000834,Cuenta Corriente,Depósito,2016.92,False,False,False,,,Activo,2025-02-24,2025-12-15,3
C000834__CTA_AHORROS,C000834,Cuenta de Ahorros,Depósito,3250.04,False,False,False,,,Activo,2025-09-02,2025-09-02,1
C000834__TARJETA_CREDITO,C000834,Tarjeta de Crédito,Deuda,1288.17,False,False,False,3000.00,2029-04-21,Activo,2025-10-12,2026-02-11,4
C000835__CREDITO_CONSUMO,C000835,Crédito de Consumo,Deuda,1912.97,False,False,False,,2028-09-30,Activo,2025-07-04,2025-07-04,1
C000835__CTA_AHORROS,C000835,Cuenta de Ahorros,Depósito,1559.27,False,False,False,,,Activo,2025-06-18,2025-08-17,2
C000835__TARJETA_CREDITO,C000835,Tarjeta de Crédito,Deuda,519.48,False,False,False,800.00,2028-03-19,Activo,2025-02-15,2026-08-15,9
C000836__CREDITO_HIPOTECARIO,C000836,Crédito Hipotecario,Deuda,56659.95,False,False,False,,2027-09-24,Activo,2026-06-03,2026-06-03,1
C000836__TARJETA_CREDITO,C000836,Tarjeta de Crédito,Deuda,186.06,False,False,False,2200.00,2030-07-02,Activo,2025-01-01,2026-04-05,8
C000837__CREDITO_HIPOTECARIO,C000837,Crédito Hipotecario,Deuda,56360.40,False,False,False,,2028-12-20,Activo,2025-05-18,2026-01-22,3
C000837__CTA_AHORROS,C000837,Cuenta de Ahorros,Depósito,1394.29,False,False,False,,,Activo,2025-08-13,2026-05-30,3
C000838__CREDITO_HIPOTECARIO,C000838,Crédito Hipotecario,Deuda,86302.57,False,False,False,,2029-10-30,Activo,2025-06-23,2026-03-03,3
C000838__CREDITO_CONSUMO,C000838,Crédito de Consumo,Deuda,19119.32,False,False,False,,2028-06-19,Activo,2025-09-04,2025-12-18,2
C000838__TARJETA_CREDITO,C000838,Tarjeta de Crédito,Deuda,1586.83,False,False,False,3500.00,2030-06-06,Activo,2025-02-10,2026-07-14,12
C000839__CREDITO_CONSUMO,C000839,Crédito de Consumo,Deuda,31602.07,False,False,True,,2030-03-24,Activo,2025-04-12,2026-07-29,2
C000839__TARJETA_CREDITO,C000839,Tarjeta de Crédito,Deuda,3968.54,False,False,True,8300.00,2029-10-06,Activo,2025-07-09,2026-08-28,7
C000840__CREDITO_HIPOTECARIO,C000840,Crédito Hipotecario,Deuda,34430.08,False,False,False,,2029-11-29,Activo,2025-11-10,2025-11-10,1
C000840__CREDITO_CONSUMO,C000840,Crédito de Consumo,Deuda,14967.80,False,False,False,,2026-11-11,Activo,2025-03-27,2025-05-11,2
C000840__TARJETA_CREDITO,C000840,Tarjeta de Crédito,Deuda,4913.01,False,False,True,14300.00,2028-10-15,Activo,2025-02-02,2026-06-05,13
C000841__CREDITO_HIPOTECARIO,C000841,Crédito Hipotecario,Deuda,41524.65,False,False,False,,2030-12-23,Activo,2025-09-20,2025-09-20,1
C000841__CREDITO_CONSUMO,C000841,Crédito de Consumo,Deuda,7350.77,False,False,False,,2031-09-06,Activo,2025-10-28,2025-10-28,1
C000841__TARJETA_CREDITO,C000841,Tarjeta de Crédito,Deuda,108.24,False,False,False,2000.00,2030-10-08,Activo,2025-07-02,2026-05-20,4
C000842__CREDITO_VEHICULAR,C000842,Crédito Vehicular,Deuda,19532.60,False,False,False,,2027-04-03,Activo,2025-03-22,2026-07-18,2
C000842__CTA_CORRIENTE,C000842,Cuenta Corriente,Depósito,15897.29,False,False,True,,,Activo,2025-09-06,2025-09-06,1
C000843__CREDITO_CONSUMO,C000843,Crédito de Consumo,Deuda,15090.76,False,False,False,,2029-08-17,Activo,2025-10-13,2025-10-13,1
C000843__CTA_CORRIENTE,C000843,Cuenta Corriente,Depósito,1960.77,False,False,False,,,Activo,2025-03-29,2026-01-08,3
C000843__TARJETA_CREDITO,C000843,Tarjeta de Crédito,Deuda,1738.68,False,False,False,3500.00,2029-12-31,Activo,2025-03-07,2026-06-06,5
C000844__CREDITO_HIPOTECARIO,C000844,Crédito Hipotecario,Deuda,40513.17,False,False,False,,2029-01-29,Activo,2025-03-08,2025-12-17,2
C000844__CREDITO_CONSUMO,C000844,Crédito de Consumo,Deuda,2429.11,False,False,False,,2029-11-02,Activo,2025-11-20,2026-08-21,3
C000844__TARJETA_CREDITO,C000844,Tarjeta de Crédito,Deuda,240.31,False,False,False,3900.00,2027-10-23,Activo,2025-03-19,2026-07-29,9
C000845__CREDITO_HIPOTECARIO,C000845,Crédito Hipotecario,Deuda,97859.24,False,False,False,,2027-10-01,Activo,2026-04-06,2026-08-10,2
C000845__CREDITO_VEHICULAR,C000845,Crédito Vehicular,Deuda,22894.52,False,False,False,,2032-04-04,Activo,2025-03-29,2025-06-02,3
C000845__CTA_CORRIENTE,C000845,Cuenta Corriente,Depósito,3049.42,False,False,False,,,Activo,2025-09-12,2025-09-12,1
C000845__TARJETA_CREDITO,C000845,Tarjeta de Crédito,Deuda,271.36,False,False,False,1200.00,2027-03-03,Activo,2025-01-29,2026-07-18,9
C000846__CREDITO_CONSUMO,C000846,Crédito de Consumo,Deuda,4263.06,False,False,False,,2028-03-13,Activo,2025-04-30,2026-06-16,2
C000846__TARJETA_CREDITO,C000846,Tarjeta de Crédito,Deuda,397.21,False,False,False,900.00,2028-02-26,Activo,2025-03-21,2026-05-10,11
C000847__CREDITO_VEHICULAR,C000847,Crédito Vehicular,Deuda,10658.06,False,False,False,,2026-10-18,Activo,2025-02-06,2026-05-29,3
C000847__CTA_CORRIENTE,C000847,Cuenta Corriente,Depósito,9281.42,False,False,False,,,Activo,2025-07-20,2025-09-23,2
C000847__CTA_AHORROS,C000847,Cuenta de Ahorros,Depósito,14729.39,False,False,True,,,Activo,2025-04-28,2025-12-31,2
C000847__TARJETA_CREDITO,C000847,Tarjeta de Crédito,Deuda,497.14,False,False,False,6800.00,2026-12-26,Activo,2025-01-12,2026-08-08,6
C000848__CREDITO_VEHICULAR,C000848,Crédito Vehicular,Deuda,17066.45,False,False,False,,2028-07-24,Activo,2025-02-21,2025-04-30,3
C000848__TARJETA_CREDITO,C000848,Tarjeta de Crédito,Deuda,554.97,False,False,False,1200.00,2028-11-08,Activo,2025-01-23,2025-12-19,4
C000849__CTA_CORRIENTE,C000849,Cuenta Corriente,Depósito,3457.63,False,False,False,,,Activo,2025-03-18,2026-07-08,4
C000850__CREDITO_CONSUMO,C000850,Crédito de Consumo,Deuda,11554.77,False,False,False,,2031-08-13,Activo,2025-04-23,2025-09-11,2
C000850__CTA_AHORROS,C000850,Cuenta de Ahorros,Depósito,2589.31,False,False,False,,,Activo,2025-02-27,2025-05-30,4
C000850__TARJETA_CREDITO,C000850,Tarjeta de Crédito,Deuda,997.60,False,False,False,5200.00,2026-12-30,Activo,2025-02-18,2026-04-24,4
C000851__CREDITO_VEHICULAR,C000851,Crédito Vehicular,Deuda,12587.65,False,False,False,,2028-02-04,Activo,2025-08-17,2026-04-07,2
C000851__CTA_AHORROS,C000851,Cuenta de Ahorros,Depósito,1926.66,False,False,False,,,Activo,2025-05-01,2026-02-04,3
C000851__TARJETA_CREDITO,C000851,Tarjeta de Crédito,Deuda,363.70,False,False,False,1100.00,2027-03-25,Activo,2025-04-29,2026-08-12,13
C000852__CTA_AHORROS,C000852,Cuenta de Ahorros,Depósito,2852.88,False,False,False,,,Activo,2025-07-20,2026-08-17,3
C000852__TARJETA_CREDITO,C000852,Tarjeta de Crédito,Deuda,2084.61,False,False,False,3400.00,2028-10-01,Activo,2025-01-20,2026-04-26,10
C000853__CREDITO_HIPOTECARIO,C000853,Crédito Hipotecario,Deuda,93483.28,False,False,False,,2030-09-15,Activo,2026-02-05,2026-02-05,1
C000854__CREDITO_VEHICULAR,C000854,Crédito Vehicular,Deuda,19360.74,False,False,False,,2030-02-13,Activo,2026-01-19,2026-08-09,2
C000854__CTA_AHORROS,C000854,Cuenta de Ahorros,Depósito,8382.96,False,False,False,,,Activo,2025-02-19,2026-02-18,4
C000854__TARJETA_CREDITO,C000854,Tarjeta de Crédito,Deuda,2686.63,False,False,False,6000.00,2028-02-23,Activo,2025-01-02,2026-03-25,14
C000855__CREDITO_HIPOTECARIO,C000855,Crédito Hipotecario,Deuda,64575.95,False,False,False,,2027-04-12,Activo,2025-05-16,2025-05-16,1
C000855__TARJETA_CREDITO,C000855,Tarjeta de Crédito,Deuda,3284.33,False,False,False,5100.00,2029-08-02,Activo,2025-05-18,2026-07-14,4
C000856__CREDITO_HIPOTECARIO,C000856,Crédito Hipotecario,Deuda,70039.25,False,False,False,,2030-12-22,Activo,2025-12-19,2025-12-19,1
C000856__CREDITO_VEHICULAR,C000856,Crédito Vehicular,Deuda,17442.60,False,False,False,,2027-06-28,Activo,2025-11-21,2025-11-21,1
C000856__CTA_CORRIENTE,C000856,Cuenta Corriente,Depósito,-100.00,False,True,False,,,Activo,2025-01-09,2026-03-29,2
C000856__TARJETA_CREDITO,C000856,Tarjeta de Crédito,Deuda,0.00,False,False,False,8700.00,2027-04-15,Activo,2025-06-26,2026-05-13,5
C000857__CREDITO_HIPOTECARIO,C000857,Crédito Hipotecario,Deuda,55037.57,False,False,False,,2028-01-21,Activo,2025-03-21,2025-09-09,3
C000858__CREDITO_HIPOTECARIO,C000858,Crédito Hipotecario,Deuda,115427.00,False,False,False,,2032-08-21,Activo,2025-11-14,2026-02-09,2
C000858__CREDITO_VEHICULAR,C000858,Crédito Vehicular,Deuda,20266.08,False,False,False,,2029-10-15,Activo,2025-10-13,2026-08-10,3
C000858__TARJETA_CREDITO,C000858,Tarjeta de Crédito,Deuda,1864.98,False,False,False,9900.00,2029-09-15,Activo,2025-05-19,2026-04-22,10
C000859__CREDITO_CONSUMO,C000859,Crédito de Consumo,Deuda,6490.35,False,False,False,,2032-02-16,Activo,2025-08-13,2025-08-13,1
C000860__CREDITO_HIPOTECARIO,C000860,Crédito Hipotecario,Deuda,28193.81,False,False,False,,2026-11-12,Activo,2025-08-11,2026-04-25,2
C000860__CREDITO_VEHICULAR,C000860,Crédito Vehicular,Deuda,20678.44,False,False,False,,2029-10-04,Activo,2025-02-05,2026-04-09,3
C000860__CTA_CORRIENTE,C000860,Cuenta Corriente,Depósito,3044.35,False,False,False,,,Activo,2025-04-25,2025-12-10,2
C000860__TARJETA_CREDITO,C000860,Tarjeta de Crédito,Deuda,1869.38,False,False,False,4000.00,2030-07-02,Activo,2025-04-07,2026-08-20,11
C000861__CREDITO_HIPOTECARIO,C000861,Crédito Hipotecario,Deuda,107571.81,False,False,False,,2032-08-04,Activo,2025-04-13,2026-05-30,3
C000861__TARJETA_CREDITO,C000861,Tarjeta de Crédito,Deuda,634.64,False,False,False,1400.00,2030-02-09,Activo,2025-02-27,2026-08-30,7
C000862__CTA_CORRIENTE,C000862,Cuenta Corriente,Depósito,2277.99,False,False,False,,,Activo,2025-01-19,2025-08-28,4
C000862__TARJETA_CREDITO,C000862,Tarjeta de Crédito,Deuda,1184.01,False,False,False,2700.00,2029-02-11,Activo,2025-07-04,2026-08-17,13
C000863__CREDITO_VEHICULAR,C000863,Crédito Vehicular,Deuda,20984.89,False,False,False,,2031-09-17,Activo,2025-08-21,2026-07-29,3
C000863__TARJETA_CREDITO,C000863,Tarjeta de Crédito,Deuda,0.00,False,False,False,1200.00,2028-03-06,Activo,2025-01-12,2026-08-20,12
C000864__CTA_AHORROS,C000864,Cuenta de Ahorros,Depósito,996.78,False,False,False,,,Activo,2025-04-07,2025-04-07,1
C000865__CREDITO_CONSUMO,C000865,Crédito de Consumo,Deuda,115.30,False,False,False,,2028-08-02,Activo,2025-10-07,2026-02-21,2
C000865__TARJETA_CREDITO,C000865,Tarjeta de Crédito,Deuda,761.13,False,False,False,2400.00,2027-03-02,Activo,2025-02-24,2025-09-22,4
C000866__CTA_CORRIENTE,C000866,Cuenta Corriente,Depósito,,True,False,False,,,Activo,2026-05-26,2026-05-26,1
C000866__CTA_AHORROS,C000866,Cuenta de Ahorros,Depósito,2200.88,False,False,False,,,Activo,2025-09-26,2026-05-05,2
C000867__CTA_CORRIENTE,C000867,Cuenta Corriente,Depósito,416.81,False,False,False,,,Activo,2025-03-04,2026-01-31,4
C000868__CTA_CORRIENTE,C000868,Cuenta Corriente,Depósito,1353.25,False,False,False,,,Activo,2025-01-27,2026-02-25,4
C000869__CREDITO_HIPOTECARIO,C000869,Crédito Hipotecario,Deuda,84205.07,False,False,False,,2030-05-12,Activo,2025-05-22,2026-05-29,2
C000869__CTA_CORRIENTE,C000869,Cuenta Corriente,Depósito,1480.71,False,False,False,,,Activo,2026-03-06,2026-04-07,2
C000870__CREDITO_HIPOTECARIO,C000870,Crédito Hipotecario,Deuda,66460.71,False,False,False,,2029-12-16,Activo,2025-08-29,2025-12-01,2
C000870__TARJETA_CREDITO,C000870,Tarjeta de Crédito,Deuda,6292.80,False,False,True,18100.00,2027-08-23,Activo,2025-01-15,2026-05-09,10
C000871__CREDITO_CONSUMO,C000871,Crédito de Consumo,Deuda,6532.97,False,False,False,,2031-09-26,Activo,2025-02-16,2025-02-16,1
C000871__TARJETA_CREDITO,C000871,Tarjeta de Crédito,Deuda,217.58,False,False,False,1100.00,2027-05-01,Activo,2025-07-02,2026-05-20,7
C000872__CTA_CORRIENTE,C000872,Cuenta Corriente,Depósito,1202.96,False,False,False,,,Activo,2025-12-31,2026-03-29,4
C000872__CTA_AHORROS,C000872,Cuenta de Ahorros,Depósito,2894.70,False,False,False,,,Activo,2025-11-21,2025-11-21,1
C000873__CREDITO_HIPOTECARIO,C000873,Crédito Hipotecario,Deuda,74186.47,False,False,False,,2027-05-18,Activo,2025-10-24,2026-03-24,2
C000873__CREDITO_VEHICULAR,C000873,Crédito Vehicular,Deuda,7685.27,False,False,False,,2028-08-22,Activo,2025-02-14,2026-06-22,2
C000873__TARJETA_CREDITO,C000873,Tarjeta de Crédito,Deuda,584.33,False,False,False,1400.00,2027-07-29,Activo,2025-02-13,2026-07-08,8
C000874__CREDITO_VEHICULAR,C000874,Crédito Vehicular,Deuda,16191.51,False,False,False,,2029-04-29,Activo,2025-01-11,2026-01-14,3
C000874__CTA_CORRIENTE,C000874,Cuenta Corriente,Depósito,130.01,False,False,False,,,Activo,2025-11-06,2026-07-01,2
C000874__CTA_AHORROS,C000874,Cuenta de Ahorros,Depósito,6494.02,False,False,False,,,Activo,2025-01-19,2025-07-20,3
C000874__TARJETA_CREDITO,C000874,Tarjeta de Crédito,Deuda,642.68,False,False,False,2000.00,2030-09-11,Activo,2025-01-16,2026-08-12,13
C000875__CREDITO_HIPOTECARIO,C000875,Crédito Hipotecario,Deuda,102031.33,False,False,False,,2029-03-26,Activo,2025-03-11,2026-01-28,2
C000875__CTA_CORRIENTE,C000875,Cuenta Corriente,Depósito,1211.09,False,False,False,,,Activo,2026-04-19,2026-07-10,2
C000875__TARJETA_CREDITO,C000875,Tarjeta de Crédito,Deuda,1473.71,False,False,False,6200.00,2029-03-06,Activo,2025-01-14,2026-07-06,11
C000876__CREDITO_HIPOTECARIO,C000876,Crédito Hipotecario,Deuda,60327.07,False,False,False,,2029-12-05,Activo,2026-03-31,2026-05-09,2
C000876__CREDITO_VEHICULAR,C000876,Crédito Vehicular,Deuda,10144.85,False,False,False,,2028-09-24,Activo,2025-03-20,2026-02-20,3
C000876__TARJETA_CREDITO,C000876,Tarjeta de Crédito,Deuda,33.59,False,False,False,1200.00,2030-01-26,Activo,2025-03-19,2026-06-29,6
C000877__CTA_CORRIENTE,C000877,Cuenta Corriente,Depósito,2690.50,False,False,False,,,Activo,2025-04-15,2025-07-16,3
C000878__CREDITO_VEHICULAR,C000878,Crédito Vehicular,Deuda,27978.59,False,False,False,,2030-09-23,Activo,2025-02-17,2025-09-29,3
C000878__TARJETA_CREDITO,C000878,Tarjeta de Crédito,Deuda,265.50,False,False,False,3200.00,2027-08-02,Activo,2025-02-18,2026-07-02,12
C000879__CREDITO_CONSUMO,C000879,Crédito de Consumo,Deuda,5519.64,False,False,False,,2029-12-13,Activo,2025-09-11,2026-08-07,3
C000879__CTA_CORRIENTE,C000879,Cuenta Corriente,Depósito,591.62,False,False,False,,,Activo,2025-12-05,2026-03-15,2
C000879__TARJETA_CREDITO,C000879,Tarjeta de Crédito,Deuda,495.19,False,False,False,1300.00,2028-01-15,Activo,2025-01-20,2026-08-16,13
C000880__CREDITO_HIPOTECARIO,C000880,Crédito Hipotecario,Deuda,85514.28,False,False,False,,2029-07-24,Activo,2025-04-17,2026-08-29,2
C000880__TARJETA_CREDITO,C000880,Tarjeta de Crédito,Deuda,1074.38,False,False,False,1900.00,2030-02-13,Activo,2025-02-22,2026-07-08,13
C000881__CREDITO_HIPOTECARIO,C000881,Crédito Hipotecario,Deuda,67844.28,False,False,False,,2031-05-03,Activo,2026-02-14,2026-02-14,1
C000882__CREDITO_HIPOTECARIO,C000882,Crédito Hipotecario,Deuda,82802.22,False,False,False,,2029-04-09,Activo,2025-04-02,2025-04-02,1
C000883__CREDITO_VEHICULAR,C000883,Crédito Vehicular,Deuda,28643.61,False,False,False,,2031-07-26,Activo,2025-11-26,2026-05-27,2
C000883__CTA_CORRIENTE,C000883,Cuenta Corriente,Depósito,1137.15,False,False,False,,,Activo,2025-02-05,2025-02-05,1
C000884__CREDITO_VEHICULAR,C000884,Crédito Vehicular,Deuda,14282.53,False,False,False,,2030-08-16,Activo,2025-06-01,2025-06-01,1
C000884__CTA_AHORROS,C000884,Cuenta de Ahorros,Depósito,1319.66,False,False,False,,,Activo,2025-05-28,2026-08-18,4
C000885__CREDITO_VEHICULAR,C000885,Crédito Vehicular,Deuda,23816.90,False,False,False,,2031-11-13,Activo,2025-06-10,2026-08-23,2
C000885__TARJETA_CREDITO,C000885,Tarjeta de Crédito,Deuda,501.12,False,False,False,1800.00,2030-01-11,Activo,2025-04-16,2026-06-23,11
C000886__CTA_CORRIENTE,C000886,Cuenta Corriente,Depósito,210.88,False,False,False,,,Activo,2025-01-08,2026-08-14,3
C000887__CREDITO_HIPOTECARIO,C000887,Crédito Hipotecario,Deuda,118193.19,False,False,False,,2032-05-27,Activo,2026-03-16,2026-05-03,3
C000887__CREDITO_VEHICULAR,C000887,Crédito Vehicular,Deuda,21982.27,False,False,False,,2030-04-05,Activo,2025-03-14,2025-03-14,1
C000887__TARJETA_CREDITO,C000887,Tarjeta de Crédito,Deuda,491.01,False,False,False,1200.00,2027-06-12,Activo,2025-05-25,2026-04-28,5
C000888__CREDITO_CONSUMO,C000888,Crédito de Consumo,Deuda,9135.61,False,False,False,,2031-12-06,Activo,2025-05-23,2026-04-21,2
C000888__CTA_AHORROS,C000888,Cuenta de Ahorros,Depósito,29718.98,False,False,True,,,Activo,2025-05-26,2026-08-13,4
C000888__TARJETA_CREDITO,C000888,Tarjeta de Crédito,Deuda,1067.86,False,False,False,6000.00,2029-08-18,Activo,2025-01-08,2025-11-11,7
C000889__CTA_AHORROS,C000889,Cuenta de Ahorros,Depósito,1491.17,False,False,False,,,Activo,2025-10-10,2025-10-10,1
C000890__TARJETA_CREDITO,C000890,Tarjeta de Crédito,Deuda,204.90,False,False,False,3100.00,2028-12-31,Activo,2025-02-26,2026-04-21,4
C000891__CREDITO_VEHICULAR,C000891,Crédito Vehicular,Deuda,23011.64,False,False,False,,2030-09-08,Activo,2025-08-12,2025-08-12,1
C000891__TARJETA_CREDITO,C000891,Tarjeta de Crédito,Deuda,664.64,False,False,False,1800.00,2027-09-05,Activo,2025-01-23,2026-08-27,5
C000892__CREDITO_HIPOTECARIO,C000892,Crédito Hipotecario,Deuda,61091.27,False,False,False,,2032-06-17,Activo,2026-04-10,2026-04-10,1
C000893__CREDITO_HIPOTECARIO,C000893,Crédito Hipotecario,Deuda,49725.06,False,False,False,,2032-04-05,Activo,2025-04-16,2025-11-25,3
C000893__CREDITO_VEHICULAR,C000893,Crédito Vehicular,Deuda,12771.40,False,False,False,,2032-03-27,Activo,2025-01-30,2025-01-30,1
C000893__CTA_AHORROS,C000893,Cuenta de Ahorros,Depósito,3725.83,False,False,False,,,Activo,2026-02-23,2026-02-24,2
C000893__TARJETA_CREDITO,C000893,Tarjeta de Crédito,Deuda,566.56,False,False,False,1100.00,2028-06-18,Activo,2025-02-14,2026-07-30,4
C000894__CREDITO_VEHICULAR,C000894,Crédito Vehicular,Deuda,10701.80,False,False,False,,2031-04-20,Activo,2025-09-25,2025-09-25,1
C000894__CTA_CORRIENTE,C000894,Cuenta Corriente,Depósito,1852.21,False,False,False,,,Activo,2025-04-09,2025-04-09,1
C000894__CTA_AHORROS,C000894,Cuenta de Ahorros,Depósito,5875.56,False,False,False,,,Activo,2025-12-08,2026-03-04,4
C000894__TARJETA_CREDITO,C000894,Tarjeta de Crédito,Deuda,1392.42,False,False,False,4700.00,2030-02-05,Activo,2025-01-17,2026-04-08,8
C000895__CREDITO_HIPOTECARIO,C000895,Crédito Hipotecario,Deuda,89937.92,False,False,False,,2031-05-14,Activo,2026-05-10,2026-07-24,2
C000895__CREDITO_VEHICULAR,C000895,Crédito Vehicular,Deuda,22723.40,False,False,False,,2026-12-27,Activo,2025-10-12,2026-04-06,2
C000895__CREDITO_CONSUMO,C000895,Crédito de Consumo,Deuda,9480.03,False,False,False,,2029-10-10,Activo,2026-02-23,2026-02-23,1
C000895__TARJETA_CREDITO,C000895,Tarjeta de Crédito,Deuda,839.95,False,False,False,2100.00,2027-03-15,Activo,2025-02-25,2026-04-05,8
C000896__CREDITO_VEHICULAR,C000896,Crédito Vehicular,Deuda,17383.47,False,False,False,,2032-02-12,Activo,2025-08-04,2026-01-17,3
C000896__CREDITO_CONSUMO,C000896,Crédito de Consumo,Deuda,15603.03,False,False,False,,2027-11-02,Activo,2025-07-23,2026-02-26,2
C000896__CTA_CORRIENTE,C000896,Cuenta Corriente,Depósito,3782.83,False,False,False,,,Activo,2025-07-12,2025-07-12,1
C000896__TARJETA_CREDITO,C000896,Tarjeta de Crédito,Deuda,769.03,False,False,False,2100.00,2030-07-26,Activo,2025-01-08,2026-08-03,8
C000897__CREDITO_VEHICULAR,C000897,Crédito Vehicular,Deuda,11600.11,False,False,False,,2032-02-16,Activo,2025-04-27,2025-11-25,3
C000898__TARJETA_CREDITO,C000898,Tarjeta de Crédito,Deuda,1137.21,False,False,False,2800.00,2029-07-13,Activo,2025-02-23,2026-08-05,14
C000899__CREDITO_VEHICULAR,C000899,Crédito Vehicular,Deuda,20731.43,False,False,False,,2029-04-04,Activo,2025-06-13,2025-08-07,2
C000899__CTA_CORRIENTE,C000899,Cuenta Corriente,Depósito,1493.73,False,False,False,,,Activo,2025-10-21,2025-10-21,1
C000899__TARJETA_CREDITO,C000899,Tarjeta de Crédito,Deuda,767.10,False,False,False,2000.00,2027-02-27,Activo,2025-01-22,2026-08-23,10
C000900__CREDITO_VEHICULAR,C000900,Crédito Vehicular,Deuda,21062.96,False,False,False,,2029-05-24,Activo,2025-08-18,2026-04-09,2
C000900__CTA_CORRIENTE,C000900,Cuenta Corriente,Depósito,821.85,False,False,False,,,Activo,2025-02-07,2025-02-07,1
C000901__CREDITO_HIPOTECARIO,C000901,Crédito Hipotecario,Deuda,99046.16,False,False,False,,2031-11-18,Activo,2026-02-14,2026-02-14,1
C000901__TARJETA_CREDITO,C000901,Tarjeta de Crédito,Deuda,525.86,False,False,False,1800.00,2027-02-09,Activo,2025-05-13,2026-07-21,4
C000902__CREDITO_VEHICULAR,C000902,Crédito Vehicular,Deuda,26013.26,False,False,False,,2027-02-21,Activo,2025-02-13,2025-07-29,2
C000902__CTA_AHORROS,C000902,Cuenta de Ahorros,Depósito,-100.00,False,True,False,,,Activo,2025-03-19,2025-10-16,3
C000903__CREDITO_VEHICULAR,C000903,Crédito Vehicular,Deuda,23422.20,False,False,False,,2032-01-25,Activo,2025-11-25,2025-11-25,1
C000904__CREDITO_HIPOTECARIO,C000904,Crédito Hipotecario,Deuda,121256.93,False,False,False,,2030-09-13,Activo,2025-02-15,2026-03-09,2
C000904__CTA_AHORROS,C000904,Cuenta de Ahorros,Depósito,336.54,False,False,False,,,Activo,2025-10-14,2026-02-26,3
C000904__TARJETA_CREDITO,C000904,Tarjeta de Crédito,Deuda,353.26,False,False,False,1200.00,2029-01-10,Activo,2025-05-31,2026-07-12,11
C000905__CREDITO_HIPOTECARIO,C000905,Crédito Hipotecario,Deuda,117302.16,False,False,False,,2028-09-14,Activo,2025-07-25,2025-07-25,1
C000905__CREDITO_VEHICULAR,C000905,Crédito Vehicular,Deuda,15076.38,False,False,False,,2027-02-03,Activo,2025-08-09,2026-07-05,2
C000906__CREDITO_HIPOTECARIO,C000906,Crédito Hipotecario,Deuda,106067.50,False,False,False,,2028-03-15,Activo,2025-03-11,2026-03-31,3
C000906__TARJETA_CREDITO,C000906,Tarjeta de Crédito,Deuda,1154.24,False,False,False,2500.00,2029-05-14,Activo,2025-01-08,2025-10-18,8
C000907__CREDITO_HIPOTECARIO,C000907,Crédito Hipotecario,Deuda,51719.45,False,False,False,,2029-12-25,Activo,2025-06-04,2026-08-16,3
C000908__CTA_AHORROS,C000908,Cuenta de Ahorros,Depósito,687.99,False,False,False,,,Activo,2025-01-08,2025-01-08,1
C000909__CREDITO_VEHICULAR,C000909,Crédito Vehicular,Deuda,18365.15,False,False,False,,2028-06-12,Activo,2025-05-22,2025-09-12,2
C000909__CREDITO_CONSUMO,C000909,Crédito de Consumo,Deuda,7098.18,False,False,False,,2030-03-19,Activo,2025-05-07,2026-07-03,2
C000909__CTA_CORRIENTE,C000909,Cuenta Corriente,Depósito,1385.52,False,False,False,,,Activo,2025-04-05,2026-05-29,3
C000909__TARJETA_CREDITO,C000909,Tarjeta de Crédito,Deuda,1435.30,False,False,False,3000.00,2029-07-20,Activo,2025-01-26,2026-08-15,14
C000910__CTA_AHORROS,C000910,Cuenta de Ahorros,Depósito,1414.38,False,False,False,,,Activo,2025-06-19,2026-06-19,4
C000911__CREDITO_HIPOTECARIO,C000911,Crédito Hipotecario,Deuda,74948.39,False,False,False,,2028-05-04,Activo,2025-08-08,2025-08-08,1
C000911__CREDITO_VEHICULAR,C000911,Crédito Vehicular,Deuda,8812.28,False,False,False,,2030-11-24,Activo,2025-02-24,2026-06-28,2
C000911__CTA_AHORROS,C000911,Cuenta de Ahorros,Depósito,1270.80,False,False,False,,,Activo,2025-01-25,2025-07-23,2
C000911__TARJETA_CREDITO,C000911,Tarjeta de Crédito,Deuda,505.17,False,False,False,1300.00,2028-11-29,Activo,2025-06-04,2025-10-21,4
C000912__CREDITO_VEHICULAR,C000912,Crédito Vehicular,Deuda,15477.02,False,False,False,,2027-06-03,Activo,2025-02-01,2025-02-01,1
C000912__TARJETA_CREDITO,C000912,Tarjeta de Crédito,Deuda,335.98,False,False,False,900.00,2026-09-22,Activo,2025-05-09,2026-05-23,10
C000913__CREDITO_HIPOTECARIO,C000913,Crédito Hipotecario,Deuda,104419.60,False,False,False,,2032-04-16,Activo,2025-05-15,2026-07-14,2
C000913__CTA_CORRIENTE,C000913,Cuenta Corriente,Depósito,1522.37,False,False,False,,,Activo,2025-11-25,2026-04-21,2
C000913__TARJETA_CREDITO,C000913,Tarjeta de Crédito,Deuda,2364.93,False,False,False,5400.00,2026-11-02,Activo,2025-01-12,2026-08-04,14
C000914__TARJETA_CREDITO,C000914,Tarjeta de Crédito,Deuda,437.90,False,False,False,2000.00,2026-10-27,Activo,2025-01-13,2026-07-13,4
C000915__CREDITO_HIPOTECARIO,C000915,Crédito Hipotecario,Deuda,69279.68,False,False,False,,2031-11-16,Activo,2025-03-29,2026-07-03,3
C000915__CTA_CORRIENTE,C000915,Cuenta Corriente,Depósito,142.80,False,False,False,,,Activo,2026-02-08,2026-02-08,1
C000915__TARJETA_CREDITO,C000915,Tarjeta de Crédito,Deuda,232.32,False,False,False,600.00,2027-07-06,Activo,2025-05-05,2026-07-11,11
C000916__CREDITO_CONSUMO,C000916,Crédito de Consumo,Deuda,2728.79,False,False,False,,2027-10-24,Activo,2025-08-10,2025-08-10,1
C000916__CTA_CORRIENTE,C000916,Cuenta Corriente,Depósito,-100.00,False,True,False,,,Activo,2025-06-22,2025-11-26,4
C000917__CREDITO_HIPOTECARIO,C000917,Crédito Hipotecario,Deuda,88792.91,False,False,False,,2029-07-28,Activo,2025-05-19,2026-03-16,3
C000917__CREDITO_VEHICULAR,C000917,Crédito Vehicular,Deuda,24762.27,False,False,False,,2026-10-01,Activo,2025-07-04,2026-04-09,3
C000917__CTA_AHORROS,C000917,Cuenta de Ahorros,Depósito,21986.70,False,False,True,,,Activo,2025-09-23,2025-09-23,1
C000917__TARJETA_CREDITO,C000917,Tarjeta de Crédito,Deuda,5382.69,False,False,True,10900.00,2030-02-04,Activo,2025-07-31,2026-05-27,6
C000918__CTA_CORRIENTE,C000918,Cuenta Corriente,Depósito,6561.81,False,False,False,,,Activo,2025-02-21,2025-09-08,3
C000918__TARJETA_CREDITO,C000918,Tarjeta de Crédito,Deuda,827.75,False,False,False,2500.00,2029-07-21,Activo,2025-03-08,2026-08-23,13
C000919__CREDITO_CONSUMO,C000919,Crédito de Consumo,Deuda,4452.41,False,False,False,,2031-11-02,Activo,2025-04-16,2026-08-11,3
C000919__CTA_AHORROS,C000919,Cuenta de Ahorros,Depósito,1969.87,False,False,False,,,Activo,2025-08-15,2026-01-09,2
C000919__TARJETA_CREDITO,C000919,Tarjeta de Crédito,Deuda,872.95,False,False,False,2000.00,2028-07-19,Activo,2025-02-11,2026-08-30,14
C000920__CREDITO_VEHICULAR,C000920,Crédito Vehicular,Deuda,16878.63,False,False,False,,2030-10-12,Activo,2025-07-07,2026-03-20,3
C000920__CTA_CORRIENTE,C000920,Cuenta Corriente,Depósito,2742.04,False,False,False,,,Activo,2026-04-30,2026-04-30,1
C000920__CTA_AHORROS,C000920,Cuenta de Ahorros,Depósito,1797.90,False,False,False,,,Activo,2025-11-05,2026-02-02,2
C000921__CREDITO_HIPOTECARIO,C000921,Crédito Hipotecario,Deuda,122083.67,False,False,False,,2028-01-28,Activo,2026-02-09,2026-02-09,1
C000921__CREDITO_VEHICULAR,C000921,Crédito Vehicular,Deuda,23672.13,False,False,False,,2029-08-09,Activo,2025-10-31,2026-07-26,3
C000921__CTA_AHORROS,C000921,Cuenta de Ahorros,Depósito,4919.77,False,False,False,,,Activo,2025-11-17,2026-07-28,3
C000921__TARJETA_CREDITO,C000921,Tarjeta de Crédito,Deuda,2042.92,False,False,False,4800.00,2028-06-22,Activo,2025-01-24,2026-08-14,13
C000922__CTA_CORRIENTE,C000922,Cuenta Corriente,Depósito,1323.13,False,False,False,,,Activo,2025-04-12,2025-07-21,4
C000922__TARJETA_CREDITO,C000922,Tarjeta de Crédito,Deuda,514.11,False,False,False,2900.00,2028-05-21,Activo,2025-02-25,2026-08-20,7
C000923__TARJETA_CREDITO,C000923,Tarjeta de Crédito,Deuda,858.56,False,False,False,2600.00,2029-12-11,Activo,2025-01-15,2026-05-21,11
C000924__CTA_AHORROS,C000924,Cuenta de Ahorros,Depósito,3748.57,False,False,False,,,Activo,2025-10-05,2026-04-05,3
C000924__TARJETA_CREDITO,C000924,Tarjeta de Crédito,Deuda,1144.72,False,False,False,2000.00,2029-06-16,Activo,2025-04-16,2026-08-16,9
C000925__CREDITO_VEHICULAR,C000925,Crédito Vehicular,Deuda,21141.38,False,False,False,,2028-05-26,Activo,2025-10-04,2026-07-04,3
C000925__CTA_CORRIENTE,C000925,Cuenta Corriente,Depósito,5567.40,False,False,False,,,Activo,2025-03-22,2025-04-23,2
C000925__CTA_AHORROS,C000925,Cuenta de Ahorros,Depósito,-100.00,False,True,False,,,Activo,2025-03-16,2026-04-29,4
C000925__TARJETA_CREDITO,C000925,Tarjeta de Crédito,Deuda,678.18,False,False,False,2300.00,2030-03-28,Activo,2025-01-01,2026-07-29,14
C000926__CREDITO_HIPOTECARIO,C000926,Crédito Hipotecario,Deuda,89186.54,False,False,False,,2030-05-28,Activo,2025-10-06,2026-06-11,2
C000927__CREDITO_CONSUMO,C000927,Crédito de Consumo,Deuda,4554.75,False,False,False,,2028-11-18,Activo,2025-02-10,2025-06-26,2
C000927__CTA_AHORROS,C000927,Cuenta de Ahorros,Depósito,-100.00,False,True,False,,,Activo,2025-11-07,2026-05-17,4
C000927__TARJETA_CREDITO,C000927,Tarjeta de Crédito,Deuda,452.87,False,False,False,1500.00,2030-06-29,Activo,2025-01-10,2026-05-29,8
C000928__CTA_AHORROS,C000928,Cuenta de Ahorros,Depósito,409.00,False,False,False,,,Activo,2025-01-30,2026-06-14,4
C000928__TARJETA_CREDITO,C000928,Tarjeta de Crédito,Deuda,553.82,False,False,False,1400.00,2029-11-28,Activo,2025-01-21,2026-03-23,10
C000929__CREDITO_CONSUMO,C000929,Crédito de Consumo,Deuda,2538.22,False,False,False,,2029-03-11,Activo,2025-08-12,2025-08-12,1
C000929__CTA_CORRIENTE,C000929,Cuenta Corriente,Depósito,209.51,False,False,False,,,Activo,2025-08-18,2026-05-09,4
C000929__CTA_AHORROS,C000929,Cuenta de Ahorros,Depósito,4113.94,False,False,False,,,Activo,2026-01-01,2026-01-01,1
C000929__TARJETA_CREDITO,C000929,Tarjeta de Crédito,Deuda,395.72,False,False,False,1100.00,2027-09-11,Activo,2025-01-11,2026-07-19,8
C000930__CREDITO_CONSUMO,C000930,Crédito de Consumo,Deuda,6707.61,False,False,False,,2029-07-05,Activo,2025-06-08,2025-06-08,1
C000930__CTA_AHORROS,C000930,Cuenta de Ahorros,Depósito,1934.28,False,False,False,,,Activo,2025-02-14,2026-02-04,4
C000930__TARJETA_CREDITO,C000930,Tarjeta de Crédito,Deuda,485.53,False,False,False,1600.00,2028-11-26,Activo,2025-01-13,2026-07-28,13
C000931__CREDITO_CONSUMO,C000931,Crédito de Consumo,Deuda,2710.41,False,False,False,,2027-01-25,Activo,2026-04-13,2026-04-13,1
C000931__TARJETA_CREDITO,C000931,Tarjeta de Crédito,Deuda,351.93,False,False,False,3600.00,2027-03-28,Activo,2025-02-23,2026-07-20,11
C000932__CREDITO_VEHICULAR,C000932,Crédito Vehicular,Deuda,8009.30,False,False,False,,2030-03-02,Activo,2025-06-06,2026-01-17,2
C000933__CTA_CORRIENTE,C000933,Cuenta Corriente,Depósito,4593.08,False,False,False,,,Activo,2025-02-05,2025-10-14,3
C000933__TARJETA_CREDITO,C000933,Tarjeta de Crédito,Deuda,676.08,False,False,False,2400.00,2027-12-23,Activo,2025-01-24,2026-08-12,12
C000934__CREDITO_HIPOTECARIO,C000934,Crédito Hipotecario,Deuda,31940.58,False,False,False,,2028-09-14,Activo,2025-07-18,2026-05-28,2
C000934__CREDITO_VEHICULAR,C000934,Crédito Vehicular,Deuda,13567.32,False,False,False,,2028-03-01,Activo,2025-02-15,2025-02-15,1
C000934__CTA_CORRIENTE,C000934,Cuenta Corriente,Depósito,856.67,False,False,False,,,Activo,2026-01-24,2026-05-19,2
C000935__CREDITO_HIPOTECARIO,C000935,Crédito Hipotecario,Deuda,60722.52,False,False,False,,2031-01-12,Activo,2025-04-21,2026-01-31,2
C000935__CTA_AHORROS,C000935,Cuenta de Ahorros,Depósito,10957.04,False,False,False,,,Activo,2025-09-19,2026-08-25,2
C000935__TARJETA_CREDITO,C000935,Tarjeta de Crédito,Deuda,2177.82,False,False,False,3000.00,2030-04-18,Activo,2025-02-02,2026-07-26,14
C000936__CREDITO_VEHICULAR,C000936,Crédito Vehicular,Deuda,18298.34,False,False,False,,2027-11-24,Activo,2025-12-14,2026-05-30,2
C000936__TARJETA_CREDITO,C000936,Tarjeta de Crédito,Deuda,336.10,False,False,False,2300.00,2028-12-06,Activo,2026-02-12,2026-07-26,4
C000937__CREDITO_HIPOTECARIO,C000937,Crédito Hipotecario,Deuda,38048.59,False,False,False,,2029-02-23,Activo,2025-03-05,2026-06-07,3
C000937__CTA_AHORROS,C000937,Cuenta de Ahorros,Depósito,54.50,False,False,False,,,Activo,2025-03-26,2025-09-06,4
C000938__CREDITO_HIPOTECARIO,C000938,Crédito Hipotecario,Deuda,56758.84,False,False,False,,2027-01-05,Activo,2025-02-25,2026-06-13,3
C000938__CREDITO_CONSUMO,C000938,Crédito de Consumo,Deuda,4919.14,False,False,False,,2031-05-11,Activo,2025-04-21,2025-07-10,2
C000938__TARJETA_CREDITO,C000938,Tarjeta de Crédito,Deuda,935.76,False,False,False,2100.00,2028-09-09,Activo,2025-02-23,2026-08-06,13
C000939__CREDITO_HIPOTECARIO,C000939,Crédito Hipotecario,Deuda,86701.53,False,False,False,,2027-07-20,Activo,2026-05-02,2026-05-16,2
C000939__CREDITO_CONSUMO,C000939,Crédito de Consumo,Deuda,14711.76,False,False,False,,2032-04-29,Activo,2025-06-04,2025-06-04,1
C000939__CTA_AHORROS,C000939,Cuenta de Ahorros,Depósito,-100.00,False,True,False,,,Activo,2025-08-22,2025-08-22,1
C000939__TARJETA_CREDITO,C000939,Tarjeta de Crédito,Deuda,2056.06,False,False,False,4600.00,2027-08-13,Activo,2025-01-17,2026-08-16,5
C000940__CREDITO_CONSUMO,C000940,Crédito de Consumo,Deuda,6946.42,False,False,False,,2030-02-21,Activo,2025-08-26,2025-08-26,1
C000940__CTA_AHORROS,C000940,Cuenta de Ahorros,Depósito,1208.18,False,False,False,,,Activo,2026-04-15,2026-08-25,4
C000940__TARJETA_CREDITO,C000940,Tarjeta de Crédito,Deuda,372.62,False,False,False,1500.00,2026-11-25,Activo,2025-03-23,2026-08-25,13
C000941__CTA_CORRIENTE,C000941,Cuenta Corriente,Depósito,3268.61,False,False,False,,,Activo,2025-01-20,2025-04-28,3
C000941__CTA_AHORROS,C000941,Cuenta de Ahorros,Depósito,-100.00,False,True,False,,,Activo,2025-10-12,2026-08-13,3
C000941__TARJETA_CREDITO,C000941,Tarjeta de Crédito,Deuda,2600.65,False,False,False,4100.00,2029-02-03,Activo,2025-01-15,2026-06-26,5
C000942__CTA_CORRIENTE,C000942,Cuenta Corriente,Depósito,2076.71,False,False,False,,,Activo,2025-01-18,2025-02-06,2
C000942__CTA_AHORROS,C000942,Cuenta de Ahorros,Depósito,416.42,False,False,False,,,Activo,2025-04-11,2026-08-19,4
C000942__TARJETA_CREDITO,C000942,Tarjeta de Crédito,Deuda,228.79,False,False,False,800.00,2030-01-21,Activo,2025-06-11,2026-08-29,9
C000943__CTA_CORRIENTE,C000943,Cuenta Corriente,Depósito,1678.99,False,False,False,,,Activo,2025-03-20,2025-03-20,1
C000943__TARJETA_CREDITO,C000943,Tarjeta de Crédito,Deuda,350.56,False,False,False,2300.00,2029-12-20,Activo,2025-03-07,2026-02-28,5
C000944__CTA_AHORROS,C000944,Cuenta de Ahorros,Depósito,5880.98,False,False,False,,,Activo,2025-09-11,2026-07-02,2
C000944__TARJETA_CREDITO,C000944,Tarjeta de Crédito,Deuda,4380.37,False,False,True,10100.00,2027-03-10,Activo,2025-01-19,2026-08-31,13
C000945__CTA_CORRIENTE,C000945,Cuenta Corriente,Depósito,6986.82,False,False,False,,,Activo,2025-05-10,2026-07-03,2
C000946__CREDITO_VEHICULAR,C000946,Crédito Vehicular,Deuda,24310.73,False,False,False,,2030-10-28,Activo,2025-11-25,2025-11-25,1
C000946__TARJETA_CREDITO,C000946,Tarjeta de Crédito,Deuda,742.32,False,False,False,1200.00,2028-10-14,Activo,2025-03-10,2026-06-11,13
C000947__CREDITO_CONSUMO,C000947,Crédito de Consumo,Deuda,13372.52,False,False,False,,2029-09-12,Activo,2025-05-02,2025-11-02,3
C000947__CTA_CORRIENTE,C000947,Cuenta Corriente,Depósito,9297.81,False,False,False,,,Activo,2025-05-11,2026-07-26,4
C000947__CTA_AHORROS,C000947,Cuenta de Ahorros,Depósito,1077.49,False,False,False,,,Activo,2026-08-05,2026-08-05,1
C000947__TARJETA_CREDITO,C000947,Tarjeta de Crédito,Deuda,1634.59,False,False,False,3600.00,2028-07-26,Activo,2025-01-07,2026-08-11,11
C000948__CTA_AHORROS,C000948,Cuenta de Ahorros,Depósito,1758.94,False,False,False,,,Activo,2025-07-14,2026-08-12,3
C000948__TARJETA_CREDITO,C000948,Tarjeta de Crédito,Deuda,167.08,False,False,False,900.00,2030-04-13,Activo,2025-04-01,2026-07-27,8
C000949__CREDITO_CONSUMO,C000949,Crédito de Consumo,Deuda,28506.36,False,False,True,,2030-12-22,Activo,2025-11-05,2025-11-05,1
C000949__TARJETA_CREDITO,C000949,Tarjeta de Crédito,Deuda,2065.79,False,False,False,7000.00,2028-04-15,Activo,2025-04-24,2026-08-30,7
C000950__CTA_AHORROS,C000950,Cuenta de Ahorros,Depósito,8350.15,False,False,False,,,Activo,2025-04-10,2025-04-10,1
C000950__TARJETA_CREDITO,C000950,Tarjeta de Crédito,Deuda,3695.55,False,False,True,5100.00,2030-04-27,Activo,2025-01-29,2026-08-20,10
C000951__CREDITO_CONSUMO,C000951,Crédito de Consumo,Deuda,5012.63,False,False,False,,2028-08-27,Activo,2025-06-09,2026-07-14,3
C000951__CTA_AHORROS,C000951,Cuenta de Ahorros,Depósito,4709.58,False,False,False,,,Activo,2025-10-12,2025-11-10,2
C000951__TARJETA_CREDITO,C000951,Tarjeta de Crédito,Deuda,2513.47,False,False,False,4700.00,2029-02-26,Activo,2025-02-17,2026-08-04,5
C000952__CTA_CORRIENTE,C000952,Cuenta Corriente,Depósito,1045.86,False,False,False,,,Activo,2026-01-17,2026-01-17,1
C000952__CTA_AHORROS,C000952,Cuenta de Ahorros,Depósito,2997.84,False,False,False,,,Activo,2025-12-26,2025-12-26,1
C000952__TARJETA_CREDITO,C000952,Tarjeta de Crédito,Deuda,1033.80,False,False,False,2600.00,2029-09-27,Activo,2025-02-25,2026-07-20,12
C000953__CTA_AHORROS,C000953,Cuenta de Ahorros,Depósito,1758.17,False,False,False,,,Activo,2025-05-09,2025-06-27,2
C000953__TARJETA_CREDITO,C000953,Tarjeta de Crédito,Deuda,514.32,False,False,False,1900.00,2027-10-31,Activo,2025-01-14,2026-08-01,5
C000954__CREDITO_VEHICULAR,C000954,Crédito Vehicular,Deuda,18443.52,False,False,False,,2032-05-08,Activo,2026-06-20,2026-06-20,1
C000955__CREDITO_HIPOTECARIO,C000955,Crédito Hipotecario,Deuda,46550.30,False,False,False,,2030-11-14,Activo,2026-06-13,2026-06-13,1
C000955__CREDITO_CONSUMO,C000955,Crédito de Consumo,Deuda,25389.46,False,False,False,,2028-01-28,Activo,2025-01-24,2026-07-25,3
C000955__TARJETA_CREDITO,C000955,Tarjeta de Crédito,Deuda,3208.29,False,False,False,9000.00,2028-08-06,Activo,2025-03-27,2026-07-25,8
C000956__CTA_AHORROS,C000956,Cuenta de Ahorros,Depósito,-100.00,False,True,False,,,Activo,2025-03-05,2025-06-22,3
C000956__TARJETA_CREDITO,C000956,Tarjeta de Crédito,Deuda,1357.56,False,False,False,2300.00,2029-03-15,Activo,2025-01-17,2026-08-19,12
C000957__TARJETA_CREDITO,C000957,Tarjeta de Crédito,Deuda,279.62,False,False,False,1700.00,2026-09-19,Activo,2025-04-07,2026-06-28,6
C000958__CTA_CORRIENTE,C000958,Cuenta Corriente,Depósito,554.23,False,False,False,,,Activo,2025-01-05,2026-03-23,3
C000958__CTA_AHORROS,C000958,Cuenta de Ahorros,Depósito,382.65,False,False,False,,,Activo,2025-11-11,2026-07-17,3
C000958__TARJETA_CREDITO,C000958,Tarjeta de Crédito,Deuda,88.87,False,False,False,2600.00,2028-12-06,Activo,2025-01-24,2026-01-13,12
C000959__CREDITO_CONSUMO,C000959,Crédito de Consumo,Deuda,2966.56,False,False,False,,2027-04-13,Activo,2025-01-18,2025-10-01,2
C000959__CTA_CORRIENTE,C000959,Cuenta Corriente,Depósito,-100.00,False,True,False,,,Activo,2026-06-22,2026-06-22,1
C000960__CREDITO_HIPOTECARIO,C000960,Crédito Hipotecario,Deuda,58603.27,False,False,False,,2027-07-31,Activo,2025-04-12,2025-05-29,2
C000960__CREDITO_CONSUMO,C000960,Crédito de Consumo,Deuda,1577.03,False,False,False,,2031-12-12,Activo,2025-08-25,2026-07-26,3
C000960__TARJETA_CREDITO,C000960,Tarjeta de Crédito,Deuda,343.01,False,False,False,1000.00,2027-01-11,Activo,2025-02-20,2026-08-09,7
C000961__TARJETA_CREDITO,C000961,Tarjeta de Crédito,Deuda,315.12,False,False,False,2100.00,2029-05-20,Activo,2025-02-06,2026-04-14,13
C000962__CTA_CORRIENTE,C000962,Cuenta Corriente,Depósito,3146.45,False,False,False,,,Activo,2025-06-27,2026-08-12,3
C000962__CTA_AHORROS,C000962,Cuenta de Ahorros,Depósito,3665.15,False,False,False,,,Activo,2026-01-04,2026-01-04,1
C000963__CREDITO_VEHICULAR,C000963,Crédito Vehicular,Deuda,,True,False,False,,2032-01-09,Activo,2025-07-29,2025-07-29,1
C000963__TARJETA_CREDITO,C000963,Tarjeta de Crédito,Deuda,431.84,False,False,False,1300.00,2027-11-01,Activo,2025-04-29,2026-07-13,12
C000964__CTA_CORRIENTE,C000964,Cuenta Corriente,Depósito,563.84,False,False,False,,,Activo,2025-09-12,2026-06-26,3
C000964__TARJETA_CREDITO,C000964,Tarjeta de Crédito,Deuda,897.35,False,False,False,1200.00,2028-04-01,Activo,2025-12-13,2026-06-07,5
C000965__CREDITO_VEHICULAR,C000965,Crédito Vehicular,Deuda,7661.68,False,False,False,,2030-03-14,Activo,2025-01-24,2025-03-23,2
C000965__TARJETA_CREDITO,C000965,Tarjeta de Crédito,Deuda,745.58,False,False,False,1700.00,2027-10-11,Activo,2025-01-16,2026-07-10,13
C000966__CREDITO_HIPOTECARIO,C000966,Crédito Hipotecario,Deuda,97377.52,False,False,False,,2032-02-07,Activo,2025-11-12,2026-01-19,2
C000966__TARJETA_CREDITO,C000966,Tarjeta de Crédito,Deuda,3921.53,False,False,True,8000.00,2029-11-18,Activo,2025-03-24,2026-07-10,9
C000967__CTA_CORRIENTE,C000967,Cuenta Corriente,Depósito,13820.97,False,False,True,,,Activo,2025-09-04,2026-01-12,2
C000967__CTA_AHORROS,C000967,Cuenta de Ahorros,Depósito,15739.10,False,False,True,,,Activo,2025-05-07,2026-01-21,4
C000967__TARJETA_CREDITO,C000967,Tarjeta de Crédito,Deuda,5336.42,False,False,True,16500.00,2030-03-28,Activo,2025-07-31,2026-08-15,14
C000968__CREDITO_CONSUMO,C000968,Crédito de Consumo,Deuda,6608.57,False,False,False,,2032-01-19,Activo,2025-07-30,2026-07-25,2
C000969__CTA_CORRIENTE,C000969,Cuenta Corriente,Depósito,13720.55,False,False,False,,,Activo,2025-07-06,2026-06-11,4
C000969__CTA_AHORROS,C000969,Cuenta de Ahorros,Depósito,6582.26,False,False,False,,,Activo,2025-01-21,2025-12-08,4
C000969__TARJETA_CREDITO,C000969,Tarjeta de Crédito,Deuda,2927.83,False,False,False,9300.00,2029-04-19,Activo,2025-01-16,2026-08-26,8
C000970__CREDITO_VEHICULAR,C000970,Crédito Vehicular,Deuda,3206.37,False,False,False,,2029-04-26,Activo,2026-06-11,2026-06-11,1
C000970__TARJETA_CREDITO,C000970,Tarjeta de Crédito,Deuda,466.64,False,False,False,2100.00,2027-02-15,Activo,2025-01-13,2026-08-02,10
C000971__CREDITO_HIPOTECARIO,C000971,Crédito Hipotecario,Deuda,96835.54,False,False,False,,2028-03-29,Activo,2025-08-13,2026-01-14,2
C000971__CTA_AHORROS,C000971,Cuenta de Ahorros,Depósito,1718.71,False,False,False,,,Activo,2025-05-22,2025-05-22,1
C000971__TARJETA_CREDITO,C000971,Tarjeta de Crédito,Deuda,154.41,False,False,False,1800.00,2030-05-09,Activo,2025-02-02,2026-05-30,13
C000972__CREDITO_HIPOTECARIO,C000972,Crédito Hipotecario,Deuda,65002.47,False,False,False,,2027-09-20,Activo,2026-08-05,2026-08-05,1
C000972__TARJETA_CREDITO,C000972,Tarjeta de Crédito,Deuda,251.03,False,False,False,1500.00,2030-07-07,Activo,2025-03-15,2026-04-28,6
C000973__CREDITO_CONSUMO,C000973,Crédito de Consumo,Deuda,3908.29,False,False,False,,2027-09-28,Activo,2025-01-10,2025-01-10,1
C000973__TARJETA_CREDITO,C000973,Tarjeta de Crédito,Deuda,441.67,False,False,False,2500.00,2029-04-04,Activo,2025-01-21,2026-08-31,14
C000974__CREDITO_CONSUMO,C000974,Crédito de Consumo,Deuda,19881.77,False,False,False,,2029-04-27,Activo,2025-02-02,2025-02-02,1
C000974__CTA_AHORROS,C000974,Cuenta de Ahorros,Depósito,2353.95,False,False,False,,,Activo,2025-03-20,2025-05-30,2
C000975__TARJETA_CREDITO,C000975,Tarjeta de Crédito,Deuda,0.00,False,False,False,2400.00,2029-01-12,Activo,2025-05-09,2026-05-28,6
C000976__CTA_CORRIENTE,C000976,Cuenta Corriente,Depósito,6516.52,False,False,False,,,Activo,2025-02-06,2025-02-06,1
C000976__CTA_AHORROS,C000976,Cuenta de Ahorros,Depósito,8296.45,False,False,False,,,Activo,2026-01-16,2026-01-29,2
C000976__TARJETA_CREDITO,C000976,Tarjeta de Crédito,Deuda,2877.68,False,False,False,6200.00,2029-11-08,Activo,2025-01-28,2026-08-22,11
C000977__CREDITO_VEHICULAR,C000977,Crédito Vehicular,Deuda,31487.52,False,False,False,,2027-08-25,Activo,2025-01-04,2026-05-27,3
C000978__CREDITO_CONSUMO,C000978,Crédito de Consumo,Deuda,4144.47,False,False,False,,2031-08-01,Activo,2025-07-17,2026-01-30,2
C000978__CTA_CORRIENTE,C000978,Cuenta Corriente,Depósito,2651.17,False,False,False,,,Activo,2025-02-28,2026-07-27,4
C000978__CTA_AHORROS,C000978,Cuenta de Ahorros,Depósito,2250.35,False,False,False,,,Activo,2026-07-21,2026-07-21,1
C000979__CREDITO_HIPOTECARIO,C000979,Crédito Hipotecario,Deuda,118152.38,False,False,False,,2029-06-10,Activo,2026-07-14,2026-07-14,1
C000980__CREDITO_HIPOTECARIO,C000980,Crédito Hipotecario,Deuda,79650.61,False,False,False,,2031-12-02,Activo,2026-04-25,2026-04-25,1
C000980__TARJETA_CREDITO,C000980,Tarjeta de Crédito,Deuda,79.23,False,False,False,2900.00,2030-07-30,Activo,2025-02-25,2026-07-17,14
C000981__CREDITO_CONSUMO,C000981,Crédito de Consumo,Deuda,4674.08,False,False,False,,2028-06-19,Activo,2026-06-03,2026-08-01,3
C000981__CTA_CORRIENTE,C000981,Cuenta Corriente,Depósito,3737.37,False,False,False,,,Activo,2025-01-09,2026-07-10,3
C000981__CTA_AHORROS,C000981,Cuenta de Ahorros,Depósito,-100.00,False,True,False,,,Activo,2025-07-28,2026-06-16,2
C000981__TARJETA_CREDITO,C000981,Tarjeta de Crédito,Deuda,882.28,False,False,False,2800.00,2029-06-07,Activo,2025-02-22,2026-08-31,14
C000982__CREDITO_CONSUMO,C000982,Crédito de Consumo,Deuda,8602.10,False,False,False,,2028-01-20,Activo,2025-09-20,2025-09-20,1
C000982__TARJETA_CREDITO,C000982,Tarjeta de Crédito,Deuda,3753.84,False,False,True,9400.00,2030-04-19,Activo,2025-01-13,2026-08-27,9
C000983__TARJETA_CREDITO,C000983,Tarjeta de Crédito,Deuda,975.38,False,False,False,1400.00,2027-11-13,Activo,2025-02-17,2026-06-18,7
C000984__CREDITO_HIPOTECARIO,C000984,Crédito Hipotecario,Deuda,35574.20,False,False,False,,2027-11-27,Activo,2025-04-23,2025-04-23,1
C000984__CREDITO_CONSUMO,C000984,Crédito de Consumo,Deuda,2900.45,False,False,False,,2031-09-06,Activo,2025-03-18,2025-09-20,3
C000984__CTA_CORRIENTE,C000984,Cuenta Corriente,Depósito,926.97,False,False,False,,,Activo,2025-10-17,2025-10-17,1
C000984__TARJETA_CREDITO,C000984,Tarjeta de Crédito,Deuda,0.00,False,False,False,900.00,2029-09-22,Activo,2025-03-17,2026-06-26,12
C000985__CREDITO_VEHICULAR,C000985,Crédito Vehicular,Deuda,31215.62,False,False,False,,2026-12-03,Activo,2025-01-04,2025-06-03,2
C000985__TARJETA_CREDITO,C000985,Tarjeta de Crédito,Deuda,196.90,False,False,False,1400.00,2030-08-11,Activo,2025-02-02,2026-08-04,12
C000986__CREDITO_CONSUMO,C000986,Crédito de Consumo,Deuda,29927.89,False,False,True,,2028-06-03,Activo,2025-11-08,2025-11-08,1
C000986__TARJETA_CREDITO,C000986,Tarjeta de Crédito,Deuda,3103.31,False,False,False,8300.00,2029-03-31,Activo,2025-06-10,2026-06-11,5
C000987__TARJETA_CREDITO,C000987,Tarjeta de Crédito,Deuda,207.00,False,False,False,2800.00,2027-08-27,Activo,2025-01-08,2026-08-16,14
C000988__CREDITO_VEHICULAR,C000988,Crédito Vehicular,Deuda,13763.22,False,False,False,,2028-05-04,Activo,2025-01-01,2025-01-01,1
C000988__TARJETA_CREDITO,C000988,Tarjeta de Crédito,Deuda,0.00,False,False,False,2000.00,2027-09-17,Activo,2025-02-23,2026-07-15,14
C000989__CREDITO_CONSUMO,C000989,Crédito de Consumo,Deuda,5633.16,False,False,False,,2028-04-11,Activo,2025-05-25,2025-12-19,3
C000989__CTA_CORRIENTE,C000989,Cuenta Corriente,Depósito,6355.05,False,False,False,,,Activo,2025-06-19,2026-07-08,2
C000989__CTA_AHORROS,C000989,Cuenta de Ahorros,Depósito,-64.03,False,True,False,,,Activo,2025-04-05,2026-06-17,4
C000990__CREDITO_VEHICULAR,C000990,Crédito Vehicular,Deuda,13103.51,False,False,False,,2032-01-23,Activo,2025-12-16,2025-12-16,1
C000990__CTA_CORRIENTE,C000990,Cuenta Corriente,Depósito,778.17,False,False,False,,,Activo,2025-05-07,2026-05-11,4
C000991__CTA_CORRIENTE,C000991,Cuenta Corriente,Depósito,2344.75,False,False,False,,,Activo,2026-03-04,2026-06-02,2
C000991__CTA_AHORROS,C000991,Cuenta de Ahorros,Depósito,4876.71,False,False,False,,,Activo,2025-02-21,2025-06-06,2
C000991__TARJETA_CREDITO,C000991,Tarjeta de Crédito,Deuda,1444.03,False,False,False,3400.00,2028-02-27,Activo,2025-02-05,2026-07-31,9
C000992__CREDITO_CONSUMO,C000992,Crédito de Consumo,Deuda,10370.41,False,False,False,,2028-07-20,Activo,2025-04-15,2025-05-04,2
C000992__CTA_CORRIENTE,C000992,Cuenta Corriente,Depósito,1806.13,False,False,False,,,Activo,2025-04-18,2026-03-21,3
C000992__CTA_AHORROS,C000992,Cuenta de Ahorros,Depósito,4484.31,False,False,False,,,Activo,2025-03-07,2026-06-03,2
C000992__TARJETA_CREDITO,C000992,Tarjeta de Crédito,Deuda,2096.57,False,False,False,4100.00,2028-11-23,Activo,2025-04-04,2026-03-13,7
C000993__TARJETA_CREDITO,C000993,Tarjeta de Crédito,Deuda,325.78,False,False,False,1300.00,2029-01-28,Activo,2025-02-16,2026-05-27,13
C000994__CREDITO_HIPOTECARIO,C000994,Crédito Hipotecario,Deuda,38197.89,False,False,False,,2030-07-10,Activo,2025-02-27,2026-03-05,2
C000994__CTA_CORRIENTE,C000994,Cuenta Corriente,Depósito,2216.86,False,False,False,,,Activo,2026-05-16,2026-05-16,1
C000994__CTA_AHORROS,C000994,Cuenta de Ahorros,Depósito,202.23,False,False,False,,,Activo,2025-07-19,2026-04-02,2
C000994__TARJETA_CREDITO,C000994,Tarjeta de Crédito,Deuda,599.66,False,False,False,1800.00,2029-04-14,Activo,2025-01-18,2026-08-20,10
C000995__CTA_AHORROS,C000995,Cuenta de Ahorros,Depósito,3604.81,False,False,False,,,Activo,2026-07-10,2026-07-10,1
C000996__CREDITO_CONSUMO,C000996,Crédito de Consumo,Deuda,10535.08,False,False,False,,2031-04-20,Activo,2025-01-04,2025-12-02,3
C000996__TARJETA_CREDITO,C000996,Tarjeta de Crédito,Deuda,372.45,False,False,False,2600.00,2030-03-28,Activo,2025-09-17,2026-08-20,4
C000997__CREDITO_VEHICULAR,C000997,Crédito Vehicular,Deuda,15302.03,False,False,False,,2029-09-12,Activo,2025-01-24,2026-07-09,3
C000998__CREDITO_HIPOTECARIO,C000998,Crédito Hipotecario,Deuda,69543.02,False,False,False,,2031-01-27,Activo,2026-07-17,2026-07-17,1
C000998__TARJETA_CREDITO,C000998,Tarjeta de Crédito,Deuda,0.00,False,False,False,9900.00,2028-10-08,Activo,2025-03-03,2026-06-28,14
C000999__CREDITO_HIPOTECARIO,C000999,Crédito Hipotecario,Deuda,65263.19,False,False,False,,2029-02-19,Activo,2025-07-04,2025-07-04,1
C000999__CREDITO_CONSUMO,C000999,Crédito de Consumo,Deuda,3404.39,False,False,False,,2028-01-06,Activo,2026-02-03,2026-03-12,2
C000999__CTA_AHORROS,C000999,Cuenta de Ahorros,Depósito,2155.29,False,False,False,,,Activo,2025-09-06,2025-09-06,1
C001000__TARJETA_CREDITO,C001000,Tarjeta de Crédito,Deuda,635.44,False,False,False,1200.00,2028-03-25,Activo,2025-01-10,2026-08-22,6
C001001__TARJETA_CREDITO,C001001,Tarjeta de Crédito,Deuda,268.57,False,False,False,900.00,2028-08-29,Activo,2025-01-07,2026-08-28,8
C001002__CREDITO_HIPOTECARIO,C001002,Crédito Hipotecario,Deuda,49068.41,False,False,False,,2031-11-29,Activo,2026-03-13,2026-03-13,1
C001002__CREDITO_VEHICULAR,C001002,Crédito Vehicular,Deuda,15906.56,False,False,False,,2027-01-24,Activo,2025-05-29,2025-05-29,1
C001002__CREDITO_CONSUMO,C001002,Crédito de Consumo,Deuda,6311.29,False,False,False,,2028-08-12,Activo,2025-03-26,2025-11-26,2
C001002__TARJETA_CREDITO,C001002,Tarjeta de Crédito,Deuda,426.51,False,False,False,2400.00,2029-08-03,Activo,2025-01-09,2026-05-20,14
C001003__CREDITO_HIPOTECARIO,C001003,Crédito Hipotecario,Deuda,70770.17,False,False,False,,2031-05-11,Activo,2025-05-25,2026-05-08,3
C001003__TARJETA_CREDITO,C001003,Tarjeta de Crédito,Deuda,921.48,False,False,False,3500.00,2029-09-11,Activo,2025-03-01,2026-08-30,13
C001004__CTA_AHORROS,C001004,Cuenta de Ahorros,Depósito,3117.87,False,False,False,,,Activo,2025-07-03,2026-02-02,3
C001004__TARJETA_CREDITO,C001004,Tarjeta de Crédito,Deuda,1263.53,False,False,False,7400.00,2029-08-17,Activo,2025-01-29,2026-08-19,10
C001005__CREDITO_CONSUMO,C001005,Crédito de Consumo,Deuda,30565.27,False,False,True,,2027-03-05,Activo,2025-09-24,2026-03-05,2
C001006__TARJETA_CREDITO,C001006,Tarjeta de Crédito,Deuda,0.00,False,False,False,2400.00,2028-01-07,Activo,2025-02-25,2026-08-29,12
C001007__CREDITO_CONSUMO,C001007,Crédito de Consumo,Deuda,5859.37,False,False,False,,2029-05-15,Activo,2025-04-07,2025-05-18,2
C001007__CTA_CORRIENTE,C001007,Cuenta Corriente,Depósito,162.57,False,False,False,,,Activo,2025-05-12,2026-08-26,2
C001007__CTA_AHORROS,C001007,Cuenta de Ahorros,Depósito,3250.32,False,False,False,,,Activo,2025-09-15,2025-09-15,1
C001007__TARJETA_CREDITO,C001007,Tarjeta de Crédito,Deuda,1627.14,False,False,False,3700.00,2029-02-27,Activo,2025-02-01,2026-08-05,7
C001008__CREDITO_VEHICULAR,C001008,Crédito Vehicular,Deuda,21957.46,False,False,False,,2030-04-29,Activo,2025-10-16,2025-12-10,2
C001008__CREDITO_CONSUMO,C001008,Crédito de Consumo,Deuda,7427.68,False,False,False,,2028-10-19,Activo,2025-04-26,2026-03-08,2
C001008__CTA_AHORROS,C001008,Cuenta de Ahorros,Depósito,4936.76,False,False,False,,,Activo,2026-05-04,2026-05-04,1
C001008__TARJETA_CREDITO,C001008,Tarjeta de Crédito,Deuda,1729.37,False,False,False,5700.00,2030-02-24,Activo,2025-07-28,2026-07-19,5
C001009__CREDITO_VEHICULAR,C001009,Crédito Vehicular,Deuda,30756.69,False,False,False,,2027-10-30,Activo,2025-12-21,2025-12-21,1
C001009__CREDITO_CONSUMO,C001009,Crédito de Consumo,Deuda,3678.94,False,False,False,,2029-06-18,Activo,2025-02-17,2025-06-16,2
C001009__TARJETA_CREDITO,C001009,Tarjeta de Crédito,Deuda,725.52,False,False,False,2100.00,2026-12-29,Activo,2025-05-14,2026-07-13,6
C001010__CREDITO_VEHICULAR,C001010,Crédito Vehicular,Deuda,13316.28,False,False,False,,2031-11-27,Activo,2025-07-18,2025-07-18,1
C001010__TARJETA_CREDITO,C001010,Tarjeta de Crédito,Deuda,510.93,False,False,False,1500.00,2028-07-23,Activo,2025-03-07,2026-07-20,10
C001011__CREDITO_VEHICULAR,C001011,Crédito Vehicular,Deuda,23849.21,False,False,False,,2028-12-14,Activo,2025-02-07,2025-02-07,1
C001011__TARJETA_CREDITO,C001011,Tarjeta de Crédito,Deuda,1097.33,False,False,False,2500.00,2028-12-29,Activo,2025-03-26,2026-06-28,8
C001012__CREDITO_CONSUMO,C001012,Crédito de Consumo,Deuda,14425.77,False,False,False,,2031-05-29,Activo,2025-04-08,2025-05-11,2
C001012__CTA_CORRIENTE,C001012,Cuenta Corriente,Depósito,-100.00,False,True,False,,,Activo,2025-03-20,2025-03-20,1
C001012__CTA_AHORROS,C001012,Cuenta de Ahorros,Depósito,10103.29,False,False,False,,,Activo,2025-03-31,2025-07-23,2
C001012__TARJETA_CREDITO,C001012,Tarjeta de Crédito,Deuda,0.00,False,False,False,6300.00,2030-04-16,Activo,2025-02-05,2026-04-18,8
C001013__CREDITO_CONSUMO,C001013,Crédito de Consumo,Deuda,7839.11,False,False,False,,2031-12-26,Activo,2025-01-22,2026-07-29,3
C001013__TARJETA_CREDITO,C001013,Tarjeta de Crédito,Deuda,669.04,False,False,False,2800.00,2027-05-21,Activo,2025-02-27,2026-05-02,11
C001014__CREDITO_HIPOTECARIO,C001014,Crédito Hipotecario,Deuda,57810.60,False,False,False,,2030-01-31,Activo,2025-04-12,2026-08-28,3
C001014__TARJETA_CREDITO,C001014,Tarjeta de Crédito,Deuda,570.91,False,False,False,900.00,2030-01-31,Activo,2025-04-09,2026-07-02,6
C001015__CREDITO_VEHICULAR,C001015,Crédito Vehicular,Deuda,11219.38,False,False,False,,2030-05-01,Activo,2025-01-06,2025-11-02,3
C001015__CTA_AHORROS,C001015,Cuenta de Ahorros,Depósito,2654.14,False,False,False,,,Activo,2025-02-28,2026-08-16,4
C001015__TARJETA_CREDITO,C001015,Tarjeta de Crédito,Deuda,1196.76,False,False,False,3000.00,2030-04-05,Activo,2025-01-27,2026-08-29,9
C001016__TARJETA_CREDITO,C001016,Tarjeta de Crédito,Deuda,910.18,False,False,False,3400.00,2027-12-06,Activo,2025-02-19,2026-07-05,11
C001017__CTA_AHORROS,C001017,Cuenta de Ahorros,Depósito,3271.32,False,False,False,,,Activo,2025-03-01,2026-07-03,4
C001018__CREDITO_VEHICULAR,C001018,Crédito Vehicular,Deuda,21958.87,False,False,False,,2027-12-18,Activo,2025-11-18,2026-01-22,2
C001018__TARJETA_CREDITO,C001018,Tarjeta de Crédito,Deuda,1541.15,False,False,False,4800.00,2027-10-19,Activo,2025-02-14,2026-08-17,12
C001019__CREDITO_HIPOTECARIO,C001019,Crédito Hipotecario,Deuda,144308.66,False,False,False,,2027-09-06,Activo,2026-08-20,2026-08-20,1
C001019__CTA_CORRIENTE,C001019,Cuenta Corriente,Depósito,2062.76,False,False,False,,,Activo,2025-02-18,2026-08-29,2
C001019__CTA_AHORROS,C001019,Cuenta de Ahorros,Depósito,4871.66,False,False,False,,,Activo,2025-01-17,2026-03-20,4
C001020__CREDITO_CONSUMO,C001020,Crédito de Consumo,Deuda,12987.84,False,False,False,,2029-12-23,Activo,2025-05-25,2026-05-08,3
C001020__TARJETA_CREDITO,C001020,Tarjeta de Crédito,Deuda,1694.95,False,False,False,8400.00,2027-08-28,Activo,2025-04-29,2026-01-30,8
C001021__CREDITO_CONSUMO,C001021,Crédito de Consumo,Deuda,5288.69,False,False,False,,2028-12-20,Activo,2026-08-05,2026-08-05,1
C001022__CTA_AHORROS,C001022,Cuenta de Ahorros,Depósito,1440.19,False,False,False,,,Activo,2025-04-29,2026-06-10,3
C001022__TARJETA_CREDITO,C001022,Tarjeta de Crédito,Deuda,522.93,False,False,False,1100.00,2028-03-21,Activo,2025-06-04,2026-08-30,10
C001023__CREDITO_VEHICULAR,C001023,Crédito Vehicular,Deuda,16372.31,False,False,False,,2028-05-10,Activo,2025-05-26,2025-06-24,2
C001023__CTA_CORRIENTE,C001023,Cuenta Corriente,Depósito,4586.89,False,False,False,,,Activo,2025-03-27,2026-06-12,4
C001023__TARJETA_CREDITO,C001023,Tarjeta de Crédito,Deuda,2957.04,False,False,False,9600.00,2027-08-24,Activo,2025-05-20,2026-08-31,7
C001024__CREDITO_HIPOTECARIO,C001024,Crédito Hipotecario,Deuda,51114.10,False,False,False,,2031-04-27,Activo,2025-03-26,2026-03-26,2
C001024__CTA_CORRIENTE,C001024,Cuenta Corriente,Depósito,381.05,False,False,False,,,Activo,2025-01-28,2026-07-15,3
C001024__TARJETA_CREDITO,C001024,Tarjeta de Crédito,Deuda,289.88,False,False,False,1000.00,2028-06-15,Activo,2025-03-20,2026-01-23,8
C001025__CREDITO_HIPOTECARIO,C001025,Crédito Hipotecario,Deuda,92045.98,False,False,False,,2030-03-03,Activo,2025-02-26,2025-02-26,1
C001025__TARJETA_CREDITO,C001025,Tarjeta de Crédito,Deuda,3918.92,False,False,True,8600.00,2028-03-02,Activo,2025-03-21,2026-07-24,5
C001026__CTA_AHORROS,C001026,Cuenta de Ahorros,Depósito,3838.95,False,False,False,,,Activo,2025-01-19,2026-08-11,3
C001026__TARJETA_CREDITO,C001026,Tarjeta de Crédito,Deuda,578.85,False,False,False,2500.00,2029-08-28,Activo,2025-03-25,2026-02-10,7
C001027__CREDITO_VEHICULAR,C001027,Crédito Vehicular,Deuda,16957.60,False,False,False,,2029-03-26,Activo,2025-06-14,2025-06-14,1
C001027__TARJETA_CREDITO,C001027,Tarjeta de Crédito,Deuda,1067.82,False,False,False,3900.00,2026-10-16,Activo,2025-01-14,2025-10-16,4
C001028__CREDITO_CONSUMO,C001028,Crédito de Consumo,Deuda,3569.50,False,False,False,,2027-09-15,Activo,2026-05-19,2026-05-19,1
C001028__TARJETA_CREDITO,C001028,Tarjeta de Crédito,Deuda,226.16,False,False,False,3400.00,2027-11-13,Activo,2025-02-04,2026-05-09,12
C001029__CTA_CORRIENTE,C001029,Cuenta Corriente,Depósito,1470.72,False,False,False,,,Activo,2026-06-10,2026-07-13,2
C001029__TARJETA_CREDITO,C001029,Tarjeta de Crédito,Deuda,347.79,False,False,False,1000.00,2028-07-05,Activo,2025-01-11,2026-07-31,11
C001030__CREDITO_CONSUMO,C001030,Crédito de Consumo,Deuda,18507.99,False,False,False,,2030-12-17,Activo,2026-03-12,2026-08-23,3
C001030__CTA_CORRIENTE,C001030,Cuenta Corriente,Depósito,4206.65,False,False,False,,,Activo,2025-10-12,2026-07-12,4
C001030__CTA_AHORROS,C001030,Cuenta de Ahorros,Depósito,2187.73,False,False,False,,,Activo,2025-02-11,2026-04-11,4
C001030__TARJETA_CREDITO,C001030,Tarjeta de Crédito,Deuda,1148.58,False,False,False,2600.00,2027-09-01,Activo,2025-02-18,2026-03-06,4
C001031__CREDITO_HIPOTECARIO,C001031,Crédito Hipotecario,Deuda,97283.61,False,False,False,,2030-11-26,Activo,2025-01-11,2026-03-16,2
C001031__CTA_CORRIENTE,C001031,Cuenta Corriente,Depósito,1996.58,False,False,False,,,Activo,2025-07-04,2026-07-11,2
C001031__CTA_AHORROS,C001031,Cuenta de Ahorros,Depósito,1269.88,False,False,False,,,Activo,2025-01-19,2026-04-20,4
C001031__TARJETA_CREDITO,C001031,Tarjeta de Crédito,Deuda,136.13,False,False,False,1200.00,2029-10-31,Activo,2025-02-22,2026-07-11,5
C001032__CREDITO_VEHICULAR,C001032,Crédito Vehicular,Deuda,9039.95,False,False,False,,2027-06-01,Activo,2025-01-07,2025-01-07,1
C001032__TARJETA_CREDITO,C001032,Tarjeta de Crédito,Deuda,349.06,False,False,False,900.00,2030-04-12,Activo,2025-01-17,2026-06-12,13
C001033__CTA_CORRIENTE,C001033,Cuenta Corriente,Depósito,1112.39,False,False,False,,,Activo,2025-10-01,2026-01-31,2
C001033__TARJETA_CREDITO,C001033,Tarjeta de Crédito,Deuda,657.79,False,False,False,1400.00,2027-03-30,Activo,2025-01-19,2026-08-06,10
C001034__CREDITO_CONSUMO,C001034,Crédito de Consumo,Deuda,5073.09,False,False,False,,2028-04-07,Activo,2025-01-31,2025-10-09,3
C001035__CREDITO_CONSUMO,C001035,Crédito de Consumo,Deuda,2048.46,False,False,False,,2027-03-09,Activo,2025-05-18,2025-05-18,1
C001035__CTA_CORRIENTE,C001035,Cuenta Corriente,Depósito,1888.81,False,False,False,,,Activo,2025-10-09,2025-10-09,1
C001035__CTA_AHORROS,C001035,Cuenta de Ahorros,Depósito,4666.47,False,False,False,,,Activo,2025-04-22,2026-04-03,4
C001035__TARJETA_CREDITO,C001035,Tarjeta de Crédito,Deuda,1128.09,False,False,False,2200.00,2029-07-10,Activo,2025-01-09,2026-08-09,12
C001036__CREDITO_CONSUMO,C001036,Crédito de Consumo,Deuda,,True,False,False,,2028-12-16,Activo,2026-08-08,2026-08-08,1
C001037__CREDITO_CONSUMO,C001037,Crédito de Consumo,Deuda,5138.80,False,False,False,,2031-12-13,Activo,2025-02-02,2025-06-03,2
C001037__CTA_CORRIENTE,C001037,Cuenta Corriente,Depósito,1072.07,False,False,False,,,Activo,2026-03-18,2026-03-18,1
C001038__CREDITO_CONSUMO,C001038,Crédito de Consumo,Deuda,2223.05,False,False,False,,2031-11-17,Activo,2025-11-22,2026-08-03,2
C001038__CTA_AHORROS,C001038,Cuenta de Ahorros,Depósito,748.08,False,False,False,,,Activo,2026-03-15,2026-03-15,1
C001038__TARJETA_CREDITO,C001038,Tarjeta de Crédito,Deuda,233.56,False,False,False,500.00,2028-12-27,Activo,2025-01-26,2026-08-27,13
C001039__CREDITO_VEHICULAR,C001039,Crédito Vehicular,Deuda,10960.50,False,False,False,,2027-09-16,Activo,2026-08-28,2026-08-28,1
C001039__CTA_AHORROS,C001039,Cuenta de Ahorros,Depósito,7301.56,False,False,False,,,Activo,2026-01-21,2026-08-18,3
C001039__TARJETA_CREDITO,C001039,Tarjeta de Crédito,Deuda,1665.13,False,False,False,3800.00,2028-07-06,Activo,2025-11-30,2026-06-24,7
C001040__CREDITO_CONSUMO,C001040,Crédito de Consumo,Deuda,3938.12,False,False,False,,2030-12-06,Activo,2025-05-15,2026-02-20,2
C001040__CTA_CORRIENTE,C001040,Cuenta Corriente,Depósito,1482.55,False,False,False,,,Activo,2025-10-07,2025-10-07,1
C001040__TARJETA_CREDITO,C001040,Tarjeta de Crédito,Deuda,571.87,False,False,False,1900.00,2029-06-26,Activo,2025-04-10,2026-08-27,13
C001041__CREDITO_CONSUMO,C001041,Crédito de Consumo,Deuda,4154.84,False,False,False,,2032-03-12,Activo,2025-05-20,2026-08-23,3
C001041__TARJETA_CREDITO,C001041,Tarjeta de Crédito,Deuda,692.75,False,False,False,2200.00,2029-08-01,Activo,2025-01-15,2026-05-28,14
C001042__CTA_CORRIENTE,C001042,Cuenta Corriente,Depósito,3306.10,False,False,False,,,Activo,2026-08-19,2026-08-19,1
C001043__CREDITO_CONSUMO,C001043,Crédito de Consumo,Deuda,3899.40,False,False,False,,2031-04-16,Activo,2025-04-23,2026-08-27,2
C001043__TARJETA_CREDITO,C001043,Tarjeta de Crédito,Deuda,1449.36,False,False,False,3900.00,2030-01-14,Activo,2025-04-24,2026-06-21,11
C001044__CREDITO_VEHICULAR,C001044,Crédito Vehicular,Deuda,16660.65,False,False,False,,2031-06-16,Activo,2025-09-30,2026-03-07,3
C001044__CTA_CORRIENTE,C001044,Cuenta Corriente,Depósito,2381.56,False,False,False,,,Activo,2026-08-29,2026-08-29,1
C001045__CREDITO_CONSUMO,C001045,Crédito de Consumo,Deuda,4992.80,False,False,False,,2031-07-19,Activo,2025-06-10,2026-04-24,3
C001045__CTA_CORRIENTE,C001045,Cuenta Corriente,Depósito,-100.00,False,True,False,,,Activo,2025-08-06,2026-08-04,2
C001045__TARJETA_CREDITO,C001045,Tarjeta de Crédito,Deuda,205.46,False,False,False,1400.00,2029-03-10,Activo,2025-01-29,2026-06-19,7
C001046__CTA_AHORROS,C001046,Cuenta de Ahorros,Depósito,591.38,False,False,False,,,Activo,2025-01-02,2026-02-13,3
C001046__TARJETA_CREDITO,C001046,Tarjeta de Crédito,Deuda,816.73,False,False,False,2000.00,2029-05-15,Activo,2025-01-18,2026-04-06,9
C001047__TARJETA_CREDITO,C001047,Tarjeta de Crédito,Deuda,306.99,False,False,False,1500.00,2028-04-16,Activo,2025-02-13,2026-07-26,7
C001048__CREDITO_CONSUMO,C001048,Crédito de Consumo,Deuda,1188.05,False,False,False,,2028-08-29,Activo,2026-06-05,2026-06-05,1
C001048__TARJETA_CREDITO,C001048,Tarjeta de Crédito,Deuda,418.17,False,False,False,1600.00,2029-05-14,Activo,2025-02-23,2026-07-06,5
C001049__CTA_CORRIENTE,C001049,Cuenta Corriente,Depósito,281.16,False,False,False,,,Activo,2026-03-12,2026-03-12,1
C001050__CREDITO_HIPOTECARIO,C001050,Crédito Hipotecario,Deuda,38555.26,False,False,False,,2028-06-25,Activo,2025-04-03,2025-12-10,2
C001050__CTA_AHORROS,C001050,Cuenta de Ahorros,Depósito,967.04,False,False,False,,,Activo,2025-04-03,2025-04-03,1
C001051__CTA_AHORROS,C001051,Cuenta de Ahorros,Depósito,16354.12,False,False,True,,,Activo,2025-05-20,2026-07-03,3
C001051__TARJETA_CREDITO,C001051,Tarjeta de Crédito,Deuda,0.00,False,False,False,10900.00,2030-03-05,Activo,2025-04-07,2025-09-16,4
C001052__CREDITO_VEHICULAR,C001052,Crédito Vehicular,Deuda,17545.88,False,False,False,,2031-10-06,Activo,2025-07-08,2025-12-21,2
C001053__CREDITO_HIPOTECARIO,C001053,Crédito Hipotecario,Deuda,87341.23,False,False,False,,2031-05-11,Activo,2025-09-10,2025-09-10,1
C001053__CTA_CORRIENTE,C001053,Cuenta Corriente,Depósito,21869.74,False,False,True,,,Activo,2025-04-06,2025-04-06,1
C001054__CREDITO_VEHICULAR,C001054,Crédito Vehicular,Deuda,11282.57,False,False,False,,2028-06-07,Activo,2026-03-06,2026-03-06,1
C001054__CTA_CORRIENTE,C001054,Cuenta Corriente,Depósito,3312.30,False,False,False,,,Activo,2025-02-20,2025-02-20,1
C001054__TARJETA_CREDITO,C001054,Tarjeta de Crédito,Deuda,242.02,False,False,False,1400.00,2030-07-18,Activo,2025-01-08,2026-04-03,9
C001055__CTA_AHORROS,C001055,Cuenta de Ahorros,Depósito,17849.42,False,False,True,,,Activo,2025-03-16,2026-05-01,3
C001055__TARJETA_CREDITO,C001055,Tarjeta de Crédito,Deuda,410.69,False,False,False,5400.00,2030-03-14,Activo,2025-03-09,2026-08-07,14
C001056__CTA_AHORROS,C001056,Cuenta de Ahorros,Depósito,3584.79,False,False,False,,,Activo,2025-09-01,2026-03-20,2
C001056__TARJETA_CREDITO,C001056,Tarjeta de Crédito,Deuda,1105.22,False,False,False,1900.00,2029-06-26,Activo,2025-04-06,2026-04-29,4
C001057__CTA_AHORROS,C001057,Cuenta de Ahorros,Depósito,1220.59,False,False,False,,,Activo,2025-06-19,2025-06-19,1
C001057__TARJETA_CREDITO,C001057,Tarjeta de Crédito,Deuda,675.11,False,False,False,1800.00,2027-04-28,Activo,2025-03-07,2026-05-14,6
C001058__CREDITO_HIPOTECARIO,C001058,Crédito Hipotecario,Deuda,64735.87,False,False,False,,2030-11-14,Activo,2025-03-30,2026-04-23,3
C001058__CREDITO_CONSUMO,C001058,Crédito de Consumo,Deuda,21546.92,False,False,False,,2029-12-03,Activo,2025-02-12,2025-11-22,2
C001058__TARJETA_CREDITO,C001058,Tarjeta de Crédito,Deuda,0.00,False,False,False,13300.00,2030-06-20,Activo,2025-05-11,2026-04-30,6
C001059__TARJETA_CREDITO,C001059,Tarjeta de Crédito,Deuda,928.92,False,False,False,5600.00,2028-07-08,Activo,2025-03-25,2026-07-23,9
C001060__CREDITO_HIPOTECARIO,C001060,Crédito Hipotecario,Deuda,101769.44,False,False,False,,2032-02-14,Activo,2025-01-10,2025-01-10,1
C001060__CREDITO_VEHICULAR,C001060,Crédito Vehicular,Deuda,20323.90,False,False,False,,2032-08-11,Activo,2025-02-07,2025-09-09,2
C001060__CTA_AHORROS,C001060,Cuenta de Ahorros,Depósito,5423.61,False,False,False,,,Activo,2026-07-09,2026-07-09,1
C001060__TARJETA_CREDITO,C001060,Tarjeta de Crédito,Deuda,0.00,False,False,False,2900.00,2028-07-24,Activo,2025-02-22,2026-06-16,12
C001061__CREDITO_VEHICULAR,C001061,Crédito Vehicular,Deuda,18271.55,False,False,False,,2032-01-30,Activo,2026-07-23,2026-07-23,1
C001062__CREDITO_HIPOTECARIO,C001062,Crédito Hipotecario,Deuda,52720.85,False,False,False,,2027-02-27,Activo,2025-05-25,2026-03-22,3
C001062__CTA_AHORROS,C001062,Cuenta de Ahorros,Depósito,5023.04,False,False,False,,,Activo,2025-06-28,2026-05-10,3
C001062__TARJETA_CREDITO,C001062,Tarjeta de Crédito,Deuda,447.33,False,False,False,2400.00,2028-12-05,Activo,2025-03-05,2026-04-23,8
C001063__CREDITO_HIPOTECARIO,C001063,Crédito Hipotecario,Deuda,73973.35,False,False,False,,2029-01-30,Activo,2025-07-21,2025-07-21,1
C001063__CTA_CORRIENTE,C001063,Cuenta Corriente,Depósito,11344.79,False,False,False,,,Activo,2026-02-24,2026-02-24,1
C001063__TARJETA_CREDITO,C001063,Tarjeta de Crédito,Deuda,1772.54,False,False,False,12100.00,2029-02-10,Activo,2025-01-16,2026-06-28,11
C001064__CTA_CORRIENTE,C001064,Cuenta Corriente,Depósito,9469.84,False,False,False,,,Activo,2025-04-23,2025-07-03,2
C001064__TARJETA_CREDITO,C001064,Tarjeta de Crédito,Deuda,0.00,False,False,False,2200.00,2030-07-09,Activo,2025-01-03,2026-05-19,8
C001065__CTA_AHORROS,C001065,Cuenta de Ahorros,Depósito,14567.04,False,False,True,,,Activo,2026-07-07,2026-07-07,1
C001066__CTA_AHORROS,C001066,Cuenta de Ahorros,Depósito,4031.75,False,False,False,,,Activo,2025-12-25,2025-12-25,1
C001066__TARJETA_CREDITO,C001066,Tarjeta de Crédito,Deuda,485.04,False,False,False,1400.00,2029-07-24,Activo,2025-07-30,2026-05-16,4
C001067__CREDITO_CONSUMO,C001067,Crédito de Consumo,Deuda,2077.58,False,False,False,,2032-02-08,Activo,2025-06-04,2025-09-18,2
C001068__CTA_AHORROS,C001068,Cuenta de Ahorros,Depósito,2491.73,False,False,False,,,Activo,2025-01-26,2026-05-31,4
C001069__CREDITO_CONSUMO,C001069,Crédito de Consumo,Deuda,24788.15,False,False,False,,2029-03-11,Activo,2025-07-07,2026-06-15,3
C001069__CTA_AHORROS,C001069,Cuenta de Ahorros,Depósito,19873.30,False,False,True,,,Activo,2026-01-25,2026-03-27,2
C001070__CTA_CORRIENTE,C001070,Cuenta Corriente,Depósito,5976.71,False,False,False,,,Activo,2025-09-13,2025-12-25,3
C001070__CTA_AHORROS,C001070,Cuenta de Ahorros,Depósito,2081.82,False,False,False,,,Activo,2025-06-10,2025-06-10,1
C001071__CREDITO_VEHICULAR,C001071,Crédito Vehicular,Deuda,21531.43,False,False,False,,2028-07-27,Activo,2026-07-25,2026-08-23,2
C001071__CTA_AHORROS,C001071,Cuenta de Ahorros,Depósito,-100.00,False,True,False,,,Activo,2025-04-11,2025-10-19,2
C001071__TARJETA_CREDITO,C001071,Tarjeta de Crédito,Deuda,176.37,False,False,False,500.00,2027-01-28,Activo,2025-04-14,2026-07-07,14
C001072__CREDITO_VEHICULAR,C001072,Crédito Vehicular,Deuda,22260.37,False,False,False,,2032-07-31,Activo,2026-07-07,2026-07-07,1
C001072__CREDITO_CONSUMO,C001072,Crédito de Consumo,Deuda,1617.56,False,False,False,,2029-07-22,Activo,2026-04-14,2026-04-14,1
C001073__CREDITO_CONSUMO,C001073,Crédito de Consumo,Deuda,11704.32,False,False,False,,2028-02-25,Activo,2025-01-13,2025-10-13,2
C001073__TARJETA_CREDITO,C001073,Tarjeta de Crédito,Deuda,4856.34,False,False,True,8800.00,2030-09-06,Activo,2025-02-05,2026-08-09,10
C001074__CREDITO_CONSUMO,C001074,Crédito de Consumo,Deuda,12290.16,False,False,False,,2030-11-02,Activo,2026-03-31,2026-03-31,2
C001074__TARJETA_CREDITO,C001074,Tarjeta de Crédito,Deuda,3573.39,False,False,True,8600.00,2026-10-01,Activo,2025-02-19,2026-04-06,4
C001075__CREDITO_VEHICULAR,C001075,Crédito Vehicular,Deuda,10683.19,False,False,False,,2027-06-12,Activo,2026-04-21,2026-07-20,2
C001075__TARJETA_CREDITO,C001075,Tarjeta de Crédito,Deuda,211.61,False,False,False,900.00,2026-10-11,Activo,2025-05-06,2026-07-27,5
C001076__CTA_CORRIENTE,C001076,Cuenta Corriente,Depósito,938.66,False,False,False,,,Activo,2025-04-15,2026-03-01,3
C001077__CREDITO_HIPOTECARIO,C001077,Crédito Hipotecario,Deuda,113936.07,False,False,False,,2029-05-18,Activo,2025-07-21,2025-07-21,1
C001077__CTA_CORRIENTE,C001077,Cuenta Corriente,Depósito,1787.54,False,False,False,,,Activo,2025-03-02,2025-12-01,2
C001078__CTA_AHORROS,C001078,Cuenta de Ahorros,Depósito,586.41,False,False,False,,,Activo,2025-03-10,2026-02-25,3
C001078__TARJETA_CREDITO,C001078,Tarjeta de Crédito,Deuda,551.14,False,False,False,1900.00,2027-09-25,Activo,2025-01-12,2026-08-10,11
C001079__CREDITO_HIPOTECARIO,C001079,Crédito Hipotecario,Deuda,82437.53,False,False,False,,2031-08-11,Activo,2026-04-29,2026-04-29,1
C001079__CTA_AHORROS,C001079,Cuenta de Ahorros,Depósito,6667.67,False,False,False,,,Activo,2025-09-16,2026-05-23,3
C001079__TARJETA_CREDITO,C001079,Tarjeta de Crédito,Deuda,1761.43,False,False,False,7000.00,2030-05-31,Activo,2025-01-10,2026-08-21,14
C001080__TARJETA_CREDITO,C001080,Tarjeta de Crédito,Deuda,592.58,False,False,False,1100.00,2027-01-17,Activo,2025-01-14,2026-07-05,9
C001081__CREDITO_CONSUMO,C001081,Crédito de Consumo,Deuda,12531.24,False,False,False,,2032-03-27,Activo,2025-08-08,2025-12-16,2
C001081__CTA_CORRIENTE,C001081,Cuenta Corriente,Depósito,-80.43,False,True,False,,,Activo,2025-04-12,2026-08-26,3
C001081__TARJETA_CREDITO,C001081,Tarjeta de Crédito,Deuda,1004.62,False,False,False,3900.00,2030-04-26,Activo,2025-01-12,2026-06-18,11
C001082__CTA_AHORROS,C001082,Cuenta de Ahorros,Depósito,2925.97,False,False,False,,,Activo,2026-07-18,2026-07-18,1
C001082__TARJETA_CREDITO,C001082,Tarjeta de Crédito,Deuda,615.38,False,False,False,2100.00,2027-04-08,Activo,2025-01-03,2026-08-12,9
C001083__CTA_AHORROS,C001083,Cuenta de Ahorros,Depósito,1721.95,False,False,False,,,Activo,2026-01-31,2026-01-31,1
C001083__TARJETA_CREDITO,C001083,Tarjeta de Crédito,Deuda,321.68,False,False,False,1700.00,2030-08-01,Activo,2025-02-04,2026-07-17,11
C001084__CREDITO_HIPOTECARIO,C001084,Crédito Hipotecario,Deuda,56469.22,False,False,False,,2029-04-05,Activo,2025-09-07,2026-08-19,3
C001084__TARJETA_CREDITO,C001084,Tarjeta de Crédito,Deuda,602.80,False,False,False,1100.00,2030-01-21,Activo,2025-02-21,2026-05-12,11
C001085__CREDITO_VEHICULAR,C001085,Crédito Vehicular,Deuda,21853.73,False,False,False,,2030-02-08,Activo,2025-04-25,2026-01-15,3
C001085__CTA_CORRIENTE,C001085,Cuenta Corriente,Depósito,1376.30,False,False,False,,,Activo,2025-01-12,2026-06-27,3
C001085__TARJETA_CREDITO,C001085,Tarjeta de Crédito,Deuda,1122.45,False,False,False,2200.00,2029-07-04,Activo,2025-05-17,2026-05-15,9
C001086__CREDITO_HIPOTECARIO,C001086,Crédito Hipotecario,Deuda,32393.66,False,False,False,,2027-02-02,Activo,2025-03-29,2025-06-20,2
C001086__TARJETA_CREDITO,C001086,Tarjeta de Crédito,Deuda,53.85,False,False,False,2000.00,2030-06-11,Activo,2025-03-30,2026-07-24,5
C001087__CTA_CORRIENTE,C001087,Cuenta Corriente,Depósito,561.03,False,False,False,,,Activo,2025-12-06,2026-01-09,2
C001087__CTA_AHORROS,C001087,Cuenta de Ahorros,Depósito,148.91,False,False,False,,,Activo,2025-02-28,2026-04-14,2
C001087__TARJETA_CREDITO,C001087,Tarjeta de Crédito,Deuda,251.69,False,False,False,1200.00,2027-10-16,Activo,2025-01-22,2026-06-29,13
C001088__CREDITO_HIPOTECARIO,C001088,Crédito Hipotecario,Deuda,79316.00,False,False,False,,2028-02-06,Activo,2025-03-17,2025-07-20,2
C001088__CTA_AHORROS,C001088,Cuenta de Ahorros,Depósito,4255.48,False,False,False,,,Activo,2025-02-14,2026-07-30,4
C001088__TARJETA_CREDITO,C001088,Tarjeta de Crédito,Deuda,581.82,False,False,False,1400.00,2027-10-30,Activo,2025-04-16,2026-07-24,4
C001089__CREDITO_VEHICULAR,C001089,Crédito Vehicular,Deuda,14788.83,False,False,False,,2030-12-15,Activo,2025-10-01,2025-10-01,1
C001089__CTA_AHORROS,C001089,Cuenta de Ahorros,Depósito,2348.45,False,False,False,,,Activo,2025-12-19,2026-07-07,3
C001089__TARJETA_CREDITO,C001089,Tarjeta de Crédito,Deuda,399.71,False,False,False,1600.00,2029-04-27,Activo,2025-05-23,2026-07-02,12
C001090__CREDITO_HIPOTECARIO,C001090,Crédito Hipotecario,Deuda,46944.47,False,False,False,,2031-04-10,Activo,2025-04-07,2025-04-07,1
C001090__CREDITO_VEHICULAR,C001090,Crédito Vehicular,Deuda,15367.28,False,False,False,,2027-06-08,Activo,2025-03-03,2026-08-10,3
C001090__TARJETA_CREDITO,C001090,Tarjeta de Crédito,Deuda,76.41,False,False,False,2800.00,2028-01-30,Activo,2025-03-13,2026-02-08,6
C001091__CREDITO_HIPOTECARIO,C001091,Crédito Hipotecario,Deuda,110126.41,False,False,False,,2026-12-10,Activo,2025-10-11,2026-01-30,2
C001091__CREDITO_VEHICULAR,C001091,Crédito Vehicular,Deuda,31968.53,False,False,False,,2027-01-19,Activo,2025-07-09,2025-07-09,1
C001091__CREDITO_CONSUMO,C001091,Crédito de Consumo,Deuda,13142.67,False,False,False,,2027-09-10,Activo,2025-06-01,2025-06-01,1
C001092__CREDITO_HIPOTECARIO,C001092,Crédito Hipotecario,Deuda,31650.35,False,False,False,,2029-07-01,Activo,2025-06-13,2025-09-12,3
C001092__CTA_CORRIENTE,C001092,Cuenta Corriente,Depósito,7622.07,False,False,False,,,Activo,2025-10-14,2026-08-21,3
C001092__CTA_AHORROS,C001092,Cuenta de Ahorros,Depósito,6397.29,False,False,False,,,Activo,2025-06-11,2026-07-29,3
C001092__TARJETA_CREDITO,C001092,Tarjeta de Crédito,Deuda,1702.62,False,False,False,2500.00,2028-11-07,Activo,2025-01-14,2026-08-13,11
C001093__TARJETA_CREDITO,C001093,Tarjeta de Crédito,Deuda,1108.43,False,False,False,7900.00,2030-01-16,Activo,2025-01-24,2026-01-19,11
C001094__CREDITO_CONSUMO,C001094,Crédito de Consumo,Deuda,4356.55,False,False,False,,2026-11-08,Activo,2025-12-08,2026-08-11,2
C001094__CTA_AHORROS,C001094,Cuenta de Ahorros,Depósito,5012.26,False,False,False,,,Activo,2026-01-14,2026-01-14,1
C001094__TARJETA_CREDITO,C001094,Tarjeta de Crédito,Deuda,1443.50,False,False,False,4100.00,2027-09-30,Activo,2026-01-19,2026-08-19,8
C001095__CREDITO_HIPOTECARIO,C001095,Crédito Hipotecario,Deuda,88630.42,False,False,False,,2032-07-17,Activo,2025-02-01,2026-07-15,3
C001095__CTA_CORRIENTE,C001095,Cuenta Corriente,Depósito,2879.77,False,False,False,,,Activo,2025-01-01,2026-07-11,4
C001095__TARJETA_CREDITO,C001095,Tarjeta de Crédito,Deuda,1864.28,False,False,False,3700.00,2028-07-21,Activo,2025-02-07,2026-07-09,14
C001096__CTA_CORRIENTE,C001096,Cuenta Corriente,Depósito,1532.43,False,False,False,,,Activo,2025-06-13,2026-07-12,3
C001097__CREDITO_HIPOTECARIO,C001097,Crédito Hipotecario,Deuda,101344.65,False,False,False,,2030-05-10,Activo,2025-11-04,2026-01-10,2
C001097__TARJETA_CREDITO,C001097,Tarjeta de Crédito,Deuda,1499.89,False,False,False,2400.00,2027-12-08,Activo,2025-03-16,2026-07-20,7
C001098__CREDITO_VEHICULAR,C001098,Crédito Vehicular,Deuda,23977.86,False,False,False,,2029-03-30,Activo,2025-08-03,2026-03-18,2
C001098__CREDITO_CONSUMO,C001098,Crédito de Consumo,Deuda,6171.13,False,False,False,,2032-05-07,Activo,2025-03-10,2025-10-20,2
C001098__TARJETA_CREDITO,C001098,Tarjeta de Crédito,Deuda,451.30,False,False,False,4600.00,2028-06-15,Activo,2025-01-30,2026-06-05,8
C001099__CTA_CORRIENTE,C001099,Cuenta Corriente,Depósito,3395.07,False,False,False,,,Activo,2026-02-25,2026-07-26,2
C001099__TARJETA_CREDITO,C001099,Tarjeta de Crédito,Deuda,1417.13,False,False,False,2400.00,2030-01-13,Activo,2025-02-22,2026-06-14,5
C001100__CREDITO_CONSUMO,C001100,Crédito de Consumo,Deuda,3167.89,False,False,False,,2031-12-23,Activo,2025-02-06,2025-07-15,2
C001100__CTA_AHORROS,C001100,Cuenta de Ahorros,Depósito,1260.14,False,False,False,,,Activo,2025-08-08,2026-01-18,3
C001100__TARJETA_CREDITO,C001100,Tarjeta de Crédito,Deuda,0.00,False,False,False,2200.00,2029-09-05,Activo,2025-05-22,2026-04-20,5
C001101__CREDITO_HIPOTECARIO,C001101,Crédito Hipotecario,Deuda,48250.42,False,False,False,,2028-05-08,Activo,2025-02-27,2025-09-21,3
C001101__CREDITO_VEHICULAR,C001101,Crédito Vehicular,Deuda,22221.13,False,False,False,,2032-02-17,Activo,2025-02-06,2025-02-06,1
C001101__CTA_CORRIENTE,C001101,Cuenta Corriente,Depósito,1753.30,False,False,False,,,Activo,2025-08-05,2026-07-10,2
C001101__TARJETA_CREDITO,C001101,Tarjeta de Crédito,Deuda,1803.54,False,False,False,5100.00,2028-04-15,Activo,2025-06-20,2026-08-18,9
C001102__CREDITO_VEHICULAR,C001102,Crédito Vehicular,Deuda,25918.20,False,False,False,,2032-07-29,Activo,2025-04-16,2025-04-16,1
C001102__CREDITO_CONSUMO,C001102,Crédito de Consumo,Deuda,29936.73,False,False,True,,2030-01-31,Activo,2025-01-13,2026-05-01,3
C001102__CTA_AHORROS,C001102,Cuenta de Ahorros,Depósito,19010.32,False,False,True,,,Activo,2026-02-24,2026-02-24,1
C001102__TARJETA_CREDITO,C001102,Tarjeta de Crédito,Deuda,1653.43,False,False,False,12100.00,2027-03-21,Activo,2025-04-17,2026-08-14,6
C001103__CREDITO_HIPOTECARIO,C001103,Crédito Hipotecario,Deuda,121541.92,False,False,False,,2029-07-26,Activo,2025-06-08,2026-05-02,3
C001103__CTA_AHORROS,C001103,Cuenta de Ahorros,Depósito,1958.02,False,False,False,,,Activo,2025-05-30,2026-08-09,3
C001103__TARJETA_CREDITO,C001103,Tarjeta de Crédito,Deuda,109.58,False,False,False,500.00,2028-07-04,Activo,2025-01-09,2026-03-27,8
C001104__CREDITO_HIPOTECARIO,C001104,Crédito Hipotecario,Deuda,27816.05,False,False,False,,2030-04-21,Activo,2025-02-06,2026-06-20,3
C001104__CREDITO_VEHICULAR,C001104,Crédito Vehicular,Deuda,22166.57,False,False,False,,2029-06-07,Activo,2025-04-16,2025-10-21,2
C001105__CTA_AHORROS,C001105,Cuenta de Ahorros,Depósito,1279.97,False,False,False,,,Activo,2026-02-27,2026-02-27,1
C001105__TARJETA_CREDITO,C001105,Tarjeta de Crédito,Deuda,200.89,False,False,False,800.00,2029-07-29,Activo,2025-01-05,2026-03-18,13
C001106__CREDITO_HIPOTECARIO,C001106,Crédito Hipotecario,Deuda,86475.40,False,False,False,,2028-09-08,Activo,2025-03-29,2025-11-05,2
C001106__CREDITO_CONSUMO,C001106,Crédito de Consumo,Deuda,6024.56,False,False,False,,2029-02-06,Activo,2025-01-26,2026-02-02,2
C001106__TARJETA_CREDITO,C001106,Tarjeta de Crédito,Deuda,630.73,False,False,False,1700.00,2030-06-27,Activo,2025-01-01,2026-08-08,9
C001107__CREDITO_VEHICULAR,C001107,Crédito Vehicular,Deuda,14870.33,False,False,False,,2029-08-26,Activo,2025-12-18,2026-04-21,2
C001107__TARJETA_CREDITO,C001107,Tarjeta de Crédito,Deuda,2875.00,False,False,False,12100.00,2029-05-14,Activo,2025-03-11,2026-07-20,5
C001108__CREDITO_HIPOTECARIO,C001108,Crédito Hipotecario,Deuda,89566.59,False,False,False,,2027-10-03,Activo,2025-06-21,2026-06-15,2
C001108__CTA_CORRIENTE,C001108,Cuenta Corriente,Depósito,-100.00,False,True,False,,,Activo,2026-01-11,2026-01-26,2
C001109__CREDITO_CONSUMO,C001109,Crédito de Consumo,Deuda,1817.29,False,False,False,,2029-06-01,Activo,2025-04-16,2026-01-08,2
C001109__TARJETA_CREDITO,C001109,Tarjeta de Crédito,Deuda,624.96,False,False,False,900.00,2027-01-08,Activo,2025-01-14,2026-05-12,14
C001110__CTA_CORRIENTE,C001110,Cuenta Corriente,Depósito,3274.85,False,False,False,,,Activo,2025-06-27,2025-06-27,1
C001110__TARJETA_CREDITO,C001110,Tarjeta de Crédito,Deuda,712.82,False,False,False,1400.00,2030-05-24,Activo,2025-02-10,2026-07-26,14
C001111__CREDITO_HIPOTECARIO,C001111,Crédito Hipotecario,Deuda,91104.68,False,False,False,,2026-10-16,Activo,2026-03-28,2026-03-28,1
C001112__CREDITO_HIPOTECARIO,C001112,Crédito Hipotecario,Deuda,99457.95,False,False,False,,2026-11-27,Activo,2026-08-25,2026-08-25,1
C001112__CREDITO_VEHICULAR,C001112,Crédito Vehicular,Deuda,24255.22,False,False,False,,2030-06-14,Activo,2025-03-13,2025-03-13,1
C001112__TARJETA_CREDITO,C001112,Tarjeta de Crédito,Deuda,1376.25,False,False,False,3900.00,2030-08-25,Activo,2025-01-12,2026-07-25,8
C001113__CREDITO_CONSUMO,C001113,Crédito de Consumo,Deuda,34341.62,False,False,True,,2028-09-05,Activo,2025-08-05,2026-01-01,2
C001113__TARJETA_CREDITO,C001113,Tarjeta de Crédito,Deuda,5561.44,False,False,True,12400.00,2026-09-30,Activo,2025-04-15,2026-08-16,10
C001114__CTA_AHORROS,C001114,Cuenta de Ahorros,Depósito,2127.37,False,False,False,,,Activo,2025-02-22,2025-10-21,3
C001114__TARJETA_CREDITO,C001114,Tarjeta de Crédito,Deuda,1141.52,False,False,False,1600.00,2030-08-19,Activo,2025-04-06,2026-07-18,9
C001115__CREDITO_HIPOTECARIO,C001115,Crédito Hipotecario,Deuda,53557.64,False,False,False,,2029-11-13,Activo,2025-04-11,2025-11-19,2
C001115__CREDITO_CONSUMO,C001115,Crédito de Consumo,Deuda,3033.01,False,False,False,,2026-10-12,Activo,2025-03-06,2026-05-17,2
C001115__CTA_CORRIENTE,C001115,Cuenta Corriente,Depósito,2995.20,False,False,False,,,Activo,2026-03-06,2026-03-06,1
C001115__TARJETA_CREDITO,C001115,Tarjeta de Crédito,Deuda,687.83,False,False,False,1400.00,2027-07-27,Activo,2025-01-17,2026-08-18,14
C001116__CREDITO_VEHICULAR,C001116,Crédito Vehicular,Deuda,13359.73,False,False,False,,2031-09-26,Activo,2026-02-26,2026-02-26,1
C001116__CREDITO_CONSUMO,C001116,Crédito de Consumo,Deuda,3482.96,False,False,False,,2031-01-26,Activo,2025-08-16,2026-06-16,3
C001116__TARJETA_CREDITO,C001116,Tarjeta de Crédito,Deuda,529.88,False,False,False,1400.00,2030-08-03,Activo,2025-01-30,2026-02-23,10
C001117__CREDITO_CONSUMO,C001117,Crédito de Consumo,Deuda,24493.41,False,False,False,,2027-04-09,Activo,2025-05-15,2025-05-15,1
C001117__CTA_CORRIENTE,C001117,Cuenta Corriente,Depósito,7889.30,False,False,False,,,Activo,2025-03-18,2026-05-09,4
C001117__CTA_AHORROS,C001117,Cuenta de Ahorros,Depósito,9346.27,False,False,False,,,Activo,2025-08-21,2026-04-16,2
C001117__TARJETA_CREDITO,C001117,Tarjeta de Crédito,Deuda,7208.93,False,False,True,8200.00,2027-07-24,Activo,2025-01-25,2026-08-12,5
C001118__CREDITO_HIPOTECARIO,C001118,Crédito Hipotecario,Deuda,109751.33,False,False,False,,2028-06-20,Activo,2025-01-23,2025-10-19,2
C001118__CREDITO_CONSUMO,C001118,Crédito de Consumo,Deuda,6341.28,False,False,False,,2030-05-04,Activo,2025-03-30,2026-03-27,2
C001118__TARJETA_CREDITO,C001118,Tarjeta de Crédito,Deuda,212.70,False,False,False,1000.00,2026-09-26,Activo,2025-05-01,2026-08-08,10
C001119__CREDITO_CONSUMO,C001119,Crédito de Consumo,Deuda,3592.24,False,False,False,,2028-05-27,Activo,2025-06-19,2026-01-18,3
C001119__CTA_AHORROS,C001119,Cuenta de Ahorros,Depósito,919.79,False,False,False,,,Activo,2025-08-15,2025-08-15,1
C001119__TARJETA_CREDITO,C001119,Tarjeta de Crédito,Deuda,380.01,False,False,False,800.00,2029-08-30,Activo,2025-01-12,2026-06-09,12
C001120__CREDITO_HIPOTECARIO,C001120,Crédito Hipotecario,Deuda,105203.88,False,False,False,,2031-09-24,Activo,2025-02-17,2025-02-17,1
C001120__TARJETA_CREDITO,C001120,Tarjeta de Crédito,Deuda,686.36,False,False,False,1600.00,2029-03-07,Activo,2025-01-19,2026-08-24,11
C001121__CTA_CORRIENTE,C001121,Cuenta Corriente,Depósito,570.90,False,False,False,,,Activo,2025-07-08,2026-08-31,4
C001121__TARJETA_CREDITO,C001121,Tarjeta de Crédito,Deuda,591.56,False,False,False,3000.00,2027-02-04,Activo,2025-01-24,2026-07-26,13
C001122__CREDITO_HIPOTECARIO,C001122,Crédito Hipotecario,Deuda,34979.70,False,False,False,,2030-04-27,Activo,2025-05-05,2025-06-15,2
C001122__CREDITO_VEHICULAR,C001122,Crédito Vehicular,Deuda,13228.37,False,False,False,,2029-05-31,Activo,2025-08-11,2026-01-05,2
C001122__CTA_AHORROS,C001122,Cuenta de Ahorros,Depósito,2506.57,False,False,False,,,Activo,2025-07-28,2026-07-25,4
C001122__TARJETA_CREDITO,C001122,Tarjeta de Crédito,Deuda,2321.09,False,False,False,6500.00,2027-04-01,Activo,2025-06-21,2026-07-10,9
C001123__CREDITO_VEHICULAR,C001123,Crédito Vehicular,Deuda,3732.56,False,False,False,,2032-06-02,Activo,2025-03-13,2025-03-14,2
C001123__TARJETA_CREDITO,C001123,Tarjeta de Crédito,Deuda,374.98,False,False,False,1700.00,2027-04-19,Activo,2025-01-12,2026-06-12,13
C001124__CREDITO_VEHICULAR,C001124,Crédito Vehicular,Deuda,17216.22,False,False,False,,2028-04-21,Activo,2025-04-29,2026-04-12,3
C001124__TARJETA_CREDITO,C001124,Tarjeta de Crédito,Deuda,1847.45,False,False,False,4800.00,2028-11-02,Activo,2025-01-14,2025-12-29,9
C001125__CREDITO_HIPOTECARIO,C001125,Crédito Hipotecario,Deuda,78674.58,False,False,False,,2030-01-30,Activo,2026-02-22,2026-02-22,1
C001125__CREDITO_VEHICULAR,C001125,Crédito Vehicular,Deuda,9875.59,False,False,False,,2026-12-07,Activo,2025-01-21,2025-12-12,2
C001125__CREDITO_CONSUMO,C001125,Crédito de Consumo,Deuda,12875.58,False,False,False,,2027-07-23,Activo,2026-01-03,2026-05-12,2
C001126__CTA_AHORROS,C001126,Cuenta de Ahorros,Depósito,-100.00,False,True,False,,,Activo,2025-11-21,2025-11-21,1
C001126__TARJETA_CREDITO,C001126,Tarjeta de Crédito,Deuda,1136.16,False,False,False,1900.00,2028-02-11,Activo,2025-01-13,2026-05-29,9
C001127__CREDITO_HIPOTECARIO,C001127,Crédito Hipotecario,Deuda,73907.54,False,False,False,,2030-01-24,Activo,2025-06-12,2025-06-12,1
C001127__CREDITO_VEHICULAR,C001127,Crédito Vehicular,Deuda,6740.33,False,False,False,,2029-06-25,Activo,2025-08-02,2025-12-05,3
C001127__CTA_AHORROS,C001127,Cuenta de Ahorros,Depósito,4094.49,False,False,False,,,Activo,2025-07-16,2025-07-16,1
C001127__TARJETA_CREDITO,C001127,Tarjeta de Crédito,Deuda,1764.08,False,False,False,5600.00,2026-10-10,Activo,2025-03-14,2026-08-10,4
C001128__CREDITO_HIPOTECARIO,C001128,Crédito Hipotecario,Deuda,51956.83,False,False,False,,2029-01-03,Activo,2025-03-14,2025-03-14,1
C001128__CTA_AHORROS,C001128,Cuenta de Ahorros,Depósito,1324.83,False,False,False,,,Activo,2025-05-16,2026-03-14,4
C001129__CREDITO_HIPOTECARIO,C001129,Crédito Hipotecario,Deuda,42995.51,False,False,False,,2029-10-29,Activo,2026-02-12,2026-02-12,1
C001129__TARJETA_CREDITO,C001129,Tarjeta de Crédito,Deuda,1248.11,False,False,False,2900.00,2026-10-01,Activo,2025-01-08,2026-07-29,9
C001130__TARJETA_CREDITO,C001130,Tarjeta de Crédito,Deuda,170.30,False,False,False,800.00,2027-10-08,Activo,2025-03-27,2026-03-20,9
C001131__CREDITO_CONSUMO,C001131,Crédito de Consumo,Deuda,4302.25,False,False,False,,2027-01-26,Activo,2026-03-30,2026-07-03,3
C001131__CTA_AHORROS,C001131,Cuenta de Ahorros,Depósito,2617.03,False,False,False,,,Activo,2025-04-19,2026-07-21,4
C001131__TARJETA_CREDITO,C001131,Tarjeta de Crédito,Deuda,955.80,False,False,False,1800.00,2030-01-11,Activo,2025-01-04,2026-06-09,11
C001132__CREDITO_HIPOTECARIO,C001132,Crédito Hipotecario,Deuda,56127.22,False,False,False,,2027-04-27,Activo,2025-09-30,2026-07-17,2
C001132__TARJETA_CREDITO,C001132,Tarjeta de Crédito,Deuda,593.59,False,False,False,1700.00,2028-04-25,Activo,2025-04-11,2026-07-27,14
C001133__TARJETA_CREDITO,C001133,Tarjeta de Crédito,Deuda,694.86,False,False,False,1600.00,2026-11-22,Activo,2025-09-03,2026-04-26,4
C001134__CREDITO_CONSUMO,C001134,Crédito de Consumo,Deuda,6047.66,False,False,False,,2032-08-09,Activo,2025-11-21,2025-11-21,1
C001134__TARJETA_CREDITO,C001134,Tarjeta de Crédito,Deuda,616.48,False,False,False,2100.00,2027-10-17,Activo,2025-01-07,2026-07-15,13
C001135__CREDITO_HIPOTECARIO,C001135,Crédito Hipotecario,Deuda,21341.92,False,False,False,,2027-05-01,Activo,2025-05-07,2025-12-04,3
C001135__CREDITO_VEHICULAR,C001135,Crédito Vehicular,Deuda,20693.81,False,False,False,,2029-05-25,Activo,2025-08-21,2026-06-20,2
C001135__CTA_CORRIENTE,C001135,Cuenta Corriente,Depósito,3207.50,False,False,False,,,Activo,2025-02-16,2026-08-06,4
C001135__TARJETA_CREDITO,C001135,Tarjeta de Crédito,Deuda,1404.59,False,False,False,4900.00,2028-02-29,Activo,2025-02-11,2026-08-09,14
C001136__CREDITO_VEHICULAR,C001136,Crédito Vehicular,Deuda,26414.64,False,False,False,,2032-03-06,Activo,2025-04-01,2026-02-11,2
C001136__CREDITO_CONSUMO,C001136,Crédito de Consumo,Deuda,4791.23,False,False,False,,2031-01-15,Activo,2025-04-17,2025-09-27,3
C001136__TARJETA_CREDITO,C001136,Tarjeta de Crédito,Deuda,112.45,False,False,False,1300.00,2027-05-20,Activo,2025-06-05,2026-07-27,11
C001137__CREDITO_HIPOTECARIO,C001137,Crédito Hipotecario,Deuda,52763.67,False,False,False,,2028-05-07,Activo,2025-01-10,2026-02-22,2
C001137__TARJETA_CREDITO,C001137,Tarjeta de Crédito,Deuda,2006.67,False,False,False,2600.00,2028-04-29,Activo,2025-02-10,2026-08-21,4
C001138__CTA_CORRIENTE,C001138,Cuenta Corriente,Depósito,1793.47,False,False,False,,,Activo,2025-04-06,2026-07-18,4
C001138__TARJETA_CREDITO,C001138,Tarjeta de Crédito,Deuda,796.65,False,False,False,3300.00,2028-08-20,Activo,2025-03-29,2026-06-24,6
C001139__CREDITO_HIPOTECARIO,C001139,Crédito Hipotecario,Deuda,100451.81,False,False,False,,2032-09-05,Activo,2025-04-02,2026-08-25,3
C001139__CREDITO_CONSUMO,C001139,Crédito de Consumo,Deuda,3056.32,False,False,False,,2027-06-11,Activo,2025-04-09,2026-07-08,2
C001139__CTA_CORRIENTE,C001139,Cuenta Corriente,Depósito,4829.48,False,False,False,,,Activo,2025-05-15,2026-05-19,3
C001139__TARJETA_CREDITO,C001139,Tarjeta de Crédito,Deuda,0.00,False,False,False,3600.00,2027-02-13,Activo,2025-03-14,2026-06-21,7
C001140__CREDITO_VEHICULAR,C001140,Crédito Vehicular,Deuda,14693.24,False,False,False,,2028-01-03,Activo,2025-01-01,2025-01-01,1
C001140__TARJETA_CREDITO,C001140,Tarjeta de Crédito,Deuda,554.37,False,False,False,1700.00,2029-09-01,Activo,2025-01-11,2026-05-05,9
C001141__CREDITO_HIPOTECARIO,C001141,Crédito Hipotecario,Deuda,120760.97,False,False,False,,2031-01-11,Activo,2025-03-08,2026-05-11,3
C001141__TARJETA_CREDITO,C001141,Tarjeta de Crédito,Deuda,0.00,False,False,False,3300.00,2028-06-18,Activo,2025-02-15,2026-06-04,7
C001142__CREDITO_VEHICULAR,C001142,Crédito Vehicular,Deuda,14906.28,False,False,False,,2029-09-27,Activo,2025-02-12,2025-12-06,2
C001142__CTA_CORRIENTE,C001142,Cuenta Corriente,Depósito,3480.54,False,False,False,,,Activo,2026-05-15,2026-07-12,2
C001143__CREDITO_HIPOTECARIO,C001143,Crédito Hipotecario,Deuda,89915.38,False,False,False,,2032-03-16,Activo,2025-10-28,2026-08-18,3
C001143__CREDITO_VEHICULAR,C001143,Crédito Vehicular,Deuda,27355.75,False,False,False,,2029-08-20,Activo,2025-05-18,2026-01-21,3
C001143__CREDITO_CONSUMO,C001143,Crédito de Consumo,Deuda,16565.94,False,False,False,,2028-01-15,Activo,2026-06-20,2026-08-20,2
C001143__TARJETA_CREDITO,C001143,Tarjeta de Crédito,Deuda,10886.10,False,False,True,20300.00,2030-03-08,Activo,2025-01-05,2026-07-08,10
C001144__CREDITO_HIPOTECARIO,C001144,Crédito Hipotecario,Deuda,58399.10,False,False,False,,2030-07-27,Activo,2026-01-09,2026-08-12,3
C001144__TARJETA_CREDITO,C001144,Tarjeta de Crédito,Deuda,539.90,False,False,False,1900.00,2030-09-07,Activo,2025-02-08,2026-08-30,12
C001145__TARJETA_CREDITO,C001145,Tarjeta de Crédito,Deuda,223.84,False,False,False,500.00,2027-10-19,Activo,2025-03-29,2026-05-19,6
C001146__CTA_CORRIENTE,C001146,Cuenta Corriente,Depósito,2384.26,False,False,False,,,Activo,2025-05-21,2025-05-21,1
C001147__CREDITO_VEHICULAR,C001147,Crédito Vehicular,Deuda,12004.88,False,False,False,,2030-11-04,Activo,2025-06-08,2025-07-25,3
C001147__CREDITO_CONSUMO,C001147,Crédito de Consumo,Deuda,29235.18,False,False,True,,2030-12-03,Activo,2025-10-06,2025-10-06,1
C001147__CTA_CORRIENTE,C001147,Cuenta Corriente,Depósito,8443.63,False,False,False,,,Activo,2026-05-15,2026-07-05,2
C001147__TARJETA_CREDITO,C001147,Tarjeta de Crédito,Deuda,1085.67,False,False,False,4000.00,2029-02-07,Activo,2025-03-23,2026-08-26,4
C001148__CREDITO_HIPOTECARIO,C001148,Crédito Hipotecario,Deuda,25413.87,False,False,False,,2028-10-27,Activo,2026-02-14,2026-02-17,2
C001148__CTA_AHORROS,C001148,Cuenta de Ahorros,Depósito,971.30,False,False,False,,,Activo,2025-09-27,2026-04-13,4
C001149__CREDITO_HIPOTECARIO,C001149,Crédito Hipotecario,Deuda,62760.06,False,False,False,,2031-06-22,Activo,2025-07-17,2026-08-07,2
C001149__CREDITO_VEHICULAR,C001149,Crédito Vehicular,Deuda,17834.66,False,False,False,,2027-02-16,Activo,2025-10-14,2025-11-15,2
C001149__TARJETA_CREDITO,C001149,Tarjeta de Crédito,Deuda,1900.63,False,False,False,6100.00,2028-06-05,Activo,2025-02-19,2026-07-30,6
C001150__CTA_AHORROS,C001150,Cuenta de Ahorros,Depósito,3221.00,False,False,False,,,Activo,2025-02-14,2026-03-10,2
C001150__TARJETA_CREDITO,C001150,Tarjeta de Crédito,Deuda,540.73,False,False,False,2900.00,2029-06-22,Activo,2025-01-09,2026-05-25,12
C001151__CTA_CORRIENTE,C001151,Cuenta Corriente,Depósito,3346.54,False,False,False,,,Activo,2025-11-27,2025-11-27,1
C001152__CTA_CORRIENTE,C001152,Cuenta Corriente,Depósito,799.12,False,False,False,,,Activo,2025-08-12,2026-04-16,3
C001152__CTA_AHORROS,C001152,Cuenta de Ahorros,Depósito,1105.79,False,False,False,,,Activo,2026-08-07,2026-08-07,1
C001152__TARJETA_CREDITO,C001152,Tarjeta de Crédito,Deuda,351.17,False,False,False,1800.00,2030-05-18,Activo,2025-02-04,2026-07-23,14
C001153__CREDITO_CONSUMO,C001153,Crédito de Consumo,Deuda,12822.55,False,False,False,,2029-04-18,Activo,2026-02-12,2026-08-12,3
C001153__CTA_AHORROS,C001153,Cuenta de Ahorros,Depósito,-100.00,False,True,False,,,Activo,2025-04-04,2026-04-01,4
C001153__TARJETA_CREDITO,C001153,Tarjeta de Crédito,Deuda,1607.88,False,False,False,12100.00,2028-05-05,Activo,2025-05-04,2026-06-15,8
C001154__CREDITO_HIPOTECARIO,C001154,Crédito Hipotecario,Deuda,35172.60,False,False,False,,2027-11-09,Activo,2025-03-21,2025-03-21,1
C001154__CTA_CORRIENTE,C001154,Cuenta Corriente,Depósito,6172.25,False,False,False,,,Activo,2025-05-27,2026-08-09,4
C001154__TARJETA_CREDITO,C001154,Tarjeta de Crédito,Deuda,433.59,False,False,False,4700.00,2029-04-27,Activo,2025-01-07,2026-08-17,14
C001155__CREDITO_HIPOTECARIO,C001155,Crédito Hipotecario,Deuda,71348.44,False,False,False,,2032-01-12,Activo,2026-04-03,2026-04-03,1
C001155__CREDITO_VEHICULAR,C001155,Crédito Vehicular,Deuda,20086.34,False,False,False,,2029-11-24,Activo,2026-01-04,2026-01-04,1
C001155__CTA_AHORROS,C001155,Cuenta de Ahorros,Depósito,4238.62,False,False,False,,,Activo,2025-02-02,2026-04-15,3
C001155__TARJETA_CREDITO,C001155,Tarjeta de Crédito,Deuda,192.90,False,False,False,1200.00,2027-07-02,Activo,2025-03-06,2026-07-06,12
C001156__CTA_AHORROS,C001156,Cuenta de Ahorros,Depósito,10550.82,False,False,False,,,Activo,2025-03-10,2026-04-18,3
C001156__TARJETA_CREDITO,C001156,Tarjeta de Crédito,Deuda,1105.06,False,False,False,4200.00,2029-09-19,Activo,2025-01-02,2026-06-05,12
C001157__CTA_CORRIENTE,C001157,Cuenta Corriente,Depósito,2609.82,False,False,False,,,Activo,2025-11-03,2025-11-03,1
C001157__TARJETA_CREDITO,C001157,Tarjeta de Crédito,Deuda,192.54,False,False,False,5500.00,2029-05-07,Activo,2025-07-04,2026-06-11,8
C001158__CREDITO_HIPOTECARIO,C001158,Crédito Hipotecario,Deuda,113674.95,False,False,False,,2031-11-18,Activo,2025-03-01,2025-03-01,1
C001158__TARJETA_CREDITO,C001158,Tarjeta de Crédito,Deuda,1181.88,False,False,False,2100.00,2030-01-14,Activo,2025-01-24,2026-08-29,10
C001159__CREDITO_HIPOTECARIO,C001159,Crédito Hipotecario,Deuda,86404.12,False,False,False,,2031-05-13,Activo,2025-12-12,2025-12-12,1
C001159__CTA_AHORROS,C001159,Cuenta de Ahorros,Depósito,2914.28,False,False,False,,,Activo,2026-05-26,2026-05-26,1
C001159__TARJETA_CREDITO,C001159,Tarjeta de Crédito,Deuda,979.45,False,False,False,2600.00,2027-04-01,Activo,2025-01-23,2026-08-25,8
C001160__CREDITO_CONSUMO,C001160,Crédito de Consumo,Deuda,4661.35,False,False,False,,2028-01-07,Activo,2025-04-19,2026-01-30,3
C001160__CTA_CORRIENTE,C001160,Cuenta Corriente,Depósito,3790.79,False,False,False,,,Activo,2025-05-16,2025-05-16,1
C001161__CREDITO_VEHICULAR,C001161,Crédito Vehicular,Deuda,26407.15,False,False,False,,2029-01-04,Activo,2025-03-02,2026-07-27,2
C001162__CTA_CORRIENTE,C001162,Cuenta Corriente,Depósito,-100.00,False,True,False,,,Activo,2025-03-28,2025-03-28,1
C001162__TARJETA_CREDITO,C001162,Tarjeta de Crédito,Deuda,713.54,False,False,False,1300.00,2029-05-19,Activo,2025-01-31,2026-06-19,13
C001163__CTA_CORRIENTE,C001163,Cuenta Corriente,Depósito,-100.00,False,True,False,,,Activo,2025-02-14,2026-01-17,2
C001163__TARJETA_CREDITO,C001163,Tarjeta de Crédito,Deuda,1399.00,False,False,False,2100.00,2027-12-07,Activo,2025-04-08,2026-07-23,8
C001164__CREDITO_CONSUMO,C001164,Crédito de Consumo,Deuda,2330.25,False,False,False,,2029-01-31,Activo,2025-01-21,2025-11-17,3
C001164__CTA_AHORROS,C001164,Cuenta de Ahorros,Depósito,970.00,False,False,False,,,Activo,2025-01-10,2026-04-17,3
C001165__TARJETA_CREDITO,C001165,Tarjeta de Crédito,Deuda,819.47,False,False,False,2100.00,2027-07-22,Activo,2025-01-01,2026-07-19,6
C001166__TARJETA_CREDITO,C001166,Tarjeta de Crédito,Deuda,2023.93,False,False,False,6100.00,2030-05-31,Activo,2025-01-31,2026-07-14,13
C001167__CREDITO_HIPOTECARIO,C001167,Crédito Hipotecario,Deuda,96573.69,False,False,False,,2031-05-20,Activo,2025-04-06,2026-08-01,3
C001168__CREDITO_HIPOTECARIO,C001168,Crédito Hipotecario,Deuda,68402.93,False,False,False,,2029-07-17,Activo,2025-01-22,2025-01-22,1
C001168__CTA_AHORROS,C001168,Cuenta de Ahorros,Depósito,-100.00,False,True,False,,,Activo,2025-05-25,2025-11-21,2
C001168__TARJETA_CREDITO,C001168,Tarjeta de Crédito,Deuda,2140.08,False,False,False,4800.00,2030-04-19,Activo,2025-11-11,2026-06-25,10
C001169__CREDITO_VEHICULAR,C001169,Crédito Vehicular,Deuda,16800.96,False,False,False,,2031-07-31,Activo,2025-03-08,2026-08-25,2
C001169__CREDITO_CONSUMO,C001169,Crédito de Consumo,Deuda,17260.56,False,False,False,,2028-09-19,Activo,2025-12-23,2026-08-03,3
C001169__TARJETA_CREDITO,C001169,Tarjeta de Crédito,Deuda,4523.88,False,False,True,11500.00,2030-01-15,Activo,2025-02-13,2026-06-16,13
C001170__CREDITO_VEHICULAR,C001170,Crédito Vehicular,Deuda,20735.12,False,False,False,,2031-02-04,Activo,2025-02-14,2026-06-25,3
C001170__CTA_CORRIENTE,C001170,Cuenta Corriente,Depósito,8616.18,False,False,False,,,Activo,2025-01-17,2026-04-27,4
C001170__CTA_AHORROS,C001170,Cuenta de Ahorros,Depósito,5115.30,False,False,False,,,Activo,2025-10-03,2026-08-01,3
C001170__TARJETA_CREDITO,C001170,Tarjeta de Crédito,Deuda,1696.05,False,False,False,4200.00,2027-02-28,Activo,2025-01-05,2026-07-03,11
C001171__CREDITO_CONSUMO,C001171,Crédito de Consumo,Deuda,6842.82,False,False,False,,2031-03-25,Activo,2025-03-07,2026-01-10,3
C001171__TARJETA_CREDITO,C001171,Tarjeta de Crédito,Deuda,365.42,False,False,False,1200.00,2027-03-11,Activo,2025-01-04,2026-08-23,14
C001172__CREDITO_VEHICULAR,C001172,Crédito Vehicular,Deuda,25930.98,False,False,False,,2029-08-22,Activo,2025-10-25,2026-05-13,3
C001172__CTA_CORRIENTE,C001172,Cuenta Corriente,Depósito,-100.00,False,True,False,,,Activo,2025-09-04,2025-10-06,2
C001172__TARJETA_CREDITO,C001172,Tarjeta de Crédito,Deuda,469.64,False,False,False,1900.00,2026-11-23,Activo,2025-04-22,2026-08-25,12
C001173__CTA_AHORROS,C001173,Cuenta de Ahorros,Depósito,2423.37,False,False,False,,,Activo,2025-04-11,2026-05-02,2
C001173__TARJETA_CREDITO,C001173,Tarjeta de Crédito,Deuda,322.32,False,False,False,1300.00,2030-03-17,Activo,2025-06-21,2026-07-18,8
C001174__CTA_CORRIENTE,C001174,Cuenta Corriente,Depósito,1528.40,False,False,False,,,Activo,2025-12-10,2026-04-13,2
C001174__TARJETA_CREDITO,C001174,Tarjeta de Crédito,Deuda,478.96,False,False,False,1700.00,2028-11-11,Activo,2025-01-03,2026-08-16,13
C001175__CREDITO_HIPOTECARIO,C001175,Crédito Hipotecario,Deuda,64006.36,False,False,False,,2028-06-30,Activo,2025-04-01,2026-08-21,3
C001175__TARJETA_CREDITO,C001175,Tarjeta de Crédito,Deuda,579.50,False,False,False,4900.00,2030-07-04,Activo,2025-06-18,2025-12-22,4
C001176__CREDITO_VEHICULAR,C001176,Crédito Vehicular,Deuda,18011.89,False,False,False,,2030-10-16,Activo,2026-04-07,2026-08-08,2
C001176__TARJETA_CREDITO,C001176,Tarjeta de Crédito,Deuda,464.22,False,False,False,1800.00,2026-10-03,Activo,2025-06-06,2026-08-22,14
C001177__CTA_AHORROS,C001177,Cuenta de Ahorros,Depósito,7033.48,False,False,False,,,Activo,2025-03-08,2026-06-06,4
C001177__TARJETA_CREDITO,C001177,Tarjeta de Crédito,Deuda,313.68,False,False,False,4700.00,2027-10-14,Activo,2025-01-28,2026-08-01,13
C001178__CREDITO_HIPOTECARIO,C001178,Crédito Hipotecario,Deuda,104181.99,False,False,False,,2030-09-13,Activo,2025-02-14,2026-05-03,3
C001178__TARJETA_CREDITO,C001178,Tarjeta de Crédito,Deuda,415.63,False,False,False,4000.00,2030-07-16,Activo,2025-01-12,2026-07-23,11
C001179__CTA_AHORROS,C001179,Cuenta de Ahorros,Depósito,2005.02,False,False,False,,,Activo,2026-06-23,2026-06-23,1
C001179__TARJETA_CREDITO,C001179,Tarjeta de Crédito,Deuda,1459.98,False,False,False,3000.00,2029-07-23,Activo,2025-03-19,2026-08-15,6
C001180__CTA_CORRIENTE,C001180,Cuenta Corriente,Depósito,9317.11,False,False,False,,,Activo,2025-08-03,2026-08-13,4
C001180__TARJETA_CREDITO,C001180,Tarjeta de Crédito,Deuda,1843.48,False,False,False,3600.00,2029-08-06,Activo,2025-01-19,2026-07-17,14
C001181__CREDITO_HIPOTECARIO,C001181,Crédito Hipotecario,Deuda,124018.70,False,False,False,,2030-12-27,Activo,2025-08-07,2025-12-14,2
C001181__CREDITO_CONSUMO,C001181,Crédito de Consumo,Deuda,3685.74,False,False,False,,2026-11-10,Activo,2025-08-14,2026-08-31,3
C001181__TARJETA_CREDITO,C001181,Tarjeta de Crédito,Deuda,400.49,False,False,False,1300.00,2026-11-11,Activo,2025-01-27,2026-08-26,11
C001182__CREDITO_HIPOTECARIO,C001182,Crédito Hipotecario,Deuda,150118.95,False,False,True,,2030-07-06,Activo,2025-01-08,2026-01-28,3
C001182__TARJETA_CREDITO,C001182,Tarjeta de Crédito,Deuda,2456.16,False,False,False,11200.00,2028-07-03,Activo,2025-02-04,2026-05-29,6
C001183__CREDITO_HIPOTECARIO,C001183,Crédito Hipotecario,Deuda,87249.65,False,False,False,,2032-05-30,Activo,2025-03-24,2026-07-02,2
C001183__CREDITO_CONSUMO,C001183,Crédito de Consumo,Deuda,4799.99,False,False,False,,2027-06-28,Activo,2026-01-29,2026-08-07,2
C001184__CREDITO_CONSUMO,C001184,Crédito de Consumo,Deuda,7579.07,False,False,False,,2028-03-23,Activo,2026-03-30,2026-03-30,1
C001185__TARJETA_CREDITO,C001185,Tarjeta de Crédito,Deuda,662.06,False,False,False,1100.00,2028-06-02,Activo,2025-01-14,2026-08-11,12
C001186__CTA_CORRIENTE,C001186,Cuenta Corriente,Depósito,3048.80,False,False,False,,,Activo,2025-01-26,2026-08-23,4
C001186__TARJETA_CREDITO,C001186,Tarjeta de Crédito,Deuda,1409.23,False,False,False,2800.00,2028-06-22,Activo,2025-05-16,2026-07-26,4
C001187__CTA_AHORROS,C001187,Cuenta de Ahorros,Depósito,11361.33,False,False,False,,,Activo,2025-05-01,2025-09-27,2
C001187__TARJETA_CREDITO,C001187,Tarjeta de Crédito,Deuda,667.74,False,False,False,4900.00,2029-09-09,Activo,2025-03-15,2026-07-20,6
C001188__CREDITO_HIPOTECARIO,C001188,Crédito Hipotecario,Deuda,69328.91,False,False,False,,2030-07-17,Activo,2025-02-12,2025-06-25,2
C001188__CREDITO_VEHICULAR,C001188,Crédito Vehicular,Deuda,16169.06,False,False,False,,2031-10-24,Activo,2025-04-27,2026-07-16,2
C001189__CREDITO_VEHICULAR,C001189,Crédito Vehicular,Deuda,5305.29,False,False,False,,2026-12-24,Activo,2025-03-02,2025-08-27,3
C001189__CREDITO_CONSUMO,C001189,Crédito de Consumo,Deuda,4259.98,False,False,False,,2030-04-08,Activo,2025-01-30,2026-05-10,2
C001189__CTA_AHORROS,C001189,Cuenta de Ahorros,Depósito,2044.10,False,False,False,,,Activo,2025-02-22,2025-07-24,2
C001189__TARJETA_CREDITO,C001189,Tarjeta de Crédito,Deuda,672.37,False,False,False,2000.00,2027-03-17,Activo,2025-03-04,2026-08-08,5
C001190__CREDITO_VEHICULAR,C001190,Crédito Vehicular,Deuda,13609.81,False,False,False,,2030-01-08,Activo,2025-04-11,2025-04-11,1
C001190__CREDITO_CONSUMO,C001190,Crédito de Consumo,Deuda,23731.92,False,False,False,,2028-06-08,Activo,2025-11-16,2026-02-06,2
C001190__CTA_CORRIENTE,C001190,Cuenta Corriente,Depósito,2669.38,False,False,False,,,Activo,2025-01-24,2025-07-08,2
C001190__TARJETA_CREDITO,C001190,Tarjeta de Crédito,Deuda,3210.18,False,False,False,12100.00,2029-03-08,Activo,2025-01-14,2026-05-27,4
C001191__CREDITO_CONSUMO,C001191,Crédito de Consumo,Deuda,3218.64,False,False,False,,2027-12-07,Activo,2025-06-03,2025-12-20,3
C001191__TARJETA_CREDITO,C001191,Tarjeta de Crédito,Deuda,242.65,False,False,False,2500.00,2029-10-16,Activo,2025-01-11,2026-08-11,8
C001192__TARJETA_CREDITO,C001192,Tarjeta de Crédito,Deuda,278.11,False,False,False,1000.00,2030-09-17,Activo,2025-06-09,2026-07-25,13
C001193__CREDITO_CONSUMO,C001193,Crédito de Consumo,Deuda,24840.47,False,False,False,,2027-09-27,Activo,2025-03-04,2026-04-12,3
C001193__CTA_CORRIENTE,C001193,Cuenta Corriente,Depósito,32712.09,False,False,True,,,Activo,2025-11-23,2026-05-05,3
C001193__CTA_AHORROS,C001193,Cuenta de Ahorros,Depósito,25921.13,False,False,True,,,Activo,2025-07-30,2025-07-30,1
C001193__TARJETA_CREDITO,C001193,Tarjeta de Crédito,Deuda,12372.29,False,False,True,16000.00,2026-10-04,Activo,2025-01-16,2026-03-15,10
C001194__CREDITO_VEHICULAR,C001194,Crédito Vehicular,Deuda,8598.15,False,False,False,,2027-12-29,Activo,2025-11-12,2026-07-10,2
C001194__CTA_CORRIENTE,C001194,Cuenta Corriente,Depósito,405.21,False,False,False,,,Activo,2025-06-03,2026-05-23,4
C001194__CTA_AHORROS,C001194,Cuenta de Ahorros,Depósito,8519.43,False,False,False,,,Activo,2026-05-10,2026-05-10,1
C001194__TARJETA_CREDITO,C001194,Tarjeta de Crédito,Deuda,3678.42,False,False,True,6100.00,2026-09-23,Activo,2025-03-29,2026-06-04,7
C001195__CREDITO_VEHICULAR,C001195,Crédito Vehicular,Deuda,5896.67,False,False,False,,2029-11-19,Activo,2025-02-26,2026-02-06,3
C001195__CREDITO_CONSUMO,C001195,Crédito de Consumo,Deuda,13314.49,False,False,False,,2026-12-20,Activo,2025-01-28,2026-05-08,3
C001195__TARJETA_CREDITO,C001195,Tarjeta de Crédito,Deuda,2640.82,False,False,False,5400.00,2029-03-24,Activo,2025-01-05,2026-05-02,10
C001196__CREDITO_HIPOTECARIO,C001196,Crédito Hipotecario,Deuda,90035.52,False,False,False,,2031-04-18,Activo,2025-02-22,2026-08-02,3
C001196__CREDITO_CONSUMO,C001196,Crédito de Consumo,Deuda,3046.79,False,False,False,,2028-05-17,Activo,2025-01-01,2026-06-09,2
C001196__TARJETA_CREDITO,C001196,Tarjeta de Crédito,Deuda,954.98,False,False,False,2500.00,2028-05-27,Activo,2025-01-27,2026-07-31,6
C001197__CREDITO_HIPOTECARIO,C001197,Crédito Hipotecario,Deuda,68921.25,False,False,False,,2028-07-01,Activo,2026-04-27,2026-04-27,1
C001197__CTA_AHORROS,C001197,Cuenta de Ahorros,Depósito,3895.55,False,False,False,,,Activo,2025-02-16,2025-08-16,3
C001197__TARJETA_CREDITO,C001197,Tarjeta de Crédito,Deuda,0.00,False,False,False,1300.00,2030-02-16,Activo,2025-03-05,2026-08-29,11
C001198__CREDITO_CONSUMO,C001198,Crédito de Consumo,Deuda,3325.54,False,False,False,,2031-03-09,Activo,2025-10-29,2026-05-24,3
C001198__TARJETA_CREDITO,C001198,Tarjeta de Crédito,Deuda,37.58,False,False,False,2200.00,2027-01-12,Activo,2025-05-01,2026-07-08,5
C001199__CREDITO_HIPOTECARIO,C001199,Crédito Hipotecario,Deuda,88369.95,False,False,False,,2027-05-25,Activo,2025-01-29,2025-10-25,3
C001199__TARJETA_CREDITO,C001199,Tarjeta de Crédito,Deuda,981.45,False,False,False,4800.00,2028-04-22,Activo,2025-03-29,2026-08-31,7
C001200__CTA_CORRIENTE,C001200,Cuenta Corriente,Depósito,2281.66,False,False,False,,,Activo,2025-05-20,2026-02-08,3
C001201__CREDITO_HIPOTECARIO,C001201,Crédito Hipotecario,Deuda,80358.37,False,False,False,,2027-05-16,Activo,2026-06-13,2026-06-13,1
C001201__CREDITO_VEHICULAR,C001201,Crédito Vehicular,Deuda,5785.87,False,False,False,,2031-01-25,Activo,2025-07-05,2026-08-13,2
C001201__TARJETA_CREDITO,C001201,Tarjeta de Crédito,Deuda,1720.56,False,False,False,6200.00,2030-05-01,Activo,2025-02-09,2026-08-24,10
C001202__CREDITO_VEHICULAR,C001202,Crédito Vehicular,Deuda,13708.65,False,False,False,,2030-08-22,Activo,2025-11-18,2026-04-12,2
C001202__CREDITO_CONSUMO,C001202,Crédito de Consumo,Deuda,5934.46,False,False,False,,2026-12-15,Activo,2025-02-25,2026-01-16,2
C001202__TARJETA_CREDITO,C001202,Tarjeta de Crédito,Deuda,418.55,False,False,False,3300.00,2026-09-24,Activo,2025-01-10,2026-06-24,12
C001203__CREDITO_VEHICULAR,C001203,Crédito Vehicular,Deuda,19983.04,False,False,False,,2027-02-10,Activo,2025-04-03,2025-04-03,1
C001204__CREDITO_HIPOTECARIO,C001204,Crédito Hipotecario,Deuda,45067.14,False,False,False,,2032-04-17,Activo,2025-06-30,2025-09-17,2
C001204__CREDITO_VEHICULAR,C001204,Crédito Vehicular,Deuda,0.00,False,False,True,,2030-04-08,Activo,2025-01-18,2025-01-18,1
C001204__CTA_AHORROS,C001204,Cuenta de Ahorros,Depósito,6742.72,False,False,False,,,Activo,2025-03-02,2026-08-23,4
C001204__TARJETA_CREDITO,C001204,Tarjeta de Crédito,Deuda,621.41,False,False,False,2200.00,2028-06-06,Activo,2025-01-07,2026-07-23,9
C001205__CREDITO_HIPOTECARIO,C001205,Crédito Hipotecario,Deuda,119472.51,False,False,False,,2031-12-17,Activo,2025-04-17,2025-04-22,2
C001205__CTA_AHORROS,C001205,Cuenta de Ahorros,Depósito,2621.13,False,False,False,,,Activo,2025-07-25,2026-07-11,4
C001206__CREDITO_CONSUMO,C001206,Crédito de Consumo,Deuda,5500.55,False,False,False,,2030-09-05,Activo,2025-05-31,2026-01-02,3
C001206__CTA_CORRIENTE,C001206,Cuenta Corriente,Depósito,4903.81,False,False,False,,,Activo,2025-04-26,2026-06-29,3
C001206__TARJETA_CREDITO,C001206,Tarjeta de Crédito,Deuda,545.43,False,False,False,1800.00,2029-08-25,Activo,2025-08-05,2026-06-06,4
C001207__CREDITO_HIPOTECARIO,C001207,Crédito Hipotecario,Deuda,85141.64,False,False,False,,2027-03-27,Activo,2025-11-09,2026-04-25,2
C001207__CREDITO_VEHICULAR,C001207,Crédito Vehicular,Deuda,17670.57,False,False,False,,2028-09-28,Activo,2025-03-27,2025-10-18,3
C001207__TARJETA_CREDITO,C001207,Tarjeta de Crédito,Deuda,2386.94,False,False,False,11500.00,2030-03-09,Activo,2025-01-16,2026-07-16,9
C001208__TARJETA_CREDITO,C001208,Tarjeta de Crédito,Deuda,2774.49,False,False,False,8200.00,2029-06-07,Activo,2025-03-31,2026-08-30,14
C001209__CTA_CORRIENTE,C001209,Cuenta Corriente,Depósito,4245.58,False,False,False,,,Activo,2025-01-18,2025-08-28,2
C001209__TARJETA_CREDITO,C001209,Tarjeta de Crédito,Deuda,2066.54,False,False,False,4900.00,2027-02-05,Activo,2025-05-23,2026-06-12,7
C001210__CREDITO_HIPOTECARIO,C001210,Crédito Hipotecario,Deuda,78493.79,False,False,False,,2027-10-03,Activo,2025-04-07,2026-07-23,2
C001211__CREDITO_CONSUMO,C001211,Crédito de Consumo,Deuda,3659.17,False,False,False,,2032-07-20,Activo,2025-02-09,2025-11-12,2
C001211__CTA_CORRIENTE,C001211,Cuenta Corriente,Depósito,1328.75,False,False,False,,,Activo,2025-03-05,2026-08-09,4
C001211__TARJETA_CREDITO,C001211,Tarjeta de Crédito,Deuda,639.29,False,False,False,2100.00,2027-04-18,Activo,2025-01-16,2026-08-26,12
C001212__CREDITO_HIPOTECARIO,C001212,Crédito Hipotecario,Deuda,72161.80,False,False,False,,2030-01-02,Activo,2026-02-24,2026-02-24,1
C001212__CREDITO_VEHICULAR,C001212,Crédito Vehicular,Deuda,16563.51,False,False,False,,2031-09-01,Activo,2025-01-03,2025-11-04,3
C001212__CREDITO_CONSUMO,C001212,Crédito de Consumo,Deuda,6469.59,False,False,False,,2031-07-03,Activo,2025-03-17,2025-03-17,1
C001212__CTA_AHORROS,C001212,Cuenta de Ahorros,Depósito,8324.72,False,False,False,,,Activo,2025-11-21,2026-01-23,2
C001213__CREDITO_HIPOTECARIO,C001213,Crédito Hipotecario,Deuda,83082.18,False,False,False,,2031-08-16,Activo,2025-05-31,2025-09-30,2
C001213__CTA_CORRIENTE,C001213,Cuenta Corriente,Depósito,1387.42,False,False,False,,,Activo,2026-01-30,2026-08-04,3
C001213__TARJETA_CREDITO,C001213,Tarjeta de Crédito,Deuda,1426.16,False,False,False,2300.00,2030-01-30,Activo,2025-01-03,2026-07-28,13
C001214__CTA_AHORROS,C001214,Cuenta de Ahorros,Depósito,-86.06,False,True,False,,,Activo,2025-01-26,2025-01-26,1
C001214__TARJETA_CREDITO,C001214,Tarjeta de Crédito,Deuda,952.44,False,False,False,1900.00,2029-05-08,Activo,2025-03-02,2026-08-14,14
C001215__CREDITO_HIPOTECARIO,C001215,Crédito Hipotecario,Deuda,22225.20,False,False,False,,2031-09-11,Activo,2025-01-28,2025-01-28,1
C001216__CREDITO_CONSUMO,C001216,Crédito de Consumo,Deuda,3993.52,False,False,False,,2027-11-18,Activo,2025-06-25,2026-06-27,3
C001216__CTA_CORRIENTE,C001216,Cuenta Corriente,Depósito,-100.00,False,True,False,,,Activo,2025-10-04,2026-08-31,3
C001216__TARJETA_CREDITO,C001216,Tarjeta de Crédito,Deuda,391.45,False,False,False,1200.00,2030-04-15,Activo,2025-06-05,2026-07-10,13
C001217__CREDITO_CONSUMO,C001217,Crédito de Consumo,Deuda,24144.49,False,False,False,,2032-07-26,Activo,2025-03-04,2025-09-29,3
C001217__CTA_AHORROS,C001217,Cuenta de Ahorros,Depósito,6505.11,False,False,False,,,Activo,2025-01-13,2026-06-06,3
C001217__TARJETA_CREDITO,C001217,Tarjeta de Crédito,Deuda,266.72,False,False,False,9600.00,2029-10-17,Activo,2025-01-04,2026-08-13,7
C001218__CREDITO_HIPOTECARIO,C001218,Crédito Hipotecario,Deuda,95939.09,False,False,False,,2031-10-09,Activo,2025-03-31,2025-03-31,1
C001218__TARJETA_CREDITO,C001218,Tarjeta de Crédito,Deuda,205.94,False,False,False,1200.00,2030-02-22,Activo,2025-04-01,2026-04-12,6
C001219__CTA_CORRIENTE,C001219,Cuenta Corriente,Depósito,5984.20,False,False,False,,,Activo,2025-01-22,2026-04-24,3
C001219__CTA_AHORROS,C001219,Cuenta de Ahorros,Depósito,24878.04,False,False,True,,,Activo,2025-06-07,2026-05-28,2
C001219__TARJETA_CREDITO,C001219,Tarjeta de Crédito,Deuda,0.00,False,False,False,7400.00,2027-06-23,Activo,2025-01-11,2026-04-15,9
C001220__CREDITO_HIPOTECARIO,C001220,Crédito Hipotecario,Deuda,94362.04,False,False,False,,2030-03-12,Activo,2025-10-23,2026-05-24,3
C001220__TARJETA_CREDITO,C001220,Tarjeta de Crédito,Deuda,0.00,False,False,False,900.00,2030-04-01,Activo,2025-03-18,2026-08-15,14
C001221__CREDITO_VEHICULAR,C001221,Crédito Vehicular,Deuda,25006.44,False,False,False,,2027-08-03,Activo,2025-11-20,2026-06-19,2
C001221__TARJETA_CREDITO,C001221,Tarjeta de Crédito,Deuda,190.69,False,False,False,800.00,2027-01-20,Activo,2025-03-07,2026-07-22,12
C001222__TARJETA_CREDITO,C001222,Tarjeta de Crédito,Deuda,1151.72,False,False,False,1900.00,2029-12-07,Activo,2025-01-02,2026-07-02,11
C001223__CTA_AHORROS,C001223,Cuenta de Ahorros,Depósito,2675.05,False,False,False,,,Activo,2025-09-20,2025-09-20,1
C001224__CREDITO_HIPOTECARIO,C001224,Crédito Hipotecario,Deuda,50363.93,False,False,False,,2027-03-31,Activo,2025-02-01,2026-07-09,3
C001224__TARJETA_CREDITO,C001224,Tarjeta de Crédito,Deuda,117.52,False,False,False,800.00,2029-08-08,Activo,2025-04-25,2026-08-18,6
C001225__CREDITO_HIPOTECARIO,C001225,Crédito Hipotecario,Deuda,108036.45,False,False,False,,2027-08-22,Activo,2025-09-22,2026-02-07,2
C001225__CREDITO_VEHICULAR,C001225,Crédito Vehicular,Deuda,22574.53,False,False,False,,2029-03-06,Activo,2026-03-22,2026-03-22,1
C001226__CREDITO_VEHICULAR,C001226,Crédito Vehicular,Deuda,24115.88,False,False,False,,2030-08-07,Activo,2025-11-28,2026-06-07,2
C001226__CREDITO_CONSUMO,C001226,Crédito de Consumo,Deuda,20678.34,False,False,False,,2032-07-29,Activo,2025-11-07,2026-03-17,3
C001226__CTA_CORRIENTE,C001226,Cuenta Corriente,Depósito,6521.00,False,False,False,,,Activo,2025-04-26,2025-12-21,3
C001226__TARJETA_CREDITO,C001226,Tarjeta de Crédito,Deuda,2995.53,False,False,False,8700.00,2028-03-12,Activo,2025-01-16,2026-06-15,6
C001227__CTA_CORRIENTE,C001227,Cuenta Corriente,Depósito,504.87,False,False,False,,,Activo,2025-01-27,2025-04-08,2
C001227__TARJETA_CREDITO,C001227,Tarjeta de Crédito,Deuda,495.57,False,False,False,900.00,2027-08-26,Activo,2025-01-21,2026-06-05,11
C001228__TARJETA_CREDITO,C001228,Tarjeta de Crédito,Deuda,1590.61,False,False,False,3500.00,2029-02-16,Activo,2025-03-03,2026-04-19,7
C001229__CTA_CORRIENTE,C001229,Cuenta Corriente,Depósito,-100.00,False,True,False,,,Activo,2025-01-25,2026-05-21,4
C001230__CREDITO_CONSUMO,C001230,Crédito de Consumo,Deuda,5806.33,False,False,False,,2028-06-24,Activo,2025-07-29,2025-12-15,2
C001230__TARJETA_CREDITO,C001230,Tarjeta de Crédito,Deuda,2036.75,False,False,False,4700.00,2029-08-01,Activo,2025-03-23,2026-08-30,7
C001231__CREDITO_VEHICULAR,C001231,Crédito Vehicular,Deuda,16022.28,False,False,False,,2029-03-25,Activo,2025-02-02,2025-02-02,1
C001231__TARJETA_CREDITO,C001231,Tarjeta de Crédito,Deuda,210.27,False,False,False,800.00,2028-12-03,Activo,2025-07-15,2026-08-16,4
C001232__CREDITO_VEHICULAR,C001232,Crédito Vehicular,Deuda,17658.49,False,False,False,,2028-08-29,Activo,2025-12-05,2025-12-05,1
C001233__CREDITO_HIPOTECARIO,C001233,Crédito Hipotecario,Deuda,80822.74,False,False,False,,2031-09-07,Activo,2026-07-19,2026-07-19,1
C001233__CTA_AHORROS,C001233,Cuenta de Ahorros,Depósito,4471.11,False,False,False,,,Activo,2025-01-16,2026-03-13,2
C001233__TARJETA_CREDITO,C001233,Tarjeta de Crédito,Deuda,11158.01,False,False,True,16100.00,2028-04-07,Activo,2025-01-04,2026-05-01,7
C001234__CREDITO_HIPOTECARIO,C001234,Crédito Hipotecario,Deuda,95467.75,False,False,False,,2031-12-16,Activo,2025-04-04,2025-08-03,2
C001234__CREDITO_CONSUMO,C001234,Crédito de Consumo,Deuda,3673.73,False,False,False,,2028-03-03,Activo,2025-05-29,2025-05-29,1
C001234__CTA_AHORROS,C001234,Cuenta de Ahorros,Depósito,2184.99,False,False,False,,,Activo,2025-10-13,2025-10-13,1
C001234__TARJETA_CREDITO,C001234,Tarjeta de Crédito,Deuda,808.95,False,False,False,1600.00,2026-11-29,Activo,2025-02-12,2026-06-08,5
C001235__CREDITO_HIPOTECARIO,C001235,Crédito Hipotecario,Deuda,78386.43,False,False,False,,2028-07-08,Activo,2025-03-29,2026-03-02,2
C001235__TARJETA_CREDITO,C001235,Tarjeta de Crédito,Deuda,600.66,False,False,False,1400.00,2028-03-31,Activo,2025-03-12,2026-08-13,5
C001236__CREDITO_VEHICULAR,C001236,Crédito Vehicular,Deuda,15271.72,False,False,False,,2030-07-18,Activo,2025-04-21,2026-01-21,3
C001236__CTA_CORRIENTE,C001236,Cuenta Corriente,Depósito,3460.59,False,False,False,,,Activo,2026-01-18,2026-01-18,1
C001236__TARJETA_CREDITO,C001236,Tarjeta de Crédito,Deuda,2404.28,False,False,False,8100.00,2029-04-19,Activo,2025-04-25,2026-07-30,5
C001237__CREDITO_VEHICULAR,C001237,Crédito Vehicular,Deuda,9940.01,False,False,False,,2032-05-21,Activo,2025-05-09,2025-09-12,2
C001237__TARJETA_CREDITO,C001237,Tarjeta de Crédito,Deuda,844.27,False,False,False,1600.00,2027-07-19,Activo,2025-08-17,2026-08-05,5
C001238__CTA_AHORROS,C001238,Cuenta de Ahorros,Depósito,1151.41,False,False,False,,,Activo,2025-01-01,2025-01-01,1
C001238__TARJETA_CREDITO,C001238,Tarjeta de Crédito,Deuda,1466.76,False,False,False,5700.00,2028-08-26,Activo,2025-01-15,2026-08-02,8
C001239__CREDITO_CONSUMO,C001239,Crédito de Consumo,Deuda,1840.26,False,False,False,,2028-04-12,Activo,2025-01-23,2026-05-12,2
C001239__CTA_AHORROS,C001239,Cuenta de Ahorros,Depósito,2822.08,False,False,False,,,Activo,2026-07-31,2026-07-31,1
C001240__TARJETA_CREDITO,C001240,Tarjeta de Crédito,Deuda,921.66,False,False,False,2900.00,2027-08-12,Activo,2025-05-06,2026-08-22,5
C001241__CREDITO_CONSUMO,C001241,Crédito de Consumo,Deuda,6657.03,False,False,False,,2027-10-26,Activo,2025-01-31,2025-09-02,2
C001241__CTA_CORRIENTE,C001241,Cuenta Corriente,Depósito,2006.69,False,False,False,,,Activo,2025-02-28,2025-02-28,1
C001241__TARJETA_CREDITO,C001241,Tarjeta de Crédito,Deuda,451.54,False,False,False,3300.00,2030-09-08,Activo,2025-04-08,2026-08-22,13
C001242__CREDITO_VEHICULAR,C001242,Crédito Vehicular,Deuda,12942.44,False,False,False,,2029-08-17,Activo,2025-05-27,2025-05-27,1
C001242__CREDITO_CONSUMO,C001242,Crédito de Consumo,Deuda,9318.24,False,False,False,,2026-12-11,Activo,2026-05-06,2026-05-06,1
C001242__TARJETA_CREDITO,C001242,Tarjeta de Crédito,Deuda,1456.14,False,False,False,5900.00,2028-05-17,Activo,2025-02-17,2026-06-17,4
C001243__CTA_CORRIENTE,C001243,Cuenta Corriente,Depósito,74.75,False,False,False,,,Activo,2025-07-11,2025-12-20,4
C001243__TARJETA_CREDITO,C001243,Tarjeta de Crédito,Deuda,280.14,False,False,False,2000.00,2030-08-18,Activo,2025-01-15,2026-08-25,13
C001244__CTA_CORRIENTE,C001244,Cuenta Corriente,Depósito,2092.75,False,False,False,,,Activo,2026-03-03,2026-03-03,1
C001244__TARJETA_CREDITO,C001244,Tarjeta de Crédito,Deuda,135.52,False,False,False,1200.00,2029-07-02,Activo,2025-02-08,2026-04-22,5
C001245__CREDITO_CONSUMO,C001245,Crédito de Consumo,Deuda,9954.89,False,False,False,,2027-06-04,Activo,2025-07-07,2025-07-07,1
C001245__CTA_CORRIENTE,C001245,Cuenta Corriente,Depósito,13193.51,False,False,False,,,Activo,2025-06-29,2026-03-11,3
C001245__TARJETA_CREDITO,C001245,Tarjeta de Crédito,Deuda,1534.94,False,False,False,5600.00,2029-10-31,Activo,2025-06-02,2026-06-08,4
C001246__CREDITO_VEHICULAR,C001246,Crédito Vehicular,Deuda,17530.31,False,False,False,,2028-04-21,Activo,2025-02-11,2026-08-24,2
C001246__CTA_CORRIENTE,C001246,Cuenta Corriente,Depósito,8281.76,False,False,False,,,Activo,2025-07-02,2025-09-19,2
C001246__TARJETA_CREDITO,C001246,Tarjeta de Crédito,Deuda,958.90,False,False,False,7100.00,2029-01-22,Activo,2025-04-30,2026-07-26,14
C001247__CREDITO_CONSUMO,C001247,Crédito de Consumo,Deuda,4003.60,False,False,False,,2027-11-16,Activo,2025-06-26,2025-08-21,3
C001247__CTA_CORRIENTE,C001247,Cuenta Corriente,Depósito,6858.23,False,False,False,,,Activo,2025-01-31,2026-07-01,4
C001247__TARJETA_CREDITO,C001247,Tarjeta de Crédito,Deuda,463.81,False,False,False,2500.00,2028-11-11,Activo,2025-02-10,2026-08-16,12
C001248__CTA_CORRIENTE,C001248,Cuenta Corriente,Depósito,8756.63,False,False,False,,,Activo,2025-04-04,2026-08-02,3
C001248__TARJETA_CREDITO,C001248,Tarjeta de Crédito,Deuda,1920.26,False,False,False,6500.00,2028-04-12,Activo,2025-03-07,2026-05-20,9
C001249__CREDITO_CONSUMO,C001249,Crédito de Consumo,Deuda,7129.49,False,False,False,,2027-01-07,Activo,2026-05-09,2026-05-09,1
C001249__CTA_CORRIENTE,C001249,Cuenta Corriente,Depósito,2690.58,False,False,False,,,Activo,2025-04-23,2026-05-01,4
C001249__TARJETA_CREDITO,C001249,Tarjeta de Crédito,Deuda,1121.15,False,False,False,2000.00,2027-12-03,Activo,2025-03-25,2026-06-18,7
C001250__CREDITO_CONSUMO,C001250,Crédito de Consumo,Deuda,18519.29,False,False,False,,2032-01-12,Activo,2025-09-02,2026-05-17,2
C001250__TARJETA_CREDITO,C001250,Tarjeta de Crédito,Deuda,1244.39,False,False,False,7500.00,2029-08-03,Activo,2025-01-26,2026-06-22,7
C001251__TARJETA_CREDITO,C001251,Tarjeta de Crédito,Deuda,1143.61,False,False,False,2300.00,2029-10-15,Activo,2025-02-15,2026-08-25,10
C001252__CREDITO_CONSUMO,C001252,Crédito de Consumo,Deuda,5486.52,False,False,False,,2028-05-08,Activo,2025-03-05,2026-07-18,3
C001253__CREDITO_HIPOTECARIO,C001253,Crédito Hipotecario,Deuda,78678.73,False,False,False,,2032-04-30,Activo,2025-07-29,2025-10-12,2
C001253__TARJETA_CREDITO,C001253,Tarjeta de Crédito,Deuda,500.30,False,False,False,3400.00,2029-12-09,Activo,2025-05-01,2026-07-29,7
C001254__CREDITO_HIPOTECARIO,C001254,Crédito Hipotecario,Deuda,80465.72,False,False,False,,2028-04-15,Activo,2025-03-11,2026-08-13,2
C001254__CTA_AHORROS,C001254,Cuenta de Ahorros,Depósito,2313.80,False,False,False,,,Activo,2025-04-26,2026-07-20,3
C001254__TARJETA_CREDITO,C001254,Tarjeta de Crédito,Deuda,333.12,False,False,False,2000.00,2027-05-26,Activo,2025-06-26,2026-05-21,7
C001255__CREDITO_CONSUMO,C001255,Crédito de Consumo,Deuda,4999.60,False,False,False,,2032-01-25,Activo,2025-07-21,2026-04-21,2
C001255__TARJETA_CREDITO,C001255,Tarjeta de Crédito,Deuda,1773.94,False,False,False,3200.00,2029-03-31,Activo,2025-07-29,2026-06-24,7
C001256__CTA_AHORROS,C001256,Cuenta de Ahorros,Depósito,1446.24,False,False,False,,,Activo,2025-10-08,2025-10-19,2
C001257__CTA_AHORROS,C001257,Cuenta de Ahorros,Depósito,4555.32,False,False,False,,,Activo,2026-01-02,2026-01-02,1
C001257__TARJETA_CREDITO,C001257,Tarjeta de Crédito,Deuda,209.16,False,False,False,2200.00,2028-07-20,Activo,2025-05-24,2026-08-12,6
C001258__CTA_AHORROS,C001258,Cuenta de Ahorros,Depósito,1726.25,False,False,False,,,Activo,2025-07-21,2026-05-15,2
C001258__TARJETA_CREDITO,C001258,Tarjeta de Crédito,Deuda,1610.64,False,False,False,2500.00,2027-12-29,Activo,2025-04-17,2026-06-24,12
C001259__CREDITO_VEHICULAR,C001259,Crédito Vehicular,Deuda,13610.43,False,False,False,,2027-04-02,Activo,2025-06-15,2026-08-23,3
C001259__CTA_CORRIENTE,C001259,Cuenta Corriente,Depósito,1882.75,False,False,False,,,Activo,2025-03-18,2026-06-23,4
C001259__TARJETA_CREDITO,C001259,Tarjeta de Crédito,Deuda,0.00,False,False,False,1900.00,2028-09-30,Activo,2025-01-18,2026-07-22,11
C001260__CREDITO_HIPOTECARIO,C001260,Crédito Hipotecario,Deuda,84852.64,False,False,False,,2032-05-16,Activo,2025-04-26,2026-03-05,3
C001260__TARJETA_CREDITO,C001260,Tarjeta de Crédito,Deuda,0.00,False,False,False,7900.00,2028-04-15,Activo,2025-02-13,2026-08-18,12
C001261__TARJETA_CREDITO,C001261,Tarjeta de Crédito,Deuda,156.32,False,False,False,600.00,2028-11-10,Activo,2025-01-16,2026-08-31,9
C001262__CREDITO_VEHICULAR,C001262,Crédito Vehicular,Deuda,12142.73,False,False,False,,2032-03-12,Activo,2025-08-20,2025-11-20,2
C001262__CREDITO_CONSUMO,C001262,Crédito de Consumo,Deuda,2046.82,False,False,False,,2027-11-12,Activo,2025-04-25,2025-10-22,2
C001262__CTA_CORRIENTE,C001262,Cuenta Corriente,Depósito,40.98,False,False,False,,,Activo,2025-02-15,2026-05-02,4
C001262__TARJETA_CREDITO,C001262,Tarjeta de Crédito,Deuda,468.89,False,False,False,2300.00,2029-06-01,Activo,2025-01-09,2026-04-01,12
C001263__TARJETA_CREDITO,C001263,Tarjeta de Crédito,Deuda,479.94,False,False,False,2000.00,2028-05-21,Activo,2025-04-01,2026-08-21,8
C001264__CREDITO_VEHICULAR,C001264,Crédito Vehicular,Deuda,20725.80,False,False,False,,2029-11-14,Activo,2025-02-02,2026-03-20,2
C001264__CTA_CORRIENTE,C001264,Cuenta Corriente,Depósito,1081.62,False,False,False,,,Activo,2025-01-28,2025-11-12,3
C001264__CTA_AHORROS,C001264,Cuenta de Ahorros,Depósito,1496.04,False,False,False,,,Activo,2025-11-06,2025-11-07,2
C001264__TARJETA_CREDITO,C001264,Tarjeta de Crédito,Deuda,169.23,False,False,False,800.00,2029-12-30,Activo,2025-01-21,2026-06-30,10
C001265__TARJETA_CREDITO,C001265,Tarjeta de Crédito,Deuda,1011.69,False,False,False,3100.00,2029-11-14,Activo,2025-02-15,2026-08-05,11
C001266__CREDITO_VEHICULAR,C001266,Crédito Vehicular,Deuda,19759.58,False,False,False,,2027-06-27,Activo,2025-08-06,2025-12-02,3
C001266__CREDITO_CONSUMO,C001266,Crédito de Consumo,Deuda,5425.74,False,False,False,,2031-01-27,Activo,2025-05-23,2026-04-29,3
C001266__CTA_CORRIENTE,C001266,Cuenta Corriente,Depósito,4807.10,False,False,False,,,Activo,2025-03-22,2026-07-13,4
C001266__CTA_AHORROS,C001266,Cuenta de Ahorros,Depósito,-100.00,False,True,False,,,Activo,2025-02-06,2026-08-23,4
C001267__CREDITO_HIPOTECARIO,C001267,Crédito Hipotecario,Deuda,85801.18,False,False,False,,2027-07-16,Activo,2025-02-05,2025-02-05,1
C001267__CTA_CORRIENTE,C001267,Cuenta Corriente,Depósito,20370.85,False,False,True,,,Activo,2025-01-05,2025-10-19,3
C001267__TARJETA_CREDITO,C001267,Tarjeta de Crédito,Deuda,3212.04,False,False,False,7400.00,2027-02-28,Activo,2025-06-19,2026-03-20,8
C001268__CREDITO_VEHICULAR,C001268,Crédito Vehicular,Deuda,13668.05,False,False,False,,2028-01-18,Activo,2025-08-26,2026-08-21,3
C001268__CTA_CORRIENTE,C001268,Cuenta Corriente,Depósito,1436.14,False,False,False,,,Activo,2025-01-15,2025-12-03,4
C001268__CTA_AHORROS,C001268,Cuenta de Ahorros,Depósito,767.06,False,False,False,,,Activo,2025-12-24,2026-05-12,4
C001269__CREDITO_HIPOTECARIO,C001269,Crédito Hipotecario,Deuda,119530.72,False,False,False,,2028-03-27,Activo,2026-07-18,2026-07-18,1
C001269__TARJETA_CREDITO,C001269,Tarjeta de Crédito,Deuda,1814.05,False,False,False,2600.00,2028-09-25,Activo,2025-01-06,2026-07-10,9
C001270__CREDITO_VEHICULAR,C001270,Crédito Vehicular,Deuda,12679.79,False,False,False,,2031-03-31,Activo,2025-02-13,2026-07-28,2
C001270__CTA_CORRIENTE,C001270,Cuenta Corriente,Depósito,1320.56,False,False,False,,,Activo,2026-01-20,2026-01-20,1
C001270__CTA_AHORROS,C001270,Cuenta de Ahorros,Depósito,1083.95,False,False,False,,,Activo,2025-02-18,2025-02-18,1
C001271__CREDITO_CONSUMO,C001271,Crédito de Consumo,Deuda,3458.20,False,False,False,,2031-07-27,Activo,2025-04-18,2025-10-19,2
C001271__TARJETA_CREDITO,C001271,Tarjeta de Crédito,Deuda,1041.79,False,False,False,2200.00,2029-02-16,Activo,2025-05-21,2026-08-22,12
C001272__CREDITO_HIPOTECARIO,C001272,Crédito Hipotecario,Deuda,42023.95,False,False,False,,2032-03-28,Activo,2025-09-30,2025-09-30,1
C001273__CTA_CORRIENTE,C001273,Cuenta Corriente,Depósito,1675.13,False,False,False,,,Activo,2025-08-10,2025-11-22,3
C001274__CREDITO_CONSUMO,C001274,Crédito de Consumo,Deuda,2358.79,False,False,False,,2029-02-02,Activo,2025-03-08,2025-11-07,2
C001275__TARJETA_CREDITO,C001275,Tarjeta de Crédito,Deuda,126.59,False,False,False,1000.00,2027-08-30,Activo,2025-01-16,2026-08-18,10
C001276__CTA_CORRIENTE,C001276,Cuenta Corriente,Depósito,1567.76,False,False,False,,,Activo,2025-07-16,2026-02-07,2
C001276__TARJETA_CREDITO,C001276,Tarjeta de Crédito,Deuda,411.19,False,False,False,1100.00,2029-02-18,Activo,2025-01-05,2026-07-22,14
C001277__CREDITO_CONSUMO,C001277,Crédito de Consumo,Deuda,6667.19,False,False,False,,2031-01-01,Activo,2025-12-21,2025-12-21,1
C001277__TARJETA_CREDITO,C001277,Tarjeta de Crédito,Deuda,1503.73,False,False,False,3900.00,2030-02-05,Activo,2025-01-05,2026-07-27,13
C001278__CTA_CORRIENTE,C001278,Cuenta Corriente,Depósito,3315.26,False,False,False,,,Activo,2025-02-17,2026-06-27,4
C001278__TARJETA_CREDITO,C001278,Tarjeta de Crédito,Deuda,401.53,False,False,False,3100.00,2030-07-27,Activo,2025-05-21,2026-06-29,11
C001279__CREDITO_CONSUMO,C001279,Crédito de Consumo,Deuda,11925.64,False,False,False,,2028-09-15,Activo,2025-04-14,2025-04-14,1
C001279__CTA_CORRIENTE,C001279,Cuenta Corriente,Depósito,-100.00,False,True,False,,,Activo,2025-01-31,2026-04-20,4
C001279__TARJETA_CREDITO,C001279,Tarjeta de Crédito,Deuda,0.00,False,False,False,8700.00,2029-03-02,Activo,2025-02-18,2026-08-16,9
C001280__CREDITO_CONSUMO,C001280,Crédito de Consumo,Deuda,6220.75,False,False,False,,2031-09-14,Activo,2025-04-15,2026-04-15,3
C001280__CTA_AHORROS,C001280,Cuenta de Ahorros,Depósito,821.55,False,False,False,,,Activo,2025-01-26,2026-08-13,4
C001280__TARJETA_CREDITO,C001280,Tarjeta de Crédito,Deuda,336.87,False,False,False,700.00,2029-05-27,Activo,2025-03-06,2026-07-11,4
C001281__CREDITO_CONSUMO,C001281,Crédito de Consumo,Deuda,20865.58,False,False,False,,2031-12-21,Activo,2025-05-09,2026-08-14,2
C001281__TARJETA_CREDITO,C001281,Tarjeta de Crédito,Deuda,3745.24,False,False,True,11300.00,2028-06-03,Activo,2025-03-16,2026-07-02,10
C001282__CREDITO_VEHICULAR,C001282,Crédito Vehicular,Deuda,27513.06,False,False,False,,2032-05-17,Activo,2025-04-14,2026-06-14,3
C001282__TARJETA_CREDITO,C001282,Tarjeta de Crédito,Deuda,1446.40,False,False,False,3000.00,2030-08-23,Activo,2025-02-24,2026-06-07,9
C001283__CTA_CORRIENTE,C001283,Cuenta Corriente,Depósito,13948.57,False,False,True,,,Activo,2025-08-04,2026-04-12,3
C001283__TARJETA_CREDITO,C001283,Tarjeta de Crédito,Deuda,1673.87,False,False,False,3500.00,2027-04-21,Activo,2025-03-03,2026-08-04,10
C001284__CREDITO_HIPOTECARIO,C001284,Crédito Hipotecario,Deuda,68381.60,False,False,False,,2029-09-08,Activo,2025-09-08,2026-07-11,3
C001284__CTA_CORRIENTE,C001284,Cuenta Corriente,Depósito,634.90,False,False,False,,,Activo,2025-07-16,2026-03-15,3
C001285__CREDITO_HIPOTECARIO,C001285,Crédito Hipotecario,Deuda,64543.05,False,False,False,,2028-07-28,Activo,2025-06-01,2026-03-20,3
C001285__CTA_AHORROS,C001285,Cuenta de Ahorros,Depósito,1278.30,False,False,False,,,Activo,2025-12-17,2026-04-26,3
C001285__TARJETA_CREDITO,C001285,Tarjeta de Crédito,Deuda,348.80,False,False,False,900.00,2030-08-13,Activo,2025-02-18,2026-06-07,9
C001286__CREDITO_VEHICULAR,C001286,Crédito Vehicular,Deuda,8537.41,False,False,False,,2031-04-10,Activo,2025-01-05,2025-03-24,2
C001286__TARJETA_CREDITO,C001286,Tarjeta de Crédito,Deuda,0.00,False,False,False,16400.00,2027-09-29,Activo,2025-01-27,2026-06-28,14
C001287__CREDITO_CONSUMO,C001287,Crédito de Consumo,Deuda,11194.21,False,False,False,,2030-02-12,Activo,2026-02-27,2026-08-22,2
C001287__TARJETA_CREDITO,C001287,Tarjeta de Crédito,Deuda,2467.27,False,False,False,17600.00,2028-05-21,Activo,2025-02-18,2026-07-08,11
C001288__CTA_AHORROS,C001288,Cuenta de Ahorros,Depósito,2720.05,False,False,False,,,Activo,2025-09-01,2026-01-27,2
C001288__TARJETA_CREDITO,C001288,Tarjeta de Crédito,Deuda,1595.44,False,False,False,2300.00,2030-05-13,Activo,2025-04-19,2026-05-25,4
C001289__CTA_CORRIENTE,C001289,Cuenta Corriente,Depósito,1968.30,False,False,False,,,Activo,2025-01-29,2026-02-26,4
C001289__TARJETA_CREDITO,C001289,Tarjeta de Crédito,Deuda,3384.08,False,False,True,6200.00,2027-08-19,Activo,2025-01-27,2026-07-03,12
C001290__CTA_AHORROS,C001290,Cuenta de Ahorros,Depósito,1355.51,False,False,False,,,Activo,2025-02-26,2026-02-16,4
C001290__TARJETA_CREDITO,C001290,Tarjeta de Crédito,Deuda,691.28,False,False,False,2400.00,2028-02-10,Activo,2025-05-05,2026-08-02,6
C001291__CREDITO_VEHICULAR,C001291,Crédito Vehicular,Deuda,26674.50,False,False,False,,2029-01-18,Activo,2026-08-16,2026-08-16,1
C001291__CTA_AHORROS,C001291,Cuenta de Ahorros,Depósito,3958.04,False,False,False,,,Activo,2025-05-25,2026-05-23,2
C001291__TARJETA_CREDITO,C001291,Tarjeta de Crédito,Deuda,1559.90,False,False,False,3500.00,2027-09-22,Activo,2025-01-14,2026-04-30,13
C001292__CREDITO_VEHICULAR,C001292,Crédito Vehicular,Deuda,5274.60,False,False,False,,2028-07-19,Activo,2025-02-21,2025-02-21,1
C001292__TARJETA_CREDITO,C001292,Tarjeta de Crédito,Deuda,1456.71,False,False,False,3200.00,2030-07-14,Activo,2025-07-22,2026-07-21,6
C001293__CREDITO_VEHICULAR,C001293,Crédito Vehicular,Deuda,9840.01,False,False,False,,2031-01-17,Activo,2025-06-15,2026-07-11,3
C001293__TARJETA_CREDITO,C001293,Tarjeta de Crédito,Deuda,164.24,False,False,False,1000.00,2027-07-15,Activo,2025-04-01,2026-03-09,6
C001294__CREDITO_HIPOTECARIO,C001294,Crédito Hipotecario,Deuda,31103.08,False,False,False,,2029-09-19,Activo,2026-02-10,2026-06-05,2
C001294__CREDITO_VEHICULAR,C001294,Crédito Vehicular,Deuda,24441.66,False,False,False,,2027-02-04,Activo,2025-03-16,2025-03-16,1
C001294__CTA_CORRIENTE,C001294,Cuenta Corriente,Depósito,6017.14,False,False,False,,,Activo,2025-04-10,2025-04-23,2
C001295__CREDITO_HIPOTECARIO,C001295,Crédito Hipotecario,Deuda,77290.63,False,False,False,,2030-07-04,Activo,2025-05-02,2025-06-19,2
C001295__CREDITO_VEHICULAR,C001295,Crédito Vehicular,Deuda,8999.66,False,False,False,,2030-11-09,Activo,2025-10-03,2025-10-03,1
C001295__CTA_CORRIENTE,C001295,Cuenta Corriente,Depósito,5333.62,False,False,False,,,Activo,2025-01-08,2026-07-27,3
C001295__TARJETA_CREDITO,C001295,Tarjeta de Crédito,Deuda,906.34,False,False,False,1200.00,2027-06-17,Activo,2025-02-27,2026-08-22,14
C001296__CREDITO_VEHICULAR,C001296,Crédito Vehicular,Deuda,16708.34,False,False,False,,2028-09-12,Activo,2025-01-16,2025-04-12,3
C001296__CTA_CORRIENTE,C001296,Cuenta Corriente,Depósito,2917.48,False,False,False,,,Activo,2025-07-02,2026-03-31,3
C001297__CREDITO_VEHICULAR,C001297,Crédito Vehicular,Deuda,18973.02,False,False,False,,2028-04-15,Activo,2025-05-02,2026-08-25,3
C001297__TARJETA_CREDITO,C001297,Tarjeta de Crédito,Deuda,0.00,False,False,False,1200.00,2029-03-03,Activo,2025-03-20,2026-07-14,5
C001298__CREDITO_VEHICULAR,C001298,Crédito Vehicular,Deuda,15028.14,False,False,False,,2032-04-24,Activo,2025-04-11,2025-09-23,2
C001298__CTA_CORRIENTE,C001298,Cuenta Corriente,Depósito,2745.45,False,False,False,,,Activo,2025-02-06,2026-01-24,3
C001299__CREDITO_CONSUMO,C001299,Crédito de Consumo,Deuda,,True,False,False,,2028-04-18,Activo,2026-01-11,2026-01-11,1
C001300__CREDITO_VEHICULAR,C001300,Crédito Vehicular,Deuda,34515.59,False,False,True,,2031-02-06,Activo,2025-01-12,2025-11-15,2
C001300__CREDITO_CONSUMO,C001300,Crédito de Consumo,Deuda,12859.47,False,False,False,,2030-10-26,Activo,2025-06-06,2026-08-27,2
C001301__CREDITO_HIPOTECARIO,C001301,Crédito Hipotecario,Deuda,48030.86,False,False,False,,2029-04-30,Activo,2026-08-02,2026-08-02,1
C001301__CTA_CORRIENTE,C001301,Cuenta Corriente,Depósito,11736.40,False,False,False,,,Activo,2025-11-03,2025-11-03,1
C001302__CREDITO_HIPOTECARIO,C001302,Crédito Hipotecario,Deuda,52478.82,False,False,False,,2028-08-02,Activo,2026-08-05,2026-08-05,1
C001302__TARJETA_CREDITO,C001302,Tarjeta de Crédito,Deuda,1070.73,False,False,False,5200.00,2029-02-02,Activo,2025-02-02,2026-05-24,14
C001303__CREDITO_HIPOTECARIO,C001303,Crédito Hipotecario,Deuda,68933.57,False,False,False,,2028-01-17,Activo,2025-06-30,2025-10-25,2
C001303__CTA_CORRIENTE,C001303,Cuenta Corriente,Depósito,1702.90,False,False,False,,,Activo,2026-06-07,2026-06-07,1
C001304__CTA_AHORROS,C001304,Cuenta de Ahorros,Depósito,3745.89,False,False,False,,,Activo,2025-03-19,2026-05-15,4
C001304__TARJETA_CREDITO,C001304,Tarjeta de Crédito,Deuda,257.47,False,False,False,1800.00,2028-06-05,Activo,2025-04-27,2026-07-13,8
C001305__TARJETA_CREDITO,C001305,Tarjeta de Crédito,Deuda,1032.09,False,False,False,1900.00,2029-09-15,Activo,2025-05-03,2026-01-17,6
C001306__CREDITO_CONSUMO,C001306,Crédito de Consumo,Deuda,6684.75,False,False,False,,2027-03-05,Activo,2025-03-09,2026-06-16,2
C001307__CREDITO_HIPOTECARIO,C001307,Crédito Hipotecario,Deuda,91358.87,False,False,False,,2027-12-25,Activo,2026-01-28,2026-03-02,2
C001307__CTA_AHORROS,C001307,Cuenta de Ahorros,Depósito,1088.54,False,False,False,,,Activo,2025-02-05,2025-11-29,2
C001308__CREDITO_CONSUMO,C001308,Crédito de Consumo,Deuda,4130.46,False,False,False,,2030-04-25,Activo,2026-05-30,2026-05-30,1
C001308__CTA_AHORROS,C001308,Cuenta de Ahorros,Depósito,2531.68,False,False,False,,,Activo,2025-12-04,2025-12-04,1
C001308__TARJETA_CREDITO,C001308,Tarjeta de Crédito,Deuda,335.74,False,False,False,1100.00,2030-06-18,Activo,2025-10-10,2026-05-10,4
C001309__CREDITO_HIPOTECARIO,C001309,Crédito Hipotecario,Deuda,51160.51,False,False,False,,2028-02-28,Activo,2026-02-12,2026-02-12,1
C001309__CTA_AHORROS,C001309,Cuenta de Ahorros,Depósito,28.12,False,False,False,,,Activo,2025-03-23,2025-03-23,1
C001309__TARJETA_CREDITO,C001309,Tarjeta de Crédito,Deuda,1120.61,False,False,False,3000.00,2030-07-26,Activo,2025-03-12,2026-06-28,11
C001310__CREDITO_VEHICULAR,C001310,Crédito Vehicular,Deuda,19004.55,False,False,False,,2028-02-22,Activo,2025-02-21,2025-09-12,3
C001310__TARJETA_CREDITO,C001310,Tarjeta de Crédito,Deuda,207.52,False,False,False,600.00,2030-08-09,Activo,2025-03-11,2026-02-10,4
C001311__CTA_CORRIENTE,C001311,Cuenta Corriente,Depósito,2166.81,False,False,False,,,Activo,2025-01-27,2025-04-20,3
C001311__TARJETA_CREDITO,C001311,Tarjeta de Crédito,Deuda,828.32,False,False,False,1400.00,2028-06-14,Activo,2025-02-11,2026-07-19,9
C001312__CREDITO_CONSUMO,C001312,Crédito de Consumo,Deuda,6872.29,False,False,False,,2032-05-08,Activo,2025-04-04,2026-06-10,3
C001312__TARJETA_CREDITO,C001312,Tarjeta de Crédito,Deuda,1583.16,False,False,False,2400.00,2028-07-08,Activo,2025-03-01,2026-08-11,9
C001313__TARJETA_CREDITO,C001313,Tarjeta de Crédito,Deuda,1197.86,False,False,False,4200.00,2030-08-27,Activo,2025-05-02,2026-08-30,12
C001314__CREDITO_CONSUMO,C001314,Crédito de Consumo,Deuda,12701.43,False,False,False,,2027-12-31,Activo,2025-01-11,2026-01-03,3
C001314__CTA_CORRIENTE,C001314,Cuenta Corriente,Depósito,14850.47,False,False,True,,,Activo,2025-08-04,2026-05-11,3
C001314__CTA_AHORROS,C001314,Cuenta de Ahorros,Depósito,13410.46,False,False,True,,,Activo,2025-11-04,2026-07-02,4
C001314__TARJETA_CREDITO,C001314,Tarjeta de Crédito,Deuda,3726.38,False,False,True,8800.00,2029-06-25,Activo,2025-04-27,2026-06-19,7
C001315__CREDITO_HIPOTECARIO,C001315,Crédito Hipotecario,Deuda,55582.44,False,False,False,,2029-11-27,Activo,2025-04-18,2026-01-10,3
C001315__CREDITO_VEHICULAR,C001315,Crédito Vehicular,Deuda,8893.15,False,False,False,,2026-11-06,Activo,2025-06-15,2026-06-04,3
C001315__CTA_CORRIENTE,C001315,Cuenta Corriente,Depósito,2880.36,False,False,False,,,Activo,2025-01-18,2026-04-08,4
C001316__CREDITO_CONSUMO,C001316,Crédito de Consumo,Deuda,26657.51,False,False,False,,2029-07-19,Activo,2026-01-24,2026-07-15,3
C001316__CTA_CORRIENTE,C001316,Cuenta Corriente,Depósito,6025.69,False,False,False,,,Activo,2025-03-26,2026-01-01,3
C001317__CREDITO_HIPOTECARIO,C001317,Crédito Hipotecario,Deuda,88645.41,False,False,False,,2032-08-30,Activo,2026-01-09,2026-01-09,1
C001317__CREDITO_CONSUMO,C001317,Crédito de Consumo,Deuda,13151.42,False,False,False,,2030-05-14,Activo,2026-01-20,2026-01-20,1
C001317__TARJETA_CREDITO,C001317,Tarjeta de Crédito,Deuda,3238.68,False,False,False,6000.00,2028-06-13,Activo,2025-03-05,2026-02-02,5
C001318__CREDITO_VEHICULAR,C001318,Crédito Vehicular,Deuda,25107.67,False,False,False,,2029-02-06,Activo,2025-10-20,2026-06-15,3
C001318__CTA_CORRIENTE,C001318,Cuenta Corriente,Depósito,-100.00,False,True,False,,,Activo,2025-08-21,2026-08-06,3
C001318__TARJETA_CREDITO,C001318,Tarjeta de Crédito,Deuda,720.96,False,False,False,2000.00,2030-01-15,Activo,2025-02-25,2026-06-04,11
C001319__CREDITO_HIPOTECARIO,C001319,Crédito Hipotecario,Deuda,64608.21,False,False,False,,2027-10-25,Activo,2025-11-12,2025-11-12,1
C001319__CTA_CORRIENTE,C001319,Cuenta Corriente,Depósito,6822.64,False,False,False,,,Activo,2025-01-10,2026-07-02,4
C001319__TARJETA_CREDITO,C001319,Tarjeta de Crédito,Deuda,728.29,False,False,False,2400.00,2030-01-13,Activo,2025-04-29,2026-05-07,4
C001320__CREDITO_VEHICULAR,C001320,Crédito Vehicular,Deuda,27286.49,False,False,False,,2027-04-16,Activo,2025-12-08,2026-07-21,2
C001320__CTA_CORRIENTE,C001320,Cuenta Corriente,Depósito,10029.85,False,False,False,,,Activo,2025-03-14,2025-07-19,4
C001320__CTA_AHORROS,C001320,Cuenta de Ahorros,Depósito,49425.12,False,False,True,,,Activo,2025-04-28,2026-06-27,4
C001320__TARJETA_CREDITO,C001320,Tarjeta de Crédito,Deuda,4132.67,False,False,True,14300.00,2029-11-13,Activo,2025-03-04,2026-08-29,14
C001321__CREDITO_VEHICULAR,C001321,Crédito Vehicular,Deuda,26810.57,False,False,False,,2029-02-26,Activo,2025-02-16,2026-07-11,3
C001321__CREDITO_CONSUMO,C001321,Crédito de Consumo,Deuda,4496.56,False,False,False,,2031-11-29,Activo,2025-09-08,2025-09-08,1
C001321__TARJETA_CREDITO,C001321,Tarjeta de Crédito,Deuda,1519.28,False,False,False,4100.00,2028-01-24,Activo,2025-02-24,2026-08-09,6
C001322__CTA_CORRIENTE,C001322,Cuenta Corriente,Depósito,1350.96,False,False,False,,,Activo,2025-11-30,2026-06-10,3
C001323__CREDITO_CONSUMO,C001323,Crédito de Consumo,Deuda,3457.37,False,False,False,,2031-07-14,Activo,2025-06-26,2026-04-13,2
C001323__CTA_CORRIENTE,C001323,Cuenta Corriente,Depósito,3078.68,False,False,False,,,Activo,2025-06-09,2026-03-31,3
C001323__TARJETA_CREDITO,C001323,Tarjeta de Crédito,Deuda,660.69,False,False,False,800.00,2030-01-21,Activo,2025-01-06,2026-08-30,10
C001324__CREDITO_CONSUMO,C001324,Crédito de Consumo,Deuda,2270.53,False,False,False,,2029-03-26,Activo,2025-02-06,2026-01-22,3
C001324__CTA_CORRIENTE,C001324,Cuenta Corriente,Depósito,2348.32,False,False,False,,,Activo,2025-01-08,2025-09-28,4
C001325__CREDITO_CONSUMO,C001325,Crédito de Consumo,Deuda,9905.23,False,False,False,,2032-08-28,Activo,2025-07-28,2026-06-13,3
C001325__TARJETA_CREDITO,C001325,Tarjeta de Crédito,Deuda,1327.69,False,False,False,3700.00,2029-09-07,Activo,2025-03-15,2026-07-17,11
C001326__CREDITO_HIPOTECARIO,C001326,Crédito Hipotecario,Deuda,53775.70,False,False,False,,2027-02-07,Activo,2025-03-21,2026-06-29,3
C001326__CTA_AHORROS,C001326,Cuenta de Ahorros,Depósito,3225.12,False,False,False,,,Activo,2026-06-23,2026-06-23,1
C001327__CREDITO_VEHICULAR,C001327,Crédito Vehicular,Deuda,24134.05,False,False,False,,2027-02-04,Activo,2025-05-01,2025-05-01,1
C001327__TARJETA_CREDITO,C001327,Tarjeta de Crédito,Deuda,0.00,False,False,False,1100.00,2026-09-30,Activo,2025-06-12,2026-07-26,5
C001328__CREDITO_HIPOTECARIO,C001328,Crédito Hipotecario,Deuda,56507.65,False,False,False,,2027-11-14,Activo,2026-08-18,2026-08-18,1
C001328__CREDITO_VEHICULAR,C001328,Crédito Vehicular,Deuda,27348.15,False,False,False,,2026-11-02,Activo,2025-06-11,2026-06-20,2
C001328__TARJETA_CREDITO,C001328,Tarjeta de Crédito,Deuda,1003.86,False,False,False,7900.00,2027-05-24,Activo,2025-02-09,2026-08-13,10
C001329__CREDITO_HIPOTECARIO,C001329,Crédito Hipotecario,Deuda,63668.32,False,False,False,,2028-08-17,Activo,2026-04-15,2026-06-24,2
C001329__CTA_CORRIENTE,C001329,Cuenta Corriente,Depósito,-37.36,False,True,False,,,Activo,2025-02-17,2026-08-03,4
C001329__TARJETA_CREDITO,C001329,Tarjeta de Crédito,Deuda,305.92,False,False,False,1100.00,2029-12-02,Activo,2025-02-27,2026-07-21,6
C001330__CREDITO_VEHICULAR,C001330,Crédito Vehicular,Deuda,13179.29,False,False,False,,2028-12-12,Activo,2026-06-14,2026-07-01,2
C001330__CTA_AHORROS,C001330,Cuenta de Ahorros,Depósito,3928.43,False,False,False,,,Activo,2025-01-24,2026-06-16,4
C001330__TARJETA_CREDITO,C001330,Tarjeta de Crédito,Deuda,305.76,False,False,False,2200.00,2026-10-02,Activo,2025-01-06,2026-08-15,8
C001331__CREDITO_VEHICULAR,C001331,Crédito Vehicular,Deuda,30146.42,False,False,False,,2030-02-07,Activo,2026-01-04,2026-01-04,1
C001331__CREDITO_CONSUMO,C001331,Crédito de Consumo,Deuda,16147.11,False,False,False,,2032-07-02,Activo,2025-12-25,2026-06-16,2
C001331__TARJETA_CREDITO,C001331,Tarjeta de Crédito,Deuda,1376.75,False,False,False,7900.00,2029-12-17,Activo,2025-01-10,2026-07-18,13
C001332__CREDITO_CONSUMO,C001332,Crédito de Consumo,Deuda,1166.40,False,False,False,,2028-10-08,Activo,2025-04-15,2026-01-15,3
C001332__TARJETA_CREDITO,C001332,Tarjeta de Crédito,Deuda,210.90,False,False,False,1000.00,2027-08-05,Activo,2025-03-07,2026-05-13,5
C001333__CREDITO_HIPOTECARIO,C001333,Crédito Hipotecario,Deuda,115122.48,False,False,False,,2027-11-08,Activo,2025-09-11,2026-07-17,3
C001333__CREDITO_CONSUMO,C001333,Crédito de Consumo,Deuda,15141.48,False,False,False,,2027-07-26,Activo,2025-03-30,2026-03-31,3
C001333__CTA_CORRIENTE,C001333,Cuenta Corriente,Depósito,1845.50,False,False,False,,,Activo,2025-09-18,2026-04-19,3
C001333__TARJETA_CREDITO,C001333,Tarjeta de Crédito,Deuda,1895.19,False,False,False,3600.00,2029-11-07,Activo,2025-03-03,2026-08-05,11
C001334__CREDITO_HIPOTECARIO,C001334,Crédito Hipotecario,Deuda,32598.91,False,False,False,,2030-03-24,Activo,2025-02-15,2025-02-15,1
C001334__CREDITO_CONSUMO,C001334,Crédito de Consumo,Deuda,3616.31,False,False,False,,2030-02-02,Activo,2025-08-28,2026-08-10,3
C001335__CTA_CORRIENTE,C001335,Cuenta Corriente,Depósito,14037.38,False,False,True,,,Activo,2025-06-29,2025-12-31,4
C001335__CTA_AHORROS,C001335,Cuenta de Ahorros,Depósito,12023.86,False,False,False,,,Activo,2026-04-19,2026-04-19,1
C001335__TARJETA_CREDITO,C001335,Tarjeta de Crédito,Deuda,479.36,False,False,False,9200.00,2029-04-19,Activo,2025-04-26,2026-04-30,5
C001336__TARJETA_CREDITO,C001336,Tarjeta de Crédito,Deuda,654.78,False,False,False,2000.00,2027-03-20,Activo,2025-03-10,2026-08-21,14
C001337__CREDITO_VEHICULAR,C001337,Crédito Vehicular,Deuda,14729.98,False,False,False,,2026-11-18,Activo,2026-01-26,2026-03-23,2
C001337__CREDITO_CONSUMO,C001337,Crédito de Consumo,Deuda,5685.21,False,False,False,,2031-06-12,Activo,2026-03-14,2026-03-14,1
C001337__TARJETA_CREDITO,C001337,Tarjeta de Crédito,Deuda,2091.52,False,False,False,4800.00,2027-12-17,Activo,2025-06-22,2026-08-21,12
C001338__CTA_AHORROS,C001338,Cuenta de Ahorros,Depósito,787.31,False,False,False,,,Activo,2025-07-26,2026-05-13,4
C001338__TARJETA_CREDITO,C001338,Tarjeta de Crédito,Deuda,148.71,False,False,False,1000.00,2030-08-05,Activo,2025-02-21,2026-01-27,4
C001339__CREDITO_HIPOTECARIO,C001339,Crédito Hipotecario,Deuda,128909.71,False,False,False,,2028-04-29,Activo,2025-03-10,2026-05-15,3
C001339__CREDITO_VEHICULAR,C001339,Crédito Vehicular,Deuda,14261.70,False,False,False,,2028-06-22,Activo,2025-12-24,2025-12-24,1
C001340__CREDITO_VEHICULAR,C001340,Crédito Vehicular,Deuda,26777.45,False,False,False,,2028-02-27,Activo,2025-10-18,2026-01-19,2
C001340__CTA_AHORROS,C001340,Cuenta de Ahorros,Depósito,7656.99,False,False,False,,,Activo,2025-02-23,2026-05-20,4
C001340__TARJETA_CREDITO,C001340,Tarjeta de Crédito,Deuda,1682.61,False,False,False,4700.00,2027-02-26,Activo,2025-02-15,2026-08-02,14
C001341__CREDITO_VEHICULAR,C001341,Crédito Vehicular,Deuda,23966.11,False,False,False,,2027-03-01,Activo,2025-10-03,2026-01-25,2
C001341__TARJETA_CREDITO,C001341,Tarjeta de Crédito,Deuda,560.51,False,False,False,900.00,2027-03-27,Activo,2025-01-25,2026-06-27,12
C001342__CREDITO_HIPOTECARIO,C001342,Crédito Hipotecario,Deuda,37438.90,False,False,False,,2028-03-22,Activo,2025-03-31,2026-07-22,3
C001342__CREDITO_CONSUMO,C001342,Crédito de Consumo,Deuda,2222.02,False,False,False,,2030-08-01,Activo,2025-07-28,2025-10-21,3
C001342__CTA_AHORROS,C001342,Cuenta de Ahorros,Depósito,1056.61,False,False,False,,,Activo,2025-07-03,2026-07-16,3
C001342__TARJETA_CREDITO,C001342,Tarjeta de Crédito,Deuda,469.86,False,False,False,1500.00,2029-04-05,Activo,2025-01-16,2026-07-01,14
C001343__CREDITO_VEHICULAR,C001343,Crédito Vehicular,Deuda,16131.10,False,False,False,,2031-02-18,Activo,2025-05-07,2025-05-07,1
C001343__TARJETA_CREDITO,C001343,Tarjeta de Crédito,Deuda,1130.63,False,False,False,2000.00,2030-06-25,Activo,2025-06-03,2026-07-22,5
C001344__CREDITO_HIPOTECARIO,C001344,Crédito Hipotecario,Deuda,68261.30,False,False,False,,2030-02-18,Activo,2025-10-09,2025-10-09,1
C001344__CREDITO_VEHICULAR,C001344,Crédito Vehicular,Deuda,14539.12,False,False,False,,2026-11-28,Activo,2025-05-17,2025-08-31,2
C001344__CREDITO_CONSUMO,C001344,Crédito de Consumo,Deuda,5936.35,False,False,False,,2030-10-06,Activo,2025-11-20,2026-01-09,2
C001345__CREDITO_HIPOTECARIO,C001345,Crédito Hipotecario,Deuda,70174.26,False,False,False,,2031-07-07,Activo,2025-06-25,2026-08-02,3
C001345__CTA_CORRIENTE,C001345,Cuenta Corriente,Depósito,4391.93,False,False,False,,,Activo,2025-07-09,2026-05-18,2
C001345__CTA_AHORROS,C001345,Cuenta de Ahorros,Depósito,13001.74,False,False,True,,,Activo,2025-07-10,2025-12-25,3
C001345__TARJETA_CREDITO,C001345,Tarjeta de Crédito,Deuda,1857.47,False,False,False,8700.00,2028-12-11,Activo,2025-03-20,2026-05-04,4
C001346__CREDITO_VEHICULAR,C001346,Crédito Vehicular,Deuda,12158.40,False,False,False,,2029-12-13,Activo,2025-06-12,2025-06-12,1
C001346__CTA_CORRIENTE,C001346,Cuenta Corriente,Depósito,8428.23,False,False,False,,,Activo,2025-02-23,2026-08-04,4
C001347__CREDITO_CONSUMO,C001347,Crédito de Consumo,Deuda,2597.65,False,False,False,,2030-03-25,Activo,2025-12-18,2025-12-18,1
C001347__CTA_AHORROS,C001347,Cuenta de Ahorros,Depósito,4197.79,False,False,False,,,Activo,2025-08-17,2026-01-19,2
C001347__TARJETA_CREDITO,C001347,Tarjeta de Crédito,Deuda,573.17,False,False,False,1600.00,2027-04-14,Activo,2025-04-18,2026-05-23,5
C001348__CREDITO_CONSUMO,C001348,Crédito de Consumo,Deuda,4173.46,False,False,False,,2030-07-15,Activo,2025-08-12,2026-01-03,3
C001348__CTA_AHORROS,C001348,Cuenta de Ahorros,Depósito,1268.40,False,False,False,,,Activo,2025-04-14,2025-06-18,2
C001349__CREDITO_HIPOTECARIO,C001349,Crédito Hipotecario,Deuda,44304.67,False,False,False,,2027-07-30,Activo,2025-03-07,2026-08-29,3
C001349__CREDITO_VEHICULAR,C001349,Crédito Vehicular,Deuda,23317.70,False,False,False,,2027-10-04,Activo,2025-09-20,2025-09-20,1
C001349__TARJETA_CREDITO,C001349,Tarjeta de Crédito,Deuda,832.66,False,False,False,1400.00,2027-07-10,Activo,2025-01-25,2026-08-09,10
C001350__CTA_AHORROS,C001350,Cuenta de Ahorros,Depósito,6018.59,False,False,False,,,Activo,2026-07-19,2026-07-19,1
C001350__TARJETA_CREDITO,C001350,Tarjeta de Crédito,Deuda,457.48,False,False,False,3800.00,2027-05-04,Activo,2025-05-30,2026-08-06,10
C001351__CREDITO_VEHICULAR,C001351,Crédito Vehicular,Deuda,13952.31,False,False,False,,2030-07-01,Activo,2025-04-06,2026-08-22,3
C001351__CTA_AHORROS,C001351,Cuenta de Ahorros,Depósito,92.81,False,False,False,,,Activo,2026-02-18,2026-02-18,1
C001351__TARJETA_CREDITO,C001351,Tarjeta de Crédito,Deuda,107.90,False,False,False,1000.00,2029-09-03,Activo,2025-01-18,2026-08-16,12
C001352__CREDITO_VEHICULAR,C001352,Crédito Vehicular,Deuda,18238.77,False,False,False,,2031-05-30,Activo,2025-04-29,2025-07-20,2
C001352__CREDITO_CONSUMO,C001352,Crédito de Consumo,Deuda,4737.33,False,False,False,,2029-08-01,Activo,2025-04-04,2025-12-31,3
C001352__TARJETA_CREDITO,C001352,Tarjeta de Crédito,Deuda,1171.48,False,False,False,2300.00,2027-12-23,Activo,2025-02-22,2026-06-03,4
C001353__CREDITO_VEHICULAR,C001353,Crédito Vehicular,Deuda,24424.70,False,False,False,,2032-07-02,Activo,2025-10-18,2025-10-26,2
C001353__CREDITO_CONSUMO,C001353,Crédito de Consumo,Deuda,1796.52,False,False,False,,2028-09-27,Activo,2025-06-07,2025-06-07,1
C001353__CTA_CORRIENTE,C001353,Cuenta Corriente,Depósito,3955.39,False,False,False,,,Activo,2025-02-26,2026-03-08,2
C001353__TARJETA_CREDITO,C001353,Tarjeta de Crédito,Deuda,568.14,False,False,False,2600.00,2028-01-16,Activo,2025-08-26,2026-06-10,6
C001354__CREDITO_HIPOTECARIO,C001354,Crédito Hipotecario,Deuda,80713.50,False,False,False,,2027-03-03,Activo,2025-01-06,2025-09-01,3
C001354__CREDITO_VEHICULAR,C001354,Crédito Vehicular,Deuda,26527.17,False,False,False,,2032-05-11,Activo,2025-01-07,2025-05-11,2
C001355__CREDITO_HIPOTECARIO,C001355,Crédito Hipotecario,Deuda,68967.34,False,False,False,,2031-05-08,Activo,2025-01-08,2026-02-01,3
C001355__CTA_CORRIENTE,C001355,Cuenta Corriente,Depósito,1778.60,False,False,False,,,Activo,2025-09-10,2025-09-10,1
C001355__TARJETA_CREDITO,C001355,Tarjeta de Crédito,Deuda,1737.63,False,False,False,2800.00,2028-01-18,Activo,2025-04-27,2026-07-21,5
C001356__CREDITO_HIPOTECARIO,C001356,Crédito Hipotecario,Deuda,95981.35,False,False,False,,2028-10-02,Activo,2025-06-14,2025-06-14,1
C001356__CTA_CORRIENTE,C001356,Cuenta Corriente,Depósito,3729.09,False,False,False,,,Activo,2025-02-14,2026-07-12,4
C001356__TARJETA_CREDITO,C001356,Tarjeta de Crédito,Deuda,1233.69,False,False,False,6600.00,2027-09-01,Activo,2025-01-16,2026-08-12,7
C001357__CREDITO_HIPOTECARIO,C001357,Crédito Hipotecario,Deuda,64744.75,False,False,False,,2031-01-26,Activo,2025-03-15,2026-08-16,3
C001357__CREDITO_CONSUMO,C001357,Crédito de Consumo,Deuda,6852.76,False,False,False,,2031-09-07,Activo,2025-03-27,2025-12-03,2
C001357__CTA_CORRIENTE,C001357,Cuenta Corriente,Depósito,1908.40,False,False,False,,,Activo,2025-03-13,2026-06-15,3
C001357__TARJETA_CREDITO,C001357,Tarjeta de Crédito,Deuda,682.51,False,False,False,1700.00,2027-04-24,Activo,2025-02-08,2026-07-13,8
C001358__CREDITO_HIPOTECARIO,C001358,Crédito Hipotecario,Deuda,51169.96,False,False,False,,2030-12-28,Activo,2025-09-16,2025-09-16,1
C001358__TARJETA_CREDITO,C001358,Tarjeta de Crédito,Deuda,2119.20,False,False,False,7300.00,2027-03-13,Activo,2025-01-08,2026-08-28,14
C001359__CREDITO_HIPOTECARIO,C001359,Crédito Hipotecario,Deuda,53564.79,False,False,False,,2032-09-05,Activo,2026-01-13,2026-01-13,1
C001359__CREDITO_VEHICULAR,C001359,Crédito Vehicular,Deuda,8186.13,False,False,False,,2031-07-29,Activo,2025-11-29,2026-07-31,2
C001359__CTA_AHORROS,C001359,Cuenta de Ahorros,Depósito,-100.00,False,True,False,,,Activo,2025-03-16,2026-05-21,4
C001359__TARJETA_CREDITO,C001359,Tarjeta de Crédito,Deuda,1865.23,False,False,False,3000.00,2027-11-21,Activo,2025-04-17,2026-02-04,14
C001360__CREDITO_HIPOTECARIO,C001360,Crédito Hipotecario,Deuda,39159.05,False,False,False,,2029-02-22,Activo,2025-02-24,2026-05-31,2
C001360__TARJETA_CREDITO,C001360,Tarjeta de Crédito,Deuda,1832.46,False,False,False,3100.00,2027-12-14,Activo,2025-03-13,2026-08-25,12
C001361__CREDITO_VEHICULAR,C001361,Crédito Vehicular,Deuda,13088.96,False,False,False,,2031-09-13,Activo,2025-02-28,2025-02-28,1
C001362__CREDITO_HIPOTECARIO,C001362,Crédito Hipotecario,Deuda,85233.52,False,False,False,,2029-03-01,Activo,2026-06-04,2026-06-04,1
C001362__TARJETA_CREDITO,C001362,Tarjeta de Crédito,Deuda,6433.30,False,False,True,14600.00,2027-10-18,Activo,2025-04-13,2026-08-17,7
C001363__TARJETA_CREDITO,C001363,Tarjeta de Crédito,Deuda,912.33,False,False,False,4100.00,2029-07-25,Activo,2025-05-20,2026-08-06,13
C001364__TARJETA_CREDITO,C001364,Tarjeta de Crédito,Deuda,261.96,False,False,False,4100.00,2028-05-09,Activo,2025-04-03,2026-06-30,4
C001365__CTA_CORRIENTE,C001365,Cuenta Corriente,Depósito,5598.28,False,False,False,,,Activo,2026-03-03,2026-03-03,1
C001365__TARJETA_CREDITO,C001365,Tarjeta de Crédito,Deuda,625.87,False,False,False,2200.00,2030-01-18,Activo,2025-01-26,2026-06-19,11
C001366__CREDITO_CONSUMO,C001366,Crédito de Consumo,Deuda,15577.86,False,False,False,,2027-07-15,Activo,2026-04-02,2026-04-02,1
C001367__CREDITO_HIPOTECARIO,C001367,Crédito Hipotecario,Deuda,65299.71,False,False,False,,2032-07-27,Activo,2026-07-31,2026-07-31,1
C001367__CREDITO_VEHICULAR,C001367,Crédito Vehicular,Deuda,18466.24,False,False,False,,2029-01-25,Activo,2025-12-02,2025-12-02,1
C001367__CTA_AHORROS,C001367,Cuenta de Ahorros,Depósito,1873.75,False,False,False,,,Activo,2026-04-28,2026-04-28,1
C001367__TARJETA_CREDITO,C001367,Tarjeta de Crédito,Deuda,1159.47,False,False,False,2500.00,2026-12-16,Activo,2026-03-08,2026-08-15,4
C001368__CREDITO_CONSUMO,C001368,Crédito de Consumo,Deuda,7102.06,False,False,False,,2032-02-08,Activo,2026-03-28,2026-08-29,2
C001368__CTA_AHORROS,C001368,Cuenta de Ahorros,Depósito,2183.52,False,False,False,,,Activo,2026-03-05,2026-08-04,3
C001368__TARJETA_CREDITO,C001368,Tarjeta de Crédito,Deuda,560.74,False,False,False,6300.00,2027-08-01,Activo,2025-02-28,2026-05-30,11
C001369__CREDITO_VEHICULAR,C001369,Crédito Vehicular,Deuda,19838.38,False,False,False,,2028-07-10,Activo,2025-01-15,2025-11-23,3
C001370__CREDITO_HIPOTECARIO,C001370,Crédito Hipotecario,Deuda,79593.85,False,False,False,,2032-01-05,Activo,2025-07-16,2025-12-06,2
C001370__CTA_CORRIENTE,C001370,Cuenta Corriente,Depósito,-100.00,False,True,False,,,Activo,2025-06-03,2026-06-10,3
C001371__CREDITO_VEHICULAR,C001371,Crédito Vehicular,Deuda,18034.21,False,False,False,,2032-03-10,Activo,2025-07-30,2025-07-30,1
C001371__CTA_CORRIENTE,C001371,Cuenta Corriente,Depósito,6290.66,False,False,False,,,Activo,2025-07-06,2026-08-24,4
C001371__TARJETA_CREDITO,C001371,Tarjeta de Crédito,Deuda,3178.77,False,False,False,12800.00,2028-10-25,Activo,2025-03-05,2026-08-11,13
C001372__CREDITO_HIPOTECARIO,C001372,Crédito Hipotecario,Deuda,104935.80,False,False,False,,2027-04-21,Activo,2025-02-07,2025-02-07,1
C001372__CTA_CORRIENTE,C001372,Cuenta Corriente,Depósito,2063.09,False,False,False,,,Activo,2025-05-15,2026-02-07,4
C001372__CTA_AHORROS,C001372,Cuenta de Ahorros,Depósito,259.39,False,False,False,,,Activo,2025-06-17,2026-01-14,3
C001372__TARJETA_CREDITO,C001372,Tarjeta de Crédito,Deuda,1093.37,False,False,False,2600.00,2027-04-28,Activo,2025-01-10,2026-04-09,4
C001373__CREDITO_VEHICULAR,C001373,Crédito Vehicular,Deuda,38261.64,False,False,True,,2027-09-24,Activo,2025-09-19,2026-02-14,3
C001373__TARJETA_CREDITO,C001373,Tarjeta de Crédito,Deuda,100.73,False,False,False,800.00,2026-11-26,Activo,2025-01-08,2026-08-26,14
C001374__CREDITO_HIPOTECARIO,C001374,Crédito Hipotecario,Deuda,112911.55,False,False,False,,2030-09-16,Activo,2025-06-13,2025-11-14,2
C001374__CREDITO_VEHICULAR,C001374,Crédito Vehicular,Deuda,25303.06,False,False,False,,2031-12-24,Activo,2025-08-10,2026-08-03,3
C001374__CREDITO_CONSUMO,C001374,Crédito de Consumo,Deuda,18453.56,False,False,False,,2031-12-20,Activo,2025-01-09,2025-11-02,2
C001374__CTA_AHORROS,C001374,Cuenta de Ahorros,Depósito,6552.29,False,False,False,,,Activo,2025-09-23,2026-06-04,2
C001375__TARJETA_CREDITO,C001375,Tarjeta de Crédito,Deuda,409.74,False,False,False,1500.00,2029-12-10,Activo,2025-01-12,2026-06-16,6
C001376__CTA_CORRIENTE,C001376,Cuenta Corriente,Depósito,10966.65,False,False,False,,,Activo,2025-06-09,2025-10-07,2
C001376__TARJETA_CREDITO,C001376,Tarjeta de Crédito,Deuda,769.15,False,False,False,6300.00,2026-10-26,Activo,2026-01-10,2026-04-09,4
C001377__CREDITO_HIPOTECARIO,C001377,Crédito Hipotecario,Deuda,96352.65,False,False,False,,2032-05-12,Activo,2026-01-23,2026-02-08,2
C001377__TARJETA_CREDITO,C001377,Tarjeta de Crédito,Deuda,0.00,False,False,False,3100.00,2027-03-09,Activo,2025-03-04,2026-04-02,5
C001378__CREDITO_CONSUMO,C001378,Crédito de Consumo,Deuda,7913.45,False,False,False,,2026-12-01,Activo,2025-02-26,2025-02-26,1
C001378__TARJETA_CREDITO,C001378,Tarjeta de Crédito,Deuda,113.55,False,False,False,500.00,2026-12-08,Activo,2025-02-07,2026-05-10,5
C001379__CTA_AHORROS,C001379,Cuenta de Ahorros,Depósito,3367.95,False,False,False,,,Activo,2025-11-16,2026-07-20,4
C001379__TARJETA_CREDITO,C001379,Tarjeta de Crédito,Deuda,732.50,False,False,False,3000.00,2027-09-12,Activo,2025-01-06,2026-05-17,8
C001380__CREDITO_VEHICULAR,C001380,Crédito Vehicular,Deuda,22450.35,False,False,False,,2031-11-21,Activo,2025-06-13,2026-04-06,2
C001380__TARJETA_CREDITO,C001380,Tarjeta de Crédito,Deuda,774.41,False,False,False,1300.00,2027-11-20,Activo,2025-03-07,2026-07-14,13
C001381__CREDITO_VEHICULAR,C001381,Crédito Vehicular,Deuda,20283.02,False,False,False,,2031-04-06,Activo,2025-08-08,2025-08-08,1
C001381__CREDITO_CONSUMO,C001381,Crédito de Consumo,Deuda,12658.48,False,False,False,,2029-02-13,Activo,2025-07-15,2026-08-20,3
C001382__CREDITO_CONSUMO,C001382,Crédito de Consumo,Deuda,14294.48,False,False,False,,2031-06-14,Activo,2025-04-26,2025-09-20,2
C001382__CTA_CORRIENTE,C001382,Cuenta Corriente,Depósito,9348.82,False,False,False,,,Activo,2025-02-06,2025-10-06,4
C001382__CTA_AHORROS,C001382,Cuenta de Ahorros,Depósito,7648.29,False,False,False,,,Activo,2025-01-08,2025-01-08,1
C001382__TARJETA_CREDITO,C001382,Tarjeta de Crédito,Deuda,3031.39,False,False,False,5800.00,2029-02-05,Activo,2025-01-08,2026-08-23,5
C001383__CTA_CORRIENTE,C001383,Cuenta Corriente,Depósito,15586.22,False,False,True,,,Activo,2025-05-05,2025-05-05,1
C001383__TARJETA_CREDITO,C001383,Tarjeta de Crédito,Deuda,3621.23,False,False,True,11400.00,2030-10-04,Activo,2025-02-07,2026-05-19,4
C001384__CREDITO_CONSUMO,C001384,Crédito de Consumo,Deuda,17581.75,False,False,False,,2029-04-24,Activo,2025-06-03,2025-06-03,1
C001384__TARJETA_CREDITO,C001384,Tarjeta de Crédito,Deuda,4401.81,False,False,True,8600.00,2028-06-07,Activo,2025-03-19,2026-04-20,9
C001385__CTA_AHORROS,C001385,Cuenta de Ahorros,Depósito,-100.00,False,True,False,,,Activo,2025-04-23,2026-07-22,4
C001385__TARJETA_CREDITO,C001385,Tarjeta de Crédito,Deuda,1796.29,False,False,False,4200.00,2027-09-24,Activo,2025-01-06,2025-06-08,4
C001386__CREDITO_VEHICULAR,C001386,Crédito Vehicular,Deuda,19062.45,False,False,False,,2029-03-12,Activo,2025-04-11,2025-04-11,1
C001386__CREDITO_CONSUMO,C001386,Crédito de Consumo,Deuda,8937.20,False,False,False,,2031-07-15,Activo,2025-07-21,2025-07-21,1
C001386__CTA_AHORROS,C001386,Cuenta de Ahorros,Depósito,7421.63,False,False,False,,,Activo,2025-01-15,2025-10-22,2
C001387__CREDITO_CONSUMO,C001387,Crédito de Consumo,Deuda,15406.32,False,False,False,,2028-07-15,Activo,2025-03-12,2026-08-21,3
C001387__TARJETA_CREDITO,C001387,Tarjeta de Crédito,Deuda,811.83,False,False,False,3300.00,2027-03-26,Activo,2025-02-10,2026-07-04,7
C001388__CTA_AHORROS,C001388,Cuenta de Ahorros,Depósito,315.06,False,False,False,,,Activo,2025-04-19,2025-10-27,2
C001388__TARJETA_CREDITO,C001388,Tarjeta de Crédito,Deuda,1529.02,False,False,False,7900.00,2027-05-06,Activo,2025-04-01,2026-08-16,14
C001389__CTA_CORRIENTE,C001389,Cuenta Corriente,Depósito,3386.58,False,False,False,,,Activo,2025-05-03,2026-06-10,3
C001389__CTA_AHORROS,C001389,Cuenta de Ahorros,Depósito,71.43,False,False,False,,,Activo,2025-09-02,2026-04-21,3
C001390__CREDITO_HIPOTECARIO,C001390,Crédito Hipotecario,Deuda,54897.48,False,False,False,,2027-06-16,Activo,2026-02-12,2026-07-06,3
C001390__CREDITO_CONSUMO,C001390,Crédito de Consumo,Deuda,10115.82,False,False,False,,2030-09-07,Activo,2025-06-18,2026-03-12,3
C001390__CTA_CORRIENTE,C001390,Cuenta Corriente,Depósito,6807.40,False,False,False,,,Activo,2025-01-03,2026-06-01,4
C001390__CTA_AHORROS,C001390,Cuenta de Ahorros,Depósito,6708.91,False,False,False,,,Activo,2025-05-05,2026-03-24,4
C001391__CTA_CORRIENTE,C001391,Cuenta Corriente,Depósito,15104.54,False,False,True,,,Activo,2026-07-27,2026-07-27,1
C001391__TARJETA_CREDITO,C001391,Tarjeta de Crédito,Deuda,962.75,False,False,False,5700.00,2027-11-04,Activo,2025-02-21,2026-02-27,6
C001392__CREDITO_VEHICULAR,C001392,Crédito Vehicular,Deuda,23006.08,False,False,False,,2027-05-12,Activo,2025-11-19,2025-11-19,1
C001392__TARJETA_CREDITO,C001392,Tarjeta de Crédito,Deuda,632.90,False,False,False,1400.00,2028-09-24,Activo,2025-02-11,2026-08-26,14
C001393__CTA_AHORROS,C001393,Cuenta de Ahorros,Depósito,3129.91,False,False,False,,,Activo,2025-02-10,2026-05-09,4
C001394__CREDITO_CONSUMO,C001394,Crédito de Consumo,Deuda,6899.04,False,False,False,,2031-12-10,Activo,2025-05-23,2025-08-10,3
C001394__CTA_CORRIENTE,C001394,Cuenta Corriente,Depósito,339.81,False,False,False,,,Activo,2025-02-13,2026-07-12,2
C001394__CTA_AHORROS,C001394,Cuenta de Ahorros,Depósito,3120.99,False,False,False,,,Activo,2026-07-29,2026-07-29,1
C001394__TARJETA_CREDITO,C001394,Tarjeta de Crédito,Deuda,2178.16,False,False,False,6700.00,2030-01-05,Activo,2025-01-20,2026-08-25,5
C001395__TARJETA_CREDITO,C001395,Tarjeta de Crédito,Deuda,109.65,False,False,False,500.00,2027-01-10,Activo,2025-01-05,2026-06-12,8
C001396__CREDITO_VEHICULAR,C001396,Crédito Vehicular,Deuda,17612.69,False,False,False,,2027-11-09,Activo,2025-03-14,2026-05-02,3
C001397__CREDITO_VEHICULAR,C001397,Crédito Vehicular,Deuda,21494.71,False,False,False,,2032-07-26,Activo,2025-12-21,2025-12-21,1
C001397__TARJETA_CREDITO,C001397,Tarjeta de Crédito,Deuda,260.72,False,False,False,1900.00,2027-10-13,Activo,2025-01-17,2026-08-23,8
C001398__CREDITO_HIPOTECARIO,C001398,Crédito Hipotecario,Deuda,74490.40,False,False,False,,2028-01-28,Activo,2026-01-09,2026-06-21,2
C001398__CTA_CORRIENTE,C001398,Cuenta Corriente,Depósito,1271.15,False,False,False,,,Activo,2025-05-16,2025-08-07,3
C001398__CTA_AHORROS,C001398,Cuenta de Ahorros,Depósito,82.37,False,False,False,,,Activo,2025-04-11,2026-02-25,2
C001398__TARJETA_CREDITO,C001398,Tarjeta de Crédito,Deuda,61.99,False,False,False,1000.00,2027-03-15,Activo,2025-02-16,2026-07-29,13
C001399__CREDITO_VEHICULAR,C001399,Crédito Vehicular,Deuda,20931.12,False,False,False,,2031-03-10,Activo,2025-04-23,2025-04-23,1
C001399__TARJETA_CREDITO,C001399,Tarjeta de Crédito,Deuda,659.20,False,False,False,2600.00,2027-02-01,Activo,2025-01-17,2026-08-10,9
C001400__CREDITO_HIPOTECARIO,C001400,Crédito Hipotecario,Deuda,82883.73,False,False,False,,2031-11-14,Activo,2025-02-16,2025-11-20,3
C001400__CREDITO_VEHICULAR,C001400,Crédito Vehicular,Deuda,18174.53,False,False,False,,2027-10-07,Activo,2026-07-17,2026-07-17,1
C001400__TARJETA_CREDITO,C001400,Tarjeta de Crédito,Deuda,802.04,False,False,False,2600.00,2027-10-22,Activo,2025-08-10,2026-08-11,5
C001401__CTA_AHORROS,C001401,Cuenta de Ahorros,Depósito,1587.62,False,False,False,,,Activo,2025-07-28,2026-02-11,2
C001402__CREDITO_CONSUMO,C001402,Crédito de Consumo,Deuda,7071.94,False,False,False,,2032-07-11,Activo,2025-07-13,2026-05-31,3
C001402__CTA_CORRIENTE,C001402,Cuenta Corriente,Depósito,1356.39,False,False,False,,,Activo,2025-02-07,2026-05-30,4
C001403__CREDITO_CONSUMO,C001403,Crédito de Consumo,Deuda,10009.08,False,False,False,,2032-04-11,Activo,2025-07-15,2025-07-15,1
C001403__CTA_AHORROS,C001403,Cuenta de Ahorros,Depósito,4891.81,False,False,False,,,Activo,2025-02-22,2026-06-21,4
C001403__TARJETA_CREDITO,C001403,Tarjeta de Crédito,Deuda,2696.97,False,False,False,7200.00,2026-12-24,Activo,2025-04-24,2026-05-20,8
C001404__CREDITO_VEHICULAR,C001404,Crédito Vehicular,Deuda,16643.85,False,False,False,,2029-07-05,Activo,2025-01-02,2025-01-02,1
C001405__CREDITO_VEHICULAR,C001405,Crédito Vehicular,Deuda,13770.56,False,False,False,,2031-11-17,Activo,2026-07-16,2026-07-28,2
C001405__TARJETA_CREDITO,C001405,Tarjeta de Crédito,Deuda,419.79,False,False,False,1400.00,2029-02-10,Activo,2025-01-22,2026-06-13,5
C001406__CREDITO_HIPOTECARIO,C001406,Crédito Hipotecario,Deuda,91131.07,False,False,False,,2028-03-30,Activo,2025-01-10,2025-12-31,3
C001406__CREDITO_VEHICULAR,C001406,Crédito Vehicular,Deuda,16632.55,False,False,False,,2031-05-08,Activo,2025-08-02,2025-12-29,3
C001406__CTA_CORRIENTE,C001406,Cuenta Corriente,Depósito,14650.48,False,False,True,,,Activo,2026-01-22,2026-06-14,3
C001406__CTA_AHORROS,C001406,Cuenta de Ahorros,Depósito,17020.75,False,False,True,,,Activo,2025-08-13,2026-02-09,3
C001407__CREDITO_VEHICULAR,C001407,Crédito Vehicular,Deuda,23111.90,False,False,False,,2027-11-22,Activo,2026-05-29,2026-05-29,1
C001408__CTA_AHORROS,C001408,Cuenta de Ahorros,Depósito,606.14,False,False,False,,,Activo,2025-10-09,2025-10-09,1
C001408__TARJETA_CREDITO,C001408,Tarjeta de Crédito,Deuda,374.45,False,False,False,900.00,2029-04-08,Activo,2025-05-01,2026-07-15,9
C001409__CREDITO_HIPOTECARIO,C001409,Crédito Hipotecario,Deuda,47457.12,False,False,False,,2029-10-05,Activo,2026-04-23,2026-04-23,1
C001409__CTA_CORRIENTE,C001409,Cuenta Corriente,Depósito,-100.00,False,True,False,,,Activo,2025-12-18,2026-06-04,2
C001409__CTA_AHORROS,C001409,Cuenta de Ahorros,Depósito,8844.95,False,False,False,,,Activo,2025-04-14,2026-04-29,3
C001409__TARJETA_CREDITO,C001409,Tarjeta de Crédito,Deuda,0.00,False,False,False,4700.00,2029-10-31,Activo,2025-03-01,2026-08-28,9
C001410__CREDITO_CONSUMO,C001410,Crédito de Consumo,Deuda,11032.68,False,False,False,,2027-08-22,Activo,2025-06-23,2026-05-20,3
C001410__TARJETA_CREDITO,C001410,Tarjeta de Crédito,Deuda,3358.77,False,False,True,8500.00,2027-11-06,Activo,2025-03-30,2026-07-29,6
C001411__CREDITO_HIPOTECARIO,C001411,Crédito Hipotecario,Deuda,97512.52,False,False,False,,2030-12-03,Activo,2026-01-10,2026-07-04,2
C001411__TARJETA_CREDITO,C001411,Tarjeta de Crédito,Deuda,4830.33,False,False,True,7200.00,2030-10-05,Activo,2025-01-28,2026-02-20,12
C001412__CREDITO_VEHICULAR,C001412,Crédito Vehicular,Deuda,21249.52,False,False,False,,2031-10-31,Activo,2026-04-03,2026-04-03,1
C001412__TARJETA_CREDITO,C001412,Tarjeta de Crédito,Deuda,325.47,False,False,False,1000.00,2029-07-25,Activo,2025-02-10,2026-07-02,6
C001413__CREDITO_VEHICULAR,C001413,Crédito Vehicular,Deuda,19255.93,False,False,False,,2026-10-13,Activo,2025-01-26,2026-04-07,3
C001413__TARJETA_CREDITO,C001413,Tarjeta de Crédito,Deuda,1087.66,False,False,False,2100.00,2030-06-20,Activo,2025-02-25,2026-08-20,4
C001414__CREDITO_VEHICULAR,C001414,Crédito Vehicular,Deuda,27985.80,False,False,False,,2027-12-21,Activo,2026-04-20,2026-06-08,2
C001414__TARJETA_CREDITO,C001414,Tarjeta de Crédito,Deuda,5402.58,False,False,True,8900.00,2028-08-30,Activo,2025-01-06,2026-08-27,10
C001415__CREDITO_VEHICULAR,C001415,Crédito Vehicular,Deuda,11205.53,False,False,False,,2029-11-28,Activo,2025-07-05,2025-12-07,2
C001415__TARJETA_CREDITO,C001415,Tarjeta de Crédito,Deuda,313.60,False,False,False,1200.00,2028-09-21,Activo,2025-04-28,2026-03-07,5
C001416__CREDITO_HIPOTECARIO,C001416,Crédito Hipotecario,Deuda,56053.94,False,False,False,,2027-11-07,Activo,2025-02-25,2026-05-12,2
C001416__CREDITO_CONSUMO,C001416,Crédito de Consumo,Deuda,16275.37,False,False,False,,2030-06-11,Activo,2025-11-28,2026-03-23,3
C001417__TARJETA_CREDITO,C001417,Tarjeta de Crédito,Deuda,223.62,False,False,False,1800.00,2030-01-22,Activo,2025-01-25,2026-08-13,12
C001418__CREDITO_VEHICULAR,C001418,Crédito Vehicular,Deuda,13422.98,False,False,False,,2028-11-05,Activo,2025-07-05,2026-04-23,3
C001418__CTA_CORRIENTE,C001418,Cuenta Corriente,Depósito,10082.95,False,False,False,,,Activo,2025-08-16,2026-05-13,4
C001418__CTA_AHORROS,C001418,Cuenta de Ahorros,Depósito,5227.38,False,False,False,,,Activo,2025-06-21,2026-02-13,3
C001418__TARJETA_CREDITO,C001418,Tarjeta de Crédito,Deuda,584.55,False,False,False,3800.00,2027-03-27,Activo,2025-02-28,2026-05-09,5
C001419__CREDITO_HIPOTECARIO,C001419,Crédito Hipotecario,Deuda,54041.13,False,False,False,,2029-11-08,Activo,2025-06-04,2025-08-25,2
C001419__CREDITO_VEHICULAR,C001419,Crédito Vehicular,Deuda,21981.72,False,False,False,,2028-04-04,Activo,2026-06-30,2026-06-30,1
C001419__CTA_AHORROS,C001419,Cuenta de Ahorros,Depósito,197.23,False,False,False,,,Activo,2025-04-07,2026-06-11,3
C001419__TARJETA_CREDITO,C001419,Tarjeta de Crédito,Deuda,68.31,False,False,False,1200.00,2029-09-07,Activo,2025-02-03,2026-08-25,7
C001420__CREDITO_VEHICULAR,C001420,Crédito Vehicular,Deuda,20887.86,False,False,False,,2028-12-06,Activo,2025-12-09,2025-12-09,1
C001420__TARJETA_CREDITO,C001420,Tarjeta de Crédito,Deuda,387.47,False,False,False,2400.00,2026-10-22,Activo,2025-01-06,2026-06-23,13
C001421__CREDITO_HIPOTECARIO,C001421,Crédito Hipotecario,Deuda,38387.97,False,False,False,,2029-12-14,Activo,2025-01-12,2025-09-21,2
C001421__CTA_CORRIENTE,C001421,Cuenta Corriente,Depósito,5783.85,False,False,False,,,Activo,2026-05-04,2026-05-04,1
C001421__TARJETA_CREDITO,C001421,Tarjeta de Crédito,Deuda,1255.10,False,False,False,3700.00,2029-05-08,Activo,2025-06-24,2026-07-30,9
C001422__CREDITO_VEHICULAR,C001422,Crédito Vehicular,Deuda,19408.20,False,False,False,,2028-07-23,Activo,2025-08-05,2026-03-11,2
C001423__CREDITO_HIPOTECARIO,C001423,Crédito Hipotecario,Deuda,67493.41,False,False,False,,2028-10-31,Activo,2025-09-13,2025-09-13,1
C001423__CREDITO_CONSUMO,C001423,Crédito de Consumo,Deuda,3579.71,False,False,False,,2028-11-10,Activo,2025-12-31,2025-12-31,1
C001423__CTA_AHORROS,C001423,Cuenta de Ahorros,Depósito,2394.06,False,False,False,,,Activo,2025-12-04,2025-12-04,1
C001423__TARJETA_CREDITO,C001423,Tarjeta de Crédito,Deuda,394.40,False,False,False,800.00,2026-10-24,Activo,2025-01-12,2026-06-27,9
C001424__CTA_CORRIENTE,C001424,Cuenta Corriente,Depósito,729.44,False,False,False,,,Activo,2025-04-16,2025-05-10,3
C001424__CTA_AHORROS,C001424,Cuenta de Ahorros,Depósito,1360.63,False,False,False,,,Activo,2025-04-04,2026-04-21,4
C001424__TARJETA_CREDITO,C001424,Tarjeta de Crédito,Deuda,1906.36,False,False,False,2300.00,2029-05-09,Activo,2025-08-29,2026-07-26,7
C001425__CTA_CORRIENTE,C001425,Cuenta Corriente,Depósito,10224.82,False,False,False,,,Activo,2025-10-16,2025-10-16,1
C001425__CTA_AHORROS,C001425,Cuenta de Ahorros,Depósito,-19.40,False,True,False,,,Activo,2025-01-06,2025-07-16,4
C001426__CREDITO_HIPOTECARIO,C001426,Crédito Hipotecario,Deuda,107589.20,False,False,False,,2032-05-30,Activo,2025-01-08,2026-02-15,2
C001426__CTA_AHORROS,C001426,Cuenta de Ahorros,Depósito,23832.56,False,False,True,,,Activo,2026-04-08,2026-04-08,1
C001426__TARJETA_CREDITO,C001426,Tarjeta de Crédito,Deuda,2217.80,False,False,False,7500.00,2027-01-18,Activo,2025-01-31,2026-06-30,10
C001427__CREDITO_HIPOTECARIO,C001427,Crédito Hipotecario,Deuda,69015.85,False,False,False,,2032-08-16,Activo,2025-08-21,2026-07-11,3
C001427__CTA_CORRIENTE,C001427,Cuenta Corriente,Depósito,3199.96,False,False,False,,,Activo,2025-08-02,2026-07-14,3
C001427__TARJETA_CREDITO,C001427,Tarjeta de Crédito,Deuda,430.49,False,False,False,900.00,2028-07-28,Activo,2025-01-02,2026-06-29,14
C001428__CREDITO_HIPOTECARIO,C001428,Crédito Hipotecario,Deuda,84629.58,False,False,False,,2029-08-05,Activo,2025-07-24,2025-12-20,2
C001428__CREDITO_CONSUMO,C001428,Crédito de Consumo,Deuda,12841.45,False,False,False,,2028-04-06,Activo,2026-04-08,2026-05-28,3
C001429__CREDITO_HIPOTECARIO,C001429,Crédito Hipotecario,Deuda,56245.12,False,False,False,,2030-09-20,Activo,2025-04-14,2025-12-07,2
C001429__CTA_AHORROS,C001429,Cuenta de Ahorros,Depósito,4467.62,False,False,False,,,Activo,2025-06-25,2026-07-11,2
C001429__TARJETA_CREDITO,C001429,Tarjeta de Crédito,Deuda,707.76,False,False,False,3500.00,2029-11-02,Activo,2025-07-19,2026-03-15,5
C001430__CREDITO_CONSUMO,C001430,Crédito de Consumo,Deuda,2882.78,False,False,False,,2029-10-28,Activo,2025-08-03,2025-08-03,1
C001430__CTA_AHORROS,C001430,Cuenta de Ahorros,Depósito,2260.59,False,False,False,,,Activo,2025-05-12,2026-03-25,4
C001430__TARJETA_CREDITO,C001430,Tarjeta de Crédito,Deuda,356.21,False,False,False,1900.00,2027-02-07,Activo,2025-02-18,2026-07-29,9
C001431__CREDITO_HIPOTECARIO,C001431,Crédito Hipotecario,Deuda,82619.15,False,False,False,,2029-09-02,Activo,2026-07-16,2026-07-16,1
C001431__CTA_AHORROS,C001431,Cuenta de Ahorros,Depósito,1756.42,False,False,False,,,Activo,2025-11-24,2025-11-24,1
C001432__CTA_AHORROS,C001432,Cuenta de Ahorros,Depósito,2300.62,False,False,False,,,Activo,2025-05-02,2025-09-08,2
C001432__TARJETA_CREDITO,C001432,Tarjeta de Crédito,Deuda,349.50,False,False,False,900.00,2030-07-15,Activo,2025-01-10,2026-07-13,7
C001433__CREDITO_VEHICULAR,C001433,Crédito Vehicular,Deuda,,True,False,False,,2027-10-22,Activo,2025-05-12,2025-05-12,1
C001433__CREDITO_CONSUMO,C001433,Crédito de Consumo,Deuda,4249.53,False,False,False,,2029-04-10,Activo,2025-10-17,2025-10-17,1
C001433__CTA_AHORROS,C001433,Cuenta de Ahorros,Depósito,1806.28,False,False,False,,,Activo,2025-04-30,2025-11-04,4
C001433__TARJETA_CREDITO,C001433,Tarjeta de Crédito,Deuda,490.18,False,False,False,1800.00,2029-11-05,Activo,2025-01-21,2026-08-02,8
C001434__CREDITO_VEHICULAR,C001434,Crédito Vehicular,Deuda,17501.73,False,False,False,,2029-01-12,Activo,2025-04-17,2025-04-17,1
C001434__CREDITO_CONSUMO,C001434,Crédito de Consumo,Deuda,3359.14,False,False,False,,2028-01-05,Activo,2025-07-16,2026-01-18,3
C001434__TARJETA_CREDITO,C001434,Tarjeta de Crédito,Deuda,0.00,False,False,False,1700.00,2030-09-27,Activo,2025-01-04,2026-08-27,14
C001435__CREDITO_HIPOTECARIO,C001435,Crédito Hipotecario,Deuda,54761.20,False,False,False,,2030-04-01,Activo,2026-08-27,2026-08-27,1
C001435__CTA_AHORROS,C001435,Cuenta de Ahorros,Depósito,1993.27,False,False,False,,,Activo,2025-06-15,2025-06-15,1
C001435__TARJETA_CREDITO,C001435,Tarjeta de Crédito,Deuda,266.50,False,False,False,600.00,2028-02-28,Activo,2025-03-26,2026-08-30,4
C001436__CREDITO_CONSUMO,C001436,Crédito de Consumo,Deuda,4811.03,False,False,False,,2027-06-12,Activo,2026-02-02,2026-08-26,2
C001436__CTA_CORRIENTE,C001436,Cuenta Corriente,Depósito,4377.67,False,False,False,,,Activo,2025-01-16,2026-04-02,4
C001437__CREDITO_CONSUMO,C001437,Crédito de Consumo,Deuda,5202.09,False,False,False,,2030-12-09,Activo,2026-08-07,2026-08-07,1
C001437__CTA_AHORROS,C001437,Cuenta de Ahorros,Depósito,-100.00,False,True,False,,,Activo,2025-02-05,2026-01-24,3
C001437__TARJETA_CREDITO,C001437,Tarjeta de Crédito,Deuda,565.68,False,False,False,1400.00,2029-07-11,Activo,2025-01-15,2026-07-27,13
C001438__CREDITO_VEHICULAR,C001438,Crédito Vehicular,Deuda,16405.76,False,False,False,,2031-01-21,Activo,2025-04-18,2025-04-18,1
C001438__CTA_AHORROS,C001438,Cuenta de Ahorros,Depósito,2208.35,False,False,False,,,Activo,2025-03-17,2025-10-05,4
C001438__TARJETA_CREDITO,C001438,Tarjeta de Crédito,Deuda,1109.00,False,False,False,2200.00,2030-07-26,Activo,2025-02-13,2026-05-19,13
C001439__CREDITO_CONSUMO,C001439,Crédito de Consumo,Deuda,2838.27,False,False,False,,2026-12-15,Activo,2025-04-27,2025-08-11,3
C001439__TARJETA_CREDITO,C001439,Tarjeta de Crédito,Deuda,1729.20,False,False,False,2600.00,2027-07-16,Activo,2025-04-08,2026-06-03,11
C001440__CREDITO_CONSUMO,C001440,Crédito de Consumo,Deuda,2797.97,False,False,False,,2029-12-10,Activo,2025-03-28,2026-01-02,2
C001440__CTA_CORRIENTE,C001440,Cuenta Corriente,Depósito,1593.01,False,False,False,,,Activo,2025-02-20,2026-06-17,4
C001440__TARJETA_CREDITO,C001440,Tarjeta de Crédito,Deuda,248.16,False,False,False,1100.00,2030-03-10,Activo,2025-05-28,2026-07-02,12
C001441__CREDITO_HIPOTECARIO,C001441,Crédito Hipotecario,Deuda,44406.70,False,False,False,,2026-11-21,Activo,2025-07-16,2026-03-31,2
C001441__TARJETA_CREDITO,C001441,Tarjeta de Crédito,Deuda,172.91,False,False,False,1200.00,2027-10-30,Activo,2025-05-16,2026-08-02,8
C001442__CREDITO_HIPOTECARIO,C001442,Crédito Hipotecario,Deuda,104116.51,False,False,False,,2029-07-05,Activo,2025-02-26,2025-02-26,1
C001442__TARJETA_CREDITO,C001442,Tarjeta de Crédito,Deuda,37.57,False,False,False,2000.00,2029-06-01,Activo,2025-05-28,2026-05-11,5
C001443__CREDITO_CONSUMO,C001443,Crédito de Consumo,Deuda,5482.32,False,False,False,,2028-03-28,Activo,2025-02-06,2025-11-18,3
C001443__TARJETA_CREDITO,C001443,Tarjeta de Crédito,Deuda,711.87,False,False,False,1800.00,2029-04-29,Activo,2025-04-13,2026-06-07,5
C001444__CREDITO_VEHICULAR,C001444,Crédito Vehicular,Deuda,12357.17,False,False,False,,2030-04-22,Activo,2025-07-17,2026-08-12,3
C001444__CREDITO_CONSUMO,C001444,Crédito de Consumo,Deuda,2818.50,False,False,False,,2028-03-23,Activo,2025-08-02,2025-08-02,1
C001444__TARJETA_CREDITO,C001444,Tarjeta de Crédito,Deuda,335.03,False,False,False,1000.00,2030-02-19,Activo,2025-06-29,2026-07-16,7
C001445__CREDITO_CONSUMO,C001445,Crédito de Consumo,Deuda,5618.52,False,False,False,,2029-02-08,Activo,2025-09-09,2025-09-09,1
C001445__TARJETA_CREDITO,C001445,Tarjeta de Crédito,Deuda,837.14,False,False,False,2500.00,2026-11-15,Activo,2025-04-07,2026-07-18,14
C001446__CREDITO_VEHICULAR,C001446,Crédito Vehicular,Deuda,14258.86,False,False,False,,2029-04-08,Activo,2025-05-24,2025-05-24,1
C001446__CREDITO_CONSUMO,C001446,Crédito de Consumo,Deuda,11065.95,False,False,False,,2032-06-22,Activo,2026-01-01,2026-01-01,1
C001446__TARJETA_CREDITO,C001446,Tarjeta de Crédito,Deuda,2782.05,False,False,False,10200.00,2027-03-13,Activo,2025-03-22,2026-08-12,13
C001447__CREDITO_CONSUMO,C001447,Crédito de Consumo,Deuda,5568.95,False,False,False,,2028-10-26,Activo,2025-04-12,2026-07-03,2
C001447__CTA_AHORROS,C001447,Cuenta de Ahorros,Depósito,891.03,False,False,False,,,Activo,2025-02-26,2026-03-22,4
C001448__CREDITO_HIPOTECARIO,C001448,Crédito Hipotecario,Deuda,88058.64,False,False,False,,2029-07-11,Activo,2026-08-16,2026-08-16,1
C001448__CREDITO_CONSUMO,C001448,Crédito de Consumo,Deuda,15504.45,False,False,False,,2030-01-30,Activo,2025-01-26,2025-01-26,1
C001448__TARJETA_CREDITO,C001448,Tarjeta de Crédito,Deuda,1041.51,False,False,False,2300.00,2028-03-23,Activo,2025-03-11,2026-08-12,8
C001449__CREDITO_CONSUMO,C001449,Crédito de Consumo,Deuda,809.72,False,False,False,,2029-09-07,Activo,2026-04-19,2026-04-19,1
C001449__CTA_CORRIENTE,C001449,Cuenta Corriente,Depósito,461.22,False,False,False,,,Activo,2025-07-26,2026-06-25,4
C001449__TARJETA_CREDITO,C001449,Tarjeta de Crédito,Deuda,376.88,False,False,False,1900.00,2026-12-31,Activo,2025-02-01,2026-03-02,7
C001450__CTA_CORRIENTE,C001450,Cuenta Corriente,Depósito,6571.82,False,False,False,,,Activo,2025-07-02,2026-03-29,2
C001450__CTA_AHORROS,C001450,Cuenta de Ahorros,Depósito,262.28,False,False,False,,,Activo,2025-11-26,2026-04-29,2
C001450__TARJETA_CREDITO,C001450,Tarjeta de Crédito,Deuda,3502.54,False,False,True,4900.00,2030-09-01,Activo,2025-01-11,2026-08-15,13
C001451__CTA_CORRIENTE,C001451,Cuenta Corriente,Depósito,2572.35,False,False,False,,,Activo,2025-02-11,2026-06-23,4
C001451__TARJETA_CREDITO,C001451,Tarjeta de Crédito,Deuda,778.80,False,False,False,2200.00,2026-11-13,Activo,2025-01-24,2026-07-25,7
C001452__CREDITO_VEHICULAR,C001452,Crédito Vehicular,Deuda,20020.07,False,False,False,,2029-10-11,Activo,2026-05-08,2026-05-19,2
C001452__TARJETA_CREDITO,C001452,Tarjeta de Crédito,Deuda,411.64,False,False,False,1300.00,2027-01-08,Activo,2025-01-03,2026-08-09,12
C001453__CTA_CORRIENTE,C001453,Cuenta Corriente,Depósito,4721.35,False,False,False,,,Activo,2025-09-27,2026-05-13,4
C001453__TARJETA_CREDITO,C001453,Tarjeta de Crédito,Deuda,299.42,False,False,False,2600.00,2028-01-01,Activo,2025-04-20,2026-03-20,8
C001454__CREDITO_CONSUMO,C001454,Crédito de Consumo,Deuda,6810.38,False,False,False,,2031-06-19,Activo,2025-03-28,2026-04-18,2
C001454__CTA_CORRIENTE,C001454,Cuenta Corriente,Depósito,3256.51,False,False,False,,,Activo,2025-08-03,2026-03-24,3
C001454__TARJETA_CREDITO,C001454,Tarjeta de Crédito,Deuda,623.68,False,False,False,3400.00,2026-10-17,Activo,2025-02-12,2026-05-13,9
C001455__CREDITO_HIPOTECARIO,C001455,Crédito Hipotecario,Deuda,56681.03,False,False,False,,2026-10-11,Activo,2025-09-18,2026-02-14,3
C001455__TARJETA_CREDITO,C001455,Tarjeta de Crédito,Deuda,209.88,False,False,False,1700.00,2028-11-04,Activo,2025-01-01,2026-07-28,12
C001456__CREDITO_HIPOTECARIO,C001456,Crédito Hipotecario,Deuda,77467.17,False,False,False,,2030-05-29,Activo,2025-08-09,2025-08-09,1
C001456__TARJETA_CREDITO,C001456,Tarjeta de Crédito,Deuda,1112.05,False,False,False,3000.00,2028-03-23,Activo,2025-04-29,2026-07-12,14
C001457__CREDITO_HIPOTECARIO,C001457,Crédito Hipotecario,Deuda,53014.49,False,False,False,,2030-02-02,Activo,2025-08-24,2025-11-26,2
C001457__CREDITO_CONSUMO,C001457,Crédito de Consumo,Deuda,4415.50,False,False,False,,2030-05-24,Activo,2025-04-14,2026-01-02,2
C001457__TARJETA_CREDITO,C001457,Tarjeta de Crédito,Deuda,0.00,False,False,False,1300.00,2029-05-10,Activo,2025-05-20,2026-05-13,14
C001458__CREDITO_CONSUMO,C001458,Crédito de Consumo,Deuda,2585.05,False,False,False,,2030-10-11,Activo,2025-07-02,2026-08-18,3
C001459__CREDITO_CONSUMO,C001459,Crédito de Consumo,Deuda,6100.58,False,False,False,,2026-10-24,Activo,2026-08-30,2026-08-30,1
C001459__CTA_CORRIENTE,C001459,Cuenta Corriente,Depósito,1502.67,False,False,False,,,Activo,2025-01-24,2026-01-19,2
C001459__CTA_AHORROS,C001459,Cuenta de Ahorros,Depósito,2057.05,False,False,False,,,Activo,2025-05-28,2026-06-30,4
C001459__TARJETA_CREDITO,C001459,Tarjeta de Crédito,Deuda,345.66,False,False,False,1200.00,2027-02-07,Activo,2025-02-03,2026-08-23,6
C001460__CTA_CORRIENTE,C001460,Cuenta Corriente,Depósito,6366.72,False,False,False,,,Activo,2025-03-25,2026-01-10,4
C001460__TARJETA_CREDITO,C001460,Tarjeta de Crédito,Deuda,1348.42,False,False,False,6800.00,2030-01-30,Activo,2025-01-06,2026-05-28,7
C001461__CREDITO_HIPOTECARIO,C001461,Crédito Hipotecario,Deuda,101055.40,False,False,False,,2028-05-05,Activo,2026-03-23,2026-03-23,1
C001461__TARJETA_CREDITO,C001461,Tarjeta de Crédito,Deuda,0.00,False,False,False,1900.00,2030-04-20,Activo,2025-02-17,2026-05-31,12
C001462__TARJETA_CREDITO,C001462,Tarjeta de Crédito,Deuda,366.94,False,False,False,1000.00,2029-03-12,Activo,2025-03-23,2026-08-11,9
C001463__CREDITO_CONSUMO,C001463,Crédito de Consumo,Deuda,2724.85,False,False,False,,2031-08-08,Activo,2025-07-09,2025-12-12,3
C001463__CTA_AHORROS,C001463,Cuenta de Ahorros,Depósito,3831.22,False,False,False,,,Activo,2025-08-03,2026-04-01,2
C001463__TARJETA_CREDITO,C001463,Tarjeta de Crédito,Deuda,723.74,False,False,False,2300.00,2028-02-13,Activo,2025-02-27,2026-05-26,6
C001464__CREDITO_VEHICULAR,C001464,Crédito Vehicular,Deuda,13342.94,False,False,False,,2031-10-28,Activo,2025-09-22,2026-08-24,3
C001465__CREDITO_CONSUMO,C001465,Crédito de Consumo,Deuda,26297.08,False,False,False,,2030-01-03,Activo,2025-12-01,2025-12-01,1
C001465__CTA_CORRIENTE,C001465,Cuenta Corriente,Depósito,25831.01,False,False,True,,,Activo,2025-06-11,2025-06-11,1
C001465__TARJETA_CREDITO,C001465,Tarjeta de Crédito,Deuda,5206.64,False,False,True,14100.00,2026-09-21,Activo,2025-02-08,2026-08-04,14
C001466__CREDITO_VEHICULAR,C001466,Crédito Vehicular,Deuda,15347.46,False,False,False,,2030-12-19,Activo,2025-12-15,2025-12-15,1
C001466__CTA_AHORROS,C001466,Cuenta de Ahorros,Depósito,-100.00,False,True,False,,,Activo,2025-05-16,2026-03-08,3
C001467__CREDITO_VEHICULAR,C001467,Crédito Vehicular,Deuda,12604.81,False,False,False,,2028-06-27,Activo,2026-01-13,2026-01-17,2
C001467__CTA_AHORROS,C001467,Cuenta de Ahorros,Depósito,376.85,False,False,False,,,Activo,2025-04-07,2025-05-19,2
C001467__TARJETA_CREDITO,C001467,Tarjeta de Crédito,Deuda,754.56,False,False,False,3400.00,2030-06-22,Activo,2025-09-25,2026-08-19,8
C001468__CREDITO_HIPOTECARIO,C001468,Crédito Hipotecario,Deuda,53857.90,False,False,False,,2031-04-12,Activo,2025-04-23,2025-07-26,2
C001469__CREDITO_CONSUMO,C001469,Crédito de Consumo,Deuda,4760.50,False,False,False,,2027-10-07,Activo,2025-08-16,2025-08-16,1
C001469__CTA_AHORROS,C001469,Cuenta de Ahorros,Depósito,2389.78,False,False,False,,,Activo,2025-01-13,2026-06-30,3
C001469__TARJETA_CREDITO,C001469,Tarjeta de Crédito,Deuda,76.55,False,False,False,1600.00,2028-09-22,Activo,2025-05-04,2026-03-21,5
C001470__CREDITO_CONSUMO,C001470,Crédito de Consumo,Deuda,8698.36,False,False,False,,2027-07-16,Activo,2025-06-05,2026-05-16,2
C001470__CTA_CORRIENTE,C001470,Cuenta Corriente,Depósito,4993.94,False,False,False,,,Activo,2025-01-11,2025-01-11,1
C001470__CTA_AHORROS,C001470,Cuenta de Ahorros,Depósito,4781.87,False,False,False,,,Activo,2025-03-29,2026-06-12,2
C001470__TARJETA_CREDITO,C001470,Tarjeta de Crédito,Deuda,1191.12,False,False,False,4400.00,2027-10-05,Activo,2025-02-06,2026-06-08,13
C001471__CREDITO_CONSUMO,C001471,Crédito de Consumo,Deuda,4825.75,False,False,False,,2028-11-29,Activo,2025-12-29,2025-12-29,1
C001471__TARJETA_CREDITO,C001471,Tarjeta de Crédito,Deuda,331.19,False,False,False,1100.00,2027-05-08,Activo,2025-01-10,2025-12-26,6
C001472__CREDITO_HIPOTECARIO,C001472,Crédito Hipotecario,Deuda,56421.82,False,False,False,,2030-10-30,Activo,2025-02-25,2025-05-12,2
C001472__CREDITO_VEHICULAR,C001472,Crédito Vehicular,Deuda,10361.15,False,False,False,,2028-09-16,Activo,2025-05-27,2025-05-27,1
C001472__CTA_CORRIENTE,C001472,Cuenta Corriente,Depósito,6808.94,False,False,False,,,Activo,2025-02-24,2025-10-09,3
C001472__TARJETA_CREDITO,C001472,Tarjeta de Crédito,Deuda,5386.45,False,False,True,8900.00,2030-07-17,Activo,2025-01-01,2026-07-27,11
C001473__CTA_CORRIENTE,C001473,Cuenta Corriente,Depósito,2176.89,False,False,False,,,Activo,2025-03-04,2025-06-05,2
C001473__TARJETA_CREDITO,C001473,Tarjeta de Crédito,Deuda,277.53,False,False,False,2700.00,2027-05-17,Activo,2025-03-22,2026-04-28,6
C001474__CREDITO_HIPOTECARIO,C001474,Crédito Hipotecario,Deuda,102759.60,False,False,False,,2029-10-15,Activo,2026-07-04,2026-07-04,1
C001474__TARJETA_CREDITO,C001474,Tarjeta de Crédito,Deuda,419.59,False,False,False,2600.00,2027-12-05,Activo,2025-05-06,2026-07-24,11
C001475__CREDITO_HIPOTECARIO,C001475,Crédito Hipotecario,Deuda,133636.95,False,False,False,,2032-09-04,Activo,2025-01-21,2025-07-13,2
C001475__TARJETA_CREDITO,C001475,Tarjeta de Crédito,Deuda,555.56,False,False,False,3100.00,2028-01-10,Activo,2025-01-02,2026-06-08,9
C001476__CTA_AHORROS,C001476,Cuenta de Ahorros,Depósito,12886.12,False,False,True,,,Activo,2025-09-16,2026-08-22,3
C001477__CREDITO_CONSUMO,C001477,Crédito de Consumo,Deuda,16875.26,False,False,False,,2030-04-01,Activo,2025-05-22,2025-05-22,1
C001477__TARJETA_CREDITO,C001477,Tarjeta de Crédito,Deuda,1708.28,False,False,False,2000.00,2030-09-11,Activo,2025-04-08,2026-07-08,7
C001478__CREDITO_VEHICULAR,C001478,Crédito Vehicular,Deuda,15546.01,False,False,False,,2029-09-09,Activo,2025-04-19,2026-06-15,3
C001478__CTA_CORRIENTE,C001478,Cuenta Corriente,Depósito,7618.20,False,False,False,,,Activo,2025-04-05,2026-06-26,2
C001478__TARJETA_CREDITO,C001478,Tarjeta de Crédito,Deuda,1726.96,False,False,False,4900.00,2027-02-15,Activo,2025-01-07,2026-07-01,14
C001479__CTA_CORRIENTE,C001479,Cuenta Corriente,Depósito,1556.78,False,False,False,,,Activo,2025-03-08,2025-11-21,4
C001479__TARJETA_CREDITO,C001479,Tarjeta de Crédito,Deuda,432.30,False,False,False,1400.00,2030-03-31,Activo,2025-01-01,2026-04-26,10
C001480__CREDITO_HIPOTECARIO,C001480,Crédito Hipotecario,Deuda,88337.17,False,False,False,,2031-03-07,Activo,2025-02-02,2026-02-21,3
C001480__CTA_CORRIENTE,C001480,Cuenta Corriente,Depósito,13251.66,False,False,False,,,Activo,2025-06-17,2026-08-10,4
C001480__CTA_AHORROS,C001480,Cuenta de Ahorros,Depósito,15411.94,False,False,True,,,Activo,2025-01-08,2026-03-20,4
C001480__TARJETA_CREDITO,C001480,Tarjeta de Crédito,Deuda,1861.67,False,False,False,7500.00,2028-08-07,Activo,2025-01-29,2026-08-17,9
C001481__CREDITO_HIPOTECARIO,C001481,Crédito Hipotecario,Deuda,57697.31,False,False,False,,2031-12-09,Activo,2025-06-25,2026-03-13,2
C001481__TARJETA_CREDITO,C001481,Tarjeta de Crédito,Deuda,845.12,False,False,False,2800.00,2026-09-30,Activo,2025-07-11,2026-04-15,4
C001482__CREDITO_CONSUMO,C001482,Crédito de Consumo,Deuda,5105.71,False,False,False,,2029-01-04,Activo,2026-08-12,2026-08-12,1
C001483__CTA_AHORROS,C001483,Cuenta de Ahorros,Depósito,5574.14,False,False,False,,,Activo,2026-05-02,2026-07-18,2
C001483__TARJETA_CREDITO,C001483,Tarjeta de Crédito,Deuda,918.98,False,False,False,4100.00,2030-02-26,Activo,2025-02-05,2026-04-19,4
C001484__CREDITO_HIPOTECARIO,C001484,Crédito Hipotecario,Deuda,7962.29,False,False,False,,2028-12-19,Activo,2025-05-13,2025-05-13,1
C001484__CREDITO_VEHICULAR,C001484,Crédito Vehicular,Deuda,20968.91,False,False,False,,2032-01-14,Activo,2025-03-23,2025-03-23,1
C001484__TARJETA_CREDITO,C001484,Tarjeta de Crédito,Deuda,1020.44,False,False,False,4400.00,2027-04-28,Activo,2025-01-09,2026-08-29,8
C001485__CREDITO_CONSUMO,C001485,Crédito de Consumo,Deuda,2455.23,False,False,False,,2032-08-04,Activo,2025-01-20,2025-04-29,2
C001486__CREDITO_HIPOTECARIO,C001486,Crédito Hipotecario,Deuda,78939.01,False,False,False,,2028-07-25,Activo,2025-03-16,2026-08-11,3
C001486__CTA_AHORROS,C001486,Cuenta de Ahorros,Depósito,1466.73,False,False,False,,,Activo,2025-06-22,2025-07-05,2
C001487__CREDITO_HIPOTECARIO,C001487,Crédito Hipotecario,Deuda,41909.49,False,False,False,,2028-04-01,Activo,2025-08-29,2025-08-29,1
C001487__CTA_AHORROS,C001487,Cuenta de Ahorros,Depósito,5793.88,False,False,False,,,Activo,2025-07-17,2025-08-18,2
C001488__CREDITO_CONSUMO,C001488,Crédito de Consumo,Deuda,3745.56,False,False,False,,2029-11-02,Activo,2026-08-09,2026-08-09,1
C001488__TARJETA_CREDITO,C001488,Tarjeta de Crédito,Deuda,381.21,False,False,False,1200.00,2029-11-28,Activo,2025-06-06,2026-08-17,7
C001489__CREDITO_CONSUMO,C001489,Crédito de Consumo,Deuda,8643.73,False,False,False,,2027-09-30,Activo,2025-08-18,2025-08-29,3
C001489__CTA_AHORROS,C001489,Cuenta de Ahorros,Depósito,291.33,False,False,False,,,Activo,2025-05-04,2026-03-11,2
C001489__TARJETA_CREDITO,C001489,Tarjeta de Crédito,Deuda,1046.34,False,False,False,5300.00,2030-07-22,Activo,2025-03-17,2026-07-16,6
C001490__TARJETA_CREDITO,C001490,Tarjeta de Crédito,Deuda,351.89,False,False,False,3000.00,2030-10-09,Activo,2025-01-29,2026-08-21,13
C001491__CREDITO_HIPOTECARIO,C001491,Crédito Hipotecario,Deuda,87776.69,False,False,False,,2031-09-16,Activo,2025-10-04,2025-10-04,1
C001491__CREDITO_VEHICULAR,C001491,Crédito Vehicular,Deuda,17353.63,False,False,False,,2032-07-26,Activo,2025-03-15,2025-03-15,1
C001491__CREDITO_CONSUMO,C001491,Crédito de Consumo,Deuda,8906.85,False,False,False,,2031-07-07,Activo,2025-10-30,2025-10-30,1
C001491__TARJETA_CREDITO,C001491,Tarjeta de Crédito,Deuda,1829.32,False,False,False,5200.00,2028-01-12,Activo,2025-04-18,2026-06-04,13
C001492__CREDITO_HIPOTECARIO,C001492,Crédito Hipotecario,Deuda,74985.89,False,False,False,,2030-12-15,Activo,2025-06-08,2025-08-12,2
C001492__CREDITO_VEHICULAR,C001492,Crédito Vehicular,Deuda,12872.60,False,False,False,,2031-01-19,Activo,2026-05-26,2026-05-26,1
C001492__CTA_AHORROS,C001492,Cuenta de Ahorros,Depósito,1945.12,False,False,False,,,Activo,2025-02-21,2026-02-17,2
C001492__TARJETA_CREDITO,C001492,Tarjeta de Crédito,Deuda,662.97,False,False,False,1800.00,2030-05-09,Activo,2025-03-29,2026-05-24,8
C001493__CTA_CORRIENTE,C001493,Cuenta Corriente,Depósito,2242.82,False,False,False,,,Activo,2025-05-29,2026-05-30,4
C001494__CREDITO_VEHICULAR,C001494,Crédito Vehicular,Deuda,14795.64,False,False,False,,2028-03-25,Activo,2025-06-16,2025-09-20,3
C001494__CREDITO_CONSUMO,C001494,Crédito de Consumo,Deuda,3406.72,False,False,False,,2028-07-08,Activo,2026-01-24,2026-01-24,1
C001494__CTA_CORRIENTE,C001494,Cuenta Corriente,Depósito,1800.86,False,False,False,,,Activo,2025-06-03,2026-04-07,4
C001495__CREDITO_CONSUMO,C001495,Crédito de Consumo,Deuda,5796.98,False,False,False,,2030-12-12,Activo,2026-02-24,2026-02-24,1
C001495__CTA_AHORROS,C001495,Cuenta de Ahorros,Depósito,1414.55,False,False,False,,,Activo,2025-07-02,2026-07-15,4
C001495__TARJETA_CREDITO,C001495,Tarjeta de Crédito,Deuda,1146.09,False,False,False,2200.00,2027-09-19,Activo,2025-01-17,2026-02-28,4
C001496__CREDITO_CONSUMO,C001496,Crédito de Consumo,Deuda,3551.18,False,False,False,,2031-03-31,Activo,2025-04-27,2026-05-12,3
C001496__TARJETA_CREDITO,C001496,Tarjeta de Crédito,Deuda,135.37,False,False,False,900.00,2026-10-16,Activo,2025-05-06,2026-07-20,4
C001497__CREDITO_HIPOTECARIO,C001497,Crédito Hipotecario,Deuda,77440.93,False,False,False,,2027-06-11,Activo,2025-03-05,2025-08-17,2
C001497__TARJETA_CREDITO,C001497,Tarjeta de Crédito,Deuda,951.39,False,False,False,1200.00,2027-01-24,Activo,2025-01-29,2026-05-30,8
C001498__CREDITO_HIPOTECARIO,C001498,Crédito Hipotecario,Deuda,73058.94,False,False,False,,2028-11-09,Activo,2026-01-17,2026-05-20,3
C001498__CREDITO_VEHICULAR,C001498,Crédito Vehicular,Deuda,25543.33,False,False,False,,2029-08-30,Activo,2026-04-10,2026-04-10,1
C001498__TARJETA_CREDITO,C001498,Tarjeta de Crédito,Deuda,353.09,False,False,False,1900.00,2028-04-30,Activo,2025-03-24,2026-06-22,5
C001499__CREDITO_HIPOTECARIO,C001499,Crédito Hipotecario,Deuda,59559.84,False,False,False,,2027-04-03,Activo,2025-12-06,2026-07-20,3
C001499__CREDITO_VEHICULAR,C001499,Crédito Vehicular,Deuda,25570.99,False,False,False,,2030-08-16,Activo,2025-11-21,2025-12-18,2
C001499__CTA_AHORROS,C001499,Cuenta de Ahorros,Depósito,5902.92,False,False,False,,,Activo,2025-09-08,2025-09-08,1
C001499__TARJETA_CREDITO,C001499,Tarjeta de Crédito,Deuda,3609.52,False,False,True,8600.00,2029-03-22,Activo,2025-02-24,2026-05-29,10
C001500__CREDITO_VEHICULAR,C001500,Crédito Vehicular,Deuda,15035.84,False,False,False,,2032-05-07,Activo,2025-02-21,2025-06-27,2
C001500__TARJETA_CREDITO,C001500,Tarjeta de Crédito,Deuda,2459.30,False,False,False,6700.00,2029-10-25,Activo,2025-01-26,2026-06-01,8
C001501__CREDITO_HIPOTECARIO,C001501,Crédito Hipotecario,Deuda,80452.75,False,False,False,,2028-12-12,Activo,2025-05-02,2026-06-15,3
C001501__TARJETA_CREDITO,C001501,Tarjeta de Crédito,Deuda,411.21,False,False,False,1000.00,2029-04-11,Activo,2025-02-06,2026-04-13,5
C001502__CREDITO_CONSUMO,C001502,Crédito de Consumo,Deuda,3837.61,False,False,False,,2032-02-10,Activo,2025-04-26,2026-02-22,2
C001502__CTA_AHORROS,C001502,Cuenta de Ahorros,Depósito,1154.27,False,False,False,,,Activo,2025-07-01,2025-12-21,2
C001502__TARJETA_CREDITO,C001502,Tarjeta de Crédito,Deuda,1635.38,False,False,False,2800.00,2030-01-20,Activo,2025-03-20,2026-02-26,4
C001503__CTA_CORRIENTE,C001503,Cuenta Corriente,Depósito,4414.07,False,False,False,,,Activo,2025-06-14,2025-06-14,1
C001503__CTA_AHORROS,C001503,Cuenta de Ahorros,Depósito,4821.86,False,False,False,,,Activo,2025-04-23,2026-03-23,3
C001504__CREDITO_HIPOTECARIO,C001504,Crédito Hipotecario,Deuda,43408.28,False,False,False,,2029-06-20,Activo,2025-04-20,2025-04-20,1
C001504__CREDITO_VEHICULAR,C001504,Crédito Vehicular,Deuda,7928.33,False,False,False,,2028-06-25,Activo,2025-01-06,2026-02-08,3
C001505__CREDITO_VEHICULAR,C001505,Crédito Vehicular,Deuda,23006.36,False,False,False,,2028-10-30,Activo,2025-02-03,2025-02-03,1
C001505__CTA_AHORROS,C001505,Cuenta de Ahorros,Depósito,1139.31,False,False,False,,,Activo,2025-03-19,2026-07-05,4
C001505__TARJETA_CREDITO,C001505,Tarjeta de Crédito,Deuda,293.32,False,False,False,3500.00,2027-03-02,Activo,2025-01-31,2026-05-25,6
C001506__CREDITO_VEHICULAR,C001506,Crédito Vehicular,Deuda,18850.35,False,False,False,,2030-10-21,Activo,2025-01-14,2026-05-24,3
C001507__CREDITO_HIPOTECARIO,C001507,Crédito Hipotecario,Deuda,49255.78,False,False,False,,2026-12-15,Activo,2025-06-09,2025-06-09,1
C001507__CTA_CORRIENTE,C001507,Cuenta Corriente,Depósito,1108.13,False,False,False,,,Activo,2025-07-06,2026-01-25,3
C001507__CTA_AHORROS,C001507,Cuenta de Ahorros,Depósito,3578.33,False,False,False,,,Activo,2025-01-27,2026-07-30,3
C001507__TARJETA_CREDITO,C001507,Tarjeta de Crédito,Deuda,1319.75,False,False,False,3800.00,2029-02-12,Activo,2025-01-06,2026-08-28,13
C001508__CTA_AHORROS,C001508,Cuenta de Ahorros,Depósito,2464.35,False,False,False,,,Activo,2026-01-25,2026-01-25,1
C001509__CREDITO_VEHICULAR,C001509,Crédito Vehicular,Deuda,23111.26,False,False,False,,2030-12-09,Activo,2026-03-10,2026-04-12,2
C001509__TARJETA_CREDITO,C001509,Tarjeta de Crédito,Deuda,378.61,False,False,False,800.00,2030-09-01,Activo,2025-01-05,2026-01-10,5
C001510__TARJETA_CREDITO,C001510,Tarjeta de Crédito,Deuda,596.54,False,False,False,1300.00,2029-12-01,Activo,2025-01-17,2026-05-24,7
C001511__CREDITO_HIPOTECARIO,C001511,Crédito Hipotecario,Deuda,54731.68,False,False,False,,2028-12-23,Activo,2026-04-15,2026-04-15,1
C001511__CREDITO_VEHICULAR,C001511,Crédito Vehicular,Deuda,21754.48,False,False,False,,2029-12-09,Activo,2025-08-17,2025-08-17,1
C001511__CTA_AHORROS,C001511,Cuenta de Ahorros,Depósito,323.78,False,False,False,,,Activo,2025-04-21,2026-03-02,3
C001511__TARJETA_CREDITO,C001511,Tarjeta de Crédito,Deuda,709.54,False,False,False,1500.00,2030-09-24,Activo,2025-03-18,2026-08-01,11
C001512__CTA_AHORROS,C001512,Cuenta de Ahorros,Depósito,6578.72,False,False,False,,,Activo,2025-07-03,2026-06-26,3
C001512__TARJETA_CREDITO,C001512,Tarjeta de Crédito,Deuda,3225.35,False,False,False,5700.00,2030-04-13,Activo,2025-03-08,2026-08-01,13
C001513__CTA_AHORROS,C001513,Cuenta de Ahorros,Depósito,1805.36,False,False,False,,,Activo,2025-07-18,2026-07-07,4
C001513__TARJETA_CREDITO,C001513,Tarjeta de Crédito,Deuda,536.96,False,False,False,2300.00,2027-09-21,Activo,2025-03-31,2026-04-26,4
C001514__CTA_CORRIENTE,C001514,Cuenta Corriente,Depósito,28445.73,False,False,True,,,Activo,2025-09-10,2025-09-10,1
C001514__TARJETA_CREDITO,C001514,Tarjeta de Crédito,Deuda,6153.20,False,False,True,10600.00,2029-03-26,Activo,2025-01-12,2026-02-06,5
C001515__CREDITO_CONSUMO,C001515,Crédito de Consumo,Deuda,2528.68,False,False,False,,2029-06-21,Activo,2025-04-05,2026-08-30,3
C001515__TARJETA_CREDITO,C001515,Tarjeta de Crédito,Deuda,689.27,False,False,False,1200.00,2029-03-16,Activo,2025-01-28,2026-06-12,11
C001516__CTA_AHORROS,C001516,Cuenta de Ahorros,Depósito,1014.67,False,False,False,,,Activo,2025-03-29,2025-10-16,3
C001516__TARJETA_CREDITO,C001516,Tarjeta de Crédito,Deuda,510.81,False,False,False,1700.00,2028-12-09,Activo,2025-01-11,2026-04-29,14
C001517__CREDITO_HIPOTECARIO,C001517,Crédito Hipotecario,Deuda,44414.11,False,False,False,,2028-06-27,Activo,2025-03-17,2025-03-17,1
C001517__CREDITO_VEHICULAR,C001517,Crédito Vehicular,Deuda,11590.73,False,False,False,,2029-11-30,Activo,2025-12-28,2026-06-16,3
C001518__CREDITO_CONSUMO,C001518,Crédito de Consumo,Deuda,5598.22,False,False,False,,2027-06-03,Activo,2025-11-10,2026-06-24,3
C001519__CTA_CORRIENTE,C001519,Cuenta Corriente,Depósito,2783.17,False,False,False,,,Activo,2025-03-24,2025-03-24,1
C001519__TARJETA_CREDITO,C001519,Tarjeta de Crédito,Deuda,692.35,False,False,False,2200.00,2029-10-19,Activo,2025-04-18,2026-07-07,7
C001520__CTA_AHORROS,C001520,Cuenta de Ahorros,Depósito,-100.00,False,True,False,,,Activo,2025-02-07,2026-02-07,4
C001521__CREDITO_CONSUMO,C001521,Crédito de Consumo,Deuda,5392.27,False,False,False,,2030-06-30,Activo,2025-04-12,2026-01-15,2
C001521__CTA_AHORROS,C001521,Cuenta de Ahorros,Depósito,1608.65,False,False,False,,,Activo,2025-05-17,2026-07-09,3
C001521__TARJETA_CREDITO,C001521,Tarjeta de Crédito,Deuda,188.69,False,False,False,1000.00,2028-12-10,Activo,2025-07-14,2026-05-18,5
C001522__CREDITO_CONSUMO,C001522,Crédito de Consumo,Deuda,14851.49,False,False,False,,2029-01-07,Activo,2025-04-05,2026-08-24,3
C001522__TARJETA_CREDITO,C001522,Tarjeta de Crédito,Deuda,1576.86,False,False,False,4500.00,2026-12-21,Activo,2025-02-10,2026-08-22,7
C001523__CREDITO_HIPOTECARIO,C001523,Crédito Hipotecario,Deuda,101462.46,False,False,False,,2028-10-18,Activo,2025-12-09,2026-08-22,3
C001523__CTA_CORRIENTE,C001523,Cuenta Corriente,Depósito,831.30,False,False,False,,,Activo,2025-03-16,2025-10-19,4
C001524__CREDITO_CONSUMO,C001524,Crédito de Consumo,Deuda,2173.31,False,False,False,,2028-05-11,Activo,2025-05-31,2026-05-29,3
C001524__CTA_AHORROS,C001524,Cuenta de Ahorros,Depósito,594.19,False,False,False,,,Activo,2025-01-16,2025-08-04,2
C001524__TARJETA_CREDITO,C001524,Tarjeta de Crédito,Deuda,244.53,False,False,False,1100.00,2028-06-21,Activo,2025-05-25,2025-07-21,5
C001525__CTA_CORRIENTE,C001525,Cuenta Corriente,Depósito,5903.49,False,False,False,,,Activo,2025-07-30,2026-07-07,4
C001525__CTA_AHORROS,C001525,Cuenta de Ahorros,Depósito,4219.99,False,False,False,,,Activo,2025-02-28,2025-06-21,2
C001525__TARJETA_CREDITO,C001525,Tarjeta de Crédito,Deuda,1736.00,False,False,False,2900.00,2030-07-18,Activo,2025-04-28,2026-06-28,7
C001526__CREDITO_HIPOTECARIO,C001526,Crédito Hipotecario,Deuda,85094.70,False,False,False,,2031-11-21,Activo,2025-02-19,2025-02-19,1
C001526__TARJETA_CREDITO,C001526,Tarjeta de Crédito,Deuda,560.67,False,False,False,1600.00,2030-06-07,Activo,2025-01-10,2026-08-24,12
C001527__CREDITO_VEHICULAR,C001527,Crédito Vehicular,Deuda,17823.45,False,False,False,,2028-04-21,Activo,2025-02-07,2025-02-07,1
C001527__TARJETA_CREDITO,C001527,Tarjeta de Crédito,Deuda,415.04,False,False,False,1500.00,2028-08-11,Activo,2025-04-22,2026-08-17,12
C001528__CREDITO_HIPOTECARIO,C001528,Crédito Hipotecario,Deuda,71292.70,False,False,False,,2030-03-13,Activo,2026-07-30,2026-08-24,3
C001528__CREDITO_CONSUMO,C001528,Crédito de Consumo,Deuda,6315.68,False,False,False,,2027-03-01,Activo,2026-06-20,2026-06-20,1
C001528__CTA_AHORROS,C001528,Cuenta de Ahorros,Depósito,1618.56,False,False,False,,,Activo,2026-02-13,2026-02-13,1
C001529__CTA_CORRIENTE,C001529,Cuenta Corriente,Depósito,1741.32,False,False,False,,,Activo,2025-04-13,2025-10-13,2
C001530__CTA_CORRIENTE,C001530,Cuenta Corriente,Depósito,4223.09,False,False,False,,,Activo,2025-04-05,2026-06-16,4
C001530__TARJETA_CREDITO,C001530,Tarjeta de Crédito,Deuda,412.99,False,False,False,1800.00,2028-05-18,Activo,2025-03-10,2026-08-11,11
C001531__CREDITO_VEHICULAR,C001531,Crédito Vehicular,Deuda,13861.43,False,False,False,,2031-07-09,Activo,2025-08-20,2026-02-17,3
C001531__TARJETA_CREDITO,C001531,Tarjeta de Crédito,Deuda,5720.24,False,False,True,8200.00,2030-03-28,Activo,2025-01-13,2026-08-26,10
C001532__CREDITO_VEHICULAR,C001532,Crédito Vehicular,Deuda,15887.96,False,False,False,,2027-03-05,Activo,2026-03-03,2026-03-03,1
C001532__CREDITO_CONSUMO,C001532,Crédito de Consumo,Deuda,1190.16,False,False,False,,2027-07-21,Activo,2025-09-29,2026-04-28,3
C001532__TARJETA_CREDITO,C001532,Tarjeta de Crédito,Deuda,363.65,False,False,False,2700.00,2026-11-05,Activo,2025-01-08,2026-07-05,13
C001533__CREDITO_VEHICULAR,C001533,Crédito Vehicular,Deuda,10484.62,False,False,False,,2031-07-12,Activo,2026-08-24,2026-08-24,1
C001533__CTA_AHORROS,C001533,Cuenta de Ahorros,Depósito,-100.00,False,True,False,,,Activo,2025-06-03,2026-07-28,4
C001533__TARJETA_CREDITO,C001533,Tarjeta de Crédito,Deuda,1970.57,False,False,False,4700.00,2028-03-02,Activo,2025-02-02,2026-08-24,5
C001534__TARJETA_CREDITO,C001534,Tarjeta de Crédito,Deuda,1283.81,False,False,False,7600.00,2027-10-28,Activo,2025-04-14,2026-08-23,11
C001535__CREDITO_VEHICULAR,C001535,Crédito Vehicular,Deuda,23935.01,False,False,False,,2031-05-19,Activo,2025-06-15,2026-01-28,2
C001535__CTA_CORRIENTE,C001535,Cuenta Corriente,Depósito,1000.33,False,False,False,,,Activo,2026-01-06,2026-08-01,3
C001535__TARJETA_CREDITO,C001535,Tarjeta de Crédito,Deuda,705.55,False,False,False,1800.00,2029-10-06,Activo,2025-06-20,2025-12-15,4
C001536__CREDITO_CONSUMO,C001536,Crédito de Consumo,Deuda,3829.09,False,False,False,,2028-06-18,Activo,2025-07-01,2025-08-13,2
C001536__TARJETA_CREDITO,C001536,Tarjeta de Crédito,Deuda,2523.56,False,False,False,4400.00,2027-08-28,Activo,2025-01-28,2026-07-27,13
C001537__CREDITO_VEHICULAR,C001537,Crédito Vehicular,Deuda,21712.37,False,False,False,,2032-08-31,Activo,2025-02-26,2025-10-14,2
C001537__CTA_CORRIENTE,C001537,Cuenta Corriente,Depósito,1768.33,False,False,False,,,Activo,2025-07-11,2025-10-31,2
C001537__TARJETA_CREDITO,C001537,Tarjeta de Crédito,Deuda,562.71,False,False,False,1900.00,2028-12-25,Activo,2025-08-08,2026-08-05,5
C001538__CREDITO_CONSUMO,C001538,Crédito de Consumo,Deuda,4153.18,False,False,False,,2031-06-11,Activo,2025-03-21,2025-09-01,3
C001539__CREDITO_HIPOTECARIO,C001539,Crédito Hipotecario,Deuda,75591.62,False,False,False,,2031-06-04,Activo,2025-01-22,2026-04-14,3
C001539__CREDITO_CONSUMO,C001539,Crédito de Consumo,Deuda,7362.73,False,False,False,,2029-12-06,Activo,2025-02-19,2025-10-24,2
C001539__CTA_AHORROS,C001539,Cuenta de Ahorros,Depósito,3253.98,False,False,False,,,Activo,2026-02-04,2026-02-04,1
C001539__TARJETA_CREDITO,C001539,Tarjeta de Crédito,Deuda,451.55,False,False,False,1400.00,2030-03-13,Activo,2025-01-02,2026-08-05,7
C001540__CREDITO_HIPOTECARIO,C001540,Crédito Hipotecario,Deuda,112855.16,False,False,False,,2030-12-07,Activo,2025-08-03,2025-08-03,1
C001540__CREDITO_VEHICULAR,C001540,Crédito Vehicular,Deuda,16370.56,False,False,False,,2032-03-10,Activo,2025-09-19,2026-04-26,2
C001540__CTA_AHORROS,C001540,Cuenta de Ahorros,Depósito,8008.32,False,False,False,,,Activo,2025-03-07,2025-08-01,2
C001540__TARJETA_CREDITO,C001540,Tarjeta de Crédito,Deuda,2361.67,False,False,False,4600.00,2028-01-14,Activo,2025-03-19,2026-08-10,12
C001541__CREDITO_HIPOTECARIO,C001541,Crédito Hipotecario,Deuda,57130.80,False,False,False,,2030-12-10,Activo,2025-01-08,2025-09-23,3
C001541__CTA_CORRIENTE,C001541,Cuenta Corriente,Depósito,142.14,False,False,False,,,Activo,2025-09-27,2025-12-24,3
C001541__CTA_AHORROS,C001541,Cuenta de Ahorros,Depósito,2050.07,False,False,False,,,Activo,2025-02-22,2026-08-30,4
C001541__TARJETA_CREDITO,C001541,Tarjeta de Crédito,Deuda,1051.38,False,False,False,1700.00,2029-03-06,Activo,2025-07-03,2026-08-29,7
C001542__CREDITO_CONSUMO,C001542,Crédito de Consumo,Deuda,18770.49,False,False,False,,2030-05-31,Activo,2025-02-25,2026-04-03,3
C001542__CTA_CORRIENTE,C001542,Cuenta Corriente,Depósito,4406.03,False,False,False,,,Activo,2026-04-20,2026-04-20,1
C001542__CTA_AHORROS,C001542,Cuenta de Ahorros,Depósito,7219.84,False,False,False,,,Activo,2026-08-21,2026-08-21,1
C001542__TARJETA_CREDITO,C001542,Tarjeta de Crédito,Deuda,4826.88,False,False,True,8900.00,2026-09-19,Activo,2025-01-14,2026-08-02,13
C001543__CREDITO_VEHICULAR,C001543,Crédito Vehicular,Deuda,19595.28,False,False,False,,2027-09-19,Activo,2025-08-25,2025-08-25,1
C001544__CREDITO_HIPOTECARIO,C001544,Crédito Hipotecario,Deuda,68283.76,False,False,False,,2029-09-22,Activo,2025-10-08,2025-10-08,1
C001544__CREDITO_CONSUMO,C001544,Crédito de Consumo,Deuda,3980.51,False,False,False,,2027-02-09,Activo,2025-02-17,2025-10-15,2
C001544__CTA_AHORROS,C001544,Cuenta de Ahorros,Depósito,1140.91,False,False,False,,,Activo,2025-10-05,2026-05-05,3
C001545__CREDITO_VEHICULAR,C001545,Crédito Vehicular,Deuda,9810.06,False,False,False,,2030-10-23,Activo,2025-09-04,2026-06-13,3
C001545__CTA_CORRIENTE,C001545,Cuenta Corriente,Depósito,17676.68,False,False,True,,,Activo,2026-04-13,2026-08-12,3
C001545__TARJETA_CREDITO,C001545,Tarjeta de Crédito,Deuda,161.71,False,False,False,7600.00,2027-02-04,Activo,2025-01-01,2026-02-10,5
C001546__CREDITO_HIPOTECARIO,C001546,Crédito Hipotecario,Deuda,86976.61,False,False,False,,2032-01-27,Activo,2025-04-25,2025-06-04,2
C001546__CREDITO_VEHICULAR,C001546,Crédito Vehicular,Deuda,15527.31,False,False,False,,2030-07-16,Activo,2026-01-16,2026-01-16,1
C001547__CTA_CORRIENTE,C001547,Cuenta Corriente,Depósito,15905.73,False,False,True,,,Activo,2025-02-02,2026-02-26,4
C001548__CREDITO_HIPOTECARIO,C001548,Crédito Hipotecario,Deuda,76637.80,False,False,False,,2030-11-03,Activo,2026-03-27,2026-03-27,1
C001548__CTA_AHORROS,C001548,Cuenta de Ahorros,Depósito,5096.01,False,False,False,,,Activo,2025-02-15,2025-02-15,1
C001549__CREDITO_CONSUMO,C001549,Crédito de Consumo,Deuda,1270.29,False,False,False,,2032-07-13,Activo,2025-05-22,2025-05-22,1
C001549__TARJETA_CREDITO,C001549,Tarjeta de Crédito,Deuda,54.46,False,False,False,800.00,2029-09-04,Activo,2025-04-12,2026-05-16,7
C001550__CTA_AHORROS,C001550,Cuenta de Ahorros,Depósito,1812.72,False,False,False,,,Activo,2025-11-28,2026-08-08,2
C001551__TARJETA_CREDITO,C001551,Tarjeta de Crédito,Deuda,1028.84,False,False,False,2200.00,2028-07-20,Activo,2025-01-22,2026-08-22,12
C001552__CTA_CORRIENTE,C001552,Cuenta Corriente,Depósito,3730.39,False,False,False,,,Activo,2025-07-18,2025-07-18,1
C001552__CTA_AHORROS,C001552,Cuenta de Ahorros,Depósito,2761.50,False,False,False,,,Activo,2025-05-20,2026-05-06,4
C001552__TARJETA_CREDITO,C001552,Tarjeta de Crédito,Deuda,887.42,False,False,False,3200.00,2027-12-04,Activo,2025-04-18,2026-08-20,13
C001553__TARJETA_CREDITO,C001553,Tarjeta de Crédito,Deuda,150.31,False,False,False,1600.00,2029-07-31,Activo,2025-04-29,2026-04-22,4
C001554__CTA_CORRIENTE,C001554,Cuenta Corriente,Depósito,4465.15,False,False,False,,,Activo,2025-01-29,2025-01-29,1
C001554__TARJETA_CREDITO,C001554,Tarjeta de Crédito,Deuda,1234.70,False,False,False,4700.00,2029-02-07,Activo,2025-03-06,2026-08-12,14
C001555__CREDITO_HIPOTECARIO,C001555,Crédito Hipotecario,Deuda,41544.72,False,False,False,,2031-03-30,Activo,2025-10-22,2025-10-22,1
C001555__CTA_CORRIENTE,C001555,Cuenta Corriente,Depósito,14760.54,False,False,True,,,Activo,2025-01-04,2025-12-23,3
C001555__TARJETA_CREDITO,C001555,Tarjeta de Crédito,Deuda,0.00,False,False,False,6400.00,2028-05-21,Activo,2025-01-22,2026-05-01,9
C001556__TARJETA_CREDITO,C001556,Tarjeta de Crédito,Deuda,1973.86,False,False,False,5600.00,2028-03-27,Activo,2025-01-03,2026-05-06,6
C001557__CREDITO_HIPOTECARIO,C001557,Crédito Hipotecario,Deuda,74119.78,False,False,False,,2031-11-18,Activo,2026-04-05,2026-04-05,1
C001557__TARJETA_CREDITO,C001557,Tarjeta de Crédito,Deuda,566.33,False,False,False,800.00,2030-06-22,Activo,2025-02-07,2026-05-16,9
C001558__CREDITO_VEHICULAR,C001558,Crédito Vehicular,Deuda,33563.25,False,False,False,,2030-10-22,Activo,2025-07-17,2026-07-30,3
C001559__CTA_AHORROS,C001559,Cuenta de Ahorros,Depósito,1934.78,False,False,False,,,Activo,2025-05-01,2026-03-28,2
C001559__TARJETA_CREDITO,C001559,Tarjeta de Crédito,Deuda,0.00,False,False,False,2300.00,2028-02-11,Activo,2025-02-20,2026-04-28,11
C001560__CREDITO_VEHICULAR,C001560,Crédito Vehicular,Deuda,17704.42,False,False,False,,2030-04-06,Activo,2025-10-19,2026-07-23,2
C001560__CTA_CORRIENTE,C001560,Cuenta Corriente,Depósito,1017.50,False,False,False,,,Activo,2025-01-13,2026-07-10,3
C001561__CREDITO_HIPOTECARIO,C001561,Crédito Hipotecario,Deuda,81273.17,False,False,False,,2030-01-24,Activo,2025-03-10,2026-06-23,3
C001561__TARJETA_CREDITO,C001561,Tarjeta de Crédito,Deuda,223.51,False,False,False,1200.00,2028-01-05,Activo,2025-02-04,2026-05-04,5
C001562__CREDITO_VEHICULAR,C001562,Crédito Vehicular,Deuda,14500.42,False,False,False,,2027-09-04,Activo,2025-07-02,2026-06-11,3
C001562__TARJETA_CREDITO,C001562,Tarjeta de Crédito,Deuda,1610.81,False,False,False,2900.00,2027-11-01,Activo,2025-04-17,2025-11-22,5
C001563__CREDITO_HIPOTECARIO,C001563,Crédito Hipotecario,Deuda,11114.54,False,False,False,,2029-10-29,Activo,2025-02-13,2026-06-23,3
C001563__CREDITO_VEHICULAR,C001563,Crédito Vehicular,Deuda,24384.33,False,False,False,,2029-07-13,Activo,2025-05-11,2026-01-14,2
C001563__CTA_CORRIENTE,C001563,Cuenta Corriente,Depósito,312.28,False,False,False,,,Activo,2025-07-18,2026-08-14,3
C001563__TARJETA_CREDITO,C001563,Tarjeta de Crédito,Deuda,0.00,False,False,False,600.00,2030-06-11,Activo,2025-02-01,2026-04-29,6
C001564__CREDITO_CONSUMO,C001564,Crédito de Consumo,Deuda,4241.08,False,False,False,,2028-07-30,Activo,2026-06-15,2026-06-15,1
C001565__CTA_CORRIENTE,C001565,Cuenta Corriente,Depósito,12262.60,False,False,False,,,Activo,2026-06-22,2026-06-22,1
C001566__CREDITO_CONSUMO,C001566,Crédito de Consumo,Deuda,3692.85,False,False,False,,2032-06-06,Activo,2026-02-02,2026-02-12,2
C001566__CTA_AHORROS,C001566,Cuenta de Ahorros,Depósito,2321.84,False,False,False,,,Activo,2025-03-25,2026-07-13,3
C001567__CREDITO_HIPOTECARIO,C001567,Crédito Hipotecario,Deuda,59507.77,False,False,False,,2030-09-28,Activo,2025-04-24,2025-06-18,2
C001567__CTA_CORRIENTE,C001567,Cuenta Corriente,Depósito,5791.71,False,False,False,,,Activo,2025-05-18,2026-02-04,4
C001567__CTA_AHORROS,C001567,Cuenta de Ahorros,Depósito,-100.00,False,True,False,,,Activo,2025-03-05,2026-08-05,4
C001567__TARJETA_CREDITO,C001567,Tarjeta de Crédito,Deuda,2077.52,False,False,False,4600.00,2026-10-18,Activo,2025-03-28,2026-07-04,13
C001568__CREDITO_HIPOTECARIO,C001568,Crédito Hipotecario,Deuda,117954.26,False,False,False,,2030-06-30,Activo,2025-03-22,2026-07-27,2
C001568__CREDITO_VEHICULAR,C001568,Crédito Vehicular,Deuda,15808.21,False,False,False,,2028-06-05,Activo,2025-03-24,2025-09-12,3
C001568__CREDITO_CONSUMO,C001568,Crédito de Consumo,Deuda,2084.32,False,False,False,,2026-12-29,Activo,2025-03-18,2025-10-08,3
C001568__TARJETA_CREDITO,C001568,Tarjeta de Crédito,Deuda,916.35,False,False,False,2000.00,2028-02-14,Activo,2025-02-23,2026-07-22,8
C001569__CREDITO_HIPOTECARIO,C001569,Crédito Hipotecario,Deuda,83044.74,False,False,False,,2026-11-23,Activo,2025-02-13,2025-07-02,3
C001569__TARJETA_CREDITO,C001569,Tarjeta de Crédito,Deuda,2125.09,False,False,False,3300.00,2028-10-18,Activo,2025-01-14,2026-07-30,7
C001570__CREDITO_VEHICULAR,C001570,Crédito Vehicular,Deuda,16015.86,False,False,False,,2031-01-20,Activo,2025-02-06,2025-02-06,1
C001570__TARJETA_CREDITO,C001570,Tarjeta de Crédito,Deuda,203.22,False,False,False,1000.00,2029-11-21,Activo,2025-04-17,2026-07-29,8
C001571__CTA_CORRIENTE,C001571,Cuenta Corriente,Depósito,7485.45,False,False,False,,,Activo,2025-11-15,2026-03-05,2
C001571__TARJETA_CREDITO,C001571,Tarjeta de Crédito,Deuda,1874.21,False,False,False,3000.00,2027-03-11,Activo,2025-01-06,2026-08-09,10
C001572__CREDITO_VEHICULAR,C001572,Crédito Vehicular,Deuda,15743.81,False,False,False,,2031-04-25,Activo,2025-03-07,2026-04-27,2
C001572__TARJETA_CREDITO,C001572,Tarjeta de Crédito,Deuda,0.00,False,False,False,1200.00,2029-10-23,Activo,2025-01-25,2026-04-27,4
C001573__CREDITO_CONSUMO,C001573,Crédito de Consumo,Deuda,3414.90,False,False,False,,2030-07-19,Activo,2025-05-30,2026-07-09,2
C001573__TARJETA_CREDITO,C001573,Tarjeta de Crédito,Deuda,26.14,False,False,False,800.00,2029-06-27,Activo,2025-05-03,2026-06-02,12
C001574__CREDITO_HIPOTECARIO,C001574,Crédito Hipotecario,Deuda,73160.65,False,False,False,,2031-01-16,Activo,2025-01-27,2026-06-22,3
C001575__CREDITO_HIPOTECARIO,C001575,Crédito Hipotecario,Deuda,91324.78,False,False,False,,2031-10-24,Activo,2026-07-02,2026-07-02,1
C001575__CREDITO_VEHICULAR,C001575,Crédito Vehicular,Deuda,24169.76,False,False,False,,2031-08-20,Activo,2025-10-20,2025-10-20,1
C001575__TARJETA_CREDITO,C001575,Tarjeta de Crédito,Deuda,4440.35,False,False,True,12500.00,2028-03-31,Activo,2025-02-16,2026-04-29,11
C001576__CREDITO_HIPOTECARIO,C001576,Crédito Hipotecario,Deuda,16196.29,False,False,False,,2028-10-03,Activo,2025-04-18,2025-04-18,1
C001576__TARJETA_CREDITO,C001576,Tarjeta de Crédito,Deuda,447.20,False,False,False,3600.00,2027-12-01,Activo,2025-06-14,2026-08-15,8
C001577__CREDITO_CONSUMO,C001577,Crédito de Consumo,Deuda,4763.29,False,False,False,,2031-01-31,Activo,2025-05-28,2025-05-28,1
C001578__CTA_AHORROS,C001578,Cuenta de Ahorros,Depósito,-100.00,False,True,False,,,Activo,2025-05-27,2025-05-27,1
C001578__TARJETA_CREDITO,C001578,Tarjeta de Crédito,Deuda,484.02,False,False,False,1500.00,2027-10-21,Activo,2025-02-19,2026-08-04,6
C001579__CREDITO_VEHICULAR,C001579,Crédito Vehicular,Deuda,21724.68,False,False,False,,2031-08-17,Activo,2025-07-02,2026-07-30,3
C001579__CREDITO_CONSUMO,C001579,Crédito de Consumo,Deuda,10407.46,False,False,False,,2030-11-15,Activo,2025-06-20,2026-03-03,3
C001579__TARJETA_CREDITO,C001579,Tarjeta de Crédito,Deuda,4114.97,False,False,True,9200.00,2027-02-05,Activo,2025-01-20,2026-08-03,7
C001580__TARJETA_CREDITO,C001580,Tarjeta de Crédito,Deuda,166.13,False,False,False,1400.00,2029-07-26,Activo,2025-02-16,2026-04-27,11
C001581__TARJETA_CREDITO,C001581,Tarjeta de Crédito,Deuda,622.65,False,False,False,1700.00,2028-09-13,Activo,2025-04-29,2026-08-21,11
C001582__CREDITO_HIPOTECARIO,C001582,Crédito Hipotecario,Deuda,90061.00,False,False,False,,2028-01-05,Activo,2025-10-13,2026-05-24,2
C001582__CREDITO_VEHICULAR,C001582,Crédito Vehicular,Deuda,18059.25,False,False,False,,2029-10-03,Activo,2025-08-20,2026-06-25,3
C001582__TARJETA_CREDITO,C001582,Tarjeta de Crédito,Deuda,556.11,False,False,False,1000.00,2027-12-10,Activo,2025-03-24,2026-06-06,8
C001583__CREDITO_HIPOTECARIO,C001583,Crédito Hipotecario,Deuda,71688.58,False,False,False,,2031-03-29,Activo,2025-02-11,2025-06-09,2
C001583__TARJETA_CREDITO,C001583,Tarjeta de Crédito,Deuda,0.00,False,False,False,1200.00,2028-03-20,Activo,2025-02-18,2026-08-28,13
C001584__CREDITO_VEHICULAR,C001584,Crédito Vehicular,Deuda,11998.52,False,False,False,,2028-12-29,Activo,2026-01-02,2026-07-06,3
C001584__TARJETA_CREDITO,C001584,Tarjeta de Crédito,Deuda,827.13,False,False,False,1100.00,2027-12-03,Activo,2025-03-30,2026-08-31,9
C001585__CTA_AHORROS,C001585,Cuenta de Ahorros,Depósito,167.43,False,False,False,,,Activo,2025-01-05,2026-03-29,2
C001585__TARJETA_CREDITO,C001585,Tarjeta de Crédito,Deuda,2603.63,False,False,False,4300.00,2028-05-10,Activo,2025-02-27,2026-08-31,5
C001586__CREDITO_VEHICULAR,C001586,Crédito Vehicular,Deuda,19347.30,False,False,False,,2029-11-12,Activo,2025-01-03,2026-05-05,2
C001586__TARJETA_CREDITO,C001586,Tarjeta de Crédito,Deuda,0.00,False,False,False,2000.00,2027-04-20,Activo,2025-02-26,2026-05-25,9
C001587__CTA_AHORROS,C001587,Cuenta de Ahorros,Depósito,15657.45,False,False,True,,,Activo,2025-01-19,2026-04-04,2
C001587__TARJETA_CREDITO,C001587,Tarjeta de Crédito,Deuda,5928.48,False,False,True,12900.00,2029-05-17,Activo,2025-01-06,2026-08-19,12
C001588__CTA_AHORROS,C001588,Cuenta de Ahorros,Depósito,3935.25,False,False,False,,,Activo,2025-05-23,2026-07-19,2
C001588__TARJETA_CREDITO,C001588,Tarjeta de Crédito,Deuda,486.48,False,False,False,1300.00,2027-03-25,Activo,2025-04-21,2026-08-29,10
C001589__CREDITO_HIPOTECARIO,C001589,Crédito Hipotecario,Deuda,101111.46,False,False,False,,2031-05-13,Activo,2025-03-22,2026-08-07,3
C001589__CTA_CORRIENTE,C001589,Cuenta Corriente,Depósito,4432.41,False,False,False,,,Activo,2025-01-07,2025-10-02,3
C001589__TARJETA_CREDITO,C001589,Tarjeta de Crédito,Deuda,1907.39,False,False,False,4500.00,2026-12-03,Activo,2025-02-13,2026-07-25,13
C001590__CTA_CORRIENTE,C001590,Cuenta Corriente,Depósito,7439.99,False,False,False,,,Activo,2025-05-17,2026-02-01,3
C001590__TARJETA_CREDITO,C001590,Tarjeta de Crédito,Deuda,4183.55,False,False,True,9900.00,2027-09-27,Activo,2025-05-29,2026-08-07,7
C001591__CTA_CORRIENTE,C001591,Cuenta Corriente,Depósito,-100.00,False,True,False,,,Activo,2026-05-07,2026-05-07,1
C001591__TARJETA_CREDITO,C001591,Tarjeta de Crédito,Deuda,462.44,False,False,False,900.00,2027-08-22,Activo,2025-01-20,2026-05-15,9
C001592__CTA_AHORROS,C001592,Cuenta de Ahorros,Depósito,3045.71,False,False,False,,,Activo,2025-07-17,2026-02-07,2
C001592__TARJETA_CREDITO,C001592,Tarjeta de Crédito,Deuda,468.47,False,False,False,1800.00,2027-09-19,Activo,2025-02-10,2026-08-16,9
C001593__CREDITO_HIPOTECARIO,C001593,Crédito Hipotecario,Deuda,78588.97,False,False,False,,2029-07-27,Activo,2025-01-23,2025-04-07,3
C001593__CREDITO_VEHICULAR,C001593,Crédito Vehicular,Deuda,11154.54,False,False,False,,2028-08-22,Activo,2025-01-16,2025-01-16,1
C001593__CTA_AHORROS,C001593,Cuenta de Ahorros,Depósito,311.41,False,False,False,,,Activo,2026-06-13,2026-06-13,1
C001593__TARJETA_CREDITO,C001593,Tarjeta de Crédito,Deuda,968.61,False,False,False,2100.00,2027-04-20,Activo,2025-03-25,2026-06-12,10
C001594__CREDITO_HIPOTECARIO,C001594,Crédito Hipotecario,Deuda,79397.48,False,False,False,,2032-01-30,Activo,2025-07-24,2025-07-24,1
C001594__CTA_AHORROS,C001594,Cuenta de Ahorros,Depósito,-100.00,False,True,False,,,Activo,2025-08-02,2025-08-02,1
C001594__TARJETA_CREDITO,C001594,Tarjeta de Crédito,Deuda,1812.94,False,False,False,3600.00,2027-11-24,Activo,2025-01-21,2026-06-19,14
C001595__CTA_CORRIENTE,C001595,Cuenta Corriente,Depósito,918.23,False,False,False,,,Activo,2025-10-14,2025-10-14,1
C001595__TARJETA_CREDITO,C001595,Tarjeta de Crédito,Deuda,1042.75,False,False,False,1800.00,2027-07-07,Activo,2025-06-09,2026-06-28,6
C001596__CREDITO_HIPOTECARIO,C001596,Crédito Hipotecario,Deuda,80998.58,False,False,False,,2030-12-05,Activo,2025-09-01,2026-07-27,3
C001596__CREDITO_CONSUMO,C001596,Crédito de Consumo,Deuda,8895.27,False,False,False,,2027-09-23,Activo,2025-09-29,2025-09-29,1
C001597__CREDITO_CONSUMO,C001597,Crédito de Consumo,Deuda,9879.52,False,False,False,,2028-04-05,Activo,2025-09-22,2026-07-24,2
C001597__CTA_AHORROS,C001597,Cuenta de Ahorros,Depósito,-100.00,False,True,False,,,Activo,2025-01-28,2025-08-19,2
C001598__CREDITO_HIPOTECARIO,C001598,Crédito Hipotecario,Deuda,73695.00,False,False,False,,2027-07-08,Activo,2025-07-03,2026-03-14,3
C001598__CREDITO_CONSUMO,C001598,Crédito de Consumo,Deuda,32079.64,False,False,True,,2030-07-22,Activo,2026-06-26,2026-06-26,1
C001598__CTA_CORRIENTE,C001598,Cuenta Corriente,Depósito,-100.00,False,True,False,,,Activo,2025-01-15,2026-01-29,2
C001598__TARJETA_CREDITO,C001598,Tarjeta de Crédito,Deuda,3984.07,False,False,True,9000.00,2029-06-15,Activo,2025-01-06,2026-05-23,11
C001599__TARJETA_CREDITO,C001599,Tarjeta de Crédito,Deuda,2708.23,False,False,False,10000.00,2030-01-02,Activo,2025-01-25,2026-05-07,7
C001600__CREDITO_VEHICULAR,C001600,Crédito Vehicular,Deuda,31501.91,False,False,False,,2029-07-16,Activo,2025-01-12,2025-07-23,2
C001600__CREDITO_CONSUMO,C001600,Crédito de Consumo,Deuda,3392.60,False,False,False,,2032-01-04,Activo,2025-07-03,2026-01-20,2
C001600__TARJETA_CREDITO,C001600,Tarjeta de Crédito,Deuda,572.35,False,False,False,1100.00,2027-03-21,Activo,2025-02-26,2026-05-09,7
C001601__CTA_CORRIENTE,C001601,Cuenta Corriente,Depósito,2720.31,False,False,False,,,Activo,2026-07-06,2026-07-17,2
C001601__TARJETA_CREDITO,C001601,Tarjeta de Crédito,Deuda,341.25,False,False,False,900.00,2030-04-21,Activo,2025-01-23,2026-07-27,13
C001602__CREDITO_HIPOTECARIO,C001602,Crédito Hipotecario,Deuda,77360.57,False,False,False,,2032-02-15,Activo,2025-05-06,2026-08-28,3
C001602__CREDITO_VEHICULAR,C001602,Crédito Vehicular,Deuda,20295.92,False,False,False,,2027-10-10,Activo,2025-07-15,2026-08-13,3
C001602__CTA_CORRIENTE,C001602,Cuenta Corriente,Depósito,8760.47,False,False,False,,,Activo,2026-01-07,2026-06-26,4
C001603__CREDITO_VEHICULAR,C001603,Crédito Vehicular,Deuda,20312.05,False,False,False,,2030-05-03,Activo,2025-03-26,2026-08-03,3
C001603__CTA_CORRIENTE,C001603,Cuenta Corriente,Depósito,6530.64,False,False,False,,,Activo,2025-04-15,2026-06-01,4
C001603__TARJETA_CREDITO,C001603,Tarjeta de Crédito,Deuda,4364.12,False,False,True,6100.00,2029-09-23,Activo,2025-03-20,2026-04-28,6
C001604__CREDITO_VEHICULAR,C001604,Crédito Vehicular,Deuda,23759.75,False,False,False,,2030-08-21,Activo,2026-02-25,2026-07-01,3
C001604__CTA_AHORROS,C001604,Cuenta de Ahorros,Depósito,3355.18,False,False,False,,,Activo,2025-01-29,2026-02-11,4
C001604__TARJETA_CREDITO,C001604,Tarjeta de Crédito,Deuda,811.21,False,False,False,2000.00,2026-10-19,Activo,2025-01-12,2026-05-18,12
C001605__CREDITO_VEHICULAR,C001605,Crédito Vehicular,Deuda,18421.06,False,False,False,,2028-02-19,Activo,2025-01-21,2025-01-21,1
C001605__TARJETA_CREDITO,C001605,Tarjeta de Crédito,Deuda,1381.80,False,False,False,7000.00,2028-03-04,Activo,2025-03-05,2026-05-21,9
C001606__CREDITO_CONSUMO,C001606,Crédito de Consumo,Deuda,6506.14,False,False,False,,2030-09-19,Activo,2025-02-28,2026-05-12,2
C001606__CTA_AHORROS,C001606,Cuenta de Ahorros,Depósito,11045.38,False,False,False,,,Activo,2025-08-21,2026-06-06,2
C001606__TARJETA_CREDITO,C001606,Tarjeta de Crédito,Deuda,1847.16,False,False,False,6800.00,2027-07-31,Activo,2025-10-04,2026-07-29,5
C001607__CTA_CORRIENTE,C001607,Cuenta Corriente,Depósito,2243.49,False,False,False,,,Activo,2025-08-13,2025-08-13,1
C001607__TARJETA_CREDITO,C001607,Tarjeta de Crédito,Deuda,968.78,False,False,False,1700.00,2028-06-28,Activo,2025-01-01,2026-08-24,9
C001608__CREDITO_HIPOTECARIO,C001608,Crédito Hipotecario,Deuda,67483.23,False,False,False,,2028-11-17,Activo,2025-04-01,2025-09-09,2
C001608__TARJETA_CREDITO,C001608,Tarjeta de Crédito,Deuda,630.11,False,False,False,3700.00,2029-10-30,Activo,2025-01-03,2026-06-04,8
C001609__TARJETA_CREDITO,C001609,Tarjeta de Crédito,Deuda,184.78,False,False,False,700.00,2030-06-09,Activo,2025-01-30,2026-08-06,8
C001610__CREDITO_CONSUMO,C001610,Crédito de Consumo,Deuda,9406.26,False,False,False,,2031-12-25,Activo,2026-06-06,2026-06-06,1
C001611__TARJETA_CREDITO,C001611,Tarjeta de Crédito,Deuda,132.44,False,False,False,1100.00,2027-04-20,Activo,2025-03-04,2026-07-24,7
C001612__CREDITO_VEHICULAR,C001612,Crédito Vehicular,Deuda,20138.14,False,False,False,,2030-05-28,Activo,2025-02-06,2026-01-15,2
C001613__CREDITO_CONSUMO,C001613,Crédito de Consumo,Deuda,3479.05,False,False,False,,2027-07-26,Activo,2025-04-08,2026-06-20,3
C001614__CTA_CORRIENTE,C001614,Cuenta Corriente,Depósito,1654.13,False,False,False,,,Activo,2025-04-26,2026-07-11,4
C001614__CTA_AHORROS,C001614,Cuenta de Ahorros,Depósito,-100.00,False,True,False,,,Activo,2026-04-05,2026-08-11,3
C001614__TARJETA_CREDITO,C001614,Tarjeta de Crédito,Deuda,2216.30,False,False,False,4300.00,2027-11-07,Activo,2025-04-13,2026-01-27,10
C001615__CREDITO_CONSUMO,C001615,Crédito de Consumo,Deuda,6558.85,False,False,False,,2027-03-31,Activo,2025-10-11,2026-08-02,3
C001615__CTA_CORRIENTE,C001615,Cuenta Corriente,Depósito,1147.61,False,False,False,,,Activo,2025-12-04,2026-06-11,2
C001615__TARJETA_CREDITO,C001615,Tarjeta de Crédito,Deuda,416.32,False,False,False,3300.00,2029-06-24,Activo,2025-03-12,2026-05-22,4
C001616__CREDITO_HIPOTECARIO,C001616,Crédito Hipotecario,Deuda,64643.86,False,False,False,,2029-08-06,Activo,2025-01-12,2025-01-12,1
C001616__TARJETA_CREDITO,C001616,Tarjeta de Crédito,Deuda,688.61,False,False,False,2200.00,2026-11-07,Activo,2025-02-28,2026-06-25,12
C001617__CREDITO_HIPOTECARIO,C001617,Crédito Hipotecario,Deuda,109108.82,False,False,False,,2027-08-08,Activo,2025-07-01,2025-07-01,1
C001617__CTA_CORRIENTE,C001617,Cuenta Corriente,Depósito,2610.74,False,False,False,,,Activo,2026-05-02,2026-07-12,2
C001617__TARJETA_CREDITO,C001617,Tarjeta de Crédito,Deuda,553.92,False,False,False,1100.00,2027-01-10,Activo,2025-01-04,2026-05-09,14
C001618__CREDITO_HIPOTECARIO,C001618,Crédito Hipotecario,Deuda,88099.83,False,False,False,,2030-03-31,Activo,2026-04-13,2026-04-13,1
C001618__CREDITO_VEHICULAR,C001618,Crédito Vehicular,Deuda,19730.06,False,False,False,,2032-05-03,Activo,2026-06-07,2026-06-07,1
C001618__CTA_AHORROS,C001618,Cuenta de Ahorros,Depósito,6054.93,False,False,False,,,Activo,2025-02-13,2025-11-19,3
C001618__TARJETA_CREDITO,C001618,Tarjeta de Crédito,Deuda,3882.99,False,False,True,11100.00,2029-02-04,Activo,2025-01-02,2026-08-14,12
C001619__CREDITO_HIPOTECARIO,C001619,Crédito Hipotecario,Deuda,85772.35,False,False,False,,2027-03-19,Activo,2025-10-25,2025-10-25,1
C001620__CREDITO_CONSUMO,C001620,Crédito de Consumo,Deuda,6827.31,False,False,False,,2027-02-22,Activo,2025-04-11,2025-08-27,2
C001621__CREDITO_CONSUMO,C001621,Crédito de Consumo,Deuda,4972.97,False,False,False,,2029-12-18,Activo,2025-09-22,2026-08-16,3
C001621__TARJETA_CREDITO,C001621,Tarjeta de Crédito,Deuda,514.23,False,False,False,4500.00,2030-08-29,Activo,2025-02-02,2026-08-14,13
C001622__CREDITO_VEHICULAR,C001622,Crédito Vehicular,Deuda,14888.76,False,False,False,,2032-03-16,Activo,2025-09-27,2025-09-27,1
C001622__CREDITO_CONSUMO,C001622,Crédito de Consumo,Deuda,3437.27,False,False,False,,2031-06-05,Activo,2025-10-11,2025-10-11,1
C001623__CREDITO_CONSUMO,C001623,Crédito de Consumo,Deuda,15929.39,False,False,False,,2030-10-10,Activo,2025-08-07,2026-05-07,2
C001623__CTA_CORRIENTE,C001623,Cuenta Corriente,Depósito,14005.85,False,False,True,,,Activo,2025-01-27,2025-10-08,2
C001623__CTA_AHORROS,C001623,Cuenta de Ahorros,Depósito,10096.99,False,False,False,,,Activo,2026-04-18,2026-04-21,2
C001623__TARJETA_CREDITO,C001623,Tarjeta de Crédito,Deuda,4344.82,False,False,True,10400.00,2030-07-22,Activo,2025-05-04,2026-03-01,7
C001624__CREDITO_VEHICULAR,C001624,Crédito Vehicular,Deuda,16188.92,False,False,False,,2032-03-03,Activo,2026-01-11,2026-01-11,1
C001624__TARJETA_CREDITO,C001624,Tarjeta de Crédito,Deuda,390.01,False,False,False,2200.00,2030-08-04,Activo,2025-08-13,2026-05-20,9
C001625__CREDITO_HIPOTECARIO,C001625,Crédito Hipotecario,Deuda,95409.73,False,False,False,,2028-02-23,Activo,2025-10-25,2026-03-07,2
C001625__CREDITO_VEHICULAR,C001625,Crédito Vehicular,Deuda,24804.24,False,False,False,,2028-09-24,Activo,2025-01-05,2025-05-25,3
C001625__TARJETA_CREDITO,C001625,Tarjeta de Crédito,Deuda,1133.75,False,False,False,3000.00,2029-01-17,Activo,2025-03-30,2026-08-02,13
C001626__CREDITO_HIPOTECARIO,C001626,Crédito Hipotecario,Deuda,64183.26,False,False,False,,2030-06-11,Activo,2025-03-12,2026-04-17,3
C001626__CREDITO_VEHICULAR,C001626,Crédito Vehicular,Deuda,24538.87,False,False,False,,2031-06-11,Activo,2026-08-24,2026-08-24,1
C001626__CREDITO_CONSUMO,C001626,Crédito de Consumo,Deuda,20816.78,False,False,False,,2031-10-15,Activo,2025-02-03,2025-03-15,2
C001627__CTA_CORRIENTE,C001627,Cuenta Corriente,Depósito,13968.89,False,False,True,,,Activo,2025-05-16,2026-04-28,4
C001627__TARJETA_CREDITO,C001627,Tarjeta de Crédito,Deuda,4977.86,False,False,True,5700.00,2029-11-07,Activo,2025-01-10,2026-08-05,11
C001628__CREDITO_HIPOTECARIO,C001628,Crédito Hipotecario,Deuda,75654.96,False,False,False,,2027-06-23,Activo,2025-03-09,2025-10-29,2
C001628__TARJETA_CREDITO,C001628,Tarjeta de Crédito,Deuda,1107.29,False,False,False,2600.00,2028-07-02,Activo,2025-03-26,2026-08-16,12
C001629__CREDITO_CONSUMO,C001629,Crédito de Consumo,Deuda,9637.74,False,False,False,,2031-09-15,Activo,2025-04-18,2026-01-21,2
C001629__TARJETA_CREDITO,C001629,Tarjeta de Crédito,Deuda,3359.73,False,False,True,7800.00,2029-05-07,Activo,2026-04-29,2026-07-11,5
C001630__CTA_CORRIENTE,C001630,Cuenta Corriente,Depósito,1828.43,False,False,False,,,Activo,2025-07-18,2026-08-09,4
C001631__CREDITO_HIPOTECARIO,C001631,Crédito Hipotecario,Deuda,113784.37,False,False,False,,2027-08-21,Activo,2025-02-20,2026-03-11,3
C001631__CREDITO_VEHICULAR,C001631,Crédito Vehicular,Deuda,18033.72,False,False,False,,2032-07-05,Activo,2025-09-01,2026-02-15,3
C001631__CTA_AHORROS,C001631,Cuenta de Ahorros,Depósito,-100.00,False,True,False,,,Activo,2025-04-30,2026-08-29,2
C001631__TARJETA_CREDITO,C001631,Tarjeta de Crédito,Deuda,593.71,False,False,False,1800.00,2029-12-17,Activo,2025-01-22,2026-08-27,9
C001632__CREDITO_CONSUMO,C001632,Crédito de Consumo,Deuda,15353.72,False,False,False,,2030-08-22,Activo,2025-07-26,2025-09-16,2
C001632__CTA_AHORROS,C001632,Cuenta de Ahorros,Depósito,1644.10,False,False,False,,,Activo,2025-04-06,2026-04-09,4
C001632__TARJETA_CREDITO,C001632,Tarjeta de Crédito,Deuda,1661.36,False,False,False,3500.00,2027-12-15,Activo,2025-03-05,2026-08-25,9
C001633__CTA_AHORROS,C001633,Cuenta de Ahorros,Depósito,1716.12,False,False,False,,,Activo,2025-10-01,2026-07-03,4
C001634__CREDITO_VEHICULAR,C001634,Crédito Vehicular,Deuda,13199.36,False,False,False,,2028-01-08,Activo,2025-01-20,2025-10-24,3
C001634__CTA_CORRIENTE,C001634,Cuenta Corriente,Depósito,6244.23,False,False,False,,,Activo,2025-01-06,2026-07-07,3
C001634__TARJETA_CREDITO,C001634,Tarjeta de Crédito,Deuda,2919.16,False,False,False,5500.00,2029-03-25,Activo,2025-01-11,2026-06-04,11
C001635__CTA_AHORROS,C001635,Cuenta de Ahorros,Depósito,1444.93,False,False,False,,,Activo,2025-07-30,2025-07-30,1
C001635__TARJETA_CREDITO,C001635,Tarjeta de Crédito,Deuda,549.28,False,False,False,1000.00,2029-12-05,Activo,2025-03-19,2026-07-13,6
C001636__CREDITO_VEHICULAR,C001636,Crédito Vehicular,Deuda,16806.49,False,False,False,,2031-07-09,Activo,2025-09-16,2026-01-28,3
C001636__TARJETA_CREDITO,C001636,Tarjeta de Crédito,Deuda,2793.20,False,False,False,4300.00,2028-05-15,Activo,2025-03-03,2026-08-03,10
C001637__CREDITO_CONSUMO,C001637,Crédito de Consumo,Deuda,3137.66,False,False,False,,2028-01-07,Activo,2025-05-01,2025-09-26,2
C001637__TARJETA_CREDITO,C001637,Tarjeta de Crédito,Deuda,156.61,False,False,False,1400.00,2027-02-16,Activo,2025-02-25,2026-07-08,11
C001638__CTA_CORRIENTE,C001638,Cuenta Corriente,Depósito,2504.99,False,False,False,,,Activo,2026-06-29,2026-06-29,1
C001638__CTA_AHORROS,C001638,Cuenta de Ahorros,Depósito,1708.63,False,False,False,,,Activo,2025-05-22,2025-05-22,1
C001638__TARJETA_CREDITO,C001638,Tarjeta de Crédito,Deuda,1750.83,False,False,False,2400.00,2030-01-20,Activo,2025-03-25,2026-07-29,8
C001639__CREDITO_HIPOTECARIO,C001639,Crédito Hipotecario,Deuda,79945.54,False,False,False,,2028-11-26,Activo,2026-07-08,2026-07-08,1
C001639__CREDITO_VEHICULAR,C001639,Crédito Vehicular,Deuda,16738.56,False,False,False,,2028-05-03,Activo,2026-06-26,2026-06-26,1
C001639__CTA_AHORROS,C001639,Cuenta de Ahorros,Depósito,1811.59,False,False,False,,,Activo,2025-03-23,2025-12-15,2
C001640__CREDITO_CONSUMO,C001640,Crédito de Consumo,Deuda,15740.44,False,False,False,,2030-01-02,Activo,2025-02-20,2025-12-17,3
C001640__TARJETA_CREDITO,C001640,Tarjeta de Crédito,Deuda,2179.92,False,False,False,5000.00,2030-07-17,Activo,2025-07-18,2026-07-12,4
C001641__CREDITO_VEHICULAR,C001641,Crédito Vehicular,Deuda,9173.45,False,False,False,,2027-01-11,Activo,2026-04-21,2026-04-21,1
C001641__CTA_CORRIENTE,C001641,Cuenta Corriente,Depósito,,True,False,False,,,Activo,2026-05-28,2026-05-28,1
C001641__CTA_AHORROS,C001641,Cuenta de Ahorros,Depósito,294.82,False,False,False,,,Activo,2025-09-10,2025-11-13,3
C001641__TARJETA_CREDITO,C001641,Tarjeta de Crédito,Deuda,3218.04,False,False,False,5200.00,2028-04-01,Activo,2025-03-18,2026-08-20,13
C001642__CREDITO_VEHICULAR,C001642,Crédito Vehicular,Deuda,23482.86,False,False,False,,2031-08-18,Activo,2025-06-07,2025-06-07,1
C001642__CREDITO_CONSUMO,C001642,Crédito de Consumo,Deuda,29866.25,False,False,True,,2031-06-23,Activo,2026-06-15,2026-06-15,1
C001642__CTA_CORRIENTE,C001642,Cuenta Corriente,Depósito,12246.33,False,False,False,,,Activo,2025-04-27,2025-08-07,2
C001642__TARJETA_CREDITO,C001642,Tarjeta de Crédito,Deuda,1608.72,False,False,False,20000.00,2030-01-06,Activo,2025-05-08,2026-06-23,6
C001643__CREDITO_HIPOTECARIO,C001643,Crédito Hipotecario,Deuda,50139.41,False,False,False,,2031-06-24,Activo,2025-02-10,2025-11-05,2
C001643__CREDITO_CONSUMO,C001643,Crédito de Consumo,Deuda,14221.76,False,False,False,,2030-09-09,Activo,2025-04-09,2026-06-17,3
C001643__CTA_AHORROS,C001643,Cuenta de Ahorros,Depósito,-100.00,False,True,False,,,Activo,2025-07-26,2026-05-22,2
C001643__TARJETA_CREDITO,C001643,Tarjeta de Crédito,Deuda,786.66,False,False,False,1700.00,2028-03-28,Activo,2025-04-21,2025-12-03,5
C001644__CREDITO_HIPOTECARIO,C001644,Crédito Hipotecario,Deuda,73477.92,False,False,False,,2030-01-26,Activo,2025-05-27,2026-05-23,3
C001645__CREDITO_VEHICULAR,C001645,Crédito Vehicular,Deuda,19060.86,False,False,False,,2027-03-28,Activo,2025-11-13,2026-02-28,3
C001645__CTA_CORRIENTE,C001645,Cuenta Corriente,Depósito,2864.35,False,False,False,,,Activo,2025-03-01,2026-05-24,2
C001645__TARJETA_CREDITO,C001645,Tarjeta de Crédito,Deuda,0.00,False,False,False,2600.00,2030-08-07,Activo,2025-10-21,2026-04-11,4
C001646__CREDITO_VEHICULAR,C001646,Crédito Vehicular,Deuda,18168.48,False,False,False,,2028-09-18,Activo,2025-08-11,2026-02-27,2
C001646__CTA_AHORROS,C001646,Cuenta de Ahorros,Depósito,3744.11,False,False,False,,,Activo,2025-01-12,2026-04-20,3
C001646__TARJETA_CREDITO,C001646,Tarjeta de Crédito,Deuda,0.00,False,False,False,4400.00,2029-09-18,Activo,2025-01-28,2026-08-18,14
C001647__CREDITO_CONSUMO,C001647,Crédito de Consumo,Deuda,3230.40,False,False,False,,2028-08-12,Activo,2025-05-15,2025-05-15,1
C001647__TARJETA_CREDITO,C001647,Tarjeta de Crédito,Deuda,392.08,False,False,False,1600.00,2028-05-05,Activo,2025-05-31,2026-02-20,4
C001648__CREDITO_HIPOTECARIO,C001648,Crédito Hipotecario,Deuda,93671.30,False,False,False,,2027-06-19,Activo,2025-11-15,2025-11-15,1
C001648__CREDITO_CONSUMO,C001648,Crédito de Consumo,Deuda,3421.29,False,False,False,,2028-05-11,Activo,2025-03-20,2025-10-13,2
C001648__TARJETA_CREDITO,C001648,Tarjeta de Crédito,Deuda,194.17,False,False,False,1100.00,2027-08-12,Activo,2025-02-03,2026-07-29,13
C001649__CREDITO_HIPOTECARIO,C001649,Crédito Hipotecario,Deuda,132805.50,False,False,False,,2028-08-24,Activo,2026-02-28,2026-02-28,1
C001649__TARJETA_CREDITO,C001649,Tarjeta de Crédito,Deuda,3145.42,False,False,False,5800.00,2027-08-27,Activo,2025-04-29,2026-08-09,7
C001650__CREDITO_VEHICULAR,C001650,Crédito Vehicular,Deuda,14929.14,False,False,False,,2028-02-20,Activo,2025-07-06,2025-07-06,1
C001650__CTA_CORRIENTE,C001650,Cuenta Corriente,Depósito,7055.74,False,False,False,,,Activo,2026-05-28,2026-05-28,1
C001650__TARJETA_CREDITO,C001650,Tarjeta de Crédito,Deuda,1407.04,False,False,False,3000.00,2030-02-02,Activo,2025-03-31,2026-01-25,5
C001651__CREDITO_CONSUMO,C001651,Crédito de Consumo,Deuda,5149.48,False,False,False,,2028-11-18,Activo,2025-01-26,2025-12-30,2
C001651__CTA_AHORROS,C001651,Cuenta de Ahorros,Depósito,2922.60,False,False,False,,,Activo,2025-05-09,2026-07-13,2
C001651__TARJETA_CREDITO,C001651,Tarjeta de Crédito,Deuda,686.35,False,False,False,1200.00,2027-05-29,Activo,2025-05-01,2026-08-21,5
C001652__CREDITO_HIPOTECARIO,C001652,Crédito Hipotecario,Deuda,87659.63,False,False,False,,2029-09-10,Activo,2025-07-29,2026-08-01,3
C001652__CTA_AHORROS,C001652,Cuenta de Ahorros,Depósito,2660.17,False,False,False,,,Activo,2025-10-31,2025-10-31,1
C001652__TARJETA_CREDITO,C001652,Tarjeta de Crédito,Deuda,560.75,False,False,False,1400.00,2027-01-30,Activo,2025-01-29,2026-07-06,9
C001653__CTA_AHORROS,C001653,Cuenta de Ahorros,Depósito,7040.08,False,False,False,,,Activo,2025-06-12,2025-06-12,1
C001653__TARJETA_CREDITO,C001653,Tarjeta de Crédito,Deuda,3084.91,False,False,False,11500.00,2028-04-16,Activo,2025-02-02,2025-12-21,4
C001654__CREDITO_CONSUMO,C001654,Crédito de Consumo,Deuda,13144.23,False,False,False,,2031-03-15,Activo,2025-02-02,2025-07-05,2
C001654__CTA_CORRIENTE,C001654,Cuenta Corriente,Depósito,2173.61,False,False,False,,,Activo,2025-06-09,2026-08-28,4
C001654__CTA_AHORROS,C001654,Cuenta de Ahorros,Depósito,7055.76,False,False,False,,,Activo,2025-12-16,2026-06-12,4
C001655__CREDITO_CONSUMO,C001655,Crédito de Consumo,Deuda,2909.06,False,False,False,,2029-11-05,Activo,2026-04-24,2026-08-31,2
C001656__CTA_CORRIENTE,C001656,Cuenta Corriente,Depósito,4002.84,False,False,False,,,Activo,2025-03-01,2025-03-01,1
C001657__CTA_CORRIENTE,C001657,Cuenta Corriente,Depósito,-100.00,False,True,False,,,Activo,2025-04-14,2026-03-31,3
C001657__CTA_AHORROS,C001657,Cuenta de Ahorros,Depósito,2279.77,False,False,False,,,Activo,2025-07-28,2026-02-13,2
C001657__TARJETA_CREDITO,C001657,Tarjeta de Crédito,Deuda,1946.23,False,False,False,2300.00,2028-05-21,Activo,2026-01-05,2026-07-22,4
C001658__CTA_CORRIENTE,C001658,Cuenta Corriente,Depósito,1200.87,False,False,False,,,Activo,2025-04-20,2026-04-02,3
C001658__TARJETA_CREDITO,C001658,Tarjeta de Crédito,Deuda,518.37,False,False,False,1500.00,2028-06-07,Activo,2025-01-02,2026-07-08,12
C001659__CREDITO_HIPOTECARIO,C001659,Crédito Hipotecario,Deuda,24815.05,False,False,False,,2027-09-21,Activo,2025-04-05,2026-08-10,3
C001659__CTA_CORRIENTE,C001659,Cuenta Corriente,Depósito,2766.61,False,False,False,,,Activo,2025-04-21,2025-04-21,1
C001659__TARJETA_CREDITO,C001659,Tarjeta de Crédito,Deuda,869.21,False,False,False,1400.00,2027-04-23,Activo,2025-01-23,2026-06-01,4
C001660__CTA_AHORROS,C001660,Cuenta de Ahorros,Depósito,785.52,False,False,False,,,Activo,2025-06-21,2025-12-30,2
C001661__CTA_AHORROS,C001661,Cuenta de Ahorros,Depósito,12274.45,False,False,False,,,Activo,2025-07-01,2026-04-27,2
C001661__TARJETA_CREDITO,C001661,Tarjeta de Crédito,Deuda,1028.50,False,False,False,9900.00,2027-01-17,Activo,2025-01-03,2026-08-30,12
C001662__CREDITO_VEHICULAR,C001662,Crédito Vehicular,Deuda,20406.19,False,False,False,,2031-11-16,Activo,2025-04-18,2025-10-11,2
C001663__CREDITO_HIPOTECARIO,C001663,Crédito Hipotecario,Deuda,67096.50,False,False,False,,2028-11-19,Activo,2025-02-12,2025-04-28,2
C001663__CTA_CORRIENTE,C001663,Cuenta Corriente,Depósito,7710.28,False,False,False,,,Activo,2025-02-19,2026-03-09,4
C001664__CTA_AHORROS,C001664,Cuenta de Ahorros,Depósito,1812.07,False,False,False,,,Activo,2025-09-09,2026-03-13,2
C001664__TARJETA_CREDITO,C001664,Tarjeta de Crédito,Deuda,500.38,False,False,False,1400.00,2030-04-30,Activo,2025-03-29,2026-07-01,5
C001665__CTA_AHORROS,C001665,Cuenta de Ahorros,Depósito,816.83,False,False,False,,,Activo,2025-07-28,2026-08-31,4
C001666__CREDITO_VEHICULAR,C001666,Crédito Vehicular,Deuda,13629.72,False,False,False,,2030-07-02,Activo,2025-07-24,2025-12-05,2
C001666__CREDITO_CONSUMO,C001666,Crédito de Consumo,Deuda,25023.42,False,False,False,,2030-08-03,Activo,2026-04-07,2026-04-07,1
C001666__CTA_AHORROS,C001666,Cuenta de Ahorros,Depósito,13888.31,False,False,True,,,Activo,2025-06-21,2026-03-15,4
C001666__TARJETA_CREDITO,C001666,Tarjeta de Crédito,Deuda,0.00,False,False,False,9300.00,2029-06-05,Activo,2025-03-08,2025-12-20,5
C001667__CREDITO_VEHICULAR,C001667,Crédito Vehicular,Deuda,23917.72,False,False,False,,2029-12-25,Activo,2025-02-03,2025-06-03,3
C001667__CREDITO_CONSUMO,C001667,Crédito de Consumo,Deuda,2044.67,False,False,False,,2028-02-10,Activo,2025-02-03,2025-06-07,2
C001667__CTA_CORRIENTE,C001667,Cuenta Corriente,Depósito,3884.30,False,False,False,,,Activo,2025-09-10,2026-08-07,2
C001667__TARJETA_CREDITO,C001667,Tarjeta de Crédito,Deuda,521.75,False,False,False,2300.00,2027-02-22,Activo,2025-05-19,2026-07-09,9
C001668__CTA_AHORROS,C001668,Cuenta de Ahorros,Depósito,2000.09,False,False,False,,,Activo,2025-03-01,2025-03-27,3
C001668__TARJETA_CREDITO,C001668,Tarjeta de Crédito,Deuda,1019.34,False,False,False,3600.00,2027-06-04,Activo,2025-06-15,2026-06-26,6
C001669__CTA_CORRIENTE,C001669,Cuenta Corriente,Depósito,3340.32,False,False,False,,,Activo,2026-08-10,2026-08-10,1
C001669__TARJETA_CREDITO,C001669,Tarjeta de Crédito,Deuda,1877.48,False,False,False,2300.00,2028-11-25,Activo,2025-01-30,2026-07-19,10
C001670__CREDITO_VEHICULAR,C001670,Crédito Vehicular,Deuda,20053.49,False,False,False,,2031-12-08,Activo,2025-05-10,2025-05-10,1
C001670__CTA_AHORROS,C001670,Cuenta de Ahorros,Depósito,29665.78,False,False,True,,,Activo,2025-11-18,2026-01-31,3
C001670__TARJETA_CREDITO,C001670,Tarjeta de Crédito,Deuda,9877.15,False,False,True,12600.00,2027-07-08,Activo,2025-01-14,2026-07-11,7
C001671__CREDITO_HIPOTECARIO,C001671,Crédito Hipotecario,Deuda,44854.42,False,False,False,,2030-10-06,Activo,2025-02-05,2026-02-10,3
C001671__CTA_CORRIENTE,C001671,Cuenta Corriente,Depósito,-100.00,False,True,False,,,Activo,2025-06-07,2026-04-23,2
C001671__TARJETA_CREDITO,C001671,Tarjeta de Crédito,Deuda,1282.51,False,False,False,3300.00,2030-02-22,Activo,2025-02-12,2026-05-19,5
C001672__CREDITO_CONSUMO,C001672,Crédito de Consumo,Deuda,11636.19,False,False,False,,2027-05-21,Activo,2026-01-05,2026-05-13,3
C001672__CTA_AHORROS,C001672,Cuenta de Ahorros,Depósito,2983.79,False,False,False,,,Activo,2026-02-17,2026-02-17,1
C001672__TARJETA_CREDITO,C001672,Tarjeta de Crédito,Deuda,1187.93,False,False,False,3900.00,2030-07-22,Activo,2025-09-03,2026-08-10,5
C001673__CTA_CORRIENTE,C001673,Cuenta Corriente,Depósito,1020.34,False,False,False,,,Activo,2025-08-17,2026-07-20,2
C001673__TARJETA_CREDITO,C001673,Tarjeta de Crédito,Deuda,434.06,False,False,False,3100.00,2027-02-03,Activo,2025-02-02,2026-06-23,6
C001674__CREDITO_HIPOTECARIO,C001674,Crédito Hipotecario,Deuda,90600.90,False,False,False,,2029-01-05,Activo,2025-01-04,2026-05-11,2
C001674__TARJETA_CREDITO,C001674,Tarjeta de Crédito,Deuda,1659.20,False,False,False,5100.00,2028-10-31,Activo,2025-09-14,2026-05-29,4
C001675__CREDITO_HIPOTECARIO,C001675,Crédito Hipotecario,Deuda,92127.03,False,False,False,,2027-04-23,Activo,2025-03-23,2025-08-10,3
C001675__CREDITO_VEHICULAR,C001675,Crédito Vehicular,Deuda,20994.07,False,False,False,,2028-08-23,Activo,2026-04-16,2026-04-16,1
C001676__CREDITO_VEHICULAR,C001676,Crédito Vehicular,Deuda,18501.52,False,False,False,,2026-12-12,Activo,2025-12-18,2026-02-13,2
C001676__CREDITO_CONSUMO,C001676,Crédito de Consumo,Deuda,5121.30,False,False,False,,2031-01-26,Activo,2025-02-22,2025-02-22,1
C001676__TARJETA_CREDITO,C001676,Tarjeta de Crédito,Deuda,237.94,False,False,False,600.00,2027-10-07,Activo,2025-01-05,2026-05-10,12
C001677__TARJETA_CREDITO,C001677,Tarjeta de Crédito,Deuda,294.04,False,False,False,900.00,2028-09-02,Activo,2025-01-30,2026-05-17,14
C001678__CREDITO_VEHICULAR,C001678,Crédito Vehicular,Deuda,26209.10,False,False,False,,2029-08-30,Activo,2026-01-04,2026-01-04,1
C001678__TARJETA_CREDITO,C001678,Tarjeta de Crédito,Deuda,378.37,False,False,False,2000.00,2027-08-27,Activo,2025-02-01,2026-07-03,8
C001679__CREDITO_HIPOTECARIO,C001679,Crédito Hipotecario,Deuda,81379.94,False,False,False,,2027-05-09,Activo,2025-06-10,2025-07-04,2
C001679__CREDITO_VEHICULAR,C001679,Crédito Vehicular,Deuda,20459.74,False,False,False,,2027-04-25,Activo,2025-09-03,2025-10-11,2
C001680__CREDITO_VEHICULAR,C001680,Crédito Vehicular,Deuda,19083.52,False,False,False,,2031-06-26,Activo,2025-01-08,2025-05-13,2
C001680__TARJETA_CREDITO,C001680,Tarjeta de Crédito,Deuda,4643.99,False,False,True,9900.00,2028-10-08,Activo,2025-02-06,2026-08-04,7
C001681__CREDITO_HIPOTECARIO,C001681,Crédito Hipotecario,Deuda,69918.84,False,False,False,,2027-07-27,Activo,2025-01-27,2026-05-30,3
C001681__TARJETA_CREDITO,C001681,Tarjeta de Crédito,Deuda,457.10,False,False,False,4100.00,2030-01-27,Activo,2026-01-30,2026-05-09,5
C001682__CREDITO_VEHICULAR,C001682,Crédito Vehicular,Deuda,24036.06,False,False,False,,2028-03-28,Activo,2025-06-23,2026-07-27,2
C001682__CTA_CORRIENTE,C001682,Cuenta Corriente,Depósito,3097.20,False,False,False,,,Activo,2025-07-25,2026-05-07,3
C001682__TARJETA_CREDITO,C001682,Tarjeta de Crédito,Deuda,302.46,False,False,False,900.00,2030-01-15,Activo,2025-05-15,2026-05-03,6
C001683__CREDITO_CONSUMO,C001683,Crédito de Consumo,Deuda,14627.35,False,False,False,,2030-10-31,Activo,2025-05-07,2025-06-03,2
C001683__TARJETA_CREDITO,C001683,Tarjeta de Crédito,Deuda,363.23,False,False,False,1900.00,2027-05-20,Activo,2025-01-22,2026-07-08,12
C001684__CREDITO_HIPOTECARIO,C001684,Crédito Hipotecario,Deuda,41211.38,False,False,False,,2031-06-16,Activo,2025-06-28,2025-06-28,1
C001684__CTA_CORRIENTE,C001684,Cuenta Corriente,Depósito,6916.22,False,False,False,,,Activo,2025-07-03,2026-05-14,4
C001684__TARJETA_CREDITO,C001684,Tarjeta de Crédito,Deuda,1021.18,False,False,False,3100.00,2028-08-19,Activo,2025-05-07,2026-07-09,9
C001685__CREDITO_HIPOTECARIO,C001685,Crédito Hipotecario,Deuda,46986.31,False,False,False,,2028-08-01,Activo,2025-10-25,2025-10-25,1
C001685__TARJETA_CREDITO,C001685,Tarjeta de Crédito,Deuda,2168.45,False,False,False,2200.00,2027-08-03,Activo,2025-01-21,2026-08-10,11
C001686__CREDITO_HIPOTECARIO,C001686,Crédito Hipotecario,Deuda,44274.99,False,False,False,,2028-02-11,Activo,2025-08-16,2026-06-10,2
C001686__CTA_CORRIENTE,C001686,Cuenta Corriente,Depósito,2364.41,False,False,False,,,Activo,2025-04-27,2025-12-30,2
C001686__TARJETA_CREDITO,C001686,Tarjeta de Crédito,Deuda,1108.14,False,False,False,2100.00,2029-11-15,Activo,2025-03-01,2026-06-13,5
C001687__CREDITO_CONSUMO,C001687,Crédito de Consumo,Deuda,2970.10,False,False,False,,2026-10-18,Activo,2026-06-04,2026-07-26,2
C001687__TARJETA_CREDITO,C001687,Tarjeta de Crédito,Deuda,0.00,False,False,False,500.00,2030-01-17,Activo,2025-04-03,2026-06-29,5
C001688__CTA_CORRIENTE,C001688,Cuenta Corriente,Depósito,-100.00,False,True,False,,,Activo,2025-06-23,2025-11-29,3
C001688__TARJETA_CREDITO,C001688,Tarjeta de Crédito,Deuda,84.51,False,False,False,500.00,2029-10-16,Activo,2025-08-03,2026-05-09,10
C001689__CREDITO_CONSUMO,C001689,Crédito de Consumo,Deuda,6891.84,False,False,False,,2027-06-15,Activo,2025-07-13,2026-06-03,3
C001690__CREDITO_HIPOTECARIO,C001690,Crédito Hipotecario,Deuda,82792.29,False,False,False,,2031-09-17,Activo,2025-02-02,2026-06-15,2
C001690__CREDITO_VEHICULAR,C001690,Crédito Vehicular,Deuda,21156.57,False,False,False,,2028-02-27,Activo,2025-01-04,2025-04-02,2
C001690__CTA_AHORROS,C001690,Cuenta de Ahorros,Depósito,2310.16,False,False,False,,,Activo,2025-04-20,2026-07-16,3
C001690__TARJETA_CREDITO,C001690,Tarjeta de Crédito,Deuda,1136.01,False,False,False,2500.00,2030-02-27,Activo,2025-05-04,2026-06-08,4
C001691__CREDITO_CONSUMO,C001691,Crédito de Consumo,Deuda,17020.37,False,False,False,,2030-03-18,Activo,2025-02-14,2025-11-05,2
C001691__CTA_CORRIENTE,C001691,Cuenta Corriente,Depósito,1484.10,False,False,False,,,Activo,2025-06-07,2025-12-21,4
C001692__CREDITO_CONSUMO,C001692,Crédito de Consumo,Deuda,5503.07,False,False,False,,2030-02-04,Activo,2025-04-13,2025-07-09,2
C001692__CTA_CORRIENTE,C001692,Cuenta Corriente,Depósito,191.77,False,False,False,,,Activo,2025-03-18,2025-05-21,2
C001692__TARJETA_CREDITO,C001692,Tarjeta de Crédito,Deuda,155.34,False,False,False,900.00,2029-09-23,Activo,2025-02-03,2026-08-12,14
C001693__CREDITO_HIPOTECARIO,C001693,Crédito Hipotecario,Deuda,88775.53,False,False,False,,2029-07-26,Activo,2025-07-04,2026-04-20,2
C001693__TARJETA_CREDITO,C001693,Tarjeta de Crédito,Deuda,772.55,False,False,False,2400.00,2028-01-19,Activo,2025-03-30,2026-01-31,4
C001694__CREDITO_HIPOTECARIO,C001694,Crédito Hipotecario,Deuda,47792.23,False,False,False,,2029-03-24,Activo,2026-04-23,2026-05-29,2
C001694__CTA_CORRIENTE,C001694,Cuenta Corriente,Depósito,2192.23,False,False,False,,,Activo,2025-07-05,2026-08-16,2
C001694__TARJETA_CREDITO,C001694,Tarjeta de Crédito,Deuda,183.86,False,False,False,2100.00,2030-06-30,Activo,2025-01-31,2026-08-16,9
C001695__TARJETA_CREDITO,C001695,Tarjeta de Crédito,Deuda,498.07,False,False,False,1000.00,2029-09-14,Activo,2025-02-12,2026-06-12,11
C001696__CREDITO_HIPOTECARIO,C001696,Crédito Hipotecario,Deuda,93413.76,False,False,False,,2031-04-06,Activo,2025-03-12,2026-08-25,3
C001696__CREDITO_CONSUMO,C001696,Crédito de Consumo,Deuda,4610.78,False,False,False,,2028-10-13,Activo,2025-04-11,2026-07-03,3
C001696__CTA_CORRIENTE,C001696,Cuenta Corriente,Depósito,-99.77,False,True,False,,,Activo,2025-03-25,2026-03-18,4
C001696__TARJETA_CREDITO,C001696,Tarjeta de Crédito,Deuda,717.88,False,False,False,1500.00,2028-03-06,Activo,2025-04-03,2026-07-14,10
C001697__CTA_AHORROS,C001697,Cuenta de Ahorros,Depósito,1197.50,False,False,False,,,Activo,2025-03-16,2025-03-16,1
C001698__CTA_CORRIENTE,C001698,Cuenta Corriente,Depósito,2782.00,False,False,False,,,Activo,2026-03-11,2026-04-18,2
C001698__TARJETA_CREDITO,C001698,Tarjeta de Crédito,Deuda,1691.22,False,False,False,6000.00,2027-08-14,Activo,2025-01-14,2026-05-12,11
C001699__CREDITO_HIPOTECARIO,C001699,Crédito Hipotecario,Deuda,84716.82,False,False,False,,2030-05-19,Activo,2025-06-06,2025-12-29,2
C001699__CREDITO_CONSUMO,C001699,Crédito de Consumo,Deuda,22347.49,False,False,False,,2029-01-09,Activo,2025-01-02,2025-01-02,1
C001700__TARJETA_CREDITO,C001700,Tarjeta de Crédito,Deuda,372.76,False,False,False,3500.00,2029-10-30,Activo,2025-02-23,2025-11-13,5
C001701__CTA_CORRIENTE,C001701,Cuenta Corriente,Depósito,1692.45,False,False,False,,,Activo,2025-12-08,2026-08-16,2
C001701__TARJETA_CREDITO,C001701,Tarjeta de Crédito,Deuda,183.29,False,False,False,1000.00,2029-04-06,Activo,2025-01-09,2026-05-09,9
C001702__CREDITO_HIPOTECARIO,C001702,Crédito Hipotecario,Deuda,122145.18,False,False,False,,2028-01-01,Activo,2025-07-27,2026-08-19,2
C001702__CREDITO_VEHICULAR,C001702,Crédito Vehicular,Deuda,14279.29,False,False,False,,2028-03-22,Activo,2025-04-10,2026-07-17,3
C001702__TARJETA_CREDITO,C001702,Tarjeta de Crédito,Deuda,2017.11,False,False,False,5500.00,2028-07-11,Activo,2025-01-17,2026-02-22,8
C001703__CREDITO_HIPOTECARIO,C001703,Crédito Hipotecario,Deuda,55153.57,False,False,False,,2027-09-06,Activo,2025-03-09,2025-05-31,3
C001703__CTA_AHORROS,C001703,Cuenta de Ahorros,Depósito,14004.25,False,False,True,,,Activo,2025-05-24,2025-07-18,2
C001704__CREDITO_HIPOTECARIO,C001704,Crédito Hipotecario,Deuda,73176.61,False,False,False,,2032-02-06,Activo,2025-02-11,2025-11-17,2
C001705__TARJETA_CREDITO,C001705,Tarjeta de Crédito,Deuda,0.00,False,False,False,1800.00,2027-12-07,Activo,2025-02-10,2026-04-14,12
C001706__CREDITO_HIPOTECARIO,C001706,Crédito Hipotecario,Deuda,106183.62,False,False,False,,2031-03-01,Activo,2025-02-06,2025-07-18,3
C001706__CTA_CORRIENTE,C001706,Cuenta Corriente,Depósito,-100.00,False,True,False,,,Activo,2025-11-04,2026-05-12,2
C001707__CTA_AHORROS,C001707,Cuenta de Ahorros,Depósito,1062.82,False,False,False,,,Activo,2025-10-09,2026-05-19,4
C001708__CREDITO_HIPOTECARIO,C001708,Crédito Hipotecario,Deuda,47071.43,False,False,False,,2031-11-28,Activo,2025-03-27,2025-11-11,3
C001708__CTA_AHORROS,C001708,Cuenta de Ahorros,Depósito,3627.54,False,False,False,,,Activo,2025-09-24,2026-02-09,2
C001709__CREDITO_VEHICULAR,C001709,Crédito Vehicular,Deuda,21648.97,False,False,False,,2029-12-11,Activo,2026-02-20,2026-02-20,1
C001709__TARJETA_CREDITO,C001709,Tarjeta de Crédito,Deuda,1481.39,False,False,False,3300.00,2027-02-01,Activo,2025-03-27,2026-08-12,9
C001710__CREDITO_VEHICULAR,C001710,Crédito Vehicular,Deuda,10571.49,False,False,False,,2029-11-06,Activo,2026-01-06,2026-01-24,2
C001710__TARJETA_CREDITO,C001710,Tarjeta de Crédito,Deuda,463.85,False,False,False,2300.00,2028-12-06,Activo,2025-02-05,2026-06-02,10
C001711__CREDITO_CONSUMO,C001711,Crédito de Consumo,Deuda,20217.16,False,False,False,,2028-08-23,Activo,2025-05-22,2025-05-22,1
C001711__TARJETA_CREDITO,C001711,Tarjeta de Crédito,Deuda,1072.58,False,False,False,7100.00,2029-01-30,Activo,2025-03-03,2025-12-18,9
C001712__CREDITO_VEHICULAR,C001712,Crédito Vehicular,Deuda,27861.94,False,False,False,,2030-05-08,Activo,2025-07-15,2026-02-18,3
C001712__CTA_CORRIENTE,C001712,Cuenta Corriente,Depósito,10471.41,False,False,False,,,Activo,2025-05-31,2026-06-02,3
C001712__TARJETA_CREDITO,C001712,Tarjeta de Crédito,Deuda,1044.72,False,False,False,6600.00,2027-12-24,Activo,2025-01-02,2026-07-09,12
C001713__CREDITO_VEHICULAR,C001713,Crédito Vehicular,Deuda,12724.67,False,False,False,,2031-02-16,Activo,2026-05-06,2026-05-20,2
C001713__CREDITO_CONSUMO,C001713,Crédito de Consumo,Deuda,31277.70,False,False,True,,2032-08-22,Activo,2025-04-19,2025-10-04,3
C001713__TARJETA_CREDITO,C001713,Tarjeta de Crédito,Deuda,4912.96,False,False,True,12300.00,2027-03-10,Activo,2025-05-07,2026-08-18,11
C001714__CREDITO_CONSUMO,C001714,Crédito de Consumo,Deuda,4276.04,False,False,False,,2029-05-10,Activo,2025-02-06,2026-08-27,3
C001714__TARJETA_CREDITO,C001714,Tarjeta de Crédito,Deuda,1095.77,False,False,False,2100.00,2029-01-11,Activo,2025-01-26,2026-04-17,4
C001715__CTA_CORRIENTE,C001715,Cuenta Corriente,Depósito,2616.62,False,False,False,,,Activo,2026-03-02,2026-08-23,4
C001715__TARJETA_CREDITO,C001715,Tarjeta de Crédito,Deuda,412.87,False,False,False,1000.00,2027-08-13,Activo,2025-01-25,2026-07-31,14
C001716__CREDITO_VEHICULAR,C001716,Crédito Vehicular,Deuda,22243.78,False,False,False,,2030-08-24,Activo,2025-07-14,2025-07-14,1
C001716__TARJETA_CREDITO,C001716,Tarjeta de Crédito,Deuda,156.12,False,False,False,1600.00,2026-11-26,Activo,2025-07-12,2026-08-16,5
C001717__CREDITO_VEHICULAR,C001717,Crédito Vehicular,Deuda,9648.81,False,False,False,,2027-07-23,Activo,2026-06-01,2026-06-01,1
C001717__CTA_AHORROS,C001717,Cuenta de Ahorros,Depósito,30737.97,False,False,True,,,Activo,2025-06-28,2026-04-04,4
C001717__TARJETA_CREDITO,C001717,Tarjeta de Crédito,Deuda,3149.00,False,False,False,14600.00,2028-10-19,Activo,2025-04-26,2026-04-28,9
C001718__CREDITO_VEHICULAR,C001718,Crédito Vehicular,Deuda,9529.75,False,False,False,,2027-07-05,Activo,2025-03-09,2025-11-20,3
C001718__TARJETA_CREDITO,C001718,Tarjeta de Crédito,Deuda,499.16,False,False,False,1300.00,2030-03-08,Activo,2025-03-05,2026-08-29,13
C001719__CREDITO_CONSUMO,C001719,Crédito de Consumo,Deuda,2103.21,False,False,False,,2027-12-17,Activo,2025-11-10,2026-06-28,2
C001719__TARJETA_CREDITO,C001719,Tarjeta de Crédito,Deuda,290.64,False,False,False,2000.00,2028-01-26,Activo,2025-01-03,2026-06-09,12
C001720__CTA_AHORROS,C001720,Cuenta de Ahorros,Depósito,5404.26,False,False,False,,,Activo,2026-01-18,2026-01-18,1
C001721__CREDITO_VEHICULAR,C001721,Crédito Vehicular,Deuda,27401.45,False,False,False,,2029-09-17,Activo,2025-08-10,2025-08-10,1
C001721__CREDITO_CONSUMO,C001721,Crédito de Consumo,Deuda,14915.24,False,False,False,,2030-01-22,Activo,2026-05-11,2026-05-11,1
C001721__TARJETA_CREDITO,C001721,Tarjeta de Crédito,Deuda,4605.70,False,False,True,15800.00,2027-09-16,Activo,2025-02-02,2026-02-05,5
C001722__CREDITO_HIPOTECARIO,C001722,Crédito Hipotecario,Deuda,100589.64,False,False,False,,2030-05-14,Activo,2026-08-23,2026-08-23,1
C001722__CREDITO_CONSUMO,C001722,Crédito de Consumo,Deuda,5076.13,False,False,False,,2031-11-28,Activo,2025-11-27,2026-08-01,3
C001722__TARJETA_CREDITO,C001722,Tarjeta de Crédito,Deuda,429.33,False,False,False,1000.00,2026-12-07,Activo,2025-01-17,2026-07-16,12
C001723__CTA_CORRIENTE,C001723,Cuenta Corriente,Depósito,4701.05,False,False,False,,,Activo,2025-11-02,2026-07-18,3
C001723__TARJETA_CREDITO,C001723,Tarjeta de Crédito,Deuda,293.81,False,False,False,2700.00,2027-04-19,Activo,2025-04-06,2026-08-08,9
C001724__CREDITO_HIPOTECARIO,C001724,Crédito Hipotecario,Deuda,79019.49,False,False,False,,2029-02-08,Activo,2026-03-20,2026-08-15,3
C001724__CREDITO_CONSUMO,C001724,Crédito de Consumo,Deuda,6189.05,False,False,False,,2027-08-22,Activo,2025-03-10,2026-01-04,2
C001724__TARJETA_CREDITO,C001724,Tarjeta de Crédito,Deuda,492.38,False,False,False,2000.00,2027-06-23,Activo,2025-01-19,2026-05-24,6
C001725__CREDITO_HIPOTECARIO,C001725,Crédito Hipotecario,Deuda,64575.08,False,False,False,,2028-08-09,Activo,2025-06-07,2025-07-30,3
C001725__TARJETA_CREDITO,C001725,Tarjeta de Crédito,Deuda,1024.52,False,False,False,2900.00,2028-10-05,Activo,2025-02-08,2026-08-08,12
C001726__CREDITO_CONSUMO,C001726,Crédito de Consumo,Deuda,3165.23,False,False,False,,2029-03-29,Activo,2025-01-05,2026-05-19,3
C001726__CTA_AHORROS,C001726,Cuenta de Ahorros,Depósito,3059.58,False,False,False,,,Activo,2025-02-13,2025-05-29,3
C001726__TARJETA_CREDITO,C001726,Tarjeta de Crédito,Deuda,402.93,False,False,False,2300.00,2027-09-15,Activo,2025-01-02,2026-06-04,10
C001727__CREDITO_HIPOTECARIO,C001727,Crédito Hipotecario,Deuda,48147.45,False,False,False,,2028-07-10,Activo,2025-01-24,2025-01-24,1
C001727__CREDITO_CONSUMO,C001727,Crédito de Consumo,Deuda,2822.16,False,False,False,,2029-01-02,Activo,2025-01-08,2025-12-05,3
C001727__TARJETA_CREDITO,C001727,Tarjeta de Crédito,Deuda,481.58,False,False,False,1700.00,2027-03-13,Activo,2025-03-31,2026-07-27,8
C001728__CREDITO_HIPOTECARIO,C001728,Crédito Hipotecario,Deuda,91895.30,False,False,False,,2031-03-23,Activo,2025-11-30,2026-01-19,2
C001728__CREDITO_VEHICULAR,C001728,Crédito Vehicular,Deuda,14399.85,False,False,False,,2029-08-27,Activo,2025-07-02,2025-07-02,1
C001728__TARJETA_CREDITO,C001728,Tarjeta de Crédito,Deuda,256.75,False,False,False,1200.00,2026-10-26,Activo,2025-01-01,2026-05-28,8
C001729__CREDITO_CONSUMO,C001729,Crédito de Consumo,Deuda,15239.13,False,False,False,,2026-12-14,Activo,2025-07-15,2026-05-29,3
C001729__CTA_CORRIENTE,C001729,Cuenta Corriente,Depósito,6349.86,False,False,False,,,Activo,2025-01-10,2025-01-16,2
C001730__CREDITO_HIPOTECARIO,C001730,Crédito Hipotecario,Deuda,41893.26,False,False,False,,2029-01-25,Activo,2025-10-17,2026-08-30,3
C001730__TARJETA_CREDITO,C001730,Tarjeta de Crédito,Deuda,287.85,False,False,False,600.00,2028-04-23,Activo,2025-03-13,2026-05-13,12
C001731__CTA_AHORROS,C001731,Cuenta de Ahorros,Depósito,5949.16,False,False,False,,,Activo,2025-07-31,2025-07-31,1
C001731__TARJETA_CREDITO,C001731,Tarjeta de Crédito,Deuda,3728.27,False,False,True,6400.00,2026-12-31,Activo,2025-02-04,2026-08-13,10
C001732__CREDITO_HIPOTECARIO,C001732,Crédito Hipotecario,Deuda,24801.62,False,False,False,,2030-02-03,Activo,2025-02-11,2025-10-05,3
C001733__CREDITO_HIPOTECARIO,C001733,Crédito Hipotecario,Deuda,60751.24,False,False,False,,2031-04-29,Activo,2026-05-01,2026-08-26,2
C001733__CTA_CORRIENTE,C001733,Cuenta Corriente,Depósito,10952.43,False,False,False,,,Activo,2026-05-06,2026-05-06,1
C001733__CTA_AHORROS,C001733,Cuenta de Ahorros,Depósito,2234.35,False,False,False,,,Activo,2025-08-13,2026-03-13,2
C001733__TARJETA_CREDITO,C001733,Tarjeta de Crédito,Deuda,2835.98,False,False,False,10200.00,2029-07-26,Activo,2025-06-13,2026-06-30,4
C001734__CREDITO_CONSUMO,C001734,Crédito de Consumo,Deuda,23768.65,False,False,False,,2029-01-01,Activo,2026-04-04,2026-04-20,2
C001734__TARJETA_CREDITO,C001734,Tarjeta de Crédito,Deuda,2076.08,False,False,False,3500.00,2029-05-14,Activo,2025-02-11,2026-07-15,10
C001735__CTA_AHORROS,C001735,Cuenta de Ahorros,Depósito,378.59,False,False,False,,,Activo,2025-10-20,2025-10-20,1
C001736__CREDITO_HIPOTECARIO,C001736,Crédito Hipotecario,Deuda,57444.50,False,False,False,,2030-01-17,Activo,2026-06-05,2026-06-05,1
C001736__TARJETA_CREDITO,C001736,Tarjeta de Crédito,Deuda,645.48,False,False,False,3600.00,2028-07-05,Activo,2025-08-11,2026-08-09,5
C001737__CREDITO_HIPOTECARIO,C001737,Crédito Hipotecario,Deuda,78006.50,False,False,False,,2031-03-18,Activo,2025-07-25,2026-04-28,3
C001737__CREDITO_CONSUMO,C001737,Crédito de Consumo,Deuda,5203.46,False,False,False,,2032-04-13,Activo,2025-01-07,2026-04-21,3
C001737__TARJETA_CREDITO,C001737,Tarjeta de Crédito,Deuda,6292.50,False,False,True,15400.00,2027-01-10,Activo,2025-01-08,2026-08-28,13
C001738__CREDITO_HIPOTECARIO,C001738,Crédito Hipotecario,Deuda,62161.80,False,False,False,,2030-09-12,Activo,2025-06-08,2026-08-13,3
C001738__CTA_CORRIENTE,C001738,Cuenta Corriente,Depósito,1879.59,False,False,False,,,Activo,2026-08-16,2026-08-27,2
C001738__TARJETA_CREDITO,C001738,Tarjeta de Crédito,Deuda,650.21,False,False,False,1800.00,2028-05-25,Activo,2025-01-26,2026-08-27,11
C001739__CREDITO_HIPOTECARIO,C001739,Crédito Hipotecario,Deuda,74287.95,False,False,False,,2028-09-30,Activo,2025-02-12,2025-06-20,2
C001739__CREDITO_CONSUMO,C001739,Crédito de Consumo,Deuda,7394.95,False,False,False,,2027-10-18,Activo,2025-02-16,2025-03-08,2
C001740__CREDITO_HIPOTECARIO,C001740,Crédito Hipotecario,Deuda,27157.22,False,False,False,,2028-03-15,Activo,2025-03-28,2026-07-04,3
C001740__TARJETA_CREDITO,C001740,Tarjeta de Crédito,Deuda,457.54,False,False,False,10000.00,2030-05-31,Activo,2025-01-11,2026-03-27,5
C001741__CTA_CORRIENTE,C001741,Cuenta Corriente,Depósito,3521.84,False,False,False,,,Activo,2026-04-26,2026-04-26,1
C001741__TARJETA_CREDITO,C001741,Tarjeta de Crédito,Deuda,1189.84,False,False,False,2500.00,2028-08-27,Activo,2025-03-30,2026-05-30,9
C001742__TARJETA_CREDITO,C001742,Tarjeta de Crédito,Deuda,379.42,False,False,False,1700.00,2028-05-26,Activo,2025-03-09,2026-08-04,5
C001743__CREDITO_HIPOTECARIO,C001743,Crédito Hipotecario,Deuda,106377.30,False,False,False,,2029-06-16,Activo,2026-03-03,2026-03-03,1
C001743__CTA_AHORROS,C001743,Cuenta de Ahorros,Depósito,8419.67,False,False,False,,,Activo,2025-03-14,2026-08-17,3
C001744__CREDITO_VEHICULAR,C001744,Crédito Vehicular,Deuda,13278.25,False,False,False,,2030-07-06,Activo,2025-09-01,2025-09-01,1
C001744__CREDITO_CONSUMO,C001744,Crédito de Consumo,Deuda,1414.06,False,False,False,,2027-09-29,Activo,2025-10-26,2026-08-15,3
C001744__TARJETA_CREDITO,C001744,Tarjeta de Crédito,Deuda,598.89,False,False,False,1300.00,2028-01-26,Activo,2025-04-05,2026-06-09,4
C001745__TARJETA_CREDITO,C001745,Tarjeta de Crédito,Deuda,258.38,False,False,False,700.00,2026-09-22,Activo,2025-01-01,2026-07-25,9
C001746__CREDITO_VEHICULAR,C001746,Crédito Vehicular,Deuda,7575.28,False,False,False,,2027-05-27,Activo,2025-04-12,2025-11-23,3
C001746__TARJETA_CREDITO,C001746,Tarjeta de Crédito,Deuda,1100.54,False,False,False,2500.00,2027-09-05,Activo,2025-02-06,2026-03-27,4
C001747__TARJETA_CREDITO,C001747,Tarjeta de Crédito,Deuda,706.26,False,False,False,2000.00,2027-12-25,Activo,2025-10-02,2026-07-16,7
C001748__CTA_AHORROS,C001748,Cuenta de Ahorros,Depósito,1623.21,False,False,False,,,Activo,2025-01-23,2025-05-24,2
C001749__CREDITO_VEHICULAR,C001749,Crédito Vehicular,Deuda,7040.12,False,False,False,,2027-07-20,Activo,2025-02-06,2025-02-06,1
C001749__CTA_CORRIENTE,C001749,Cuenta Corriente,Depósito,8105.35,False,False,False,,,Activo,2025-04-24,2026-06-27,4
C001749__TARJETA_CREDITO,C001749,Tarjeta de Crédito,Deuda,2248.56,False,False,False,6200.00,2026-11-30,Activo,2025-03-05,2026-04-26,4
C001750__CREDITO_HIPOTECARIO,C001750,Crédito Hipotecario,Deuda,49059.68,False,False,False,,2029-09-21,Activo,2025-09-11,2025-09-12,2
C001750__TARJETA_CREDITO,C001750,Tarjeta de Crédito,Deuda,595.06,False,False,False,1800.00,2026-11-13,Activo,2025-04-26,2026-07-05,13
C001751__CREDITO_VEHICULAR,C001751,Crédito Vehicular,Deuda,14425.01,False,False,False,,2029-03-13,Activo,2025-07-24,2026-07-15,3
C001752__TARJETA_CREDITO,C001752,Tarjeta de Crédito,Deuda,1037.87,False,False,False,5200.00,2030-04-07,Activo,2025-04-09,2026-05-19,10
C001753__CTA_AHORROS,C001753,Cuenta de Ahorros,Depósito,-100.00,False,True,False,,,Activo,2025-09-15,2025-10-13,2
C001754__CREDITO_VEHICULAR,C001754,Crédito Vehicular,Deuda,12121.15,False,False,False,,2031-09-04,Activo,2025-02-14,2026-06-10,3
C001754__TARJETA_CREDITO,C001754,Tarjeta de Crédito,Deuda,691.98,False,False,False,1700.00,2030-02-20,Activo,2025-02-11,2026-07-04,10
C001755__CREDITO_HIPOTECARIO,C001755,Crédito Hipotecario,Deuda,73760.78,False,False,False,,2030-10-06,Activo,2025-04-08,2026-08-23,3
C001755__CREDITO_VEHICULAR,C001755,Crédito Vehicular,Deuda,14729.04,False,False,False,,2032-05-18,Activo,2025-02-14,2025-02-14,1
C001755__CTA_CORRIENTE,C001755,Cuenta Corriente,Depósito,8998.83,False,False,False,,,Activo,2025-01-17,2025-11-29,4
C001755__TARJETA_CREDITO,C001755,Tarjeta de Crédito,Deuda,1680.75,False,False,False,4800.00,2029-11-23,Activo,2025-02-16,2026-05-12,11
C001756__CREDITO_HIPOTECARIO,C001756,Crédito Hipotecario,Deuda,33477.09,False,False,False,,2030-12-03,Activo,2026-02-11,2026-05-06,3
C001757__CREDITO_HIPOTECARIO,C001757,Crédito Hipotecario,Deuda,33296.17,False,False,False,,2032-04-05,Activo,2025-09-17,2025-09-17,1
C001757__CTA_CORRIENTE,C001757,Cuenta Corriente,Depósito,3728.01,False,False,False,,,Activo,2025-01-15,2025-01-15,1
C001757__CTA_AHORROS,C001757,Cuenta de Ahorros,Depósito,11379.47,False,False,False,,,Activo,2026-01-02,2026-01-02,1
C001758__CREDITO_HIPOTECARIO,C001758,Crédito Hipotecario,Deuda,67894.14,False,False,False,,2028-05-03,Activo,2025-09-05,2026-07-02,3
C001758__CREDITO_CONSUMO,C001758,Crédito de Consumo,Deuda,5703.27,False,False,False,,2026-10-31,Activo,2025-03-25,2026-03-18,3
C001758__CTA_AHORROS,C001758,Cuenta de Ahorros,Depósito,1772.70,False,False,False,,,Activo,2025-01-20,2026-03-08,3
C001758__TARJETA_CREDITO,C001758,Tarjeta de Crédito,Deuda,1588.28,False,False,False,3800.00,2028-06-15,Activo,2025-03-09,2026-08-27,8
C001759__CREDITO_VEHICULAR,C001759,Crédito Vehicular,Deuda,15571.53,False,False,False,,2032-07-14,Activo,2025-06-14,2026-04-26,3
C001759__CREDITO_CONSUMO,C001759,Crédito de Consumo,Deuda,19953.44,False,False,False,,2030-11-30,Activo,2025-05-21,2025-05-21,1
C001759__TARJETA_CREDITO,C001759,Tarjeta de Crédito,Deuda,2001.95,False,False,False,4300.00,2029-08-16,Activo,2025-03-02,2026-08-01,8
C001760__CTA_AHORROS,C001760,Cuenta de Ahorros,Depósito,8318.77,False,False,False,,,Activo,2025-02-09,2025-12-09,4
C001760__TARJETA_CREDITO,C001760,Tarjeta de Crédito,Deuda,3010.08,False,False,False,6900.00,2028-03-17,Activo,2025-04-06,2026-08-27,9
C001761__TARJETA_CREDITO,C001761,Tarjeta de Crédito,Deuda,144.95,False,False,False,1200.00,2026-09-20,Activo,2025-01-11,2026-06-11,10
C001762__CREDITO_VEHICULAR,C001762,Crédito Vehicular,Deuda,25862.09,False,False,False,,2032-07-20,Activo,2025-07-07,2025-08-12,2
C001762__CTA_AHORROS,C001762,Cuenta de Ahorros,Depósito,2032.39,False,False,False,,,Activo,2025-01-26,2025-11-25,4
C001762__TARJETA_CREDITO,C001762,Tarjeta de Crédito,Deuda,570.19,False,False,False,2500.00,2029-02-17,Activo,2025-01-17,2026-07-28,10
C001763__CREDITO_HIPOTECARIO,C001763,Crédito Hipotecario,Deuda,36365.55,False,False,False,,2032-09-04,Activo,2025-02-10,2025-12-31,2
C001763__CREDITO_CONSUMO,C001763,Crédito de Consumo,Deuda,19806.38,False,False,False,,2028-04-25,Activo,2025-05-23,2025-05-23,1
C001763__TARJETA_CREDITO,C001763,Tarjeta de Crédito,Deuda,2616.17,False,False,False,8600.00,2030-02-18,Activo,2025-02-02,2026-02-28,11
C001764__CREDITO_CONSUMO,C001764,Crédito de Consumo,Deuda,5568.11,False,False,False,,2028-02-23,Activo,2025-03-12,2025-03-12,1
C001765__CREDITO_CONSUMO,C001765,Crédito de Consumo,Deuda,5931.44,False,False,False,,2030-06-16,Activo,2025-06-28,2026-02-10,3
C001765__CTA_CORRIENTE,C001765,Cuenta Corriente,Depósito,6587.63,False,False,False,,,Activo,2025-02-02,2026-05-19,3
C001766__CREDITO_HIPOTECARIO,C001766,Crédito Hipotecario,Deuda,72744.99,False,False,False,,2029-01-21,Activo,2025-12-13,2025-12-13,1
C001766__TARJETA_CREDITO,C001766,Tarjeta de Crédito,Deuda,316.91,False,False,False,1100.00,2029-04-19,Activo,2025-01-23,2026-08-09,8
C001767__CREDITO_HIPOTECARIO,C001767,Crédito Hipotecario,Deuda,102146.84,False,False,False,,2029-06-22,Activo,2025-03-07,2025-08-10,3
C001767__TARJETA_CREDITO,C001767,Tarjeta de Crédito,Deuda,318.40,False,False,False,6400.00,2029-10-12,Activo,2025-01-12,2026-08-16,9
C001768__CREDITO_HIPOTECARIO,C001768,Crédito Hipotecario,Deuda,123257.78,False,False,False,,2032-08-07,Activo,2025-12-27,2026-03-20,3
C001768__CREDITO_VEHICULAR,C001768,Crédito Vehicular,Deuda,17793.15,False,False,False,,2028-12-25,Activo,2026-04-13,2026-04-13,1
C001768__TARJETA_CREDITO,C001768,Tarjeta de Crédito,Deuda,413.54,False,False,False,1700.00,2027-01-13,Activo,2025-01-09,2026-07-16,9
C001769__CREDITO_VEHICULAR,C001769,Crédito Vehicular,Deuda,20082.80,False,False,False,,2028-04-24,Activo,2025-06-15,2025-06-15,1
C001769__CREDITO_CONSUMO,C001769,Crédito de Consumo,Deuda,18456.16,False,False,False,,2030-10-02,Activo,2025-05-06,2025-05-12,2
C001769__TARJETA_CREDITO,C001769,Tarjeta de Crédito,Deuda,0.00,False,False,False,14300.00,2029-06-19,Activo,2025-01-22,2026-05-18,13
C001770__CREDITO_HIPOTECARIO,C001770,Crédito Hipotecario,Deuda,129010.96,False,False,False,,2030-05-30,Activo,2025-02-01,2026-01-11,2
C001770__CREDITO_CONSUMO,C001770,Crédito de Consumo,Deuda,11939.70,False,False,False,,2032-07-16,Activo,2025-08-15,2026-08-18,3
C001770__CTA_CORRIENTE,C001770,Cuenta Corriente,Depósito,4639.59,False,False,False,,,Activo,2025-10-11,2025-10-11,1
C001770__TARJETA_CREDITO,C001770,Tarjeta de Crédito,Deuda,2459.85,False,False,False,4300.00,2030-10-05,Activo,2025-05-08,2026-04-18,7
C001771__CREDITO_CONSUMO,C001771,Crédito de Consumo,Deuda,2604.65,False,False,False,,2030-10-18,Activo,2025-05-18,2026-08-04,3
C001771__TARJETA_CREDITO,C001771,Tarjeta de Crédito,Deuda,1791.64,False,False,False,2500.00,2027-05-19,Activo,2025-03-04,2026-07-21,8
C001772__CREDITO_HIPOTECARIO,C001772,Crédito Hipotecario,Deuda,112627.07,False,False,False,,2031-02-17,Activo,2026-08-17,2026-08-17,1
C001772__CTA_CORRIENTE,C001772,Cuenta Corriente,Depósito,2252.56,False,False,False,,,Activo,2025-07-24,2025-07-24,1
C001772__CTA_AHORROS,C001772,Cuenta de Ahorros,Depósito,3308.86,False,False,False,,,Activo,2025-06-12,2025-09-28,2
C001772__TARJETA_CREDITO,C001772,Tarjeta de Crédito,Deuda,640.76,False,False,False,2000.00,2029-10-19,Activo,2025-04-24,2026-08-22,7
C001773__CREDITO_HIPOTECARIO,C001773,Crédito Hipotecario,Deuda,62274.53,False,False,False,,2031-06-09,Activo,2025-04-07,2026-07-11,3
C001773__CTA_CORRIENTE,C001773,Cuenta Corriente,Depósito,10376.51,False,False,False,,,Activo,2025-11-30,2026-08-22,2
C001773__TARJETA_CREDITO,C001773,Tarjeta de Crédito,Deuda,3582.99,False,False,True,6800.00,2029-09-25,Activo,2025-03-10,2026-05-04,6
C001774__CTA_AHORROS,C001774,Cuenta de Ahorros,Depósito,1033.55,False,False,False,,,Activo,2025-04-12,2026-01-30,4
C001774__TARJETA_CREDITO,C001774,Tarjeta de Crédito,Deuda,474.36,False,False,False,1900.00,2028-09-11,Activo,2025-01-18,2026-05-23,13
C001775__CTA_CORRIENTE,C001775,Cuenta Corriente,Depósito,12957.25,False,False,False,,,Activo,2025-05-17,2026-04-25,4
C001775__TARJETA_CREDITO,C001775,Tarjeta de Crédito,Deuda,4362.27,False,False,True,6900.00,2028-08-13,Activo,2025-03-08,2026-08-28,13
C001776__CREDITO_VEHICULAR,C001776,Crédito Vehicular,Deuda,20825.83,False,False,False,,2031-02-07,Activo,2025-09-07,2025-09-12,2
C001776__TARJETA_CREDITO,C001776,Tarjeta de Crédito,Deuda,0.00,False,False,False,900.00,2027-08-25,Activo,2025-01-29,2026-06-09,9
C001777__CREDITO_VEHICULAR,C001777,Crédito Vehicular,Deuda,14858.03,False,False,False,,2028-11-04,Activo,2026-06-04,2026-06-04,1
C001778__TARJETA_CREDITO,C001778,Tarjeta de Crédito,Deuda,605.26,False,False,False,1400.00,2027-09-08,Activo,2025-04-29,2026-08-28,11
C001779__CREDITO_VEHICULAR,C001779,Crédito Vehicular,Deuda,24067.93,False,False,False,,2028-11-29,Activo,2026-01-12,2026-01-12,1
C001779__TARJETA_CREDITO,C001779,Tarjeta de Crédito,Deuda,1687.63,False,False,False,4300.00,2027-08-05,Activo,2025-02-19,2026-08-16,8
C001780__CREDITO_CONSUMO,C001780,Crédito de Consumo,Deuda,3232.37,False,False,False,,2032-04-26,Activo,2026-06-04,2026-06-04,1
C001780__TARJETA_CREDITO,C001780,Tarjeta de Crédito,Deuda,2240.35,False,False,False,7100.00,2029-12-07,Activo,2025-01-21,2026-06-13,13
C001781__CREDITO_CONSUMO,C001781,Crédito de Consumo,Deuda,17639.78,False,False,False,,2032-05-25,Activo,2025-08-04,2026-06-13,3
C001781__CTA_CORRIENTE,C001781,Cuenta Corriente,Depósito,-100.00,False,True,False,,,Activo,2026-02-09,2026-04-04,2
C001781__CTA_AHORROS,C001781,Cuenta de Ahorros,Depósito,7432.03,False,False,False,,,Activo,2025-01-08,2025-01-08,1
C001781__TARJETA_CREDITO,C001781,Tarjeta de Crédito,Deuda,2281.94,False,False,False,5600.00,2029-06-28,Activo,2025-02-24,2026-08-27,12
C001782__CREDITO_VEHICULAR,C001782,Crédito Vehicular,Deuda,15420.51,False,False,False,,2030-01-17,Activo,2025-08-13,2025-08-13,1
C001782__CREDITO_CONSUMO,C001782,Crédito de Consumo,Deuda,22627.01,False,False,False,,2032-05-04,Activo,2026-05-09,2026-07-14,3
C001782__TARJETA_CREDITO,C001782,Tarjeta de Crédito,Deuda,1249.32,False,False,False,6000.00,2029-08-05,Activo,2025-04-03,2026-07-29,8
C001783__CREDITO_CONSUMO,C001783,Crédito de Consumo,Deuda,6355.46,False,False,False,,2031-12-04,Activo,2025-06-28,2025-06-28,1
C001783__TARJETA_CREDITO,C001783,Tarjeta de Crédito,Deuda,51.34,False,False,False,1700.00,2027-02-14,Activo,2025-08-25,2026-04-26,11
C001784__CREDITO_HIPOTECARIO,C001784,Crédito Hipotecario,Deuda,102661.06,False,False,False,,2030-11-08,Activo,2026-05-10,2026-05-10,1
C001784__TARJETA_CREDITO,C001784,Tarjeta de Crédito,Deuda,484.23,False,False,False,900.00,2026-12-31,Activo,2025-07-16,2026-06-15,6
C001785__CREDITO_CONSUMO,C001785,Crédito de Consumo,Deuda,4575.70,False,False,False,,2032-03-05,Activo,2025-03-12,2025-04-13,3
C001785__CTA_CORRIENTE,C001785,Cuenta Corriente,Depósito,3205.00,False,False,False,,,Activo,2025-01-25,2025-01-25,1
C001786__CREDITO_VEHICULAR,C001786,Crédito Vehicular,Deuda,11819.94,False,False,False,,2027-08-20,Activo,2026-02-11,2026-08-07,3
C001786__TARJETA_CREDITO,C001786,Tarjeta de Crédito,Deuda,0.00,False,False,False,1800.00,2027-06-09,Activo,2025-02-28,2026-07-03,4
C001787__CREDITO_HIPOTECARIO,C001787,Crédito Hipotecario,Deuda,29662.60,False,False,False,,2029-02-04,Activo,2025-11-14,2026-01-29,2
C001787__TARJETA_CREDITO,C001787,Tarjeta de Crédito,Deuda,0.00,False,False,False,3300.00,2028-09-27,Activo,2025-01-22,2026-06-17,8
C001788__CTA_CORRIENTE,C001788,Cuenta Corriente,Depósito,809.39,False,False,False,,,Activo,2025-06-12,2025-12-27,3
C001788__TARJETA_CREDITO,C001788,Tarjeta de Crédito,Deuda,598.30,False,False,False,1200.00,2030-08-04,Activo,2025-05-01,2026-02-23,7
C001789__CREDITO_CONSUMO,C001789,Crédito de Consumo,Deuda,27262.40,False,False,False,,2029-05-12,Activo,2026-07-20,2026-07-20,1
C001789__CTA_AHORROS,C001789,Cuenta de Ahorros,Depósito,15995.19,False,False,True,,,Activo,2025-10-06,2026-06-05,2
C001789__TARJETA_CREDITO,C001789,Tarjeta de Crédito,Deuda,1044.94,False,False,False,4500.00,2028-02-17,Activo,2025-02-24,2026-02-22,7
C001790__CREDITO_HIPOTECARIO,C001790,Crédito Hipotecario,Deuda,91639.01,False,False,False,,2032-08-08,Activo,2026-06-01,2026-06-16,2
C001790__CREDITO_CONSUMO,C001790,Crédito de Consumo,Deuda,15242.95,False,False,False,,2028-08-16,Activo,2025-06-29,2025-06-29,1
C001790__TARJETA_CREDITO,C001790,Tarjeta de Crédito,Deuda,218.64,False,False,False,2600.00,2029-03-08,Activo,2025-01-02,2026-08-02,6
C001791__TARJETA_CREDITO,C001791,Tarjeta de Crédito,Deuda,576.91,False,False,False,2500.00,2027-06-13,Activo,2025-05-02,2026-07-21,9
C001792__CREDITO_HIPOTECARIO,C001792,Crédito Hipotecario,Deuda,64826.05,False,False,False,,2031-08-23,Activo,2025-11-16,2026-02-27,2
C001792__CREDITO_CONSUMO,C001792,Crédito de Consumo,Deuda,5835.11,False,False,False,,2028-09-24,Activo,2025-05-27,2025-08-21,2
C001792__CTA_AHORROS,C001792,Cuenta de Ahorros,Depósito,-100.00,False,True,False,,,Activo,2026-06-12,2026-06-12,1
C001792__TARJETA_CREDITO,C001792,Tarjeta de Crédito,Deuda,2144.97,False,False,False,3400.00,2026-11-25,Activo,2025-03-05,2026-08-30,12
C001793__CTA_AHORROS,C001793,Cuenta de Ahorros,Depósito,2031.09,False,False,False,,,Activo,2026-06-20,2026-06-20,1
C001793__TARJETA_CREDITO,C001793,Tarjeta de Crédito,Deuda,79.01,False,False,False,700.00,2030-05-11,Activo,2025-08-13,2026-08-06,12
C001794__CREDITO_CONSUMO,C001794,Crédito de Consumo,Deuda,4979.56,False,False,False,,2030-05-08,Activo,2025-04-09,2025-04-09,1
C001794__CTA_CORRIENTE,C001794,Cuenta Corriente,Depósito,1638.34,False,False,False,,,Activo,2025-08-26,2026-05-19,3
C001794__TARJETA_CREDITO,C001794,Tarjeta de Crédito,Deuda,427.53,False,False,False,1600.00,2028-09-03,Activo,2025-03-20,2026-07-04,7
C001795__CTA_AHORROS,C001795,Cuenta de Ahorros,Depósito,3296.93,False,False,False,,,Activo,2025-11-25,2025-11-25,1
C001795__TARJETA_CREDITO,C001795,Tarjeta de Crédito,Deuda,1507.28,False,False,False,2900.00,2029-12-14,Activo,2025-08-08,2026-05-09,7
C001796__CREDITO_CONSUMO,C001796,Crédito de Consumo,Deuda,2525.62,False,False,False,,2031-01-02,Activo,2026-04-08,2026-04-08,1
C001796__CTA_AHORROS,C001796,Cuenta de Ahorros,Depósito,2939.44,False,False,False,,,Activo,2025-01-15,2026-06-07,2
C001797__CREDITO_CONSUMO,C001797,Crédito de Consumo,Deuda,2439.33,False,False,False,,2027-10-29,Activo,2025-09-27,2026-07-30,3
C001797__CTA_CORRIENTE,C001797,Cuenta Corriente,Depósito,1216.22,False,False,False,,,Activo,2025-03-14,2026-06-21,4
C001797__TARJETA_CREDITO,C001797,Tarjeta de Crédito,Deuda,687.48,False,False,False,1100.00,2029-01-21,Activo,2025-01-15,2026-08-03,10
C001798__CREDITO_CONSUMO,C001798,Crédito de Consumo,Deuda,2422.54,False,False,False,,2031-11-15,Activo,2025-07-25,2026-02-02,3
C001798__TARJETA_CREDITO,C001798,Tarjeta de Crédito,Deuda,303.48,False,False,False,1200.00,2030-08-05,Activo,2025-02-05,2026-06-01,5
C001799__CTA_CORRIENTE,C001799,Cuenta Corriente,Depósito,2123.10,False,False,False,,,Activo,2025-12-04,2026-07-01,2
C001799__CTA_AHORROS,C001799,Cuenta de Ahorros,Depósito,2154.17,False,False,False,,,Activo,2025-07-04,2026-03-24,4
C001800__CREDITO_VEHICULAR,C001800,Crédito Vehicular,Deuda,15928.31,False,False,False,,2032-02-16,Activo,2026-05-09,2026-05-09,1
C001801__CREDITO_VEHICULAR,C001801,Crédito Vehicular,Deuda,28353.53,False,False,False,,2032-03-16,Activo,2025-01-20,2026-01-22,3
C001802__CREDITO_VEHICULAR,C001802,Crédito Vehicular,Deuda,22933.78,False,False,False,,2030-10-15,Activo,2025-06-22,2026-07-02,3
C001803__CREDITO_HIPOTECARIO,C001803,Crédito Hipotecario,Deuda,81813.03,False,False,False,,2028-02-27,Activo,2025-06-05,2026-05-21,2
C001803__CREDITO_CONSUMO,C001803,Crédito de Consumo,Deuda,19677.27,False,False,False,,2029-03-20,Activo,2026-01-13,2026-01-13,1
C001803__CTA_AHORROS,C001803,Cuenta de Ahorros,Depósito,5595.58,False,False,False,,,Activo,2025-01-16,2026-08-25,2
C001804__CREDITO_VEHICULAR,C001804,Crédito Vehicular,Deuda,15660.90,False,False,False,,2027-04-16,Activo,2025-03-03,2025-08-02,2
C001804__CTA_CORRIENTE,C001804,Cuenta Corriente,Depósito,7041.33,False,False,False,,,Activo,2026-06-17,2026-06-17,1
C001804__TARJETA_CREDITO,C001804,Tarjeta de Crédito,Deuda,2422.53,False,False,False,6300.00,2028-11-29,Activo,2025-04-08,2026-05-30,8
C001805__CTA_AHORROS,C001805,Cuenta de Ahorros,Depósito,4915.25,False,False,False,,,Activo,2025-06-10,2025-06-10,1
C001805__TARJETA_CREDITO,C001805,Tarjeta de Crédito,Deuda,1385.03,False,False,False,3500.00,2030-02-01,Activo,2025-03-08,2026-08-21,12
C001806__CREDITO_VEHICULAR,C001806,Crédito Vehicular,Deuda,20436.78,False,False,False,,2030-08-12,Activo,2026-02-02,2026-04-01,2
C001806__CREDITO_CONSUMO,C001806,Crédito de Consumo,Deuda,4240.40,False,False,False,,2029-05-17,Activo,2026-05-06,2026-06-01,2
C001806__CTA_CORRIENTE,C001806,Cuenta Corriente,Depósito,1068.85,False,False,False,,,Activo,2025-04-26,2026-08-03,3
C001807__CREDITO_HIPOTECARIO,C001807,Crédito Hipotecario,Deuda,44076.86,False,False,False,,2030-07-07,Activo,2025-04-03,2026-03-04,2
C001807__TARJETA_CREDITO,C001807,Tarjeta de Crédito,Deuda,699.99,False,False,False,1400.00,2030-01-28,Activo,2025-04-03,2026-04-27,5
C001808__CREDITO_VEHICULAR,C001808,Crédito Vehicular,Deuda,13522.82,False,False,False,,2028-04-07,Activo,2025-07-13,2026-04-08,3
C001808__CTA_AHORROS,C001808,Cuenta de Ahorros,Depósito,19154.02,False,False,True,,,Activo,2025-02-21,2026-04-15,4
C001808__TARJETA_CREDITO,C001808,Tarjeta de Crédito,Deuda,1375.77,False,False,False,4400.00,2029-12-07,Activo,2025-03-13,2026-07-25,7
C001809__CREDITO_VEHICULAR,C001809,Crédito Vehicular,Deuda,35327.09,False,False,True,,2028-01-02,Activo,2025-05-14,2025-07-06,2
C001809__CTA_AHORROS,C001809,Cuenta de Ahorros,Depósito,1278.79,False,False,False,,,Activo,2025-03-29,2025-03-29,1
C001809__TARJETA_CREDITO,C001809,Tarjeta de Crédito,Deuda,742.11,False,False,False,5200.00,2028-05-07,Activo,2025-06-23,2026-07-28,5
C001810__CREDITO_VEHICULAR,C001810,Crédito Vehicular,Deuda,21928.74,False,False,False,,2028-10-17,Activo,2025-08-05,2026-08-14,2
C001810__CTA_AHORROS,C001810,Cuenta de Ahorros,Depósito,-100.00,False,True,False,,,Activo,2026-07-01,2026-08-03,4
C001810__TARJETA_CREDITO,C001810,Tarjeta de Crédito,Deuda,0.00,False,False,False,3100.00,2028-09-04,Activo,2025-02-02,2026-08-24,11
C001811__CREDITO_CONSUMO,C001811,Crédito de Consumo,Deuda,8447.41,False,False,False,,2029-05-10,Activo,2025-06-01,2026-06-08,2
C001811__TARJETA_CREDITO,C001811,Tarjeta de Crédito,Deuda,850.09,False,False,False,2600.00,2028-12-01,Activo,2025-02-02,2026-08-30,10
C001812__CREDITO_VEHICULAR,C001812,Crédito Vehicular,Deuda,16172.36,False,False,False,,2030-02-25,Activo,2026-03-31,2026-03-31,1
C001812__TARJETA_CREDITO,C001812,Tarjeta de Crédito,Deuda,205.32,False,False,False,600.00,2028-05-25,Activo,2025-04-21,2026-06-08,7
C001813__CTA_AHORROS,C001813,Cuenta de Ahorros,Depósito,-100.00,False,True,False,,,Activo,2025-02-04,2026-06-08,4
C001813__TARJETA_CREDITO,C001813,Tarjeta de Crédito,Deuda,559.85,False,False,False,2700.00,2029-06-30,Activo,2025-01-22,2026-08-29,13
C001814__CTA_CORRIENTE,C001814,Cuenta Corriente,Depósito,765.20,False,False,False,,,Activo,2025-04-15,2026-06-20,3
C001814__TARJETA_CREDITO,C001814,Tarjeta de Crédito,Deuda,533.38,False,False,False,1000.00,2027-12-09,Activo,2025-01-24,2026-05-26,14
C001815__CREDITO_HIPOTECARIO,C001815,Crédito Hipotecario,Deuda,70277.10,False,False,False,,2030-03-10,Activo,2026-02-03,2026-02-03,1
C001815__CREDITO_CONSUMO,C001815,Crédito de Consumo,Deuda,18398.90,False,False,False,,2030-07-04,Activo,2026-03-10,2026-03-10,1
C001815__CTA_CORRIENTE,C001815,Cuenta Corriente,Depósito,10909.16,False,False,False,,,Activo,2026-05-05,2026-05-05,1
C001816__CTA_CORRIENTE,C001816,Cuenta Corriente,Depósito,16391.52,False,False,True,,,Activo,2025-05-27,2025-05-27,1
C001816__TARJETA_CREDITO,C001816,Tarjeta de Crédito,Deuda,4695.56,False,False,True,5500.00,2027-03-10,Activo,2025-01-01,2026-06-23,7
C001817__CREDITO_VEHICULAR,C001817,Crédito Vehicular,Deuda,11983.49,False,False,False,,2030-04-29,Activo,2026-02-24,2026-02-24,1
C001817__TARJETA_CREDITO,C001817,Tarjeta de Crédito,Deuda,695.93,False,False,False,1900.00,2030-01-06,Activo,2025-06-10,2026-07-21,9
C001818__TARJETA_CREDITO,C001818,Tarjeta de Crédito,Deuda,270.76,False,False,False,2100.00,2028-10-19,Activo,2025-02-01,2026-07-01,9
C001819__CREDITO_VEHICULAR,C001819,Crédito Vehicular,Deuda,33732.79,False,False,False,,2026-10-03,Activo,2025-04-26,2025-04-30,2
C001819__CTA_AHORROS,C001819,Cuenta de Ahorros,Depósito,878.99,False,False,False,,,Activo,2025-09-10,2026-08-30,3
C001820__CREDITO_HIPOTECARIO,C001820,Crédito Hipotecario,Deuda,114020.73,False,False,False,,2029-07-18,Activo,2025-06-04,2025-10-11,2
C001820__CTA_CORRIENTE,C001820,Cuenta Corriente,Depósito,3230.38,False,False,False,,,Activo,2025-11-15,2025-11-15,1
C001820__CTA_AHORROS,C001820,Cuenta de Ahorros,Depósito,8986.79,False,False,False,,,Activo,2026-03-20,2026-03-20,1
C001820__TARJETA_CREDITO,C001820,Tarjeta de Crédito,Deuda,1021.52,False,False,False,5100.00,2029-08-07,Activo,2025-06-04,2026-08-25,7
C001821__CREDITO_HIPOTECARIO,C001821,Crédito Hipotecario,Deuda,99999.47,False,False,False,,2029-10-24,Activo,2025-09-24,2026-01-27,3
C001821__CREDITO_CONSUMO,C001821,Crédito de Consumo,Deuda,11155.20,False,False,False,,2030-12-20,Activo,2025-11-21,2026-05-25,2
C001822__CREDITO_VEHICULAR,C001822,Crédito Vehicular,Deuda,20204.79,False,False,False,,2027-11-01,Activo,2026-04-23,2026-06-05,2
C001822__TARJETA_CREDITO,C001822,Tarjeta de Crédito,Deuda,493.40,False,False,False,1500.00,2028-06-05,Activo,2025-03-25,2026-07-22,7
C001823__CREDITO_CONSUMO,C001823,Crédito de Consumo,Deuda,3042.41,False,False,False,,2029-01-05,Activo,2026-07-11,2026-07-11,1
C001823__TARJETA_CREDITO,C001823,Tarjeta de Crédito,Deuda,421.15,False,False,False,1000.00,2028-03-09,Activo,2025-01-03,2026-07-23,8
C001824__CREDITO_HIPOTECARIO,C001824,Crédito Hipotecario,Deuda,133958.70,False,False,False,,2028-03-23,Activo,2025-03-02,2025-12-14,3
C001824__CTA_AHORROS,C001824,Cuenta de Ahorros,Depósito,1576.29,False,False,False,,,Activo,2025-07-01,2026-02-10,4
C001824__TARJETA_CREDITO,C001824,Tarjeta de Crédito,Deuda,748.33,False,False,False,2000.00,2027-03-15,Activo,2025-06-15,2026-08-15,9
C001825__CREDITO_VEHICULAR,C001825,Crédito Vehicular,Deuda,21671.91,False,False,False,,2032-05-02,Activo,2025-03-23,2025-09-11,3
C001826__CREDITO_HIPOTECARIO,C001826,Crédito Hipotecario,Deuda,51973.43,False,False,False,,2032-06-15,Activo,2025-01-06,2026-05-28,3
C001826__CREDITO_CONSUMO,C001826,Crédito de Consumo,Deuda,7337.86,False,False,False,,2031-06-16,Activo,2025-07-21,2025-08-18,2
C001826__TARJETA_CREDITO,C001826,Tarjeta de Crédito,Deuda,1529.23,False,False,False,3400.00,2028-06-12,Activo,2025-04-12,2026-06-30,6
C001827__CREDITO_HIPOTECARIO,C001827,Crédito Hipotecario,Deuda,90007.94,False,False,False,,2027-01-22,Activo,2026-02-21,2026-02-21,1
C001827__CREDITO_VEHICULAR,C001827,Crédito Vehicular,Deuda,5492.55,False,False,False,,2030-10-13,Activo,2025-02-09,2026-08-13,3
C001827__TARJETA_CREDITO,C001827,Tarjeta de Crédito,Deuda,607.18,False,False,False,4500.00,2030-06-02,Activo,2025-06-14,2026-04-29,9
C001828__TARJETA_CREDITO,C001828,Tarjeta de Crédito,Deuda,1297.03,False,False,False,2300.00,2029-02-16,Activo,2025-01-28,2026-08-26,14
C001829__CTA_CORRIENTE,C001829,Cuenta Corriente,Depósito,2731.30,False,False,False,,,Activo,2025-01-27,2025-01-27,1
C001829__TARJETA_CREDITO,C001829,Tarjeta de Crédito,Deuda,551.48,False,False,False,2100.00,2029-11-23,Activo,2025-01-14,2026-06-16,14
C001830__CREDITO_CONSUMO,C001830,Crédito de Consumo,Deuda,2934.77,False,False,False,,2031-08-19,Activo,2025-02-17,2025-09-11,3
C001830__TARJETA_CREDITO,C001830,Tarjeta de Crédito,Deuda,581.79,False,False,False,4100.00,2027-10-08,Activo,2025-02-04,2026-07-30,7
C001831__CREDITO_VEHICULAR,C001831,Crédito Vehicular,Deuda,28183.54,False,False,False,,2031-11-16,Activo,2025-05-08,2025-05-08,1
C001831__CTA_AHORROS,C001831,Cuenta de Ahorros,Depósito,211.12,False,False,False,,,Activo,2025-02-13,2026-06-04,3
C001831__TARJETA_CREDITO,C001831,Tarjeta de Crédito,Deuda,162.11,False,False,False,600.00,2030-03-16,Activo,2025-01-27,2026-03-04,11
C001832__CREDITO_HIPOTECARIO,C001832,Crédito Hipotecario,Deuda,109352.11,False,False,False,,2030-02-19,Activo,2025-07-10,2026-07-29,3
C001832__TARJETA_CREDITO,C001832,Tarjeta de Crédito,Deuda,756.91,False,False,False,1600.00,2026-12-07,Activo,2025-03-08,2026-02-08,4
C001833__CREDITO_VEHICULAR,C001833,Crédito Vehicular,Deuda,17983.16,False,False,False,,2031-02-28,Activo,2026-02-22,2026-06-20,3
C001833__CTA_AHORROS,C001833,Cuenta de Ahorros,Depósito,30397.68,False,False,True,,,Activo,2025-11-11,2026-07-26,4
C001834__CREDITO_VEHICULAR,C001834,Crédito Vehicular,Deuda,18337.77,False,False,False,,2026-10-04,Activo,2026-02-04,2026-08-12,2
C001834__CREDITO_CONSUMO,C001834,Crédito de Consumo,Deuda,20692.68,False,False,False,,2028-07-21,Activo,2025-08-09,2025-12-10,2
C001834__CTA_AHORROS,C001834,Cuenta de Ahorros,Depósito,1261.23,False,False,False,,,Activo,2026-01-21,2026-01-21,1
C001834__TARJETA_CREDITO,C001834,Tarjeta de Crédito,Deuda,3894.65,False,False,True,7500.00,2030-01-27,Activo,2025-01-10,2026-01-21,7
C001835__CREDITO_VEHICULAR,C001835,Crédito Vehicular,Deuda,26882.80,False,False,False,,2027-02-17,Activo,2025-12-08,2025-12-08,1
C001835__CTA_AHORROS,C001835,Cuenta de Ahorros,Depósito,1208.86,False,False,False,,,Activo,2026-07-03,2026-07-03,1
C001836__TARJETA_CREDITO,C001836,Tarjeta de Crédito,Deuda,1744.10,False,False,False,3500.00,2028-09-13,Activo,2025-08-22,2026-07-31,4
C001837__CTA_CORRIENTE,C001837,Cuenta Corriente,Depósito,12813.15,False,False,False,,,Activo,2025-07-05,2026-03-07,3
C001837__CTA_AHORROS,C001837,Cuenta de Ahorros,Depósito,4899.65,False,False,False,,,Activo,2025-01-17,2026-06-09,4
C001837__TARJETA_CREDITO,C001837,Tarjeta de Crédito,Deuda,1131.03,False,False,False,3900.00,2027-11-16,Activo,2025-01-04,2026-08-23,12
C001838__CREDITO_VEHICULAR,C001838,Crédito Vehicular,Deuda,17139.39,False,False,False,,2032-07-28,Activo,2025-03-30,2026-06-20,2
C001838__CTA_CORRIENTE,C001838,Cuenta Corriente,Depósito,1687.35,False,False,False,,,Activo,2025-02-02,2026-07-08,3
C001838__TARJETA_CREDITO,C001838,Tarjeta de Crédito,Deuda,216.19,False,False,False,1000.00,2027-08-04,Activo,2025-07-28,2026-05-03,12
C001839__TARJETA_CREDITO,C001839,Tarjeta de Crédito,Deuda,619.80,False,False,False,1700.00,2029-11-24,Activo,2025-02-04,2026-03-18,14
C001840__CREDITO_HIPOTECARIO,C001840,Crédito Hipotecario,Deuda,82199.35,False,False,False,,2029-01-06,Activo,2025-03-03,2025-08-30,2
C001840__CTA_AHORROS,C001840,Cuenta de Ahorros,Depósito,2878.65,False,False,False,,,Activo,2025-06-30,2025-06-30,1
C001840__TARJETA_CREDITO,C001840,Tarjeta de Crédito,Deuda,937.81,False,False,False,2400.00,2028-02-05,Activo,2025-09-06,2026-04-10,5
C001841__TARJETA_CREDITO,C001841,Tarjeta de Crédito,Deuda,370.00,False,False,False,1600.00,2029-11-18,Activo,2025-01-28,2026-08-29,10
C001842__CREDITO_CONSUMO,C001842,Crédito de Consumo,Deuda,6955.05,False,False,False,,2032-04-15,Activo,2025-01-03,2025-10-31,2
C001842__CTA_CORRIENTE,C001842,Cuenta Corriente,Depósito,-100.00,False,True,False,,,Activo,2026-07-28,2026-08-27,2
C001842__TARJETA_CREDITO,C001842,Tarjeta de Crédito,Deuda,1195.07,False,False,False,2900.00,2029-08-30,Activo,2025-08-24,2026-08-22,5
C001843__CREDITO_HIPOTECARIO,C001843,Crédito Hipotecario,Deuda,140008.19,False,False,False,,2032-07-19,Activo,2026-02-19,2026-02-19,1
C001844__CREDITO_HIPOTECARIO,C001844,Crédito Hipotecario,Deuda,114614.03,False,False,False,,2032-02-12,Activo,2026-04-14,2026-06-15,2
C001844__CREDITO_CONSUMO,C001844,Crédito de Consumo,Deuda,2475.86,False,False,False,,2028-11-24,Activo,2026-04-28,2026-04-28,1
C001844__TARJETA_CREDITO,C001844,Tarjeta de Crédito,Deuda,3136.24,False,False,False,6100.00,2030-03-11,Activo,2025-02-04,2026-08-01,12
C001845__CREDITO_HIPOTECARIO,C001845,Crédito Hipotecario,Deuda,59675.31,False,False,False,,2028-09-07,Activo,2026-03-25,2026-08-09,3
C001845__CREDITO_CONSUMO,C001845,Crédito de Consumo,Deuda,3104.85,False,False,False,,2029-09-06,Activo,2025-08-12,2025-08-12,1
C001845__CTA_AHORROS,C001845,Cuenta de Ahorros,Depósito,2642.89,False,False,False,,,Activo,2025-03-14,2026-03-12,3
C001846__CREDITO_CONSUMO,C001846,Crédito de Consumo,Deuda,6527.27,False,False,False,,2031-03-25,Activo,2025-06-16,2026-07-10,3
C001846__CTA_AHORROS,C001846,Cuenta de Ahorros,Depósito,1311.47,False,False,False,,,Activo,2025-05-08,2025-05-08,1
C001846__TARJETA_CREDITO,C001846,Tarjeta de Crédito,Deuda,649.01,False,False,False,1200.00,2029-07-08,Activo,2025-03-08,2026-07-20,7
C001847__CTA_CORRIENTE,C001847,Cuenta Corriente,Depósito,15464.29,False,False,True,,,Activo,2025-11-09,2026-05-05,2
C001847__TARJETA_CREDITO,C001847,Tarjeta de Crédito,Deuda,5117.13,False,False,True,10900.00,2030-08-17,Activo,2025-06-08,2026-08-27,7
C001848__CREDITO_HIPOTECARIO,C001848,Crédito Hipotecario,Deuda,109111.31,False,False,False,,2031-08-14,Activo,2026-06-30,2026-06-30,1
C001848__CTA_AHORROS,C001848,Cuenta de Ahorros,Depósito,6389.85,False,False,False,,,Activo,2025-09-27,2026-05-10,4
C001848__TARJETA_CREDITO,C001848,Tarjeta de Crédito,Deuda,1955.00,False,False,False,8200.00,2028-12-28,Activo,2025-01-18,2026-08-22,13
C001849__CREDITO_VEHICULAR,C001849,Crédito Vehicular,Deuda,18607.73,False,False,False,,2028-08-30,Activo,2025-09-28,2025-10-22,3
C001849__CTA_CORRIENTE,C001849,Cuenta Corriente,Depósito,1293.06,False,False,False,,,Activo,2025-06-08,2026-07-08,3
C001849__TARJETA_CREDITO,C001849,Tarjeta de Crédito,Deuda,0.00,False,False,False,600.00,2028-12-29,Activo,2025-03-09,2026-08-23,11
C001850__CREDITO_HIPOTECARIO,C001850,Crédito Hipotecario,Deuda,85480.44,False,False,False,,2028-12-20,Activo,2025-11-06,2025-11-06,1
C001850__CREDITO_VEHICULAR,C001850,Crédito Vehicular,Deuda,1869.76,False,False,True,,2027-10-30,Activo,2025-08-17,2026-08-17,3
C001850__CREDITO_CONSUMO,C001850,Crédito de Consumo,Deuda,5518.51,False,False,False,,2026-11-07,Activo,2026-03-19,2026-08-05,2
C001851__CREDITO_VEHICULAR,C001851,Crédito Vehicular,Deuda,23544.81,False,False,False,,2027-06-18,Activo,2025-02-26,2026-01-24,3
C001851__CTA_AHORROS,C001851,Cuenta de Ahorros,Depósito,5609.86,False,False,False,,,Activo,2025-06-26,2026-06-25,3
C001851__TARJETA_CREDITO,C001851,Tarjeta de Crédito,Deuda,2474.90,False,False,False,4500.00,2027-07-24,Activo,2025-03-25,2026-06-30,9
C001852__CREDITO_VEHICULAR,C001852,Crédito Vehicular,Deuda,21921.50,False,False,False,,2030-01-21,Activo,2026-08-12,2026-08-12,1
C001853__CREDITO_VEHICULAR,C001853,Crédito Vehicular,Deuda,18694.03,False,False,False,,2027-05-17,Activo,2025-10-29,2025-10-29,1
C001853__CREDITO_CONSUMO,C001853,Crédito de Consumo,Deuda,4361.29,False,False,False,,2032-07-25,Activo,2026-08-11,2026-08-11,1
C001854__CREDITO_CONSUMO,C001854,Crédito de Consumo,Deuda,8248.68,False,False,False,,2028-02-03,Activo,2025-10-14,2026-06-22,3
C001854__TARJETA_CREDITO,C001854,Tarjeta de Crédito,Deuda,1152.17,False,False,False,10500.00,2028-02-13,Activo,2025-03-26,2026-06-03,11
C001855__CREDITO_VEHICULAR,C001855,Crédito Vehicular,Deuda,9986.55,False,False,False,,2032-05-21,Activo,2025-10-08,2026-02-22,2
C001855__CTA_CORRIENTE,C001855,Cuenta Corriente,Depósito,1890.07,False,False,False,,,Activo,2025-06-04,2026-07-15,4
C001855__TARJETA_CREDITO,C001855,Tarjeta de Crédito,Deuda,1106.26,False,False,False,1500.00,2030-05-09,Activo,2025-01-22,2026-08-13,7
C001856__CREDITO_VEHICULAR,C001856,Crédito Vehicular,Deuda,25413.38,False,False,False,,2031-11-26,Activo,2025-03-20,2025-03-20,1
C001856__CREDITO_CONSUMO,C001856,Crédito de Consumo,Deuda,3207.06,False,False,False,,2028-08-25,Activo,2025-11-07,2025-11-07,1
C001857__CREDITO_VEHICULAR,C001857,Crédito Vehicular,Deuda,19996.87,False,False,False,,2030-03-29,Activo,2025-12-01,2026-01-13,3
C001857__CREDITO_CONSUMO,C001857,Crédito de Consumo,Deuda,4508.46,False,False,False,,2028-06-08,Activo,2025-10-17,2026-08-20,3
C001858__CREDITO_VEHICULAR,C001858,Crédito Vehicular,Deuda,22709.33,False,False,False,,2028-12-12,Activo,2025-09-11,2026-01-31,2
C001858__CREDITO_CONSUMO,C001858,Crédito de Consumo,Deuda,6663.12,False,False,False,,2031-11-18,Activo,2025-02-26,2025-02-26,1
C001858__CTA_CORRIENTE,C001858,Cuenta Corriente,Depósito,2476.34,False,False,False,,,Activo,2025-06-02,2026-06-09,4
C001858__TARJETA_CREDITO,C001858,Tarjeta de Crédito,Deuda,1217.12,False,False,False,3200.00,2027-12-14,Activo,2025-03-27,2026-07-08,8
C001859__CTA_CORRIENTE,C001859,Cuenta Corriente,Depósito,939.07,False,False,False,,,Activo,2025-02-22,2025-05-26,3
C001859__TARJETA_CREDITO,C001859,Tarjeta de Crédito,Deuda,526.52,False,False,False,1600.00,2027-05-06,Activo,2025-03-06,2026-07-12,14
C001860__CREDITO_CONSUMO,C001860,Crédito de Consumo,Deuda,3536.13,False,False,False,,2029-05-14,Activo,2025-04-12,2026-04-29,3
C001860__TARJETA_CREDITO,C001860,Tarjeta de Crédito,Deuda,875.82,False,False,False,1900.00,2027-06-28,Activo,2025-02-04,2026-06-30,13
C001861__CREDITO_VEHICULAR,C001861,Crédito Vehicular,Deuda,14383.15,False,False,False,,2030-09-30,Activo,2025-12-12,2026-08-01,3
C001861__CTA_CORRIENTE,C001861,Cuenta Corriente,Depósito,3331.01,False,False,False,,,Activo,2025-06-04,2025-08-28,2
C001861__CTA_AHORROS,C001861,Cuenta de Ahorros,Depósito,2414.96,False,False,False,,,Activo,2025-01-17,2025-01-17,1
C001861__TARJETA_CREDITO,C001861,Tarjeta de Crédito,Deuda,1728.25,False,False,False,4500.00,2030-06-03,Activo,2025-01-12,2026-06-28,11
C001862__CREDITO_CONSUMO,C001862,Crédito de Consumo,Deuda,3647.48,False,False,False,,2032-05-04,Activo,2025-09-26,2026-08-23,2
C001862__CTA_CORRIENTE,C001862,Cuenta Corriente,Depósito,635.66,False,False,False,,,Activo,2026-03-14,2026-04-10,2
C001862__TARJETA_CREDITO,C001862,Tarjeta de Crédito,Deuda,567.00,False,False,False,1800.00,2027-07-30,Activo,2025-04-22,2026-08-28,7
C001863__CREDITO_HIPOTECARIO,C001863,Crédito Hipotecario,Deuda,94327.82,False,False,False,,2026-12-17,Activo,2025-01-17,2025-01-17,1
C001864__CREDITO_CONSUMO,C001864,Crédito de Consumo,Deuda,22741.57,False,False,False,,2031-12-28,Activo,2025-06-15,2026-03-17,2
C001864__CTA_AHORROS,C001864,Cuenta de Ahorros,Depósito,10143.46,False,False,False,,,Activo,2025-03-27,2026-05-01,2
C001865__CREDITO_HIPOTECARIO,C001865,Crédito Hipotecario,Deuda,73163.85,False,False,False,,2029-08-26,Activo,2026-05-03,2026-05-03,1
C001865__CTA_CORRIENTE,C001865,Cuenta Corriente,Depósito,7488.03,False,False,False,,,Activo,2025-10-07,2025-12-30,2
C001865__CTA_AHORROS,C001865,Cuenta de Ahorros,Depósito,4185.92,False,False,False,,,Activo,2025-01-31,2026-02-22,2
C001865__TARJETA_CREDITO,C001865,Tarjeta de Crédito,Deuda,2118.51,False,False,False,4400.00,2027-12-07,Activo,2025-03-29,2026-07-07,14
C001866__CTA_AHORROS,C001866,Cuenta de Ahorros,Depósito,-100.00,False,True,False,,,Activo,2025-09-10,2026-07-17,4
C001866__TARJETA_CREDITO,C001866,Tarjeta de Crédito,Deuda,22.86,False,False,False,2300.00,2029-04-12,Activo,2025-04-09,2026-07-28,9
C001867__TARJETA_CREDITO,C001867,Tarjeta de Crédito,Deuda,248.32,False,False,False,700.00,2027-06-23,Activo,2025-03-01,2026-04-06,6
C001868__TARJETA_CREDITO,C001868,Tarjeta de Crédito,Deuda,1429.14,False,False,False,4600.00,2028-08-04,Activo,2025-01-11,2026-07-27,11
C001869__CTA_CORRIENTE,C001869,Cuenta Corriente,Depósito,5143.58,False,False,False,,,Activo,2025-06-12,2026-06-03,3
C001869__CTA_AHORROS,C001869,Cuenta de Ahorros,Depósito,8199.06,False,False,False,,,Activo,2025-11-12,2026-08-13,4
C001869__TARJETA_CREDITO,C001869,Tarjeta de Crédito,Deuda,2424.22,False,False,False,8200.00,2026-10-21,Activo,2025-05-13,2026-06-28,10
C001870__CREDITO_HIPOTECARIO,C001870,Crédito Hipotecario,Deuda,35950.42,False,False,False,,2028-08-13,Activo,2025-01-11,2025-01-11,1
C001870__CREDITO_VEHICULAR,C001870,Crédito Vehicular,Deuda,17418.56,False,False,False,,2031-09-16,Activo,2025-01-26,2026-05-08,3
C001870__CREDITO_CONSUMO,C001870,Crédito de Consumo,Deuda,7840.34,False,False,False,,2030-04-25,Activo,2025-04-08,2026-08-01,2
C001870__TARJETA_CREDITO,C001870,Tarjeta de Crédito,Deuda,1374.23,False,False,False,6000.00,2027-08-23,Activo,2025-02-03,2026-08-14,14
C001871__CREDITO_VEHICULAR,C001871,Crédito Vehicular,Deuda,16540.04,False,False,False,,2032-07-29,Activo,2026-01-04,2026-04-22,2
C001871__CTA_CORRIENTE,C001871,Cuenta Corriente,Depósito,2866.19,False,False,False,,,Activo,2025-01-02,2025-07-07,3
C001871__CTA_AHORROS,C001871,Cuenta de Ahorros,Depósito,6998.51,False,False,False,,,Activo,2026-07-18,2026-07-18,1
C001871__TARJETA_CREDITO,C001871,Tarjeta de Crédito,Deuda,1714.76,False,False,False,3900.00,2027-03-26,Activo,2025-06-01,2026-04-08,5
C001872__TARJETA_CREDITO,C001872,Tarjeta de Crédito,Deuda,163.26,False,False,False,1000.00,2028-12-15,Activo,2025-06-04,2026-08-14,11
C001873__CREDITO_VEHICULAR,C001873,Crédito Vehicular,Deuda,8863.36,False,False,False,,2029-05-25,Activo,2025-07-19,2025-07-19,1
C001873__TARJETA_CREDITO,C001873,Tarjeta de Crédito,Deuda,1575.12,False,False,False,3500.00,2030-03-15,Activo,2025-03-14,2026-08-13,6
C001874__CTA_AHORROS,C001874,Cuenta de Ahorros,Depósito,2154.62,False,False,False,,,Activo,2025-04-21,2026-07-10,4
C001874__TARJETA_CREDITO,C001874,Tarjeta de Crédito,Deuda,264.92,False,False,False,1200.00,2028-06-23,Activo,2025-03-07,2026-06-12,11
C001875__CREDITO_CONSUMO,C001875,Crédito de Consumo,Deuda,17312.99,False,False,False,,2029-04-18,Activo,2025-05-31,2025-07-02,2
C001875__CTA_CORRIENTE,C001875,Cuenta Corriente,Depósito,21.18,False,False,False,,,Activo,2026-03-01,2026-03-01,1
C001875__CTA_AHORROS,C001875,Cuenta de Ahorros,Depósito,4761.81,False,False,False,,,Activo,2025-02-11,2026-02-08,4
C001875__TARJETA_CREDITO,C001875,Tarjeta de Crédito,Deuda,471.38,False,False,False,3600.00,2029-04-05,Activo,2025-05-28,2026-04-24,4
C001876__CREDITO_VEHICULAR,C001876,Crédito Vehicular,Deuda,30269.69,False,False,False,,2030-02-19,Activo,2025-04-12,2025-04-12,1
C001877__CREDITO_HIPOTECARIO,C001877,Crédito Hipotecario,Deuda,80360.83,False,False,False,,2029-04-14,Activo,2025-02-16,2026-05-02,3
C001877__CREDITO_VEHICULAR,C001877,Crédito Vehicular,Deuda,26436.45,False,False,False,,2031-02-25,Activo,2025-01-03,2026-06-16,2
C001877__CTA_AHORROS,C001877,Cuenta de Ahorros,Depósito,9395.91,False,False,False,,,Activo,2025-08-13,2025-11-10,2
C001878__TARJETA_CREDITO,C001878,Tarjeta de Crédito,Deuda,1091.14,False,False,False,2000.00,2030-01-05,Activo,2025-01-26,2026-05-17,11
C001879__CREDITO_VEHICULAR,C001879,Crédito Vehicular,Deuda,15506.49,False,False,False,,2031-12-17,Activo,2025-11-05,2025-11-05,1
C001879__TARJETA_CREDITO,C001879,Tarjeta de Crédito,Deuda,138.89,False,False,False,2000.00,2027-11-05,Activo,2025-01-02,2026-06-01,10
C001880__CREDITO_CONSUMO,C001880,Crédito de Consumo,Deuda,6955.81,False,False,False,,2029-10-23,Activo,2025-04-30,2025-12-24,3
C001881__CTA_AHORROS,C001881,Cuenta de Ahorros,Depósito,17585.08,False,False,True,,,Activo,2025-03-08,2025-07-02,2
C001882__CREDITO_CONSUMO,C001882,Crédito de Consumo,Deuda,7403.95,False,False,False,,2030-08-18,Activo,2026-03-15,2026-04-11,2
C001882__CTA_CORRIENTE,C001882,Cuenta Corriente,Depósito,1541.83,False,False,False,,,Activo,2025-02-13,2026-02-25,4
C001882__TARJETA_CREDITO,C001882,Tarjeta de Crédito,Deuda,164.86,False,False,False,1200.00,2028-02-19,Activo,2025-02-24,2026-08-29,9
C001883__CREDITO_HIPOTECARIO,C001883,Crédito Hipotecario,Deuda,113053.06,False,False,False,,2030-02-25,Activo,2026-01-27,2026-02-20,2
C001884__CREDITO_HIPOTECARIO,C001884,Crédito Hipotecario,Deuda,104963.03,False,False,False,,2028-11-11,Activo,2025-03-20,2026-06-07,3
C001884__CREDITO_VEHICULAR,C001884,Crédito Vehicular,Deuda,15509.15,False,False,False,,2031-05-16,Activo,2025-11-10,2026-08-23,3
C001884__TARJETA_CREDITO,C001884,Tarjeta de Crédito,Deuda,2083.53,False,False,False,4100.00,2030-08-01,Activo,2025-02-06,2026-07-21,14
C001885__CREDITO_HIPOTECARIO,C001885,Crédito Hipotecario,Deuda,67289.76,False,False,False,,2027-10-10,Activo,2025-07-06,2026-06-30,3
C001885__CREDITO_CONSUMO,C001885,Crédito de Consumo,Deuda,4891.87,False,False,False,,2028-11-02,Activo,2025-02-12,2025-02-12,1
C001885__TARJETA_CREDITO,C001885,Tarjeta de Crédito,Deuda,446.50,False,False,False,2000.00,2028-10-13,Activo,2025-02-21,2026-07-30,14
C001886__CTA_AHORROS,C001886,Cuenta de Ahorros,Depósito,796.85,False,False,False,,,Activo,2025-02-07,2025-10-11,3
C001886__TARJETA_CREDITO,C001886,Tarjeta de Crédito,Deuda,108.74,False,False,False,2600.00,2029-02-10,Activo,2025-01-01,2026-07-08,14
C001887__CTA_CORRIENTE,C001887,Cuenta Corriente,Depósito,6817.20,False,False,False,,,Activo,2025-06-29,2026-06-02,4
C001887__CTA_AHORROS,C001887,Cuenta de Ahorros,Depósito,5082.67,False,False,False,,,Activo,2025-07-08,2025-07-08,1
C001888__CTA_AHORROS,C001888,Cuenta de Ahorros,Depósito,561.55,False,False,False,,,Activo,2025-06-10,2026-07-11,3
C001888__TARJETA_CREDITO,C001888,Tarjeta de Crédito,Deuda,280.67,False,False,False,800.00,2029-01-05,Activo,2025-01-03,2026-05-17,12
C001889__CTA_CORRIENTE,C001889,Cuenta Corriente,Depósito,229.56,False,False,False,,,Activo,2026-01-21,2026-06-03,3
C001890__CREDITO_HIPOTECARIO,C001890,Crédito Hipotecario,Deuda,104894.22,False,False,False,,2028-08-15,Activo,2026-07-05,2026-07-05,1
C001890__CREDITO_CONSUMO,C001890,Crédito de Consumo,Deuda,24957.93,False,False,False,,2030-02-21,Activo,2025-06-10,2025-09-17,2
C001890__TARJETA_CREDITO,C001890,Tarjeta de Crédito,Deuda,1491.76,False,False,False,7200.00,2027-08-19,Activo,2025-05-18,2026-04-19,5
C001891__CREDITO_HIPOTECARIO,C001891,Crédito Hipotecario,Deuda,72398.69,False,False,False,,2028-04-26,Activo,2025-02-27,2026-08-24,3
C001891__CTA_AHORROS,C001891,Cuenta de Ahorros,Depósito,17881.81,False,False,True,,,Activo,2026-02-22,2026-03-25,2
C001891__TARJETA_CREDITO,C001891,Tarjeta de Crédito,Deuda,1320.09,False,False,False,7300.00,2028-01-22,Activo,2025-03-01,2026-07-10,10
C001892__CREDITO_CONSUMO,C001892,Crédito de Consumo,Deuda,4890.33,False,False,False,,2027-11-09,Activo,2025-07-30,2026-04-01,3
C001892__CTA_AHORROS,C001892,Cuenta de Ahorros,Depósito,979.16,False,False,False,,,Activo,2025-01-05,2026-06-24,4
C001892__TARJETA_CREDITO,C001892,Tarjeta de Crédito,Deuda,165.82,False,False,False,500.00,2027-07-02,Activo,2025-01-31,2026-08-05,12
C001893__CTA_CORRIENTE,C001893,Cuenta Corriente,Depósito,2616.42,False,False,False,,,Activo,2025-12-01,2026-08-10,4
C001893__CTA_AHORROS,C001893,Cuenta de Ahorros,Depósito,1631.98,False,False,False,,,Activo,2025-09-17,2026-07-05,2
C001894__CTA_AHORROS,C001894,Cuenta de Ahorros,Depósito,1992.18,False,False,False,,,Activo,2025-08-30,2026-07-16,4
C001894__TARJETA_CREDITO,C001894,Tarjeta de Crédito,Deuda,2096.68,False,False,False,4000.00,2027-05-10,Activo,2025-01-08,2026-05-04,9
C001895__CREDITO_HIPOTECARIO,C001895,Crédito Hipotecario,Deuda,100162.86,False,False,False,,2027-01-23,Activo,2025-02-17,2026-03-23,3
C001895__TARJETA_CREDITO,C001895,Tarjeta de Crédito,Deuda,2314.82,False,False,False,5900.00,2027-01-29,Activo,2025-01-01,2026-07-12,14
C001896__CREDITO_HIPOTECARIO,C001896,Crédito Hipotecario,Deuda,80422.03,False,False,False,,2029-02-04,Activo,2025-07-27,2025-07-27,1
C001896__CREDITO_CONSUMO,C001896,Crédito de Consumo,Deuda,4519.10,False,False,False,,2027-01-02,Activo,2025-05-13,2025-05-13,1
C001896__CTA_AHORROS,C001896,Cuenta de Ahorros,Depósito,-100.00,False,True,False,,,Activo,2025-03-12,2026-05-07,3
C001896__TARJETA_CREDITO,C001896,Tarjeta de Crédito,Deuda,467.62,False,False,False,2500.00,2030-09-17,Activo,2025-01-17,2026-06-09,5
C001897__CREDITO_VEHICULAR,C001897,Crédito Vehicular,Deuda,27372.26,False,False,False,,2030-02-15,Activo,2025-02-02,2026-01-29,2
C001897__CTA_AHORROS,C001897,Cuenta de Ahorros,Depósito,1280.18,False,False,False,,,Activo,2025-03-10,2025-03-10,1
C001897__TARJETA_CREDITO,C001897,Tarjeta de Crédito,Deuda,1201.93,False,False,False,3800.00,2027-03-30,Activo,2025-05-11,2026-03-26,7
C001898__TARJETA_CREDITO,C001898,Tarjeta de Crédito,Deuda,1382.44,False,False,False,2700.00,2027-07-03,Activo,2025-02-22,2026-07-27,14
C001899__CREDITO_VEHICULAR,C001899,Crédito Vehicular,Deuda,22011.14,False,False,False,,2027-07-29,Activo,2025-05-05,2025-07-04,2
C001899__TARJETA_CREDITO,C001899,Tarjeta de Crédito,Deuda,692.87,False,False,False,1800.00,2028-04-01,Activo,2025-03-30,2026-04-13,8
C001900__CREDITO_VEHICULAR,C001900,Crédito Vehicular,Deuda,22960.03,False,False,False,,2028-01-18,Activo,2025-03-06,2025-03-06,1
C001900__TARJETA_CREDITO,C001900,Tarjeta de Crédito,Deuda,1511.27,False,False,False,1900.00,2026-12-09,Activo,2025-02-04,2026-05-26,5
C001901__TARJETA_CREDITO,C001901,Tarjeta de Crédito,Deuda,603.96,False,False,False,8700.00,2030-09-18,Activo,2025-01-26,2026-06-22,11
C001902__CREDITO_HIPOTECARIO,C001902,Crédito Hipotecario,Deuda,141851.29,False,False,False,,2031-09-14,Activo,2025-12-23,2026-02-10,2
C001902__TARJETA_CREDITO,C001902,Tarjeta de Crédito,Deuda,686.31,False,False,False,1900.00,2027-07-06,Activo,2025-03-04,2026-06-23,8
C001903__CREDITO_CONSUMO,C001903,Crédito de Consumo,Deuda,5847.02,False,False,False,,2028-05-06,Activo,2025-02-26,2026-07-13,2
C001903__CTA_AHORROS,C001903,Cuenta de Ahorros,Depósito,5370.57,False,False,False,,,Activo,2026-08-08,2026-08-08,1
C001903__TARJETA_CREDITO,C001903,Tarjeta de Crédito,Deuda,2193.18,False,False,False,3900.00,2028-08-05,Activo,2025-07-21,2026-08-07,4
C001904__CREDITO_VEHICULAR,C001904,Crédito Vehicular,Deuda,15953.57,False,False,False,,2029-12-03,Activo,2026-01-20,2026-01-20,1
C001904__CREDITO_CONSUMO,C001904,Crédito de Consumo,Deuda,7441.37,False,False,False,,2028-12-01,Activo,2025-05-30,2026-05-23,3
C001905__CREDITO_HIPOTECARIO,C001905,Crédito Hipotecario,Deuda,58047.77,False,False,False,,2032-01-30,Activo,2025-08-16,2026-02-24,2
C001905__CTA_CORRIENTE,C001905,Cuenta Corriente,Depósito,6021.04,False,False,False,,,Activo,2025-05-24,2026-04-04,2
C001905__CTA_AHORROS,C001905,Cuenta de Ahorros,Depósito,12604.70,False,False,True,,,Activo,2025-02-25,2025-11-07,2
C001905__TARJETA_CREDITO,C001905,Tarjeta de Crédito,Deuda,892.45,False,False,False,6200.00,2029-05-08,Activo,2025-01-04,2026-08-18,12
C001906__CREDITO_CONSUMO,C001906,Crédito de Consumo,Deuda,7694.63,False,False,False,,2029-03-27,Activo,2026-01-13,2026-03-27,2
C001906__TARJETA_CREDITO,C001906,Tarjeta de Crédito,Deuda,283.28,False,False,False,3000.00,2027-12-21,Activo,2025-01-21,2026-08-04,12
C001907__CREDITO_VEHICULAR,C001907,Crédito Vehicular,Deuda,20957.93,False,False,False,,2031-11-03,Activo,2025-01-02,2026-02-27,3
C001907__TARJETA_CREDITO,C001907,Tarjeta de Crédito,Deuda,64.63,False,False,False,500.00,2028-08-01,Activo,2025-01-15,2026-08-03,7
C001908__CTA_CORRIENTE,C001908,Cuenta Corriente,Depósito,1777.56,False,False,False,,,Activo,2025-01-04,2026-08-18,4
C001908__TARJETA_CREDITO,C001908,Tarjeta de Crédito,Deuda,881.03,False,False,False,2700.00,2028-06-01,Activo,2025-03-30,2026-05-07,9
C001909__CREDITO_HIPOTECARIO,C001909,Crédito Hipotecario,Deuda,17089.63,False,False,False,,2026-12-31,Activo,2025-11-23,2026-07-07,3
C001909__CREDITO_CONSUMO,C001909,Crédito de Consumo,Deuda,6138.48,False,False,False,,2029-07-10,Activo,2025-01-25,2025-09-26,3
C001909__CTA_CORRIENTE,C001909,Cuenta Corriente,Depósito,5102.88,False,False,False,,,Activo,2025-03-06,2025-03-06,1
C001909__CTA_AHORROS,C001909,Cuenta de Ahorros,Depósito,9056.84,False,False,False,,,Activo,2025-04-18,2026-08-06,3
C001910__CREDITO_HIPOTECARIO,C001910,Crédito Hipotecario,Deuda,96874.87,False,False,False,,2029-09-12,Activo,2025-11-28,2026-04-01,3
C001910__CREDITO_VEHICULAR,C001910,Crédito Vehicular,Deuda,20009.47,False,False,False,,2028-08-21,Activo,2025-07-13,2026-08-21,2
C001910__CTA_CORRIENTE,C001910,Cuenta Corriente,Depósito,4625.15,False,False,False,,,Activo,2026-04-03,2026-08-17,2
C001910__TARJETA_CREDITO,C001910,Tarjeta de Crédito,Deuda,1144.09,False,False,False,6600.00,2030-01-27,Activo,2025-04-20,2026-08-15,7
C001911__TARJETA_CREDITO,C001911,Tarjeta de Crédito,Deuda,5287.30,False,False,True,13600.00,2028-09-18,Activo,2025-04-12,2026-08-31,10
C001912__CREDITO_VEHICULAR,C001912,Crédito Vehicular,Deuda,16962.82,False,False,False,,2029-12-21,Activo,2025-01-11,2026-02-11,3
C001912__CREDITO_CONSUMO,C001912,Crédito de Consumo,Deuda,2746.59,False,False,False,,2029-04-13,Activo,2025-05-30,2026-02-09,2
C001913__CREDITO_HIPOTECARIO,C001913,Crédito Hipotecario,Deuda,36193.41,False,False,False,,2030-09-15,Activo,2025-06-07,2025-12-19,3
C001913__CTA_AHORROS,C001913,Cuenta de Ahorros,Depósito,1447.76,False,False,False,,,Activo,2026-02-08,2026-08-12,4
C001913__TARJETA_CREDITO,C001913,Tarjeta de Crédito,Deuda,153.78,False,False,False,600.00,2028-05-21,Activo,2025-03-09,2026-08-30,7
C001914__TARJETA_CREDITO,C001914,Tarjeta de Crédito,Deuda,542.35,False,False,False,1400.00,2029-09-01,Activo,2025-03-04,2026-04-01,4
C001915__CREDITO_HIPOTECARIO,C001915,Crédito Hipotecario,Deuda,82909.59,False,False,False,,2029-11-24,Activo,2025-03-03,2025-11-11,3
C001915__CTA_AHORROS,C001915,Cuenta de Ahorros,Depósito,-100.00,False,True,False,,,Activo,2025-05-10,2026-02-15,4
C001915__TARJETA_CREDITO,C001915,Tarjeta de Crédito,Deuda,1184.33,False,False,False,5400.00,2029-05-31,Activo,2025-02-03,2026-07-20,12
C001916__CTA_CORRIENTE,C001916,Cuenta Corriente,Depósito,2652.72,False,False,False,,,Activo,2025-08-02,2026-07-02,3
C001916__TARJETA_CREDITO,C001916,Tarjeta de Crédito,Deuda,170.99,False,False,False,1100.00,2029-06-26,Activo,2025-02-24,2026-08-14,12
C001917__CREDITO_VEHICULAR,C001917,Crédito Vehicular,Deuda,30226.91,False,False,False,,2031-09-07,Activo,2025-10-28,2026-06-15,3
C001917__TARJETA_CREDITO,C001917,Tarjeta de Crédito,Deuda,12963.33,False,False,True,29300.00,2027-06-14,Activo,2025-04-02,2026-07-27,5
C001918__CREDITO_VEHICULAR,C001918,Crédito Vehicular,Deuda,9252.54,False,False,False,,2029-10-01,Activo,2025-04-27,2025-06-04,2
C001918__CREDITO_CONSUMO,C001918,Crédito de Consumo,Deuda,8352.48,False,False,False,,2028-06-07,Activo,2025-09-30,2025-11-14,2
C001918__TARJETA_CREDITO,C001918,Tarjeta de Crédito,Deuda,1135.94,False,False,False,3000.00,2028-08-05,Activo,2025-01-26,2026-06-09,12
C001919__CREDITO_HIPOTECARIO,C001919,Crédito Hipotecario,Deuda,82084.64,False,False,False,,2026-11-01,Activo,2025-01-29,2026-05-06,3
C001919__CTA_CORRIENTE,C001919,Cuenta Corriente,Depósito,-100.00,False,True,False,,,Activo,2025-03-16,2025-10-10,2
C001919__CTA_AHORROS,C001919,Cuenta de Ahorros,Depósito,164.39,False,False,False,,,Activo,2025-08-29,2025-08-29,1
C001919__TARJETA_CREDITO,C001919,Tarjeta de Crédito,Deuda,4814.47,False,False,True,9200.00,2030-08-16,Activo,2025-01-04,2026-08-22,13
C001920__CREDITO_CONSUMO,C001920,Crédito de Consumo,Deuda,2784.18,False,False,False,,2029-11-18,Activo,2026-01-29,2026-01-29,1
C001920__CTA_CORRIENTE,C001920,Cuenta Corriente,Depósito,3300.90,False,False,False,,,Activo,2025-02-01,2025-02-01,1
C001921__CREDITO_HIPOTECARIO,C001921,Crédito Hipotecario,Deuda,45126.67,False,False,False,,2031-07-20,Activo,2026-01-30,2026-01-30,1
C001921__CTA_CORRIENTE,C001921,Cuenta Corriente,Depósito,1209.32,False,False,False,,,Activo,2026-07-18,2026-07-18,1
C001921__TARJETA_CREDITO,C001921,Tarjeta de Crédito,Deuda,199.16,False,False,False,1300.00,2027-11-04,Activo,2025-02-25,2026-08-31,8
C001922__CREDITO_VEHICULAR,C001922,Crédito Vehicular,Deuda,18547.04,False,False,False,,2031-12-28,Activo,2025-05-28,2026-01-02,2
C001922__CREDITO_CONSUMO,C001922,Crédito de Consumo,Deuda,1929.95,False,False,False,,2031-08-27,Activo,2025-08-28,2026-08-02,3
C001922__CTA_CORRIENTE,C001922,Cuenta Corriente,Depósito,856.49,False,False,False,,,Activo,2025-09-23,2026-05-05,4
C001922__CTA_AHORROS,C001922,Cuenta de Ahorros,Depósito,668.88,False,False,False,,,Activo,2026-01-30,2026-01-30,1
C001923__CREDITO_HIPOTECARIO,C001923,Crédito Hipotecario,Deuda,81325.90,False,False,False,,2030-03-20,Activo,2025-10-27,2026-05-22,3
C001923__TARJETA_CREDITO,C001923,Tarjeta de Crédito,Deuda,387.81,False,False,False,3000.00,2028-06-28,Activo,2025-03-13,2025-12-02,5
C001924__CREDITO_VEHICULAR,C001924,Crédito Vehicular,Deuda,17822.88,False,False,False,,2031-10-21,Activo,2025-05-29,2025-05-29,1
C001925__CREDITO_HIPOTECARIO,C001925,Crédito Hipotecario,Deuda,101782.72,False,False,False,,2029-11-27,Activo,2025-04-16,2026-05-08,2
C001925__CTA_CORRIENTE,C001925,Cuenta Corriente,Depósito,10698.50,False,False,False,,,Activo,2025-02-24,2026-05-29,4
C001926__CREDITO_CONSUMO,C001926,Crédito de Consumo,Deuda,1122.53,False,False,False,,2032-04-02,Activo,2025-02-10,2026-03-04,3
C001926__CTA_CORRIENTE,C001926,Cuenta Corriente,Depósito,2584.74,False,False,False,,,Activo,2025-03-05,2026-06-11,3
C001926__TARJETA_CREDITO,C001926,Tarjeta de Crédito,Deuda,1176.98,False,False,False,2300.00,2028-11-19,Activo,2025-05-14,2026-06-30,9
C001927__CREDITO_HIPOTECARIO,C001927,Crédito Hipotecario,Deuda,83049.83,False,False,False,,2030-10-13,Activo,2025-02-22,2025-12-14,2
C001927__CREDITO_CONSUMO,C001927,Crédito de Consumo,Deuda,6433.66,False,False,False,,2030-12-08,Activo,2026-08-11,2026-08-11,1
C001927__CTA_CORRIENTE,C001927,Cuenta Corriente,Depósito,4702.71,False,False,False,,,Activo,2025-08-19,2025-08-19,1
C001927__TARJETA_CREDITO,C001927,Tarjeta de Crédito,Deuda,594.58,False,False,False,4000.00,2029-09-03,Activo,2025-03-17,2026-07-29,7
C001928__CREDITO_HIPOTECARIO,C001928,Crédito Hipotecario,Deuda,85480.86,False,False,False,,2031-05-17,Activo,2026-03-12,2026-07-05,2
C001928__TARJETA_CREDITO,C001928,Tarjeta de Crédito,Deuda,748.49,False,False,False,1500.00,2029-08-15,Activo,2025-04-20,2026-07-29,12
C001929__CREDITO_CONSUMO,C001929,Crédito de Consumo,Deuda,2729.01,False,False,False,,2030-06-30,Activo,2025-10-03,2026-06-02,2
C001930__CREDITO_HIPOTECARIO,C001930,Crédito Hipotecario,Deuda,96663.97,False,False,False,,2029-07-08,Activo,2025-09-01,2026-06-10,2
C001930__TARJETA_CREDITO,C001930,Tarjeta de Crédito,Deuda,881.07,False,False,False,2100.00,2029-12-03,Activo,2025-01-13,2026-08-14,14
C001931__CREDITO_CONSUMO,C001931,Crédito de Consumo,Deuda,4138.86,False,False,False,,2028-05-08,Activo,2025-12-25,2026-06-30,3
C001931__CTA_CORRIENTE,C001931,Cuenta Corriente,Depósito,1649.21,False,False,False,,,Activo,2025-11-17,2026-05-06,3
C001931__TARJETA_CREDITO,C001931,Tarjeta de Crédito,Deuda,88.45,False,False,False,800.00,2029-08-23,Activo,2025-02-06,2026-02-18,8
C001932__CREDITO_HIPOTECARIO,C001932,Crédito Hipotecario,Deuda,97899.33,False,False,False,,2030-03-14,Activo,2025-09-11,2026-05-13,3
C001932__CREDITO_CONSUMO,C001932,Crédito de Consumo,Deuda,15384.75,False,False,False,,2030-04-13,Activo,2025-07-13,2026-08-21,3
C001932__TARJETA_CREDITO,C001932,Tarjeta de Crédito,Deuda,4751.49,False,False,True,17100.00,2027-04-26,Activo,2025-06-09,2026-08-30,14
C001933__CREDITO_HIPOTECARIO,C001933,Crédito Hipotecario,Deuda,94407.82,False,False,False,,2028-10-17,Activo,2025-08-29,2026-08-20,2
C001933__TARJETA_CREDITO,C001933,Tarjeta de Crédito,Deuda,164.60,False,False,False,1800.00,2030-04-14,Activo,2025-03-03,2026-08-07,14
C001934__TARJETA_CREDITO,C001934,Tarjeta de Crédito,Deuda,346.09,False,False,False,1900.00,2028-06-03,Activo,2025-03-04,2026-04-04,5
C001935__CREDITO_VEHICULAR,C001935,Crédito Vehicular,Deuda,20255.42,False,False,False,,2027-03-02,Activo,2026-07-04,2026-08-16,2
C001935__CTA_AHORROS,C001935,Cuenta de Ahorros,Depósito,366.96,False,False,False,,,Activo,2025-09-17,2026-03-31,2
C001936__CREDITO_VEHICULAR,C001936,Crédito Vehicular,Deuda,22417.44,False,False,False,,2032-08-28,Activo,2025-11-07,2025-11-07,1
C001936__CREDITO_CONSUMO,C001936,Crédito de Consumo,Deuda,26857.11,False,False,False,,2027-05-26,Activo,2026-05-18,2026-05-18,1
C001936__CTA_AHORROS,C001936,Cuenta de Ahorros,Depósito,4924.32,False,False,False,,,Activo,2025-01-31,2026-07-24,2
C001936__TARJETA_CREDITO,C001936,Tarjeta de Crédito,Deuda,1994.57,False,False,False,7200.00,2030-09-18,Activo,2025-02-21,2026-08-24,13
C001937__CREDITO_VEHICULAR,C001937,Crédito Vehicular,Deuda,23579.88,False,False,False,,2031-01-13,Activo,2025-04-01,2025-05-30,2
C001937__CREDITO_CONSUMO,C001937,Crédito de Consumo,Deuda,4957.94,False,False,False,,2029-08-24,Activo,2025-09-25,2025-09-29,2
C001937__TARJETA_CREDITO,C001937,Tarjeta de Crédito,Deuda,392.39,False,False,False,800.00,2030-09-11,Activo,2025-01-30,2026-07-26,4
C001938__CTA_CORRIENTE,C001938,Cuenta Corriente,Depósito,897.40,False,False,False,,,Activo,2025-05-09,2025-11-27,2
C001938__CTA_AHORROS,C001938,Cuenta de Ahorros,Depósito,1866.02,False,False,False,,,Activo,2025-02-18,2025-02-18,1
C001939__CTA_CORRIENTE,C001939,Cuenta Corriente,Depósito,-5.99,False,True,False,,,Activo,2025-03-23,2026-01-23,4
C001939__TARJETA_CREDITO,C001939,Tarjeta de Crédito,Deuda,427.56,False,False,False,1500.00,2028-10-25,Activo,2025-01-09,2026-08-21,12
C001940__CREDITO_CONSUMO,C001940,Crédito de Consumo,Deuda,4173.32,False,False,False,,2027-11-27,Activo,2026-02-23,2026-07-10,2
C001940__TARJETA_CREDITO,C001940,Tarjeta de Crédito,Deuda,321.89,False,False,False,1400.00,2028-04-29,Activo,2025-03-23,2026-06-18,4
C001941__CREDITO_HIPOTECARIO,C001941,Crédito Hipotecario,Deuda,42103.77,False,False,False,,2027-09-13,Activo,2025-04-21,2025-10-18,2
C001941__CREDITO_VEHICULAR,C001941,Crédito Vehicular,Deuda,7687.37,False,False,False,,2027-12-15,Activo,2025-10-12,2026-03-20,2
C001941__CREDITO_CONSUMO,C001941,Crédito de Consumo,Deuda,3451.59,False,False,False,,2029-11-05,Activo,2026-01-28,2026-05-08,2
C001941__TARJETA_CREDITO,C001941,Tarjeta de Crédito,Deuda,375.39,False,False,False,1800.00,2027-05-29,Activo,2025-01-07,2026-07-14,9
C001942__CREDITO_VEHICULAR,C001942,Crédito Vehicular,Deuda,19728.87,False,False,False,,2027-11-16,Activo,2025-09-18,2026-05-25,2
C001942__CTA_AHORROS,C001942,Cuenta de Ahorros,Depósito,12446.70,False,False,False,,,Activo,2025-04-04,2025-04-04,1
C001943__CREDITO_HIPOTECARIO,C001943,Crédito Hipotecario,Deuda,89938.53,False,False,False,,2032-02-08,Activo,2025-02-06,2025-07-03,2
C001943__CTA_CORRIENTE,C001943,Cuenta Corriente,Depósito,4891.34,False,False,False,,,Activo,2025-04-03,2025-04-29,2
C001944__CREDITO_CONSUMO,C001944,Crédito de Consumo,Deuda,3286.15,False,False,False,,2029-10-22,Activo,2025-01-24,2025-11-01,2
C001944__CTA_AHORROS,C001944,Cuenta de Ahorros,Depósito,2894.53,False,False,False,,,Activo,2025-01-21,2026-08-28,4
C001944__TARJETA_CREDITO,C001944,Tarjeta de Crédito,Deuda,1795.67,False,False,False,2400.00,2027-08-10,Activo,2025-02-02,2026-06-26,9
C001945__CTA_AHORROS,C001945,Cuenta de Ahorros,Depósito,3219.90,False,False,False,,,Activo,2025-09-14,2025-09-14,1
C001945__TARJETA_CREDITO,C001945,Tarjeta de Crédito,Deuda,862.73,False,False,False,2800.00,2027-12-25,Activo,2025-01-17,2026-06-19,11
C001946__CREDITO_HIPOTECARIO,C001946,Crédito Hipotecario,Deuda,124821.83,False,False,False,,2029-05-17,Activo,2026-06-01,2026-06-01,1
C001947__CTA_CORRIENTE,C001947,Cuenta Corriente,Depósito,6209.60,False,False,False,,,Activo,2025-05-07,2025-05-07,1
C001948__CTA_AHORROS,C001948,Cuenta de Ahorros,Depósito,729.62,False,False,False,,,Activo,2025-06-18,2025-08-02,2
C001948__TARJETA_CREDITO,C001948,Tarjeta de Crédito,Deuda,482.45,False,False,False,1200.00,2026-11-13,Activo,2025-03-13,2026-08-28,11
C001949__CTA_CORRIENTE,C001949,Cuenta Corriente,Depósito,1108.73,False,False,False,,,Activo,2025-01-19,2026-08-28,4
C001949__CTA_AHORROS,C001949,Cuenta de Ahorros,Depósito,1473.83,False,False,False,,,Activo,2025-09-16,2026-07-29,3
C001949__TARJETA_CREDITO,C001949,Tarjeta de Crédito,Deuda,140.32,False,False,False,600.00,2027-09-06,Activo,2025-01-07,2026-08-30,13
C001950__CREDITO_CONSUMO,C001950,Crédito de Consumo,Deuda,2380.64,False,False,False,,2030-02-11,Activo,2025-04-05,2026-02-15,2
C001950__CTA_AHORROS,C001950,Cuenta de Ahorros,Depósito,80.48,False,False,False,,,Activo,2025-07-03,2026-03-09,2
C001951__CREDITO_VEHICULAR,C001951,Crédito Vehicular,Deuda,6805.94,False,False,False,,2031-03-17,Activo,2025-10-05,2026-03-05,2
C001951__TARJETA_CREDITO,C001951,Tarjeta de Crédito,Deuda,481.47,False,False,False,1500.00,2026-11-21,Activo,2025-01-22,2026-05-27,10
C001952__CREDITO_CONSUMO,C001952,Crédito de Consumo,Deuda,13430.69,False,False,False,,2029-10-29,Activo,2025-03-08,2025-10-26,3
C001952__TARJETA_CREDITO,C001952,Tarjeta de Crédito,Deuda,622.74,False,False,False,3300.00,2029-02-17,Activo,2025-02-07,2026-06-28,6
C001953__CREDITO_CONSUMO,C001953,Crédito de Consumo,Deuda,10642.82,False,False,False,,2028-12-03,Activo,2025-07-21,2026-05-20,3
C001953__TARJETA_CREDITO,C001953,Tarjeta de Crédito,Deuda,210.81,False,False,False,2600.00,2029-02-25,Activo,2025-02-01,2026-07-28,12
C001954__CREDITO_HIPOTECARIO,C001954,Crédito Hipotecario,Deuda,71610.82,False,False,False,,2028-12-08,Activo,2025-08-01,2025-10-28,2
C001954__CREDITO_CONSUMO,C001954,Crédito de Consumo,Deuda,5593.14,False,False,False,,2032-06-19,Activo,2025-01-16,2026-08-30,3
C001954__CTA_CORRIENTE,C001954,Cuenta Corriente,Depósito,754.09,False,False,False,,,Activo,2025-12-09,2026-08-28,2
C001954__TARJETA_CREDITO,C001954,Tarjeta de Crédito,Deuda,336.72,False,False,False,800.00,2029-01-17,Activo,2025-02-10,2026-02-14,7
C001955__CREDITO_HIPOTECARIO,C001955,Crédito Hipotecario,Deuda,103305.05,False,False,False,,2029-06-10,Activo,2025-08-07,2025-08-07,1
C001955__TARJETA_CREDITO,C001955,Tarjeta de Crédito,Deuda,282.36,False,False,False,900.00,2027-03-29,Activo,2025-01-20,2026-06-15,14
C001956__CREDITO_VEHICULAR,C001956,Crédito Vehicular,Deuda,23848.87,False,False,False,,2029-03-24,Activo,2025-09-23,2026-03-01,3
C001956__TARJETA_CREDITO,C001956,Tarjeta de Crédito,Deuda,654.50,False,False,False,1700.00,2027-07-21,Activo,2025-03-24,2026-07-30,11
C001957__CREDITO_CONSUMO,C001957,Crédito de Consumo,Deuda,4454.38,False,False,False,,2032-06-08,Activo,2026-05-21,2026-05-21,1
C001957__CTA_AHORROS,C001957,Cuenta de Ahorros,Depósito,1965.28,False,False,False,,,Activo,2025-02-13,2025-11-22,4
C001957__TARJETA_CREDITO,C001957,Tarjeta de Crédito,Deuda,995.01,False,False,False,2400.00,2030-04-18,Activo,2025-01-09,2026-04-27,4
C001958__CREDITO_HIPOTECARIO,C001958,Crédito Hipotecario,Deuda,90364.95,False,False,False,,2028-06-27,Activo,2026-08-28,2026-08-28,1
C001958__CREDITO_CONSUMO,C001958,Crédito de Consumo,Deuda,2948.14,False,False,False,,2029-07-31,Activo,2025-03-02,2025-06-16,3
C001958__CTA_CORRIENTE,C001958,Cuenta Corriente,Depósito,2366.34,False,False,False,,,Activo,2025-01-04,2026-07-03,3
C001958__CTA_AHORROS,C001958,Cuenta de Ahorros,Depósito,1099.38,False,False,False,,,Activo,2025-10-06,2026-03-27,3
C001959__CREDITO_VEHICULAR,C001959,Crédito Vehicular,Deuda,18405.93,False,False,False,,2030-02-18,Activo,2025-08-20,2026-01-05,2
C001959__TARJETA_CREDITO,C001959,Tarjeta de Crédito,Deuda,0.00,False,False,False,1800.00,2029-06-30,Activo,2025-01-27,2026-07-21,14
C001960__CREDITO_HIPOTECARIO,C001960,Crédito Hipotecario,Deuda,75364.26,False,False,False,,2032-08-05,Activo,2025-05-02,2026-07-21,2
C001960__CREDITO_CONSUMO,C001960,Crédito de Consumo,Deuda,6662.37,False,False,False,,2030-02-01,Activo,2026-03-23,2026-03-23,1
C001960__CTA_CORRIENTE,C001960,Cuenta Corriente,Depósito,7556.53,False,False,False,,,Activo,2025-04-14,2025-08-01,3
C001960__TARJETA_CREDITO,C001960,Tarjeta de Crédito,Deuda,2110.86,False,False,False,3200.00,2028-05-24,Activo,2025-01-11,2026-07-17,9
C001961__CREDITO_VEHICULAR,C001961,Crédito Vehicular,Deuda,23826.73,False,False,False,,2031-01-17,Activo,2025-07-12,2025-07-12,1
C001961__CTA_AHORROS,C001961,Cuenta de Ahorros,Depósito,26978.22,False,False,True,,,Activo,2025-08-20,2026-02-02,2
C001962__CREDITO_VEHICULAR,C001962,Crédito Vehicular,Deuda,24637.33,False,False,False,,2031-07-15,Activo,2025-06-09,2025-11-12,2
C001962__TARJETA_CREDITO,C001962,Tarjeta de Crédito,Deuda,874.35,False,False,False,2100.00,2026-12-09,Activo,2025-03-07,2025-11-24,4
C001963__CREDITO_HIPOTECARIO,C001963,Crédito Hipotecario,Deuda,50902.42,False,False,False,,2032-02-18,Activo,2025-04-12,2025-04-12,1
C001963__TARJETA_CREDITO,C001963,Tarjeta de Crédito,Deuda,528.72,False,False,False,1400.00,2028-01-03,Activo,2025-01-28,2026-08-02,10
C001964__CREDITO_HIPOTECARIO,C001964,Crédito Hipotecario,Deuda,158165.51,False,False,True,,2027-03-03,Activo,2025-10-01,2025-10-18,2
C001964__CTA_CORRIENTE,C001964,Cuenta Corriente,Depósito,5186.72,False,False,False,,,Activo,2026-01-10,2026-01-10,1
C001964__TARJETA_CREDITO,C001964,Tarjeta de Crédito,Deuda,849.78,False,False,False,1800.00,2028-03-12,Activo,2025-03-15,2026-03-29,4
C001965__CREDITO_CONSUMO,C001965,Crédito de Consumo,Deuda,20927.44,False,False,False,,2029-10-14,Activo,2025-05-17,2025-05-17,1
C001965__CTA_CORRIENTE,C001965,Cuenta Corriente,Depósito,2159.80,False,False,False,,,Activo,2025-04-13,2026-04-02,3
C001965__TARJETA_CREDITO,C001965,Tarjeta de Crédito,Deuda,160.67,False,False,False,8300.00,2027-11-05,Activo,2025-01-24,2026-06-25,10
C001966__TARJETA_CREDITO,C001966,Tarjeta de Crédito,Deuda,7142.21,False,False,True,10300.00,2029-05-08,Activo,2025-01-22,2026-07-14,14
C001967__CTA_CORRIENTE,C001967,Cuenta Corriente,Depósito,1155.40,False,False,False,,,Activo,2025-06-25,2026-08-07,2
C001967__TARJETA_CREDITO,C001967,Tarjeta de Crédito,Deuda,655.85,False,False,False,1500.00,2028-09-02,Activo,2025-01-22,2026-06-09,5
C001968__CREDITO_HIPOTECARIO,C001968,Crédito Hipotecario,Deuda,79217.65,False,False,False,,2031-04-28,Activo,2025-04-11,2026-02-10,2
C001968__TARJETA_CREDITO,C001968,Tarjeta de Crédito,Deuda,399.79,False,False,False,1800.00,2030-03-01,Activo,2025-02-11,2026-08-08,11
C001969__CREDITO_HIPOTECARIO,C001969,Crédito Hipotecario,Deuda,96635.55,False,False,False,,2028-11-27,Activo,2025-05-15,2025-09-04,3
C001969__TARJETA_CREDITO,C001969,Tarjeta de Crédito,Deuda,2672.60,False,False,False,5000.00,2029-01-03,Activo,2025-01-13,2026-06-29,7
C001970__TARJETA_CREDITO,C001970,Tarjeta de Crédito,Deuda,277.99,False,False,False,1000.00,2028-02-10,Activo,2025-01-31,2026-07-21,11
C001971__CREDITO_HIPOTECARIO,C001971,Crédito Hipotecario,Deuda,75805.42,False,False,False,,2027-12-05,Activo,2025-01-30,2025-03-04,2
C001971__CREDITO_VEHICULAR,C001971,Crédito Vehicular,Deuda,11708.49,False,False,False,,2031-01-10,Activo,2026-03-06,2026-03-06,1
C001971__CTA_CORRIENTE,C001971,Cuenta Corriente,Depósito,-100.00,False,True,False,,,Activo,2025-12-21,2025-12-21,1
C001971__TARJETA_CREDITO,C001971,Tarjeta de Crédito,Deuda,3880.66,False,False,True,5100.00,2026-10-04,Activo,2025-08-24,2026-05-29,8
C001972__CTA_CORRIENTE,C001972,Cuenta Corriente,Depósito,9398.00,False,False,False,,,Activo,2025-09-27,2025-09-27,1
C001972__CTA_AHORROS,C001972,Cuenta de Ahorros,Depósito,15445.33,False,False,True,,,Activo,2025-11-25,2026-07-20,3
C001972__TARJETA_CREDITO,C001972,Tarjeta de Crédito,Deuda,3131.23,False,False,False,8200.00,2030-05-05,Activo,2025-02-04,2026-01-11,7
C001973__CREDITO_HIPOTECARIO,C001973,Crédito Hipotecario,Deuda,50080.43,False,False,False,,2026-11-17,Activo,2025-02-15,2025-07-31,2
C001973__CREDITO_VEHICULAR,C001973,Crédito Vehicular,Deuda,11790.18,False,False,False,,2028-03-23,Activo,2025-11-24,2025-11-24,1
C001973__TARJETA_CREDITO,C001973,Tarjeta de Crédito,Deuda,319.48,False,False,False,8700.00,2028-11-19,Activo,2025-04-02,2026-05-17,10
C001974__CREDITO_VEHICULAR,C001974,Crédito Vehicular,Deuda,10712.74,False,False,False,,2028-10-30,Activo,2025-01-19,2025-09-09,3
C001974__CREDITO_CONSUMO,C001974,Crédito de Consumo,Deuda,4980.81,False,False,False,,2030-10-16,Activo,2026-07-10,2026-07-10,1
C001975__CREDITO_HIPOTECARIO,C001975,Crédito Hipotecario,Deuda,67274.65,False,False,False,,2027-09-28,Activo,2026-01-12,2026-01-12,1
C001975__CTA_CORRIENTE,C001975,Cuenta Corriente,Depósito,1463.37,False,False,False,,,Activo,2026-06-28,2026-06-28,1
C001975__TARJETA_CREDITO,C001975,Tarjeta de Crédito,Deuda,244.09,False,False,False,1800.00,2028-02-08,Activo,2025-02-11,2026-06-29,14
C001976__CREDITO_VEHICULAR,C001976,Crédito Vehicular,Deuda,16825.38,False,False,False,,2030-11-27,Activo,2025-02-27,2026-06-07,3
C001976__TARJETA_CREDITO,C001976,Tarjeta de Crédito,Deuda,0.00,False,False,False,1400.00,2027-11-10,Activo,2025-04-28,2026-08-27,14
C001977__CREDITO_HIPOTECARIO,C001977,Crédito Hipotecario,Deuda,77265.34,False,False,False,,2030-03-19,Activo,2025-01-03,2025-11-06,3
C001977__CTA_CORRIENTE,C001977,Cuenta Corriente,Depósito,5059.10,False,False,False,,,Activo,2025-06-09,2026-05-25,3
C001978__CTA_AHORROS,C001978,Cuenta de Ahorros,Depósito,630.76,False,False,False,,,Activo,2025-01-08,2026-05-02,4
C001978__TARJETA_CREDITO,C001978,Tarjeta de Crédito,Deuda,625.44,False,False,False,2700.00,2027-07-09,Activo,2025-01-31,2026-08-28,10
C001979__CTA_AHORROS,C001979,Cuenta de Ahorros,Depósito,4758.91,False,False,False,,,Activo,2025-02-24,2025-10-08,4
C001979__TARJETA_CREDITO,C001979,Tarjeta de Crédito,Deuda,1828.37,False,False,False,5500.00,2029-11-12,Activo,2025-01-24,2026-08-21,10
C001980__CTA_CORRIENTE,C001980,Cuenta Corriente,Depósito,689.21,False,False,False,,,Activo,2026-02-13,2026-05-05,4
C001981__CTA_CORRIENTE,C001981,Cuenta Corriente,Depósito,3068.20,False,False,False,,,Activo,2025-05-04,2026-08-17,3
C001981__TARJETA_CREDITO,C001981,Tarjeta de Crédito,Deuda,861.48,False,False,False,3600.00,2027-08-25,Activo,2025-01-18,2026-08-29,11
C001982__CREDITO_HIPOTECARIO,C001982,Crédito Hipotecario,Deuda,76671.12,False,False,False,,2029-07-26,Activo,2025-04-20,2025-12-11,2
C001982__CREDITO_CONSUMO,C001982,Crédito de Consumo,Deuda,4965.77,False,False,False,,2031-04-19,Activo,2025-05-01,2025-05-01,1
C001982__CTA_AHORROS,C001982,Cuenta de Ahorros,Depósito,1358.96,False,False,False,,,Activo,2025-09-26,2026-07-23,3
C001982__TARJETA_CREDITO,C001982,Tarjeta de Crédito,Deuda,395.75,False,False,False,700.00,2026-09-17,Activo,2026-01-15,2026-06-22,4
C001983__CREDITO_CONSUMO,C001983,Crédito de Consumo,Deuda,2790.77,False,False,False,,2027-03-29,Activo,2025-06-11,2025-10-10,2
C001983__CTA_AHORROS,C001983,Cuenta de Ahorros,Depósito,1847.50,False,False,False,,,Activo,2026-07-28,2026-07-28,1
C001983__TARJETA_CREDITO,C001983,Tarjeta de Crédito,Deuda,416.32,False,False,False,1200.00,2030-01-28,Activo,2025-01-08,2026-07-12,7
C001984__CTA_CORRIENTE,C001984,Cuenta Corriente,Depósito,2159.99,False,False,False,,,Activo,2025-01-18,2025-03-25,2
C001984__TARJETA_CREDITO,C001984,Tarjeta de Crédito,Deuda,1163.42,False,False,False,1900.00,2028-01-17,Activo,2025-02-22,2026-06-15,10
C001985__CTA_AHORROS,C001985,Cuenta de Ahorros,Depósito,666.21,False,False,False,,,Activo,2025-10-18,2026-04-20,4
C001985__TARJETA_CREDITO,C001985,Tarjeta de Crédito,Deuda,652.62,False,False,False,2300.00,2029-03-25,Activo,2025-06-23,2026-08-02,8
C001986__CTA_CORRIENTE,C001986,Cuenta Corriente,Depósito,6667.31,False,False,False,,,Activo,2025-11-25,2026-06-15,2
C001986__TARJETA_CREDITO,C001986,Tarjeta de Crédito,Deuda,2001.61,False,False,False,4600.00,2028-06-14,Activo,2025-02-28,2026-08-08,11
C001987__TARJETA_CREDITO,C001987,Tarjeta de Crédito,Deuda,1456.63,False,False,False,2600.00,2028-05-30,Activo,2025-04-04,2026-08-14,12
C001988__CREDITO_VEHICULAR,C001988,Crédito Vehicular,Deuda,19829.19,False,False,False,,2028-02-29,Activo,2025-09-13,2026-01-30,2
C001988__TARJETA_CREDITO,C001988,Tarjeta de Crédito,Deuda,869.06,False,False,False,5000.00,2028-04-02,Activo,2025-03-01,2026-05-21,6
C001989__CREDITO_HIPOTECARIO,C001989,Crédito Hipotecario,Deuda,138265.81,False,False,False,,2028-09-25,Activo,2025-02-13,2025-02-13,1
C001990__CREDITO_VEHICULAR,C001990,Crédito Vehicular,Deuda,14908.34,False,False,False,,2027-12-21,Activo,2025-03-15,2026-07-12,3
C001990__TARJETA_CREDITO,C001990,Tarjeta de Crédito,Deuda,2566.08,False,False,False,3000.00,2027-05-25,Activo,2025-10-08,2026-08-11,8
C001991__CREDITO_VEHICULAR,C001991,Crédito Vehicular,Deuda,16324.49,False,False,False,,2028-03-25,Activo,2026-03-04,2026-03-04,1
C001991__TARJETA_CREDITO,C001991,Tarjeta de Crédito,Deuda,580.08,False,False,False,2600.00,2028-09-21,Activo,2025-02-16,2025-11-09,5
C001992__CREDITO_CONSUMO,C001992,Crédito de Consumo,Deuda,3240.85,False,False,False,,2031-02-18,Activo,2025-05-08,2025-05-08,1
C001993__CREDITO_CONSUMO,C001993,Crédito de Consumo,Deuda,14310.89,False,False,False,,2028-06-19,Activo,2025-05-27,2026-08-24,2
C001993__CTA_CORRIENTE,C001993,Cuenta Corriente,Depósito,592.44,False,False,False,,,Activo,2025-01-21,2025-08-05,2
C001993__TARJETA_CREDITO,C001993,Tarjeta de Crédito,Deuda,1783.46,False,False,False,2600.00,2027-02-14,Activo,2025-03-18,2026-06-22,10
C001994__CTA_CORRIENTE,C001994,Cuenta Corriente,Depósito,2526.04,False,False,False,,,Activo,2025-02-06,2025-06-01,3
C001994__CTA_AHORROS,C001994,Cuenta de Ahorros,Depósito,611.78,False,False,False,,,Activo,2025-08-11,2026-07-04,4
C001994__TARJETA_CREDITO,C001994,Tarjeta de Crédito,Deuda,667.96,False,False,False,2000.00,2029-11-19,Activo,2025-01-12,2026-07-22,5
C001995__TARJETA_CREDITO,C001995,Tarjeta de Crédito,Deuda,406.04,False,False,False,1600.00,2028-06-21,Activo,2025-02-01,2026-06-24,14
C001996__CTA_CORRIENTE,C001996,Cuenta Corriente,Depósito,1352.87,False,False,False,,,Activo,2025-04-08,2026-08-01,4
C001996__CTA_AHORROS,C001996,Cuenta de Ahorros,Depósito,8.35,False,False,False,,,Activo,2025-12-12,2026-08-08,4
C001997__CREDITO_HIPOTECARIO,C001997,Crédito Hipotecario,Deuda,55686.03,False,False,False,,2027-10-28,Activo,2025-03-01,2026-03-14,3
C001997__TARJETA_CREDITO,C001997,Tarjeta de Crédito,Deuda,1038.53,False,False,False,3400.00,2029-09-06,Activo,2025-01-06,2026-07-07,9
C001998__CREDITO_HIPOTECARIO,C001998,Crédito Hipotecario,Deuda,74532.67,False,False,False,,2031-08-23,Activo,2025-05-19,2026-03-06,2
C001998__CTA_AHORROS,C001998,Cuenta de Ahorros,Depósito,930.99,False,False,False,,,Activo,2025-04-20,2026-03-04,4
C001999__CREDITO_VEHICULAR,C001999,Crédito Vehicular,Deuda,21178.13,False,False,False,,2031-01-20,Activo,2025-06-24,2025-06-24,1
C001999__CTA_AHORROS,C001999,Cuenta de Ahorros,Depósito,9783.46,False,False,False,,,Activo,2025-04-05,2026-04-15,2
C002000__CREDITO_HIPOTECARIO,C002000,Crédito Hipotecario,Deuda,30011.66,False,False,False,,2028-05-03,Activo,2025-12-01,2026-06-28,2
C002000__CTA_CORRIENTE,C002000,Cuenta Corriente,Depósito,2107.15,False,False,False,,,Activo,2025-12-10,2026-04-19,3
C002000__TARJETA_CREDITO,C002000,Tarjeta de Crédito,Deuda,868.86,False,False,False,1200.00,2026-11-12,Activo,2025-03-10,2026-08-22,4
C002001__CREDITO_HIPOTECARIO,C002001,Crédito Hipotecario,Deuda,49186.20,False,False,False,,2030-10-17,Activo,2025-07-31,2025-07-31,1
C002001__CREDITO_CONSUMO,C002001,Crédito de Consumo,Deuda,15667.01,False,False,False,,2026-11-09,Activo,2025-07-19,2026-03-08,2
C002001__TARJETA_CREDITO,C002001,Tarjeta de Crédito,Deuda,2911.94,False,False,False,6700.00,2030-03-14,Activo,2025-03-03,2026-07-26,5
C002002__CREDITO_CONSUMO,C002002,Crédito de Consumo,Deuda,19929.13,False,False,False,,2030-05-03,Activo,2026-02-09,2026-08-14,3
C002002__CTA_CORRIENTE,C002002,Cuenta Corriente,Depósito,9526.86,False,False,False,,,Activo,2025-02-09,2025-06-14,2
C002003__CREDITO_HIPOTECARIO,C002003,Crédito Hipotecario,Deuda,74263.25,False,False,False,,2030-01-24,Activo,2025-08-03,2026-04-07,3
C002003__CTA_CORRIENTE,C002003,Cuenta Corriente,Depósito,3129.37,False,False,False,,,Activo,2025-06-11,2026-07-08,4
C002004__CREDITO_CONSUMO,C002004,Crédito de Consumo,Deuda,14331.65,False,False,False,,2029-01-13,Activo,2025-11-13,2026-05-09,3
C002004__CTA_AHORROS,C002004,Cuenta de Ahorros,Depósito,1233.09,False,False,False,,,Activo,2025-04-07,2026-03-23,4
C002005__CREDITO_HIPOTECARIO,C002005,Crédito Hipotecario,Deuda,102426.59,False,False,False,,2028-09-30,Activo,2025-06-14,2026-06-18,3
C002005__CTA_AHORROS,C002005,Cuenta de Ahorros,Depósito,1842.18,False,False,False,,,Activo,2025-01-16,2026-08-04,4
C002005__TARJETA_CREDITO,C002005,Tarjeta de Crédito,Deuda,436.40,False,False,False,1200.00,2029-05-10,Activo,2025-01-04,2026-08-02,8
C002006__CREDITO_VEHICULAR,C002006,Crédito Vehicular,Deuda,36730.26,False,False,True,,2029-08-20,Activo,2025-02-04,2025-08-10,2
C002006__TARJETA_CREDITO,C002006,Tarjeta de Crédito,Deuda,1450.32,False,False,False,3700.00,2028-10-19,Activo,2025-01-30,2026-08-27,14
C002007__CTA_CORRIENTE,C002007,Cuenta Corriente,Depósito,2205.38,False,False,False,,,Activo,2025-01-14,2026-06-06,4
C002007__TARJETA_CREDITO,C002007,Tarjeta de Crédito,Deuda,294.38,False,False,False,2300.00,2030-04-22,Activo,2025-03-29,2026-03-28,6
C002008__CTA_AHORROS,C002008,Cuenta de Ahorros,Depósito,545.05,False,False,False,,,Activo,2025-01-27,2026-08-13,3
C002008__TARJETA_CREDITO,C002008,Tarjeta de Crédito,Deuda,412.16,False,False,False,800.00,2027-03-30,Activo,2025-03-02,2026-04-16,4
C002009__CTA_CORRIENTE,C002009,Cuenta Corriente,Depósito,1249.94,False,False,False,,,Activo,2025-11-16,2026-08-07,3
C002010__CREDITO_HIPOTECARIO,C002010,Crédito Hipotecario,Deuda,84192.94,False,False,False,,2030-03-06,Activo,2025-02-11,2025-02-11,1
C002010__CREDITO_VEHICULAR,C002010,Crédito Vehicular,Deuda,30157.54,False,False,False,,2028-03-05,Activo,2025-03-13,2026-07-05,3
C002010__CTA_CORRIENTE,C002010,Cuenta Corriente,Depósito,6441.10,False,False,False,,,Activo,2025-05-03,2026-04-03,4
C002010__TARJETA_CREDITO,C002010,Tarjeta de Crédito,Deuda,3762.30,False,False,True,10300.00,2027-06-24,Activo,2025-03-20,2026-07-11,6
C002011__CREDITO_CONSUMO,C002011,Crédito de Consumo,Deuda,1102.45,False,False,False,,2032-05-22,Activo,2025-01-05,2026-07-21,3
C002011__TARJETA_CREDITO,C002011,Tarjeta de Crédito,Deuda,431.27,False,False,False,1800.00,2028-02-26,Activo,2025-01-20,2026-06-04,4
C002012__CTA_CORRIENTE,C002012,Cuenta Corriente,Depósito,6552.05,False,False,False,,,Activo,2026-02-22,2026-06-11,2
C002012__TARJETA_CREDITO,C002012,Tarjeta de Crédito,Deuda,1700.16,False,False,False,7100.00,2027-02-06,Activo,2025-02-09,2026-07-03,13
C002013__CREDITO_VEHICULAR,C002013,Crédito Vehicular,Deuda,13819.71,False,False,False,,2030-11-02,Activo,2025-11-06,2026-05-16,2
C002013__CTA_CORRIENTE,C002013,Cuenta Corriente,Depósito,2394.47,False,False,False,,,Activo,2025-04-11,2025-12-31,4
C002013__TARJETA_CREDITO,C002013,Tarjeta de Crédito,Deuda,1708.67,False,False,False,4100.00,2029-08-14,Activo,2025-01-18,2026-07-28,14
C002014__CTA_CORRIENTE,C002014,Cuenta Corriente,Depósito,5484.97,False,False,False,,,Activo,2025-04-21,2026-04-13,3
C002014__TARJETA_CREDITO,C002014,Tarjeta de Crédito,Deuda,52.39,False,False,False,3400.00,2029-02-28,Activo,2025-08-09,2026-07-27,4
C002015__TARJETA_CREDITO,C002015,Tarjeta de Crédito,Deuda,799.48,False,False,False,1600.00,2027-01-26,Activo,2025-01-31,2026-08-13,14
C002016__CREDITO_CONSUMO,C002016,Crédito de Consumo,Deuda,3381.10,False,False,False,,2028-06-01,Activo,2025-03-10,2025-07-08,2
C002016__CTA_CORRIENTE,C002016,Cuenta Corriente,Depósito,2482.65,False,False,False,,,Activo,2025-03-12,2026-01-08,2
C002016__CTA_AHORROS,C002016,Cuenta de Ahorros,Depósito,5707.58,False,False,False,,,Activo,2025-05-28,2025-10-31,2
C002016__TARJETA_CREDITO,C002016,Tarjeta de Crédito,Deuda,418.44,False,False,False,4600.00,2026-10-24,Activo,2025-07-17,2026-06-07,4
C002017__CREDITO_HIPOTECARIO,C002017,Crédito Hipotecario,Deuda,95883.17,False,False,False,,2027-02-21,Activo,2025-06-15,2026-06-25,3
C002018__CREDITO_CONSUMO,C002018,Crédito de Consumo,Deuda,6720.26,False,False,False,,2028-12-03,Activo,2025-01-02,2025-12-17,3
C002018__TARJETA_CREDITO,C002018,Tarjeta de Crédito,Deuda,233.98,False,False,False,2400.00,2030-07-30,Activo,2025-01-09,2026-07-26,11
C002019__CREDITO_VEHICULAR,C002019,Crédito Vehicular,Deuda,25796.19,False,False,False,,2027-05-13,Activo,2025-08-09,2026-03-26,3
C002019__CREDITO_CONSUMO,C002019,Crédito de Consumo,Deuda,10644.91,False,False,False,,2029-08-12,Activo,2025-12-24,2026-06-28,2
C002019__TARJETA_CREDITO,C002019,Tarjeta de Crédito,Deuda,2073.56,False,False,False,5400.00,2028-04-01,Activo,2025-02-11,2026-07-24,8
C002020__CREDITO_VEHICULAR,C002020,Crédito Vehicular,Deuda,20117.74,False,False,False,,2032-04-08,Activo,2025-01-15,2026-07-08,3
C002020__TARJETA_CREDITO,C002020,Tarjeta de Crédito,Deuda,258.69,False,False,False,1000.00,2027-05-26,Activo,2025-01-09,2026-06-11,11
C002021__CREDITO_HIPOTECARIO,C002021,Crédito Hipotecario,Deuda,109098.23,False,False,False,,2027-05-26,Activo,2025-05-06,2025-05-06,1
C002021__CTA_AHORROS,C002021,Cuenta de Ahorros,Depósito,3510.09,False,False,False,,,Activo,2025-08-06,2026-08-16,4
C002021__TARJETA_CREDITO,C002021,Tarjeta de Crédito,Deuda,1611.91,False,False,False,4200.00,2028-12-04,Activo,2025-01-31,2025-10-15,5
C002022__CREDITO_VEHICULAR,C002022,Crédito Vehicular,Deuda,21223.23,False,False,False,,2032-05-05,Activo,2025-08-22,2026-08-14,3
C002022__CREDITO_CONSUMO,C002022,Crédito de Consumo,Deuda,11768.45,False,False,False,,2029-09-24,Activo,2025-01-26,2025-12-27,2
C002022__CTA_CORRIENTE,C002022,Cuenta Corriente,Depósito,7509.87,False,False,False,,,Activo,2025-12-28,2026-07-24,3
C002022__TARJETA_CREDITO,C002022,Tarjeta de Crédito,Deuda,825.70,False,False,False,8700.00,2027-09-03,Activo,2025-05-28,2026-08-31,7
C002023__CREDITO_HIPOTECARIO,C002023,Crédito Hipotecario,Deuda,89993.58,False,False,False,,2032-07-03,Activo,2025-10-11,2026-07-11,3
C002024__CREDITO_HIPOTECARIO,C002024,Crédito Hipotecario,Deuda,81062.59,False,False,False,,2029-04-07,Activo,2025-12-21,2026-08-09,3
C002024__TARJETA_CREDITO,C002024,Tarjeta de Crédito,Deuda,2550.61,False,False,False,5400.00,2029-08-30,Activo,2025-04-30,2026-08-21,10
C002025__CREDITO_HIPOTECARIO,C002025,Crédito Hipotecario,Deuda,123697.95,False,False,False,,2032-01-17,Activo,2026-05-08,2026-05-08,1
C002025__TARJETA_CREDITO,C002025,Tarjeta de Crédito,Deuda,1601.63,False,False,False,2800.00,2028-08-04,Activo,2025-03-11,2026-07-19,5
C002026__CREDITO_HIPOTECARIO,C002026,Crédito Hipotecario,Deuda,43416.48,False,False,False,,2032-07-02,Activo,2026-08-08,2026-08-08,1
C002026__CREDITO_VEHICULAR,C002026,Crédito Vehicular,Deuda,19658.14,False,False,False,,2030-09-12,Activo,2025-10-06,2026-08-28,2
C002027__CREDITO_HIPOTECARIO,C002027,Crédito Hipotecario,Deuda,64312.40,False,False,False,,2031-02-12,Activo,2025-04-19,2026-08-10,2
C002027__TARJETA_CREDITO,C002027,Tarjeta de Crédito,Deuda,193.22,False,False,False,1100.00,2026-10-22,Activo,2025-05-20,2026-07-25,12
C002028__CREDITO_HIPOTECARIO,C002028,Crédito Hipotecario,Deuda,87498.06,False,False,False,,2030-04-25,Activo,2025-09-16,2026-02-24,3
C002029__CREDITO_HIPOTECARIO,C002029,Crédito Hipotecario,Deuda,40927.42,False,False,False,,2029-03-12,Activo,2025-07-25,2025-07-25,1
C002029__CREDITO_CONSUMO,C002029,Crédito de Consumo,Deuda,14472.40,False,False,False,,2031-05-23,Activo,2025-05-05,2026-05-03,3
C002030__CTA_CORRIENTE,C002030,Cuenta Corriente,Depósito,1316.36,False,False,False,,,Activo,2025-01-06,2026-02-06,2
C002030__TARJETA_CREDITO,C002030,Tarjeta de Crédito,Deuda,329.71,False,False,False,800.00,2029-10-13,Activo,2025-05-09,2026-04-15,5
C002031__CTA_CORRIENTE,C002031,Cuenta Corriente,Depósito,488.18,False,False,False,,,Activo,2025-10-26,2026-08-23,3
C002031__CTA_AHORROS,C002031,Cuenta de Ahorros,Depósito,486.43,False,False,False,,,Activo,2025-07-10,2025-07-10,1
C002032__CREDITO_VEHICULAR,C002032,Crédito Vehicular,Deuda,16825.83,False,False,False,,2029-06-02,Activo,2025-09-07,2025-10-29,2
C002032__CREDITO_CONSUMO,C002032,Crédito de Consumo,Deuda,19424.92,False,False,False,,2026-12-26,Activo,2025-01-09,2025-10-11,2
C002032__TARJETA_CREDITO,C002032,Tarjeta de Crédito,Deuda,2180.36,False,False,False,7700.00,2029-08-02,Activo,2025-04-25,2026-03-08,5
C002033__CREDITO_HIPOTECARIO,C002033,Crédito Hipotecario,Deuda,87508.45,False,False,False,,2028-02-09,Activo,2025-09-18,2025-10-17,2
C002033__CTA_CORRIENTE,C002033,Cuenta Corriente,Depósito,235.58,False,False,False,,,Activo,2025-10-22,2026-02-02,2
C002034__CREDITO_VEHICULAR,C002034,Crédito Vehicular,Deuda,23610.25,False,False,False,,2031-03-15,Activo,2025-04-22,2025-04-22,1
C002034__CTA_CORRIENTE,C002034,Cuenta Corriente,Depósito,2535.29,False,False,False,,,Activo,2025-10-22,2026-07-01,2
C002034__TARJETA_CREDITO,C002034,Tarjeta de Crédito,Deuda,506.68,False,False,False,3400.00,2027-03-27,Activo,2025-04-12,2026-03-10,4
C002035__CTA_CORRIENTE,C002035,Cuenta Corriente,Depósito,2818.50,False,False,False,,,Activo,2025-02-22,2026-05-24,4
C002036__CREDITO_CONSUMO,C002036,Crédito de Consumo,Deuda,2228.36,False,False,False,,2029-05-25,Activo,2026-08-09,2026-08-09,1
C002036__CTA_AHORROS,C002036,Cuenta de Ahorros,Depósito,1382.32,False,False,False,,,Activo,2025-11-17,2025-11-17,1
C002036__TARJETA_CREDITO,C002036,Tarjeta de Crédito,Deuda,860.26,False,False,False,1200.00,2029-11-10,Activo,2025-02-05,2026-01-10,4
C002037__CREDITO_VEHICULAR,C002037,Crédito Vehicular,Deuda,16835.00,False,False,False,,2029-09-09,Activo,2025-12-07,2025-12-07,1
C002037__TARJETA_CREDITO,C002037,Tarjeta de Crédito,Deuda,937.87,False,False,False,2400.00,2030-09-18,Activo,2025-01-21,2026-05-13,12
C002038__CTA_AHORROS,C002038,Cuenta de Ahorros,Depósito,13497.19,False,False,True,,,Activo,2025-07-28,2025-07-28,1
C002038__TARJETA_CREDITO,C002038,Tarjeta de Crédito,Deuda,2342.59,False,False,False,6600.00,2029-04-27,Activo,2025-08-19,2026-06-23,7
C002039__CREDITO_CONSUMO,C002039,Crédito de Consumo,Deuda,4754.17,False,False,False,,2031-06-28,Activo,2025-02-02,2026-06-22,3
C002039__CTA_AHORROS,C002039,Cuenta de Ahorros,Depósito,3871.67,False,False,False,,,Activo,2025-02-17,2026-04-29,4
C002039__TARJETA_CREDITO,C002039,Tarjeta de Crédito,Deuda,1401.30,False,False,False,2500.00,2027-02-12,Activo,2025-02-05,2026-02-18,5
C002040__CREDITO_CONSUMO,C002040,Crédito de Consumo,Deuda,15458.93,False,False,False,,2030-10-21,Activo,2025-07-02,2025-07-06,2
C002040__CTA_CORRIENTE,C002040,Cuenta Corriente,Depósito,1986.86,False,False,False,,,Activo,2026-01-23,2026-01-23,1
C002040__TARJETA_CREDITO,C002040,Tarjeta de Crédito,Deuda,1404.22,False,False,False,4300.00,2026-09-23,Activo,2025-06-16,2026-05-10,6
C002041__CREDITO_VEHICULAR,C002041,Crédito Vehicular,Deuda,10425.71,False,False,False,,2027-09-02,Activo,2025-01-21,2025-08-06,2
C002041__CREDITO_CONSUMO,C002041,Crédito de Consumo,Deuda,34150.13,False,False,True,,2027-10-23,Activo,2025-01-02,2025-10-25,3
C002041__CTA_CORRIENTE,C002041,Cuenta Corriente,Depósito,7840.76,False,False,False,,,Activo,2025-02-03,2026-08-14,4
C002041__TARJETA_CREDITO,C002041,Tarjeta de Crédito,Deuda,3754.72,False,False,True,12500.00,2028-12-17,Activo,2025-02-23,2025-12-29,5
C002042__CTA_AHORROS,C002042,Cuenta de Ahorros,Depósito,2212.90,False,False,False,,,Activo,2025-01-11,2026-08-20,2
C002043__CREDITO_VEHICULAR,C002043,Crédito Vehicular,Deuda,20974.27,False,False,False,,2032-04-28,Activo,2026-01-13,2026-01-13,1
C002043__CTA_CORRIENTE,C002043,Cuenta Corriente,Depósito,1096.66,False,False,False,,,Activo,2025-10-24,2026-05-20,2
C002043__CTA_AHORROS,C002043,Cuenta de Ahorros,Depósito,1693.03,False,False,False,,,Activo,2025-01-27,2025-12-16,3
C002044__TARJETA_CREDITO,C002044,Tarjeta de Crédito,Deuda,382.43,False,False,False,1400.00,2027-10-15,Activo,2025-03-09,2026-07-02,9
C002045__CTA_CORRIENTE,C002045,Cuenta Corriente,Depósito,3959.00,False,False,False,,,Activo,2025-08-18,2025-08-18,1
C002045__CTA_AHORROS,C002045,Cuenta de Ahorros,Depósito,2154.00,False,False,False,,,Activo,2025-11-20,2025-11-20,1
C002045__TARJETA_CREDITO,C002045,Tarjeta de Crédito,Deuda,413.43,False,False,False,1500.00,2028-06-21,Activo,2025-03-15,2026-06-12,11
C002046__CREDITO_HIPOTECARIO,C002046,Crédito Hipotecario,Deuda,69950.17,False,False,False,,2027-11-18,Activo,2025-08-26,2026-07-27,3
C002046__CREDITO_VEHICULAR,C002046,Crédito Vehicular,Deuda,10516.55,False,False,False,,2031-10-19,Activo,2025-09-17,2025-09-26,2
C002046__CREDITO_CONSUMO,C002046,Crédito de Consumo,Deuda,365.00,False,False,False,,2031-08-09,Activo,2025-07-01,2026-03-07,2
C002047__CREDITO_HIPOTECARIO,C002047,Crédito Hipotecario,Deuda,70752.78,False,False,False,,2032-02-03,Activo,2025-06-06,2026-01-05,3
C002047__CREDITO_CONSUMO,C002047,Crédito de Consumo,Deuda,20998.70,False,False,False,,2029-09-23,Activo,2025-10-08,2026-05-28,3
C002047__CTA_CORRIENTE,C002047,Cuenta Corriente,Depósito,-100.00,False,True,False,,,Activo,2025-10-06,2026-02-19,4
C002047__TARJETA_CREDITO,C002047,Tarjeta de Crédito,Deuda,8426.77,False,False,True,13700.00,2029-07-07,Activo,2025-01-11,2026-08-28,14
C002048__CREDITO_VEHICULAR,C002048,Crédito Vehicular,Deuda,25930.04,False,False,False,,2027-10-29,Activo,2026-03-21,2026-03-21,1
C002048__CTA_CORRIENTE,C002048,Cuenta Corriente,Depósito,6544.24,False,False,False,,,Activo,2025-05-29,2026-02-04,4
C002048__TARJETA_CREDITO,C002048,Tarjeta de Crédito,Deuda,2007.32,False,False,False,11100.00,2029-01-12,Activo,2025-02-11,2026-07-24,12
C002049__CREDITO_HIPOTECARIO,C002049,Crédito Hipotecario,Deuda,89658.32,False,False,False,,2031-01-19,Activo,2025-05-10,2026-02-22,3
C002049__CTA_AHORROS,C002049,Cuenta de Ahorros,Depósito,8359.41,False,False,False,,,Activo,2025-05-17,2025-05-17,1
C002049__TARJETA_CREDITO,C002049,Tarjeta de Crédito,Deuda,376.70,False,False,False,2800.00,2030-02-24,Activo,2025-08-19,2026-07-07,7
C002050__CREDITO_HIPOTECARIO,C002050,Crédito Hipotecario,Deuda,19421.33,False,False,False,,2030-12-15,Activo,2025-04-16,2025-09-15,2
C002050__CTA_AHORROS,C002050,Cuenta de Ahorros,Depósito,516.23,False,False,False,,,Activo,2025-03-08,2025-12-28,4
C002050__TARJETA_CREDITO,C002050,Tarjeta de Crédito,Deuda,51.37,False,False,False,900.00,2026-11-09,Activo,2025-05-06,2026-07-11,12
C002051__CREDITO_VEHICULAR,C002051,Crédito Vehicular,Deuda,10934.30,False,False,False,,2030-10-20,Activo,2025-03-10,2025-09-15,3
C002051__CREDITO_CONSUMO,C002051,Crédito de Consumo,Deuda,32375.76,False,False,True,,2027-11-19,Activo,2026-07-31,2026-07-31,1
C002051__CTA_CORRIENTE,C002051,Cuenta Corriente,Depósito,4056.85,False,False,False,,,Activo,2025-05-13,2025-12-19,2
C002052__CREDITO_CONSUMO,C002052,Crédito de Consumo,Deuda,12010.89,False,False,False,,2027-03-27,Activo,2025-01-25,2025-10-16,2
C002052__TARJETA_CREDITO,C002052,Tarjeta de Crédito,Deuda,1488.42,False,False,False,5300.00,2028-08-03,Activo,2025-01-05,2026-01-09,11
C002053__CREDITO_HIPOTECARIO,C002053,Crédito Hipotecario,Deuda,90394.94,False,False,False,,2031-10-20,Activo,2025-03-02,2026-06-23,3
C002053__CREDITO_VEHICULAR,C002053,Crédito Vehicular,Deuda,17142.59,False,False,False,,2028-12-12,Activo,2026-01-12,2026-08-20,2
C002053__TARJETA_CREDITO,C002053,Tarjeta de Crédito,Deuda,667.31,False,False,False,4500.00,2028-09-12,Activo,2025-03-26,2026-07-14,10
C002054__CREDITO_HIPOTECARIO,C002054,Crédito Hipotecario,Deuda,100844.20,False,False,False,,2031-02-15,Activo,2025-08-14,2025-08-14,1
C002054__TARJETA_CREDITO,C002054,Tarjeta de Crédito,Deuda,394.95,False,False,False,900.00,2028-01-18,Activo,2025-03-02,2026-08-26,12
C002055__CREDITO_HIPOTECARIO,C002055,Crédito Hipotecario,Deuda,54088.33,False,False,False,,2030-01-19,Activo,2025-07-08,2025-07-08,1
C002055__CREDITO_CONSUMO,C002055,Crédito de Consumo,Deuda,32781.73,False,False,True,,2031-08-16,Activo,2025-02-22,2025-07-10,2
C002055__TARJETA_CREDITO,C002055,Tarjeta de Crédito,Deuda,0.00,False,False,False,14600.00,2030-04-23,Activo,2025-01-17,2026-06-08,9
C002056__CTA_AHORROS,C002056,Cuenta de Ahorros,Depósito,3511.66,False,False,False,,,Activo,2025-02-15,2026-07-27,4
C002056__TARJETA_CREDITO,C002056,Tarjeta de Crédito,Deuda,1161.10,False,False,False,2700.00,2026-12-16,Activo,2025-02-05,2026-07-05,5
C002057__CREDITO_HIPOTECARIO,C002057,Crédito Hipotecario,Deuda,75615.48,False,False,False,,2029-08-22,Activo,2025-03-29,2025-03-29,1
C002058__CTA_AHORROS,C002058,Cuenta de Ahorros,Depósito,24062.06,False,False,True,,,Activo,2025-01-06,2025-05-01,2
C002058__TARJETA_CREDITO,C002058,Tarjeta de Crédito,Deuda,4489.32,False,False,True,12700.00,2029-04-11,Activo,2025-01-11,2026-07-22,13
C002059__CREDITO_VEHICULAR,C002059,Crédito Vehicular,Deuda,12948.94,False,False,False,,2030-02-23,Activo,2025-11-18,2025-11-18,1
C002059__CTA_CORRIENTE,C002059,Cuenta Corriente,Depósito,887.16,False,False,False,,,Activo,2025-08-25,2026-07-09,3
C002059__TARJETA_CREDITO,C002059,Tarjeta de Crédito,Deuda,358.44,False,False,False,1500.00,2029-01-16,Activo,2025-03-03,2026-06-08,8
C002060__CREDITO_HIPOTECARIO,C002060,Crédito Hipotecario,Deuda,85998.42,False,False,False,,2031-03-01,Activo,2025-11-03,2025-11-03,1
C002060__CREDITO_CONSUMO,C002060,Crédito de Consumo,Deuda,5146.07,False,False,False,,2027-07-03,Activo,2025-01-05,2026-02-05,3
C002060__TARJETA_CREDITO,C002060,Tarjeta de Crédito,Deuda,174.97,False,False,False,700.00,2029-11-26,Activo,2025-02-18,2026-08-08,11
C002061__CREDITO_VEHICULAR,C002061,Crédito Vehicular,Deuda,12259.67,False,False,False,,2027-08-08,Activo,2025-05-10,2026-05-23,2
C002061__CTA_CORRIENTE,C002061,Cuenta Corriente,Depósito,4839.64,False,False,False,,,Activo,2025-10-19,2025-10-19,1
C002061__TARJETA_CREDITO,C002061,Tarjeta de Crédito,Deuda,781.62,False,False,False,2500.00,2029-10-29,Activo,2025-02-22,2026-08-09,6
C002062__CTA_CORRIENTE,C002062,Cuenta Corriente,Depósito,12984.85,False,False,False,,,Activo,2025-03-25,2025-11-10,3
C002063__CREDITO_HIPOTECARIO,C002063,Crédito Hipotecario,Deuda,69984.49,False,False,False,,2031-08-10,Activo,2026-07-18,2026-07-18,1
C002063__CREDITO_VEHICULAR,C002063,Crédito Vehicular,Deuda,11916.86,False,False,False,,2031-03-23,Activo,2025-05-24,2025-05-24,1
C002063__CREDITO_CONSUMO,C002063,Crédito de Consumo,Deuda,7273.60,False,False,False,,2028-05-06,Activo,2025-09-29,2025-09-29,1
C002063__CTA_CORRIENTE,C002063,Cuenta Corriente,Depósito,354.26,False,False,False,,,Activo,2025-03-08,2025-12-20,4
C002064__TARJETA_CREDITO,C002064,Tarjeta de Crédito,Deuda,531.62,False,False,False,1500.00,2028-09-10,Activo,2025-01-16,2026-08-18,10
C002065__CREDITO_HIPOTECARIO,C002065,Crédito Hipotecario,Deuda,94940.23,False,False,False,,2026-12-24,Activo,2025-09-23,2025-09-23,1
C002065__TARJETA_CREDITO,C002065,Tarjeta de Crédito,Deuda,80.98,False,False,False,2600.00,2027-06-04,Activo,2025-05-31,2026-06-18,14
C002066__CREDITO_HIPOTECARIO,C002066,Crédito Hipotecario,Deuda,94663.03,False,False,False,,2029-10-04,Activo,2025-03-24,2025-07-06,3
C002066__CREDITO_VEHICULAR,C002066,Crédito Vehicular,Deuda,9348.53,False,False,False,,2028-11-15,Activo,2025-02-21,2026-05-05,2
C002066__CREDITO_CONSUMO,C002066,Crédito de Consumo,Deuda,1891.59,False,False,False,,2027-09-23,Activo,2025-06-28,2025-06-28,1
C002066__TARJETA_CREDITO,C002066,Tarjeta de Crédito,Deuda,927.95,False,False,False,1300.00,2027-07-14,Activo,2025-02-22,2025-11-01,4
C002067__CTA_CORRIENTE,C002067,Cuenta Corriente,Depósito,2277.80,False,False,False,,,Activo,2026-08-02,2026-08-02,1
C002067__CTA_AHORROS,C002067,Cuenta de Ahorros,Depósito,5802.71,False,False,False,,,Activo,2026-01-18,2026-01-18,1
C002067__TARJETA_CREDITO,C002067,Tarjeta de Crédito,Deuda,2210.60,False,False,False,5900.00,2030-02-21,Activo,2025-01-29,2026-07-10,10
C002068__CTA_AHORROS,C002068,Cuenta de Ahorros,Depósito,4235.53,False,False,False,,,Activo,2025-12-06,2026-08-28,3
C002068__TARJETA_CREDITO,C002068,Tarjeta de Crédito,Deuda,567.67,False,False,False,2600.00,2030-02-10,Activo,2025-02-20,2026-08-04,14
C002069__CREDITO_CONSUMO,C002069,Crédito de Consumo,Deuda,372.49,False,False,False,,2028-10-30,Activo,2026-03-19,2026-05-21,2
C002070__CREDITO_CONSUMO,C002070,Crédito de Consumo,Deuda,4913.87,False,False,False,,2026-11-06,Activo,2025-01-30,2026-01-15,3
C002070__CTA_AHORROS,C002070,Cuenta de Ahorros,Depósito,1391.01,False,False,False,,,Activo,2026-06-23,2026-07-18,2
C002070__TARJETA_CREDITO,C002070,Tarjeta de Crédito,Deuda,568.04,False,False,False,1100.00,2029-07-08,Activo,2025-01-01,2026-04-26,13
C002071__CTA_CORRIENTE,C002071,Cuenta Corriente,Depósito,12659.37,False,False,False,,,Activo,2026-04-18,2026-07-17,2
C002072__CTA_AHORROS,C002072,Cuenta de Ahorros,Depósito,1831.89,False,False,False,,,Activo,2025-08-19,2026-01-30,4
C002073__CTA_AHORROS,C002073,Cuenta de Ahorros,Depósito,2171.14,False,False,False,,,Activo,2025-08-11,2026-08-24,3
C002073__TARJETA_CREDITO,C002073,Tarjeta de Crédito,Deuda,1452.60,False,False,False,2100.00,2029-05-12,Activo,2025-08-13,2026-05-11,5
C002074__CREDITO_HIPOTECARIO,C002074,Crédito Hipotecario,Deuda,126521.94,False,False,False,,2029-09-02,Activo,2025-07-27,2025-07-27,1
C002074__CREDITO_CONSUMO,C002074,Crédito de Consumo,Deuda,17948.51,False,False,False,,2027-01-21,Activo,2025-06-12,2025-06-12,1
C002074__CTA_CORRIENTE,C002074,Cuenta Corriente,Depósito,2256.32,False,False,False,,,Activo,2026-01-29,2026-01-29,1
C002074__TARJETA_CREDITO,C002074,Tarjeta de Crédito,Deuda,1516.53,False,False,False,4500.00,2030-01-20,Activo,2025-08-02,2026-05-08,4
C002075__CREDITO_VEHICULAR,C002075,Crédito Vehicular,Deuda,20662.29,False,False,False,,2030-08-26,Activo,2025-03-11,2026-07-12,3
C002075__CTA_AHORROS,C002075,Cuenta de Ahorros,Depósito,1381.80,False,False,False,,,Activo,2025-04-02,2026-04-15,4
C002075__TARJETA_CREDITO,C002075,Tarjeta de Crédito,Deuda,2347.06,False,False,False,4800.00,2027-02-24,Activo,2025-03-06,2026-03-26,4
C002076__TARJETA_CREDITO,C002076,Tarjeta de Crédito,Deuda,1111.21,False,False,False,2300.00,2030-02-05,Activo,2025-03-17,2026-07-24,5
C002077__CREDITO_HIPOTECARIO,C002077,Crédito Hipotecario,Deuda,80678.79,False,False,False,,2032-05-06,Activo,2025-07-01,2025-10-31,3
C002077__CREDITO_CONSUMO,C002077,Crédito de Consumo,Deuda,5103.31,False,False,False,,2032-07-29,Activo,2025-05-05,2026-06-30,3
C002077__TARJETA_CREDITO,C002077,Tarjeta de Crédito,Deuda,803.79,False,False,False,1600.00,2027-05-11,Activo,2025-08-03,2026-06-30,4
C002078__CREDITO_VEHICULAR,C002078,Crédito Vehicular,Deuda,19650.19,False,False,False,,2028-04-07,Activo,2025-03-17,2025-12-24,3
C002078__CREDITO_CONSUMO,C002078,Crédito de Consumo,Deuda,3312.84,False,False,False,,2027-12-16,Activo,2025-08-24,2025-08-24,1
C002078__TARJETA_CREDITO,C002078,Tarjeta de Crédito,Deuda,917.51,False,False,False,2100.00,2029-10-18,Activo,2025-01-03,2026-07-20,5
C002079__CREDITO_HIPOTECARIO,C002079,Crédito Hipotecario,Deuda,102905.70,False,False,False,,2028-01-17,Activo,2025-02-23,2025-12-18,2
C002079__TARJETA_CREDITO,C002079,Tarjeta de Crédito,Deuda,1036.56,False,False,False,3300.00,2028-10-06,Activo,2025-03-08,2026-07-30,8
C002080__TARJETA_CREDITO,C002080,Tarjeta de Crédito,Deuda,524.61,False,False,False,1300.00,2028-08-11,Activo,2025-02-08,2026-01-29,11
C002081__CREDITO_VEHICULAR,C002081,Crédito Vehicular,Deuda,2398.35,False,False,False,,2028-07-12,Activo,2025-04-12,2026-08-07,3
C002081__TARJETA_CREDITO,C002081,Tarjeta de Crédito,Deuda,1337.47,False,False,False,4600.00,2028-08-25,Activo,2025-03-29,2026-08-30,14
C002082__CREDITO_VEHICULAR,C002082,Crédito Vehicular,Deuda,3198.80,False,False,False,,2027-08-20,Activo,2025-07-10,2026-04-01,2
C002082__CTA_CORRIENTE,C002082,Cuenta Corriente,Depósito,2711.22,False,False,False,,,Activo,2025-05-10,2025-11-23,4
C002082__TARJETA_CREDITO,C002082,Tarjeta de Crédito,Deuda,288.94,False,False,False,1000.00,2028-05-20,Activo,2025-06-21,2026-06-17,5
C002083__CTA_AHORROS,C002083,Cuenta de Ahorros,Depósito,6615.36,False,False,False,,,Activo,2025-11-03,2025-11-03,1
C002083__TARJETA_CREDITO,C002083,Tarjeta de Crédito,Deuda,3980.55,False,False,True,11600.00,2029-11-09,Activo,2025-04-01,2026-05-03,6
C002084__CREDITO_HIPOTECARIO,C002084,Crédito Hipotecario,Deuda,31298.56,False,False,False,,2027-03-16,Activo,2026-01-29,2026-07-09,2
C002084__CREDITO_CONSUMO,C002084,Crédito de Consumo,Deuda,3198.08,False,False,False,,2027-01-19,Activo,2025-05-23,2025-09-26,2
C002084__TARJETA_CREDITO,C002084,Tarjeta de Crédito,Deuda,653.23,False,False,False,1600.00,2027-08-23,Activo,2025-02-08,2026-03-21,6
C002085__CREDITO_HIPOTECARIO,C002085,Crédito Hipotecario,Deuda,77732.04,False,False,False,,2029-09-13,Activo,2025-08-08,2025-08-08,1
C002085__CTA_CORRIENTE,C002085,Cuenta Corriente,Depósito,1735.17,False,False,False,,,Activo,2025-03-24,2026-04-20,4
C002086__CREDITO_VEHICULAR,C002086,Crédito Vehicular,Deuda,11525.12,False,False,False,,2031-12-31,Activo,2025-06-29,2026-01-03,2
C002087__CREDITO_HIPOTECARIO,C002087,Crédito Hipotecario,Deuda,83957.10,False,False,False,,2030-07-01,Activo,2025-10-04,2025-12-28,2
C002087__TARJETA_CREDITO,C002087,Tarjeta de Crédito,Deuda,171.24,False,False,False,1700.00,2029-04-10,Activo,2025-01-05,2026-08-01,14
C002088__CREDITO_HIPOTECARIO,C002088,Crédito Hipotecario,Deuda,84287.57,False,False,False,,2030-10-28,Activo,2025-04-13,2025-04-13,1
C002088__TARJETA_CREDITO,C002088,Tarjeta de Crédito,Deuda,861.01,False,False,False,9100.00,2029-04-05,Activo,2025-02-13,2025-12-06,6
C002089__CREDITO_VEHICULAR,C002089,Crédito Vehicular,Deuda,16676.31,False,False,False,,2027-06-13,Activo,2025-09-01,2026-07-10,3
C002089__CTA_CORRIENTE,C002089,Cuenta Corriente,Depósito,7486.23,False,False,False,,,Activo,2025-05-26,2026-06-22,4
C002090__CREDITO_CONSUMO,C002090,Crédito de Consumo,Deuda,2469.26,False,False,False,,2031-11-03,Activo,2025-03-18,2026-07-31,3
C002090__TARJETA_CREDITO,C002090,Tarjeta de Crédito,Deuda,708.14,False,False,False,1800.00,2027-06-28,Activo,2025-05-08,2026-08-12,9
C002091__CREDITO_VEHICULAR,C002091,Crédito Vehicular,Deuda,17511.09,False,False,False,,2026-12-02,Activo,2025-05-18,2026-06-15,2
C002091__TARJETA_CREDITO,C002091,Tarjeta de Crédito,Deuda,1076.99,False,False,False,1900.00,2028-04-05,Activo,2025-03-17,2026-08-25,7
C002092__CTA_CORRIENTE,C002092,Cuenta Corriente,Depósito,2085.24,False,False,False,,,Activo,2026-03-20,2026-08-31,2
C002092__TARJETA_CREDITO,C002092,Tarjeta de Crédito,Deuda,662.96,False,False,False,1600.00,2030-10-03,Activo,2025-06-26,2026-08-05,8
C002093__CREDITO_HIPOTECARIO,C002093,Crédito Hipotecario,Deuda,75821.46,False,False,False,,2027-07-06,Activo,2025-09-17,2025-09-17,1
C002093__CTA_CORRIENTE,C002093,Cuenta Corriente,Depósito,3695.42,False,False,False,,,Activo,2025-01-09,2025-08-30,4
C002093__TARJETA_CREDITO,C002093,Tarjeta de Crédito,Deuda,1818.49,False,False,False,4400.00,2030-10-01,Activo,2025-02-25,2026-07-02,8
C002094__CREDITO_HIPOTECARIO,C002094,Crédito Hipotecario,Deuda,56724.39,False,False,False,,2029-12-17,Activo,2025-09-21,2026-01-13,2
C002094__CREDITO_CONSUMO,C002094,Crédito de Consumo,Deuda,4705.40,False,False,False,,2029-05-16,Activo,2025-07-11,2026-02-21,3
C002094__TARJETA_CREDITO,C002094,Tarjeta de Crédito,Deuda,1386.99,False,False,False,2900.00,2028-04-22,Activo,2025-01-27,2026-03-10,6
C002095__CREDITO_VEHICULAR,C002095,Crédito Vehicular,Deuda,22893.51,False,False,False,,2028-03-15,Activo,2025-07-27,2026-04-17,3
C002095__CREDITO_CONSUMO,C002095,Crédito de Consumo,Deuda,24954.41,False,False,False,,2029-10-12,Activo,2025-11-21,2025-11-21,1
C002096__CREDITO_CONSUMO,C002096,Crédito de Consumo,Deuda,6203.27,False,False,False,,2026-10-08,Activo,2025-03-26,2026-05-27,3
C002097__CREDITO_HIPOTECARIO,C002097,Crédito Hipotecario,Deuda,44132.47,False,False,False,,2030-08-29,Activo,2025-10-21,2026-05-15,3
C002097__CTA_CORRIENTE,C002097,Cuenta Corriente,Depósito,2276.19,False,False,False,,,Activo,2025-01-24,2026-06-06,4
C002097__TARJETA_CREDITO,C002097,Tarjeta de Crédito,Deuda,585.43,False,False,False,2200.00,2028-05-04,Activo,2025-03-05,2026-07-28,14
C002098__CREDITO_HIPOTECARIO,C002098,Crédito Hipotecario,Deuda,101538.13,False,False,False,,2030-03-31,Activo,2025-07-10,2025-10-13,2
C002098__TARJETA_CREDITO,C002098,Tarjeta de Crédito,Deuda,1244.20,False,False,False,2400.00,2030-01-29,Activo,2025-02-28,2026-07-17,11
C002099__CTA_AHORROS,C002099,Cuenta de Ahorros,Depósito,8402.22,False,False,False,,,Activo,2025-01-01,2025-12-28,2
C002100__TARJETA_CREDITO,C002100,Tarjeta de Crédito,Deuda,509.71,False,False,False,2200.00,2027-10-18,Activo,2025-01-07,2026-08-04,5
C002101__CREDITO_HIPOTECARIO,C002101,Crédito Hipotecario,Deuda,91326.63,False,False,False,,2029-07-06,Activo,2026-03-22,2026-03-22,1
C002101__CREDITO_CONSUMO,C002101,Crédito de Consumo,Deuda,3876.15,False,False,False,,2032-03-31,Activo,2025-01-11,2025-05-03,3
C002101__TARJETA_CREDITO,C002101,Tarjeta de Crédito,Deuda,221.89,False,False,False,2000.00,2028-09-08,Activo,2025-02-04,2026-08-15,14
C002102__CREDITO_HIPOTECARIO,C002102,Crédito Hipotecario,Deuda,51742.32,False,False,False,,2027-08-28,Activo,2025-06-03,2026-04-28,2
C002103__CTA_CORRIENTE,C002103,Cuenta Corriente,Depósito,3205.55,False,False,False,,,Activo,2025-09-05,2025-11-29,2
C002104__CREDITO_HIPOTECARIO,C002104,Crédito Hipotecario,Deuda,53184.91,False,False,False,,2027-07-17,Activo,2025-07-14,2025-07-31,2
C002104__CREDITO_VEHICULAR,C002104,Crédito Vehicular,Deuda,24777.63,False,False,False,,2031-05-14,Activo,2026-02-11,2026-02-11,1
C002104__CTA_CORRIENTE,C002104,Cuenta Corriente,Depósito,3274.31,False,False,False,,,Activo,2025-01-09,2026-08-02,3
C002104__TARJETA_CREDITO,C002104,Tarjeta de Crédito,Deuda,3262.15,False,False,False,6400.00,2030-04-27,Activo,2025-03-29,2026-07-05,12
C002105__CREDITO_HIPOTECARIO,C002105,Crédito Hipotecario,Deuda,65060.83,False,False,False,,2030-12-10,Activo,2025-08-08,2026-02-24,3
C002105__CREDITO_CONSUMO,C002105,Crédito de Consumo,Deuda,22262.63,False,False,False,,2026-12-03,Activo,2025-02-20,2025-03-14,2
C002105__CTA_AHORROS,C002105,Cuenta de Ahorros,Depósito,4108.77,False,False,False,,,Activo,2025-02-04,2026-04-10,4
C002105__TARJETA_CREDITO,C002105,Tarjeta de Crédito,Deuda,619.27,False,False,False,5500.00,2028-03-18,Activo,2025-06-11,2026-07-20,10
C002106__CREDITO_CONSUMO,C002106,Crédito de Consumo,Deuda,7165.80,False,False,False,,2026-12-22,Activo,2026-02-14,2026-02-14,1
C002106__CTA_CORRIENTE,C002106,Cuenta Corriente,Depósito,18320.78,False,False,True,,,Activo,2025-06-08,2025-06-08,1
C002106__TARJETA_CREDITO,C002106,Tarjeta de Crédito,Deuda,3443.01,False,False,True,9200.00,2029-04-26,Activo,2025-01-23,2026-07-14,7
C002107__CREDITO_VEHICULAR,C002107,Crédito Vehicular,Deuda,10655.31,False,False,False,,2028-10-18,Activo,2025-08-12,2025-08-12,1
C002107__TARJETA_CREDITO,C002107,Tarjeta de Crédito,Deuda,1129.59,False,False,False,1600.00,2028-02-27,Activo,2025-06-02,2026-07-17,7
C002108__CREDITO_HIPOTECARIO,C002108,Crédito Hipotecario,Deuda,31827.91,False,False,False,,2030-03-10,Activo,2025-10-24,2025-10-24,1
C002108__CREDITO_VEHICULAR,C002108,Crédito Vehicular,Deuda,18991.92,False,False,False,,2031-07-16,Activo,2025-06-30,2025-06-30,1
C002109__CREDITO_HIPOTECARIO,C002109,Crédito Hipotecario,Deuda,51775.11,False,False,False,,2030-01-24,Activo,2025-06-28,2026-02-02,3
C002109__CREDITO_CONSUMO,C002109,Crédito de Consumo,Deuda,5870.98,False,False,False,,2030-10-11,Activo,2025-06-19,2026-01-26,3
C002110__CREDITO_VEHICULAR,C002110,Crédito Vehicular,Deuda,24898.63,False,False,False,,2028-08-14,Activo,2026-07-05,2026-07-05,1
C002111__TARJETA_CREDITO,C002111,Tarjeta de Crédito,Deuda,1006.41,False,False,False,5000.00,2026-10-09,Activo,2025-03-22,2026-07-12,11
C002112__CREDITO_VEHICULAR,C002112,Crédito Vehicular,Deuda,15526.86,False,False,False,,2031-04-18,Activo,2026-08-12,2026-08-12,1
C002112__TARJETA_CREDITO,C002112,Tarjeta de Crédito,Deuda,1424.23,False,False,False,2700.00,2029-07-26,Activo,2025-06-06,2026-08-16,7
C002113__CREDITO_HIPOTECARIO,C002113,Crédito Hipotecario,Deuda,58726.25,False,False,False,,2027-08-09,Activo,2025-08-08,2025-12-25,2
C002113__CREDITO_VEHICULAR,C002113,Crédito Vehicular,Deuda,11577.68,False,False,False,,2027-10-11,Activo,2025-02-02,2026-01-16,3
C002113__TARJETA_CREDITO,C002113,Tarjeta de Crédito,Deuda,3201.67,False,False,False,7600.00,2027-03-21,Activo,2025-01-02,2026-08-06,14
C002114__TARJETA_CREDITO,C002114,Tarjeta de Crédito,Deuda,0.00,False,False,False,1500.00,2030-07-12,Activo,2025-03-15,2026-05-17,14
C002115__CREDITO_CONSUMO,C002115,Crédito de Consumo,Deuda,1154.42,False,False,False,,2030-11-15,Activo,2025-01-20,2025-01-20,1
C002115__CTA_CORRIENTE,C002115,Cuenta Corriente,Depósito,1290.50,False,False,False,,,Activo,2025-06-25,2025-06-25,1
C002115__CTA_AHORROS,C002115,Cuenta de Ahorros,Depósito,2950.30,False,False,False,,,Activo,2025-02-27,2026-07-23,4
C002115__TARJETA_CREDITO,C002115,Tarjeta de Crédito,Deuda,0.00,False,False,False,1000.00,2027-04-26,Activo,2025-02-02,2026-06-26,12
C002116__CREDITO_HIPOTECARIO,C002116,Crédito Hipotecario,Deuda,77257.16,False,False,False,,2029-06-15,Activo,2025-02-25,2026-01-14,3
C002116__TARJETA_CREDITO,C002116,Tarjeta de Crédito,Deuda,2197.61,False,False,False,9700.00,2030-06-11,Activo,2025-03-13,2026-07-17,9
C002117__CREDITO_VEHICULAR,C002117,Crédito Vehicular,Deuda,27406.19,False,False,False,,2029-12-18,Activo,2026-03-13,2026-03-13,1
C002117__CTA_CORRIENTE,C002117,Cuenta Corriente,Depósito,8180.12,False,False,False,,,Activo,2025-11-02,2026-07-26,3
C002118__CREDITO_CONSUMO,C002118,Crédito de Consumo,Deuda,7038.98,False,False,False,,2030-08-10,Activo,2026-03-20,2026-03-20,1
C002118__CTA_AHORROS,C002118,Cuenta de Ahorros,Depósito,-100.00,False,True,False,,,Activo,2025-09-04,2025-11-27,2
C002118__TARJETA_CREDITO,C002118,Tarjeta de Crédito,Deuda,402.56,False,False,False,1600.00,2028-11-05,Activo,2025-03-17,2026-04-16,4
C002119__CREDITO_HIPOTECARIO,C002119,Crédito Hipotecario,Deuda,108439.61,False,False,False,,2031-04-06,Activo,2025-09-14,2025-09-14,1
C002119__CREDITO_CONSUMO,C002119,Crédito de Consumo,Deuda,4098.43,False,False,False,,2028-11-20,Activo,2025-06-28,2026-05-07,3
C002119__CTA_CORRIENTE,C002119,Cuenta Corriente,Depósito,2303.66,False,False,False,,,Activo,2025-05-19,2026-08-20,4
C002119__TARJETA_CREDITO,C002119,Tarjeta de Crédito,Deuda,1124.13,False,False,False,2600.00,2029-07-20,Activo,2025-02-04,2026-08-30,13
C002120__CREDITO_CONSUMO,C002120,Crédito de Consumo,Deuda,4805.40,False,False,False,,2029-11-13,Activo,2025-09-26,2025-09-26,1
C002120__CTA_AHORROS,C002120,Cuenta de Ahorros,Depósito,2661.11,False,False,False,,,Activo,2025-04-11,2026-07-28,3
C002120__TARJETA_CREDITO,C002120,Tarjeta de Crédito,Deuda,1116.87,False,False,False,2100.00,2030-02-28,Activo,2025-01-30,2026-08-27,14
C002121__CTA_CORRIENTE,C002121,Cuenta Corriente,Depósito,3226.67,False,False,False,,,Activo,2025-04-25,2026-01-22,2
C002121__TARJETA_CREDITO,C002121,Tarjeta de Crédito,Deuda,2053.49,False,False,False,4300.00,2027-05-13,Activo,2025-03-23,2026-06-22,4
C002122__CREDITO_VEHICULAR,C002122,Crédito Vehicular,Deuda,18574.67,False,False,False,,2031-07-27,Activo,2025-05-23,2025-05-23,1
C002122__TARJETA_CREDITO,C002122,Tarjeta de Crédito,Deuda,607.84,False,False,False,2000.00,2030-06-12,Activo,2025-03-15,2026-08-07,7
C002123__CREDITO_VEHICULAR,C002123,Crédito Vehicular,Deuda,19157.12,False,False,False,,2029-10-09,Activo,2025-07-02,2025-12-29,2
C002123__CTA_AHORROS,C002123,Cuenta de Ahorros,Depósito,3286.79,False,False,False,,,Activo,2025-01-28,2026-06-27,3
C002124__CREDITO_VEHICULAR,C002124,Crédito Vehicular,Deuda,33436.73,False,False,False,,2031-12-31,Activo,2025-07-17,2026-01-19,2
C002124__TARJETA_CREDITO,C002124,Tarjeta de Crédito,Deuda,376.55,False,False,False,1000.00,2030-06-25,Activo,2025-01-27,2026-07-26,12
C002125__CREDITO_HIPOTECARIO,C002125,Crédito Hipotecario,Deuda,81647.10,False,False,False,,2030-08-06,Activo,2025-03-20,2025-03-20,1
C002125__CTA_CORRIENTE,C002125,Cuenta Corriente,Depósito,3158.39,False,False,False,,,Activo,2025-02-01,2026-01-27,3
C002125__CTA_AHORROS,C002125,Cuenta de Ahorros,Depósito,9564.65,False,False,False,,,Activo,2025-12-17,2026-03-10,3
C002126__CREDITO_HIPOTECARIO,C002126,Crédito Hipotecario,Deuda,73153.72,False,False,False,,2029-08-21,Activo,2025-08-12,2026-07-27,2
C002126__CREDITO_CONSUMO,C002126,Crédito de Consumo,Deuda,11481.51,False,False,False,,2031-08-13,Activo,2025-07-03,2026-08-05,2
C002126__CTA_AHORROS,C002126,Cuenta de Ahorros,Depósito,16957.77,False,False,True,,,Activo,2025-10-08,2026-07-01,3
C002126__TARJETA_CREDITO,C002126,Tarjeta de Crédito,Deuda,410.12,False,False,False,7800.00,2028-10-09,Activo,2025-04-01,2025-12-18,4
C002127__CTA_CORRIENTE,C002127,Cuenta Corriente,Depósito,6933.68,False,False,False,,,Activo,2025-02-09,2026-06-03,4
C002127__TARJETA_CREDITO,C002127,Tarjeta de Crédito,Deuda,2730.33,False,False,False,5500.00,2027-02-08,Activo,2025-02-21,2026-07-09,5
C002128__CREDITO_CONSUMO,C002128,Crédito de Consumo,Deuda,15291.34,False,False,False,,2028-06-11,Activo,2026-06-03,2026-06-03,1
C002128__CTA_AHORROS,C002128,Cuenta de Ahorros,Depósito,12134.01,False,False,False,,,Activo,2025-05-06,2025-09-04,2
C002129__CREDITO_CONSUMO,C002129,Crédito de Consumo,Deuda,5138.84,False,False,False,,2032-08-16,Activo,2025-01-04,2025-01-04,1
C002130__CREDITO_VEHICULAR,C002130,Crédito Vehicular,Deuda,15853.72,False,False,False,,2028-04-28,Activo,2025-11-14,2025-11-14,1
C002131__CREDITO_CONSUMO,C002131,Crédito de Consumo,Deuda,20248.27,False,False,False,,2031-01-27,Activo,2025-06-26,2026-06-04,3
C002131__CTA_CORRIENTE,C002131,Cuenta Corriente,Depósito,6323.55,False,False,False,,,Activo,2026-01-29,2026-01-29,1
C002131__TARJETA_CREDITO,C002131,Tarjeta de Crédito,Deuda,1834.02,False,False,False,7000.00,2030-03-05,Activo,2025-02-11,2026-05-08,9
C002132__CREDITO_CONSUMO,C002132,Crédito de Consumo,Deuda,5918.84,False,False,False,,2027-08-01,Activo,2026-06-08,2026-06-08,1
C002132__CTA_CORRIENTE,C002132,Cuenta Corriente,Depósito,-23.73,False,True,False,,,Activo,2025-01-29,2026-07-25,4
C002132__TARJETA_CREDITO,C002132,Tarjeta de Crédito,Deuda,1261.09,False,False,False,6700.00,2030-01-04,Activo,2025-03-15,2026-07-03,10
C002133__CREDITO_HIPOTECARIO,C002133,Crédito Hipotecario,Deuda,62895.38,False,False,False,,2029-08-17,Activo,2025-10-03,2026-02-06,3
C002133__CTA_CORRIENTE,C002133,Cuenta Corriente,Depósito,1657.38,False,False,False,,,Activo,2025-11-19,2025-11-19,1
C002133__TARJETA_CREDITO,C002133,Tarjeta de Crédito,Deuda,1340.10,False,False,False,2700.00,2026-12-24,Activo,2025-01-11,2026-04-28,4
C002134__CTA_CORRIENTE,C002134,Cuenta Corriente,Depósito,4097.28,False,False,False,,,Activo,2025-04-09,2025-08-04,3
C002134__TARJETA_CREDITO,C002134,Tarjeta de Crédito,Deuda,1109.54,False,False,False,3100.00,2029-06-05,Activo,2025-04-09,2026-06-28,4
C002135__CREDITO_VEHICULAR,C002135,Crédito Vehicular,Deuda,10424.32,False,False,False,,2029-07-18,Activo,2025-07-31,2025-07-31,1
C002135__CREDITO_CONSUMO,C002135,Crédito de Consumo,Deuda,14370.42,False,False,False,,2030-07-18,Activo,2025-01-11,2025-01-11,1
C002135__CTA_AHORROS,C002135,Cuenta de Ahorros,Depósito,110.93,False,False,False,,,Activo,2025-11-07,2026-08-20,2
C002135__TARJETA_CREDITO,C002135,Tarjeta de Crédito,Deuda,535.01,False,False,False,2100.00,2030-06-24,Activo,2025-01-06,2026-08-20,13
C002136__CREDITO_HIPOTECARIO,C002136,Crédito Hipotecario,Deuda,76649.13,False,False,False,,2031-03-03,Activo,2025-03-23,2026-08-06,3
C002136__TARJETA_CREDITO,C002136,Tarjeta de Crédito,Deuda,594.58,False,False,False,1100.00,2027-10-16,Activo,2025-03-15,2026-04-24,8
C002137__CREDITO_HIPOTECARIO,C002137,Crédito Hipotecario,Deuda,94636.20,False,False,False,,2029-03-17,Activo,2025-08-03,2026-04-28,2
C002137__CREDITO_CONSUMO,C002137,Crédito de Consumo,Deuda,13750.05,False,False,False,,2028-03-08,Activo,2025-06-17,2026-04-05,2
C002137__TARJETA_CREDITO,C002137,Tarjeta de Crédito,Deuda,3265.66,False,False,False,7000.00,2028-04-01,Activo,2025-03-06,2026-08-21,10
C002138__CTA_AHORROS,C002138,Cuenta de Ahorros,Depósito,5236.54,False,False,False,,,Activo,2025-12-26,2026-05-10,2
C002138__TARJETA_CREDITO,C002138,Tarjeta de Crédito,Deuda,1061.19,False,False,False,2200.00,2029-07-10,Activo,2025-01-20,2026-08-30,14
C002139__CREDITO_HIPOTECARIO,C002139,Crédito Hipotecario,Deuda,71255.89,False,False,False,,2027-02-10,Activo,2025-03-10,2026-02-14,3
C002139__CTA_CORRIENTE,C002139,Cuenta Corriente,Depósito,1397.49,False,False,False,,,Activo,2025-02-20,2026-08-01,2
C002139__TARJETA_CREDITO,C002139,Tarjeta de Crédito,Deuda,632.22,False,False,False,1400.00,2030-06-06,Activo,2025-07-24,2026-05-21,6
C002140__CTA_AHORROS,C002140,Cuenta de Ahorros,Depósito,13970.32,False,False,True,,,Activo,2025-08-21,2026-06-09,3
C002141__CREDITO_CONSUMO,C002141,Crédito de Consumo,Deuda,18922.93,False,False,False,,2029-08-06,Activo,2025-07-20,2026-05-31,3
C002141__CTA_CORRIENTE,C002141,Cuenta Corriente,Depósito,35349.58,False,False,True,,,Activo,2026-04-30,2026-06-29,3
C002141__CTA_AHORROS,C002141,Cuenta de Ahorros,Depósito,28526.49,False,False,True,,,Activo,2026-06-10,2026-06-10,1
C002141__TARJETA_CREDITO,C002141,Tarjeta de Crédito,Deuda,7792.23,False,False,True,17900.00,2027-08-02,Activo,2025-02-22,2026-08-16,6
C002142__CREDITO_CONSUMO,C002142,Crédito de Consumo,Deuda,5633.24,False,False,False,,2030-04-14,Activo,2025-01-29,2025-01-29,1
C002142__TARJETA_CREDITO,C002142,Tarjeta de Crédito,Deuda,140.80,False,False,False,1400.00,2029-10-08,Activo,2025-03-08,2026-07-10,4
C002143__CREDITO_HIPOTECARIO,C002143,Crédito Hipotecario,Deuda,0.00,False,False,True,,2031-12-13,Activo,2025-06-29,2026-03-15,3
C002144__CREDITO_CONSUMO,C002144,Crédito de Consumo,Deuda,5049.24,False,False,False,,2030-12-10,Activo,2025-03-17,2026-02-14,3
C002144__CTA_CORRIENTE,C002144,Cuenta Corriente,Depósito,818.69,False,False,False,,,Activo,2025-10-19,2026-07-21,4
C002144__TARJETA_CREDITO,C002144,Tarjeta de Crédito,Deuda,1048.84,False,False,False,3700.00,2030-05-10,Activo,2025-03-13,2026-08-25,11
C002145__CREDITO_VEHICULAR,C002145,Crédito Vehicular,Deuda,9516.01,False,False,False,,2027-07-02,Activo,2025-02-23,2026-07-29,2
C002145__CTA_CORRIENTE,C002145,Cuenta Corriente,Depósito,10369.84,False,False,False,,,Activo,2025-05-04,2025-05-04,1
C002145__TARJETA_CREDITO,C002145,Tarjeta de Crédito,Deuda,3543.18,False,False,True,13200.00,2029-05-29,Activo,2025-03-28,2026-06-11,7
C002146__CTA_AHORROS,C002146,Cuenta de Ahorros,Depósito,196.16,False,False,False,,,Activo,2025-02-19,2026-07-20,4
C002146__TARJETA_CREDITO,C002146,Tarjeta de Crédito,Deuda,356.16,False,False,False,1500.00,2026-10-24,Activo,2025-01-27,2026-07-31,14
C002147__CREDITO_HIPOTECARIO,C002147,Crédito Hipotecario,Deuda,73374.39,False,False,False,,2027-12-16,Activo,2026-04-19,2026-04-19,1
C002147__CREDITO_CONSUMO,C002147,Crédito de Consumo,Deuda,6119.00,False,False,False,,2031-12-24,Activo,2025-02-24,2025-11-30,3
C002147__CTA_AHORROS,C002147,Cuenta de Ahorros,Depósito,3495.89,False,False,False,,,Activo,2025-03-05,2026-07-03,3
C002148__CREDITO_HIPOTECARIO,C002148,Crédito Hipotecario,Deuda,60033.12,False,False,False,,2031-04-29,Activo,2025-02-25,2025-02-25,1
C002148__TARJETA_CREDITO,C002148,Tarjeta de Crédito,Deuda,1174.46,False,False,False,2500.00,2028-12-24,Activo,2025-01-24,2025-09-09,6
C002149__CREDITO_CONSUMO,C002149,Crédito de Consumo,Deuda,1385.66,False,False,False,,2029-11-30,Activo,2025-06-13,2026-04-14,2
C002149__CTA_CORRIENTE,C002149,Cuenta Corriente,Depósito,757.05,False,False,False,,,Activo,2025-09-24,2025-09-24,1
C002150__CREDITO_HIPOTECARIO,C002150,Crédito Hipotecario,Deuda,111274.84,False,False,False,,2027-06-03,Activo,2025-08-27,2026-08-22,3
C002150__TARJETA_CREDITO,C002150,Tarjeta de Crédito,Deuda,453.54,False,False,False,2800.00,2026-11-18,Activo,2025-01-05,2026-08-29,11
C002151__CTA_AHORROS,C002151,Cuenta de Ahorros,Depósito,6933.44,False,False,False,,,Activo,2025-06-15,2025-09-29,2
C002151__TARJETA_CREDITO,C002151,Tarjeta de Crédito,Deuda,2500.63,False,False,False,11600.00,2029-05-31,Activo,2025-02-04,2026-06-11,11
C002152__CREDITO_HIPOTECARIO,C002152,Crédito Hipotecario,Deuda,37693.15,False,False,False,,2032-02-06,Activo,2025-08-13,2026-08-14,2
C002152__CTA_CORRIENTE,C002152,Cuenta Corriente,Depósito,12.16,False,False,False,,,Activo,2026-01-04,2026-01-04,1
C002152__CTA_AHORROS,C002152,Cuenta de Ahorros,Depósito,2363.68,False,False,False,,,Activo,2025-08-04,2025-08-04,1
C002153__CREDITO_VEHICULAR,C002153,Crédito Vehicular,Deuda,23367.83,False,False,False,,2027-03-13,Activo,2025-06-13,2026-05-22,3
C002153__CREDITO_CONSUMO,C002153,Crédito de Consumo,Deuda,18105.06,False,False,False,,2032-02-18,Activo,2025-04-23,2025-05-15,2
C002153__TARJETA_CREDITO,C002153,Tarjeta de Crédito,Deuda,617.31,False,False,False,4000.00,2027-07-28,Activo,2025-11-26,2026-05-11,5
C002154__CREDITO_VEHICULAR,C002154,Crédito Vehicular,Deuda,35395.46,False,False,True,,2032-07-11,Activo,2025-01-17,2025-01-17,1
C002154__CREDITO_CONSUMO,C002154,Crédito de Consumo,Deuda,15510.30,False,False,False,,2026-11-18,Activo,2025-04-19,2025-11-10,3
C002154__CTA_CORRIENTE,C002154,Cuenta Corriente,Depósito,16689.48,False,False,True,,,Activo,2025-06-01,2026-06-18,4
C002154__TARJETA_CREDITO,C002154,Tarjeta de Crédito,Deuda,256.50,False,False,False,7200.00,2030-01-06,Activo,2025-01-12,2026-08-21,14
C002155__CREDITO_CONSUMO,C002155,Crédito de Consumo,Deuda,11106.83,False,False,False,,2029-10-28,Activo,2025-07-03,2026-05-11,3
C002156__CREDITO_VEHICULAR,C002156,Crédito Vehicular,Deuda,24548.07,False,False,False,,2028-03-01,Activo,2025-03-04,2026-07-10,3
C002156__CTA_AHORROS,C002156,Cuenta de Ahorros,Depósito,6301.21,False,False,False,,,Activo,2025-02-04,2026-06-28,4
C002157__CTA_AHORROS,C002157,Cuenta de Ahorros,Depósito,12671.52,False,False,True,,,Activo,2025-02-28,2025-06-22,3
C002157__TARJETA_CREDITO,C002157,Tarjeta de Crédito,Deuda,1622.18,False,False,False,5800.00,2028-04-17,Activo,2025-03-23,2026-07-19,6
C002158__CREDITO_VEHICULAR,C002158,Crédito Vehicular,Deuda,20801.88,False,False,False,,2028-02-06,Activo,2025-08-16,2025-12-15,2
C002158__TARJETA_CREDITO,C002158,Tarjeta de Crédito,Deuda,282.57,False,False,False,1300.00,2028-04-07,Activo,2025-02-11,2026-06-21,8
C002159__CREDITO_CONSUMO,C002159,Crédito de Consumo,Deuda,5925.72,False,False,False,,2030-02-24,Activo,2025-08-17,2026-06-17,3
C002159__TARJETA_CREDITO,C002159,Tarjeta de Crédito,Deuda,1389.69,False,False,False,2800.00,2028-01-23,Activo,2025-04-08,2026-07-11,8
C002160__CTA_AHORROS,C002160,Cuenta de Ahorros,Depósito,12067.29,False,False,False,,,Activo,2025-07-24,2026-03-10,3
C002160__TARJETA_CREDITO,C002160,Tarjeta de Crédito,Deuda,0.00,False,False,False,11100.00,2027-02-10,Activo,2025-02-22,2026-08-19,10
C002161__CTA_AHORROS,C002161,Cuenta de Ahorros,Depósito,1344.82,False,False,False,,,Activo,2025-10-04,2026-01-31,2
C002161__TARJETA_CREDITO,C002161,Tarjeta de Crédito,Deuda,365.14,False,False,False,900.00,2028-06-15,Activo,2025-02-12,2026-08-23,13
C002162__CTA_AHORROS,C002162,Cuenta de Ahorros,Depósito,3974.47,False,False,False,,,Activo,2025-11-20,2025-12-09,2
C002162__TARJETA_CREDITO,C002162,Tarjeta de Crédito,Deuda,2513.04,False,False,False,4900.00,2030-05-25,Activo,2025-02-04,2026-08-31,5
C002163__CREDITO_VEHICULAR,C002163,Crédito Vehicular,Deuda,14166.34,False,False,False,,2029-01-20,Activo,2025-02-16,2025-02-16,1
C002163__CREDITO_CONSUMO,C002163,Crédito de Consumo,Deuda,18272.57,False,False,False,,2027-10-19,Activo,2025-02-08,2025-10-31,3
C002163__TARJETA_CREDITO,C002163,Tarjeta de Crédito,Deuda,2138.36,False,False,False,4900.00,2030-01-25,Activo,2025-02-04,2026-06-16,10
C002164__CTA_CORRIENTE,C002164,Cuenta Corriente,Depósito,4522.08,False,False,False,,,Activo,2025-06-11,2025-09-04,3
C002164__TARJETA_CREDITO,C002164,Tarjeta de Crédito,Deuda,1787.41,False,False,False,12900.00,2030-06-09,Activo,2025-02-22,2026-08-26,4
C002165__CREDITO_VEHICULAR,C002165,Crédito Vehicular,Deuda,28457.35,False,False,False,,2028-10-18,Activo,2025-03-17,2026-06-18,3
C002165__CREDITO_CONSUMO,C002165,Crédito de Consumo,Deuda,18799.23,False,False,False,,2027-07-28,Activo,2026-03-08,2026-03-08,1
C002165__TARJETA_CREDITO,C002165,Tarjeta de Crédito,Deuda,3660.25,False,False,True,10600.00,2027-11-19,Activo,2025-03-12,2026-08-22,12
C002166__CREDITO_VEHICULAR,C002166,Crédito Vehicular,Deuda,17140.03,False,False,False,,2028-12-02,Activo,2025-06-09,2026-07-08,3
C002166__TARJETA_CREDITO,C002166,Tarjeta de Crédito,Deuda,912.60,False,False,False,3100.00,2030-08-12,Activo,2025-07-01,2026-07-05,4
C002167__CREDITO_CONSUMO,C002167,Crédito de Consumo,Deuda,893.44,False,False,False,,2029-03-24,Activo,2025-04-10,2026-03-15,2
C002167__TARJETA_CREDITO,C002167,Tarjeta de Crédito,Deuda,833.00,False,False,False,2100.00,2030-04-07,Activo,2025-02-04,2026-05-19,14
C002168__CREDITO_VEHICULAR,C002168,Crédito Vehicular,Deuda,25241.70,False,False,False,,2030-10-20,Activo,2025-12-08,2025-12-08,1
C002168__TARJETA_CREDITO,C002168,Tarjeta de Crédito,Deuda,3000.85,False,False,False,7100.00,2028-01-25,Activo,2025-01-13,2026-08-25,11
C002169__CTA_CORRIENTE,C002169,Cuenta Corriente,Depósito,2523.22,False,False,False,,,Activo,2025-11-08,2026-05-10,4
C002169__CTA_AHORROS,C002169,Cuenta de Ahorros,Depósito,3728.87,False,False,False,,,Activo,2026-05-17,2026-05-17,1
C002169__TARJETA_CREDITO,C002169,Tarjeta de Crédito,Deuda,366.65,False,False,False,2600.00,2030-04-08,Activo,2025-02-08,2026-08-11,11
C002170__CTA_CORRIENTE,C002170,Cuenta Corriente,Depósito,2914.03,False,False,False,,,Activo,2026-06-18,2026-08-02,2
C002170__CTA_AHORROS,C002170,Cuenta de Ahorros,Depósito,1602.12,False,False,False,,,Activo,2025-03-14,2026-07-11,4
C002170__TARJETA_CREDITO,C002170,Tarjeta de Crédito,Deuda,483.61,False,False,False,1700.00,2028-08-27,Activo,2025-01-12,2026-08-10,14
C002171__CTA_AHORROS,C002171,Cuenta de Ahorros,Depósito,5001.88,False,False,False,,,Activo,2025-06-09,2026-04-13,3
C002171__TARJETA_CREDITO,C002171,Tarjeta de Crédito,Deuda,789.51,False,False,False,2500.00,2027-04-03,Activo,2025-01-13,2026-08-31,6
C002172__CREDITO_VEHICULAR,C002172,Crédito Vehicular,Deuda,16103.46,False,False,False,,2031-01-16,Activo,2025-08-03,2026-06-09,3
C002172__CTA_CORRIENTE,C002172,Cuenta Corriente,Depósito,6496.04,False,False,False,,,Activo,2025-09-29,2026-08-10,3
C002172__CTA_AHORROS,C002172,Cuenta de Ahorros,Depósito,6539.45,False,False,False,,,Activo,2025-01-03,2025-03-14,2
C002172__TARJETA_CREDITO,C002172,Tarjeta de Crédito,Deuda,674.13,False,False,False,2500.00,2027-01-25,Activo,2025-01-30,2026-06-21,7
C002173__CTA_AHORROS,C002173,Cuenta de Ahorros,Depósito,3365.91,False,False,False,,,Activo,2025-08-23,2025-09-30,2
C002173__TARJETA_CREDITO,C002173,Tarjeta de Crédito,Deuda,1774.93,False,False,False,2700.00,2030-08-06,Activo,2025-02-04,2025-11-11,8
C002174__CREDITO_CONSUMO,C002174,Crédito de Consumo,Deuda,5102.20,False,False,False,,2032-05-31,Activo,2025-01-24,2025-01-24,1
C002174__CTA_CORRIENTE,C002174,Cuenta Corriente,Depósito,1433.98,False,False,False,,,Activo,2025-03-06,2026-05-18,4
C002174__TARJETA_CREDITO,C002174,Tarjeta de Crédito,Deuda,382.92,False,False,False,1000.00,2028-09-05,Activo,2025-03-02,2026-05-20,7
C002175__CREDITO_VEHICULAR,C002175,Crédito Vehicular,Deuda,16605.52,False,False,False,,2028-11-18,Activo,2025-07-25,2026-03-09,2
C002175__CREDITO_CONSUMO,C002175,Crédito de Consumo,Deuda,5171.98,False,False,False,,2030-08-23,Activo,2025-08-11,2025-08-11,1
C002175__TARJETA_CREDITO,C002175,Tarjeta de Crédito,Deuda,1339.34,False,False,False,2700.00,2030-06-24,Activo,2025-01-17,2026-04-29,11
C002176__CREDITO_HIPOTECARIO,C002176,Crédito Hipotecario,Deuda,36054.40,False,False,False,,2028-03-08,Activo,2025-06-09,2026-07-29,3
C002176__TARJETA_CREDITO,C002176,Tarjeta de Crédito,Deuda,879.51,False,False,False,1300.00,2027-10-18,Activo,2025-02-23,2026-08-18,5
C002177__CREDITO_VEHICULAR,C002177,Crédito Vehicular,Deuda,20544.20,False,False,False,,2031-02-05,Activo,2025-01-03,2025-01-03,1
C002177__CREDITO_CONSUMO,C002177,Crédito de Consumo,Deuda,5159.75,False,False,False,,2028-03-16,Activo,2025-08-09,2026-06-15,2
C002177__TARJETA_CREDITO,C002177,Tarjeta de Crédito,Deuda,716.98,False,False,False,1700.00,2028-08-07,Activo,2025-04-23,2026-08-25,4
C002178__CREDITO_HIPOTECARIO,C002178,Crédito Hipotecario,Deuda,87628.95,False,False,False,,2032-05-19,Activo,2025-06-03,2026-08-14,3
C002178__TARJETA_CREDITO,C002178,Tarjeta de Crédito,Deuda,589.72,False,False,False,1700.00,2029-05-31,Activo,2025-04-15,2026-03-14,11
C002179__CREDITO_HIPOTECARIO,C002179,Crédito Hipotecario,Deuda,82498.13,False,False,False,,2028-09-06,Activo,2025-01-28,2025-07-20,3
C002179__CREDITO_VEHICULAR,C002179,Crédito Vehicular,Deuda,20992.88,False,False,False,,2026-10-04,Activo,2025-09-30,2026-03-03,2
C002179__TARJETA_CREDITO,C002179,Tarjeta de Crédito,Deuda,136.03,False,False,False,1700.00,2030-06-20,Activo,2025-02-02,2026-07-24,12
C002180__TARJETA_CREDITO,C002180,Tarjeta de Crédito,Deuda,234.57,False,False,False,700.00,2028-05-07,Activo,2025-01-09,2026-08-16,10
C002181__CREDITO_CONSUMO,C002181,Crédito de Consumo,Deuda,2466.85,False,False,False,,2026-10-25,Activo,2025-11-23,2026-08-27,3
C002181__TARJETA_CREDITO,C002181,Tarjeta de Crédito,Deuda,0.00,False,False,False,2100.00,2029-04-29,Activo,2025-01-12,2026-05-20,13
C002182__CREDITO_VEHICULAR,C002182,Crédito Vehicular,Deuda,13611.51,False,False,False,,2031-01-14,Activo,2025-02-19,2025-02-19,1
C002182__CTA_CORRIENTE,C002182,Cuenta Corriente,Depósito,10654.25,False,False,False,,,Activo,2025-08-28,2026-05-09,2
C002182__CTA_AHORROS,C002182,Cuenta de Ahorros,Depósito,423.68,False,False,False,,,Activo,2025-03-21,2025-03-21,1
C002182__TARJETA_CREDITO,C002182,Tarjeta de Crédito,Deuda,4689.75,False,False,True,9000.00,2027-05-11,Activo,2025-05-29,2026-08-05,9
C002183__CTA_CORRIENTE,C002183,Cuenta Corriente,Depósito,7122.26,False,False,False,,,Activo,2026-04-08,2026-07-18,2
C002183__CTA_AHORROS,C002183,Cuenta de Ahorros,Depósito,10943.36,False,False,False,,,Activo,2025-08-01,2026-02-27,2
C002184__CREDITO_CONSUMO,C002184,Crédito de Consumo,Deuda,5840.74,False,False,False,,2027-12-21,Activo,2025-08-04,2025-08-04,1
C002185__CTA_CORRIENTE,C002185,Cuenta Corriente,Depósito,16185.61,False,False,True,,,Activo,2025-01-14,2026-03-11,3
C002185__CTA_AHORROS,C002185,Cuenta de Ahorros,Depósito,5377.31,False,False,False,,,Activo,2025-07-17,2025-07-17,1
C002185__TARJETA_CREDITO,C002185,Tarjeta de Crédito,Deuda,0.00,False,False,False,7700.00,2030-05-09,Activo,2025-01-04,2026-06-26,12
C002186__CTA_CORRIENTE,C002186,Cuenta Corriente,Depósito,1123.44,False,False,False,,,Activo,2025-06-09,2026-08-10,3
C002186__CTA_AHORROS,C002186,Cuenta de Ahorros,Depósito,680.30,False,False,False,,,Activo,2025-08-22,2026-01-19,2
C002186__TARJETA_CREDITO,C002186,Tarjeta de Crédito,Deuda,337.03,False,False,False,900.00,2027-06-22,Activo,2025-03-12,2026-08-14,11
C002187__CREDITO_HIPOTECARIO,C002187,Crédito Hipotecario,Deuda,75444.83,False,False,False,,2031-05-09,Activo,2025-11-07,2025-11-07,1
C002187__CTA_CORRIENTE,C002187,Cuenta Corriente,Depósito,405.38,False,False,False,,,Activo,2025-04-30,2025-08-24,2
C002187__TARJETA_CREDITO,C002187,Tarjeta de Crédito,Deuda,1380.80,False,False,False,2400.00,2030-05-01,Activo,2025-03-09,2026-05-16,14
C002188__CTA_CORRIENTE,C002188,Cuenta Corriente,Depósito,5914.25,False,False,False,,,Activo,2025-06-03,2025-07-11,2
C002188__TARJETA_CREDITO,C002188,Tarjeta de Crédito,Deuda,835.64,False,False,False,2400.00,2029-01-25,Activo,2025-05-31,2026-07-31,7
C002189__TARJETA_CREDITO,C002189,Tarjeta de Crédito,Deuda,3614.07,False,False,True,6000.00,2028-07-29,Activo,2025-01-22,2026-07-29,11
C002190__CREDITO_CONSUMO,C002190,Crédito de Consumo,Deuda,6397.14,False,False,False,,2029-06-22,Activo,2025-03-01,2025-12-20,2
C002190__CTA_AHORROS,C002190,Cuenta de Ahorros,Depósito,2527.68,False,False,False,,,Activo,2025-06-09,2026-03-21,3
C002190__TARJETA_CREDITO,C002190,Tarjeta de Crédito,Deuda,842.47,False,False,False,2800.00,2030-07-10,Activo,2025-06-11,2026-04-24,4
C002191__CTA_CORRIENTE,C002191,Cuenta Corriente,Depósito,5904.60,False,False,False,,,Activo,2025-10-07,2026-01-17,2
C002191__CTA_AHORROS,C002191,Cuenta de Ahorros,Depósito,4916.34,False,False,False,,,Activo,2025-04-15,2025-07-17,2
C002191__TARJETA_CREDITO,C002191,Tarjeta de Crédito,Deuda,672.67,False,False,False,4500.00,2028-01-13,Activo,2025-03-23,2026-08-14,7
C002192__CREDITO_VEHICULAR,C002192,Crédito Vehicular,Deuda,18231.68,False,False,False,,2031-12-28,Activo,2025-03-19,2025-09-01,2
C002192__CREDITO_CONSUMO,C002192,Crédito de Consumo,Deuda,22947.87,False,False,False,,2031-04-30,Activo,2026-01-15,2026-01-15,1
C002192__CTA_AHORROS,C002192,Cuenta de Ahorros,Depósito,14508.96,False,False,True,,,Activo,2025-03-12,2025-03-23,2
C002192__TARJETA_CREDITO,C002192,Tarjeta de Crédito,Deuda,3625.87,False,False,True,8000.00,2026-12-19,Activo,2025-01-30,2026-08-21,10
C002193__CTA_CORRIENTE,C002193,Cuenta Corriente,Depósito,3383.84,False,False,False,,,Activo,2025-01-24,2026-02-27,4
C002193__TARJETA_CREDITO,C002193,Tarjeta de Crédito,Deuda,0.00,False,False,False,4700.00,2029-06-19,Activo,2025-02-21,2026-07-07,11
C002194__CREDITO_CONSUMO,C002194,Crédito de Consumo,Deuda,3751.38,False,False,False,,2030-05-24,Activo,2025-06-24,2025-06-24,1
C002194__TARJETA_CREDITO,C002194,Tarjeta de Crédito,Deuda,752.74,False,False,False,3000.00,2030-06-01,Activo,2025-03-28,2026-08-27,8
C002195__CREDITO_HIPOTECARIO,C002195,Crédito Hipotecario,Deuda,62716.52,False,False,False,,2031-01-02,Activo,2025-07-14,2026-04-09,3
C002195__CREDITO_CONSUMO,C002195,Crédito de Consumo,Deuda,4808.96,False,False,False,,2028-06-23,Activo,2025-07-31,2026-08-12,3
C002195__TARJETA_CREDITO,C002195,Tarjeta de Crédito,Deuda,473.37,False,False,False,2000.00,2030-03-11,Activo,2025-03-12,2026-08-12,8
C002196__CREDITO_CONSUMO,C002196,Crédito de Consumo,Deuda,1014.65,False,False,False,,2029-11-25,Activo,2026-07-13,2026-07-13,1
C002196__TARJETA_CREDITO,C002196,Tarjeta de Crédito,Deuda,321.45,False,False,False,800.00,2030-08-27,Activo,2025-03-27,2026-08-18,12
C002197__CREDITO_CONSUMO,C002197,Crédito de Consumo,Deuda,8680.02,False,False,False,,2027-12-08,Activo,2025-05-29,2025-05-29,1
C002198__CTA_CORRIENTE,C002198,Cuenta Corriente,Depósito,4677.20,False,False,False,,,Activo,2025-04-15,2025-06-15,2
C002198__TARJETA_CREDITO,C002198,Tarjeta de Crédito,Deuda,1094.34,False,False,False,1700.00,2027-08-14,Activo,2025-01-25,2026-06-08,9
C002199__CREDITO_HIPOTECARIO,C002199,Crédito Hipotecario,Deuda,86411.72,False,False,False,,2029-12-05,Activo,2026-05-31,2026-05-31,1
C002199__TARJETA_CREDITO,C002199,Tarjeta de Crédito,Deuda,80.16,False,False,False,1000.00,2028-01-09,Activo,2025-01-21,2026-08-31,8
C002200__CREDITO_HIPOTECARIO,C002200,Crédito Hipotecario,Deuda,68325.90,False,False,False,,2031-04-26,Activo,2025-07-15,2026-08-22,3
C002200__TARJETA_CREDITO,C002200,Tarjeta de Crédito,Deuda,4787.44,False,False,True,9900.00,2028-07-05,Activo,2025-06-02,2026-08-16,9
